alias,categories,coordinates,display_phone,distance,id,image_url,is_closed,location,name,phone,price,rating,review_count,transactions,url
bluefront-cafe-sturgeon-bay,"[{'alias': 'cafes', 'title': 'Cafes'}]","{'latitude': 44.82921, 'longitude': -87.38639}",(920) 743-9218,1526.8326263536185,2vLDm1gK-qDWLXfueQZRyA,https://s3-media4.fl.yelpcdn.com/bphoto/0XcejeYUPLNQ5lI3tw7hAQ/o.jpg,False,"{'address1': '86 W Maple St', 'address2': '', 'address3': '', 'city': 'Sturgeon Bay', 'zip_code': '54235', 'country': 'US', 'state': 'WI', 'display_address': ['86 W Maple St', 'Sturgeon Bay, WI 54235']}",Bluefront Cafe,+19207439218,$$,4.5,193,[],https://www.yelp.com/biz/bluefront-cafe-sturgeon-bay?adjust_creative=GVWAITeAe13hPk5JlriDSg&utm_campaign=yelp_api_v3&utm_medium=api_v3_business_search&utm_source=GVWAITeAe13hPk5JlriDSg
5th-and-jefferson-coffee-house-sturgeon-bay,"[{'alias': 'coffee', 'title': 'Coffee & Tea'}, {'alias': 'breakfast_brunch', 'title': 'Breakfast & Brunch'}, {'alias': 'bakeries', 'title': 'Bakeries'}]","{'latitude': 44.837828, 'longitude': -87.375899}",(920) 746-1719,2037.170429600699,5TBMsRA5zl-DEXiuYPNWDw,https://s3-media1.fl.yelpcdn.com/bphoto/S6GWWMb1VowvKmiCRd6qkQ/o.jpg,False,"{'address1': '232 N 5th Ave', 'address2': '', 'address3': '', 'city': 'Sturgeon Bay', 'zip_code': '54235', 'country': 'US', 'state': 'WI', 'display_address': ['232 N 5th Ave', 'Sturgeon Bay, WI 54235']}",5th and Jefferson Coffee House,+19207461719,$$,5.0,56,[],https://www.yelp.com/biz/5th-and-jefferson-coffee-house-sturgeon-bay?adjust_creative=GVWAITeAe13hPk5JlriDSg&utm_campaign=yelp_api_v3&utm_medium=api_v3_business_search&utm_source=GVWAITeAe13hPk5JlriDSg
scaturos-baking-co-and-cafe-sturgeon-bay,"[{'alias': 'bakeries', 'title': 'Bakeries'}, {'alias': 'breakfast_brunch', 'title': 'Breakfast & Brunch'}, {'alias': 'sandwiches', 'title': 'Sandwiches'}]","{'latitude': 44.82417, 'longitude': -87.38482}",(920) 746-8727,2012.0526893270285,skXhVli1kePBVUYGthxafA,https://s3-media4.fl.yelpcdn.com/bphoto/GozsiE2GkC5h9ryQhOXLGQ/o.jpg,False,"{'address1': '19 Green Bay Rd', 'address2': '', 'address3': '', 'city': 'Sturgeon Bay', 'zip_code': '54235', 'country': 'US', 'state': 'WI', 'display_address': ['19 Green Bay Rd', 'Sturgeon Bay, WI 54235']}",Scaturo's Baking Co & Cafe,+19207468727,$$,4.0,111,[],https://www.yelp.com/biz/scaturos-baking-co-and-cafe-sturgeon-bay?adjust_creative=GVWAITeAe13hPk5JlriDSg&utm_campaign=yelp_api_v3&utm_medium=api_v3_business_search&utm_source=GVWAITeAe13hPk5JlriDSg
kitty-o-reillys-irish-pub-sturgeon-bay,"[{'alias': 'irish', 'title': 'Irish'}, {'alias': 'pubs', 'title': 'Pubs'}, {'alias': 'tradamerican', 'title': 'American (Traditional)'}]","{'latitude': 44.82777, 'longitude': -87.38299}",(920) 743-7441,1840.737489057777,q30GhI1PHpaSrjHqmVwJCQ,https://s3-media3.fl.yelpcdn.com/bphoto/j7sC4diL05_wm7Dsxew2vQ/o.jpg,False,"{'address1': '59 E Oak St', 'address2': '', 'address3': '', 'city': 'Sturgeon Bay', 'zip_code': '54235', 'country': 'US', 'state': 'WI', 'display_address': ['59 E Oak St', 'Sturgeon Bay, WI 54235']}",Kitty O'Reillys Irish Pub,+19207437441,$$,3.5,118,[],https://www.yelp.com/biz/kitty-o-reillys-irish-pub-sturgeon-bay?adjust_creative=GVWAITeAe13hPk5JlriDSg&utm_campaign=yelp_api_v3&utm_medium=api_v3_business_search&utm_source=GVWAITeAe13hPk5JlriDSg
nightingale-supper-club-sturgeon-bay,"[{'alias': 'cocktailbars', 'title': 'Cocktail Bars'}, {'alias': 'salad', 'title': 'Salad'}, {'alias': 'tradamerican', 'title': 'American (Traditional)'}]","{'latitude': 44.8499565124512, 'longitude': -87.3578186035156}",(920) 743-5593,3752.6594544566615,Kf9SAk53ueXBqPo4_K4Qbw,https://s3-media1.fl.yelpcdn.com/bphoto/K502PyjNBQ9uRMZrJaR_4A/o.jpg,False,"{'address1': '1541 Egg Harbor Rd', 'address2': '', 'address3': '', 'city': 'Sturgeon Bay', 'zip_code': '54235', 'country': 'US', 'state': 'WI', 'display_address': ['1541 Egg Harbor Rd', 'Sturgeon Bay, WI 54235']}",Nightingale Supper Club,+19207435593,$$,4.0,88,[],https://www.yelp.com/biz/nightingale-supper-club-sturgeon-bay?adjust_creative=GVWAITeAe13hPk5JlriDSg&utm_campaign=yelp_api_v3&utm_medium=api_v3_business_search&utm_source=GVWAITeAe13hPk5JlriDSg
trattoria-dal-santo-sturgeon-bay,"[{'alias': 'italian', 'title': 'Italian'}, {'alias': 'tradamerican', 'title': 'American (Traditional)'}, {'alias': 'steak', 'title': 'Steakhouses'}]","{'latitude': 44.83522, 'longitude': -87.37743}",(920) 743-6100,1918.8204981153235,LSlgyCmTT79ghixCRuvQ3g,https://s3-media2.fl.yelpcdn.com/bphoto/CwhwBaafUdr7rj5ISXQMqg/o.jpg,False,"{'address1': '117 N 3rd Ave', 'address2': '', 'address3': '', 'city': 'Sturgeon Bay', 'zip_code': '54235', 'country': 'US', 'state': 'WI', 'display_address': ['117 N 3rd Ave', 'Sturgeon Bay, WI 54235']}",Trattoria Dal Santo,+19207436100,$$,4.0,87,[],https://www.yelp.com/biz/trattoria-dal-santo-sturgeon-bay?adjust_creative=GVWAITeAe13hPk5JlriDSg&utm_campaign=yelp_api_v3&utm_medium=api_v3_business_search&utm_source=GVWAITeAe13hPk5JlriDSg
inn-at-cedar-crossing-sturgeon-bay-2,"[{'alias': 'breakfast_brunch', 'title': 'Breakfast & Brunch'}, {'alias': 'italian', 'title': 'Italian'}, {'alias': 'tradamerican', 'title': 'American (Traditional)'}]","{'latitude': 44.83527, 'longitude': -87.37708}",(920) 743-4249,1960.441236668736,LI152ji1JdUqEIQWzP4EMg,https://s3-media3.fl.yelpcdn.com/bphoto/zpoBUagxxQJ0irIw8fviTQ/o.jpg,False,"{'address1': '112 N 3rd Ave', 'address2': '', 'address3': '', 'city': 'Sturgeon Bay', 'zip_code': '54235', 'country': 'US', 'state': 'WI', 'display_address': ['112 N 3rd Ave', 'Sturgeon Bay, WI 54235']}",Inn At Cedar Crossing,+19207434249,$$,3.5,111,[],https://www.yelp.com/biz/inn-at-cedar-crossing-sturgeon-bay-2?adjust_creative=GVWAITeAe13hPk5JlriDSg&utm_campaign=yelp_api_v3&utm_medium=api_v3_business_search&utm_source=GVWAITeAe13hPk5JlriDSg
crate-sturgeon-bay,"[{'alias': 'sushi', 'title': 'Sushi Bars'}, {'alias': 'seafood', 'title': 'Seafood'}, {'alias': 'steak', 'title': 'Steakhouses'}]","{'latitude': 44.83562, 'longitude': -87.3771}",(920) 818-1333,1949.1265927138252,8P-wQm_m0VegKVOgwpnWFA,https://s3-media3.fl.yelpcdn.com/bphoto/tXYO1fIe7zc-kBdmzgQqfg/o.jpg,False,"{'address1': '136 N Third Ave', 'address2': '', 'address3': '', 'city': 'Sturgeon Bay', 'zip_code': '54235', 'country': 'US', 'state': 'WI', 'display_address': ['136 N Third Ave', 'Sturgeon Bay, WI 54235']}",Crate,+19208181333,$$,4.0,66,[],https://www.yelp.com/biz/crate-sturgeon-bay?adjust_creative=GVWAITeAe13hPk5JlriDSg&utm_campaign=yelp_api_v3&utm_medium=api_v3_business_search&utm_source=GVWAITeAe13hPk5JlriDSg
glas-sturgeon-bay,"[{'alias': 'coffee', 'title': 'Coffee & Tea'}]","{'latitude': 44.8287, 'longitude': -87.38275}",(920) 743-5575,1791.733501949101,lcTUx1LOc8bb9Os67sRJZw,https://s3-media4.fl.yelpcdn.com/bphoto/PbBJuczPja6vQqu6MdpWlA/o.jpg,False,"{'address1': '67 E Maple St', 'address2': '', 'address3': '', 'city': 'Sturgeon Bay', 'zip_code': '54235', 'country': 'US', 'state': 'WI', 'display_address': ['67 E Maple St', 'Sturgeon Bay, WI 54235']}",Glas,+19207435575,$$,4.5,36,[],https://www.yelp.com/biz/glas-sturgeon-bay?adjust_creative=GVWAITeAe13hPk5JlriDSg&utm_campaign=yelp_api_v3&utm_medium=api_v3_business_search&utm_source=GVWAITeAe13hPk5JlriDSg
door-county-fire-sturgeon-bay-4,"[{'alias': 'pubs', 'title': 'Pubs'}, {'alias': 'tradamerican', 'title': 'American (Traditional)'}]","{'latitude': 44.83394, 'longitude': -87.37554}",(920) 818-0625,2100.931761084047,SLg5mRneKMdpzHiFdZxAdg,https://s3-media1.fl.yelpcdn.com/bphoto/jW8dAt5hxkc0XqY1wIaE0g/o.jpg,False,"{'address1': '38 S 3rd Ave', 'address2': '', 'address3': '', 'city': 'Sturgeon Bay', 'zip_code': '54235', 'country': 'US', 'state': 'WI', 'display_address': ['38 S 3rd Ave', 'Sturgeon Bay, WI 54235']}",Door County Fire,+19208180625,$$,4.0,68,[],https://www.yelp.com/biz/door-county-fire-sturgeon-bay-4?adjust_creative=GVWAITeAe13hPk5JlriDSg&utm_campaign=yelp_api_v3&utm_medium=api_v3_business_search&utm_source=GVWAITeAe13hPk5JlriDSg
sonnys-pizzeria-sturgeon-bay-2,"[{'alias': 'pizza', 'title': 'Pizza'}, {'alias': 'italian', 'title': 'Italian'}, {'alias': 'chicken_wings', 'title': 'Chicken Wings'}]","{'latitude': 44.830982208252, 'longitude': -87.3838806152344}",(920) 743-2300,1585.2143106965527,cfNe3ytMws1TPy6-fuwmhQ,https://s3-media4.fl.yelpcdn.com/bphoto/Kc3y4eNpYGnEA5P9ULz2Gw/o.jpg,False,"{'address1': '129 N Madison Ave', 'address2': '', 'address3': '', 'city': 'Sturgeon Bay', 'zip_code': '54235', 'country': 'US', 'state': 'WI', 'display_address': ['129 N Madison Ave', 'Sturgeon Bay, WI 54235']}",Sonny's Pizzeria,+19207432300,$$,3.5,149,[],https://www.yelp.com/biz/sonnys-pizzeria-sturgeon-bay-2?adjust_creative=GVWAITeAe13hPk5JlriDSg&utm_campaign=yelp_api_v3&utm_medium=api_v3_business_search&utm_source=GVWAITeAe13hPk5JlriDSg
kick-coffee-sturgeon-bay,"[{'alias': 'coffee', 'title': 'Coffee & Tea'}]","{'latitude': 44.8357, 'longitude': -87.37748}",(920) 746-1122,1929.6569375815043,rlzB8gDPMeTHiZFsqxANWA,https://s3-media1.fl.yelpcdn.com/bphoto/JbpJJe2Q_toXgp2Ag4a4TA/o.jpg,False,"{'address1': '148 N 3rd Ave', 'address2': '', 'address3': '', 'city': 'Sturgeon Bay', 'zip_code': '54235', 'country': 'US', 'state': 'WI', 'display_address': ['148 N 3rd Ave', 'Sturgeon Bay, WI 54235']}",Kick Coffee,+19207461122,$,4.0,37,[],https://www.yelp.com/biz/kick-coffee-sturgeon-bay?adjust_creative=GVWAITeAe13hPk5JlriDSg&utm_campaign=yelp_api_v3&utm_medium=api_v3_business_search&utm_source=GVWAITeAe13hPk5JlriDSg
old-mexico-restaurant-sturgeon-bay,"[{'alias': 'mexican', 'title': 'Mexican'}]","{'latitude': 44.8440054443161, 'longitude': -87.3678985943226}",(920) 818-1500,2761.071166511913,h6p4c8jz0OohBDb5unV9MQ,https://s3-media3.fl.yelpcdn.com/bphoto/h3PzqFDL7oeO8lZy6hDVvA/o.jpg,False,"{'address1': '901 Egg Harbor Rd', 'address2': '', 'address3': '', 'city': 'Sturgeon Bay', 'zip_code': '54235', 'country': 'US', 'state': 'WI', 'display_address': ['901 Egg Harbor Rd', 'Sturgeon Bay, WI 54235']}",Old Mexico Restaurant,+19208181500,$$,4.0,65,[],https://www.yelp.com/biz/old-mexico-restaurant-sturgeon-bay?adjust_creative=GVWAITeAe13hPk5JlriDSg&utm_campaign=yelp_api_v3&utm_medium=api_v3_business_search&utm_source=GVWAITeAe13hPk5JlriDSg
greystone-castle-sturgeon-bay,"[{'alias': 'bars', 'title': 'Bars'}, {'alias': 'tradamerican', 'title': 'American (Traditional)'}]","{'latitude': 44.8291244506836, 'longitude': -87.3841247558594}",(920) 743-9923,1670.299329028759,eq306Awg5Y_0pdQQCxJIwg,https://s3-media3.fl.yelpcdn.com/bphoto/EDp2WllwmEJ6R5Ul81KLSw/o.jpg,False,"{'address1': '8 N Madison Ave', 'address2': '', 'address3': '', 'city': 'Sturgeon Bay', 'zip_code': '54235', 'country': 'US', 'state': 'WI', 'display_address': ['8 N Madison Ave', 'Sturgeon Bay, WI 54235']}",Greystone Castle,+19207439923,$$,4.0,62,[],https://www.yelp.com/biz/greystone-castle-sturgeon-bay?adjust_creative=GVWAITeAe13hPk5JlriDSg&utm_campaign=yelp_api_v3&utm_medium=api_v3_business_search&utm_source=GVWAITeAe13hPk5JlriDSg
pohs-corner-pub-sturgeon-bay,"[{'alias': 'divebars', 'title': 'Dive Bars'}, {'alias': 'burgers', 'title': 'Burgers'}, {'alias': 'pubs', 'title': 'Pubs'}]","{'latitude': 44.8359367, 'longitude': -87.3775335}",(920) 743-3933,1917.1378696079614,0k16NO83nH8CC8JJ9jIbig,https://s3-media1.fl.yelpcdn.com/bphoto/rBmCueEobJ-U7WE1jyIgyg/o.jpg,False,"{'address1': '164 N 3rd Ave', 'address2': '', 'address3': '', 'city': 'Sturgeon Bay', 'zip_code': '54235', 'country': 'US', 'state': 'WI', 'display_address': ['164 N 3rd Ave', 'Sturgeon Bay, WI 54235']}",Poh's Corner Pub,+19207433933,$,4.0,29,[],https://www.yelp.com/biz/pohs-corner-pub-sturgeon-bay?adjust_creative=GVWAITeAe13hPk5JlriDSg&utm_campaign=yelp_api_v3&utm_medium=api_v3_business_search&utm_source=GVWAITeAe13hPk5JlriDSg
root-bistro-and-wine-bar-sturgeon-bay,"[{'alias': 'wine_bars', 'title': 'Wine Bars'}, {'alias': 'tapasmallplates', 'title': 'Tapas/Small Plates'}, {'alias': 'newamerican', 'title': 'American (New)'}]","{'latitude': 44.83437, 'longitude': -87.37691}",(920) 743-9463,1990.2625450421815,ztqZPkg7AFQQQ3Gke7wW4A,https://s3-media3.fl.yelpcdn.com/bphoto/pJR0ZlDbEa-mHqqAcQNWUQ/o.jpg,False,"{'address1': '23 N 3rd Ave', 'address2': '', 'address3': None, 'city': 'Sturgeon Bay', 'zip_code': '54235', 'country': 'US', 'state': 'WI', 'display_address': ['23 N 3rd Ave', 'Sturgeon Bay, WI 54235']}",Root Bistro & Wine Bar,+19207439463,$$,4.0,33,[],https://www.yelp.com/biz/root-bistro-and-wine-bar-sturgeon-bay?adjust_creative=GVWAITeAe13hPk5JlriDSg&utm_campaign=yelp_api_v3&utm_medium=api_v3_business_search&utm_source=GVWAITeAe13hPk5JlriDSg
waterfront-marys-bar-and-grill-sturgeon-bay,"[{'alias': 'bars', 'title': 'Bars'}, {'alias': 'tradamerican', 'title': 'American (Traditional)'}]","{'latitude': 44.84899, 'longitude': -87.4004099}",(920) 743-3690,1254.3466069115452,Q0p-zYTewe7P43DHoOm2Gg,https://s3-media2.fl.yelpcdn.com/bphoto/AC9ap534gwFRdSJKYvE7CQ/o.jpg,False,"{'address1': '3662 North Duluth Ave', 'address2': '', 'address3': '', 'city': 'Sturgeon Bay', 'zip_code': '54235', 'country': 'US', 'state': 'WI', 'display_address': ['3662 North Duluth Ave', 'Sturgeon Bay, WI 54235']}",Waterfront Marys Bar and Grill,+19207433690,$$,3.0,75,[],https://www.yelp.com/biz/waterfront-marys-bar-and-grill-sturgeon-bay?adjust_creative=GVWAITeAe13hPk5JlriDSg&utm_campaign=yelp_api_v3&utm_medium=api_v3_business_search&utm_source=GVWAITeAe13hPk5JlriDSg
kinara-urban-eatery-sturgeon-bay-2,"[{'alias': 'indpak', 'title': 'Indian'}, {'alias': 'sandwiches', 'title': 'Sandwiches'}]","{'latitude': 44.829273, 'longitude': -87.384705}",(920) 743-8772,1631.2194914857155,exNAY3_jNlcYp-AHjWwFwg,https://s3-media1.fl.yelpcdn.com/bphoto/7GSvW7RK4HJ05ICJum1fyw/o.jpg,False,"{'address1': '25 N Madison Ave', 'address2': '', 'address3': '', 'city': 'Sturgeon Bay', 'zip_code': '54235', 'country': 'US', 'state': 'WI', 'display_address': ['25 N Madison Ave', 'Sturgeon Bay, WI 54235']}",Kinara Urban Eatery,+19207438772,$$,4.5,11,[],https://www.yelp.com/biz/kinara-urban-eatery-sturgeon-bay-2?adjust_creative=GVWAITeAe13hPk5JlriDSg&utm_campaign=yelp_api_v3&utm_medium=api_v3_business_search&utm_source=GVWAITeAe13hPk5JlriDSg
frozen-spoon-sturgeon-bay,"[{'alias': 'icecream', 'title': 'Ice Cream & Frozen Yogurt'}]","{'latitude': 44.8316540084416, 'longitude': -87.3762483894825}",(920) 818-0250,2115.6312509569448,wuxH_pjaovEeS-Q3mL1ylg,https://s3-media3.fl.yelpcdn.com/bphoto/6PV0Uju6qtdd02K_8HwqWw/o.jpg,False,"{'address1': '210 S 1st Ave', 'address2': '', 'address3': '', 'city': 'Sturgeon Bay', 'zip_code': '54235', 'country': 'US', 'state': 'WI', 'display_address': ['210 S 1st Ave', 'Sturgeon Bay, WI 54235']}",Frozen Spoon,+19208180250,$$,4.5,20,[],https://www.yelp.com/biz/frozen-spoon-sturgeon-bay?adjust_creative=GVWAITeAe13hPk5JlriDSg&utm_campaign=yelp_api_v3&utm_medium=api_v3_business_search&utm_source=GVWAITeAe13hPk5JlriDSg
woldts-corner-sturgeon-bay,"[{'alias': 'seafood', 'title': 'Seafood'}, {'alias': 'tradamerican', 'title': 'American (Traditional)'}, {'alias': 'pubs', 'title': 'Pubs'}]","{'latitude': 44.82021, 'longitude': -87.39776}",(920) 743-9115,1926.325190966069,s2Fgxfx6DgQ1qPMbupG0dA,https://s3-media1.fl.yelpcdn.com/bphoto/YsN2gQWJwek4NOU3SxhsKg/o.jpg,False,"{'address1': '911 Green Bay Rd', 'address2': '', 'address3': '', 'city': 'Sturgeon Bay', 'zip_code': '54235', 'country': 'US', 'state': 'WI', 'display_address': ['911 Green Bay Rd', 'Sturgeon Bay, WI 54235']}",Woldt's Corner,+19207439115,$$,4.0,31,[],https://www.yelp.com/biz/woldts-corner-sturgeon-bay?adjust_creative=GVWAITeAe13hPk5JlriDSg&utm_campaign=yelp_api_v3&utm_medium=api_v3_business_search&utm_source=GVWAITeAe13hPk5JlriDSg
red-room-sturgeon-bay,"[{'alias': 'bars', 'title': 'Bars'}]","{'latitude': 44.83364, 'longitude': -87.37538}",(920) 743-3913,2120.6724469257397,qh8zh6yD_pGrYjiZt_Oftw,https://s3-media3.fl.yelpcdn.com/bphoto/GOwDKVIg4YznlLtebUV-HQ/o.jpg,False,"{'address1': '66 S 3rd Ave', 'address2': '', 'address3': '', 'city': 'Sturgeon Bay', 'zip_code': '54235', 'country': 'US', 'state': 'WI', 'display_address': ['66 S 3rd Ave', 'Sturgeon Bay, WI 54235']}",Red Room,+19207433913,$,4.5,18,[],https://www.yelp.com/biz/red-room-sturgeon-bay?adjust_creative=GVWAITeAe13hPk5JlriDSg&utm_campaign=yelp_api_v3&utm_medium=api_v3_business_search&utm_source=GVWAITeAe13hPk5JlriDSg
the-farm-sturgeon-bay,"[{'alias': 'amusementparks', 'title': 'Amusement Parks'}, {'alias': 'zoos', 'title': 'Zoos'}]","{'latitude': 44.87224, 'longitude': -87.31299}",(920) 743-6666,7993.3357564387825,_G5_DKQyZOZxYZMwxuuj4w,https://s3-media1.fl.yelpcdn.com/bphoto/7u5TC79MWj_yQGK0NENATA/o.jpg,False,"{'address1': '4285 State Hwy 57', 'address2': '', 'address3': '', 'city': 'Sturgeon Bay', 'zip_code': '54235', 'country': 'US', 'state': 'WI', 'display_address': ['4285 State Hwy 57', 'Sturgeon Bay, WI 54235']}",The Farm,+19207436666,,5.0,26,[],https://www.yelp.com/biz/the-farm-sturgeon-bay?adjust_creative=GVWAITeAe13hPk5JlriDSg&utm_campaign=yelp_api_v3&utm_medium=api_v3_business_search&utm_source=GVWAITeAe13hPk5JlriDSg
kimz-galley-cafe-sturgeon-bay,"[{'alias': 'breakfast_brunch', 'title': 'Breakfast & Brunch'}, {'alias': 'tradamerican', 'title': 'American (Traditional)'}]","{'latitude': 44.83462, 'longitude': -87.37771}",(920) 818-0558,1922.4605295217739,IgclvIM9qdsjeMo5BO9Mwg,https://s3-media3.fl.yelpcdn.com/bphoto/WS0rL4siGNBUSDxQIOKxiA/o.jpg,False,"{'address1': '229 Louisiana St', 'address2': '', 'address3': '', 'city': 'Sturgeon Bay', 'zip_code': '54235', 'country': 'US', 'state': 'WI', 'display_address': ['229 Louisiana St', 'Sturgeon Bay, WI 54235']}",Kimz Galley Cafe,+19208180558,$,3.5,32,[],https://www.yelp.com/biz/kimz-galley-cafe-sturgeon-bay?adjust_creative=GVWAITeAe13hPk5JlriDSg&utm_campaign=yelp_api_v3&utm_medium=api_v3_business_search&utm_source=GVWAITeAe13hPk5JlriDSg
el-sazon-mexican-restaurant-sturgeon-bay,"[{'alias': 'mexican', 'title': 'Mexican'}]","{'latitude': 44.8203616, 'longitude': -87.411988}",(920) 743-6740,2080.6832285644036,HC7rm_ONC7Ai9nLfeK76pQ,https://s3-media3.fl.yelpcdn.com/bphoto/SPuH3sBQF0eJA-RTkR6P0g/o.jpg,False,"{'address1': '1449 Green Bay Rd', 'address2': 'Ste 2', 'address3': '', 'city': 'Sturgeon Bay', 'zip_code': '54235', 'country': 'US', 'state': 'WI', 'display_address': ['1449 Green Bay Rd', 'Ste 2', 'Sturgeon Bay, WI 54235']}",El Sazon Mexican Restaurant,+19207436740,$,4.0,16,[],https://www.yelp.com/biz/el-sazon-mexican-restaurant-sturgeon-bay?adjust_creative=GVWAITeAe13hPk5JlriDSg&utm_campaign=yelp_api_v3&utm_medium=api_v3_business_search&utm_source=GVWAITeAe13hPk5JlriDSg
hot-tamales-sturgeon-bay,"[{'alias': 'mexican', 'title': 'Mexican'}]","{'latitude': 44.828182, 'longitude': -87.383949}",(920) 746-0600,1750.4258013069161,NQsodtMfGmiXLOF8g8KH_w,https://s3-media2.fl.yelpcdn.com/bphoto/UsgxEq2HviuqKENJOPi5Bg/o.jpg,False,"{'address1': '26 E Oak St', 'address2': None, 'address3': None, 'city': 'Sturgeon Bay', 'zip_code': '54235', 'country': 'US', 'state': 'WI', 'display_address': ['26 E Oak St', 'Sturgeon Bay, WI 54235']}",Hot Tamales,+19207460600,$$,4.0,25,[],https://www.yelp.com/biz/hot-tamales-sturgeon-bay?adjust_creative=GVWAITeAe13hPk5JlriDSg&utm_campaign=yelp_api_v3&utm_medium=api_v3_business_search&utm_source=GVWAITeAe13hPk5JlriDSg
sunflour-artisan-bakery-sturgeon-bay,"[{'alias': 'bakeries', 'title': 'Bakeries'}]","{'latitude': 44.833798, 'longitude': -87.3767828}",(920) 818-0130,2012.3665419632575,2c35piiMmRH8npxHM4I4Ag,https://s3-media1.fl.yelpcdn.com/bphoto/g2gfGcH_0-kEVld-gUcC0A/o.jpg,False,"{'address1': '231 Michigan St', 'address2': '', 'address3': '', 'city': 'Sturgeon Bay', 'zip_code': '54235', 'country': 'US', 'state': 'WI', 'display_address': ['231 Michigan St', 'Sturgeon Bay, WI 54235']}",Sunflour Artisan Bakery,+19208180130,$,4.5,10,[],https://www.yelp.com/biz/sunflour-artisan-bakery-sturgeon-bay?adjust_creative=GVWAITeAe13hPk5JlriDSg&utm_campaign=yelp_api_v3&utm_medium=api_v3_business_search&utm_source=GVWAITeAe13hPk5JlriDSg
lolas-bakery-and-restaurant-sturgeon-bay,"[{'alias': 'tradamerican', 'title': 'American (Traditional)'}, {'alias': 'breakfast_brunch', 'title': 'Breakfast & Brunch'}]","{'latitude': 44.8319817, 'longitude': -87.3739624}",(920) 473-5055,2282.9860924727514,yKHWDd1cdXgwvaH9MJSB6Q,https://s3-media1.fl.yelpcdn.com/bphoto/HrBH3IOFO3QjfxTJ3Kk1_g/o.jpg,False,"{'address1': '306 S Third Ave', 'address2': '', 'address3': '', 'city': 'Sturgeon Bay', 'zip_code': '54235', 'country': 'US', 'state': 'WI', 'display_address': ['306 S Third Ave', 'Sturgeon Bay, WI 54235']}",Lola's Bakery and Restaurant,+19204735055,$,3.5,26,[],https://www.yelp.com/biz/lolas-bakery-and-restaurant-sturgeon-bay?adjust_creative=GVWAITeAe13hPk5JlriDSg&utm_campaign=yelp_api_v3&utm_medium=api_v3_business_search&utm_source=GVWAITeAe13hPk5JlriDSg
potawatomi-state-park-sturgeon-bay,"[{'alias': 'parks', 'title': 'Parks'}]","{'latitude': 44.851921081543, 'longitude': -87.4253311157227}",(920) 746-2890,2448.113694732299,Bx7BoBPHRXsD-Tgt1b_o6A,https://s3-media4.fl.yelpcdn.com/bphoto/xZMpCe8jlXUtWCxxdWCpMg/o.jpg,False,"{'address1': '3740 Park Dr', 'address2': '', 'address3': '', 'city': 'Sturgeon Bay', 'zip_code': '54235', 'country': 'US', 'state': 'WI', 'display_address': ['3740 Park Dr', 'Sturgeon Bay, WI 54235']}",Potawatomi State Park,+19207462890,,4.5,11,[],https://www.yelp.com/biz/potawatomi-state-park-sturgeon-bay?adjust_creative=GVWAITeAe13hPk5JlriDSg&utm_campaign=yelp_api_v3&utm_medium=api_v3_business_search&utm_source=GVWAITeAe13hPk5JlriDSg
stone-harbor-restaurant-and-pub-sturgeon-bay,"[{'alias': 'newamerican', 'title': 'American (New)'}]","{'latitude': 44.83425, 'longitude': -87.37927}",(920) 746-0700,1755.8697656662976,86XtswCDsImkhPqCYdl6mA,https://s3-media2.fl.yelpcdn.com/bphoto/UQd4WOW1AmgZwsOr8tPoBQ/o.jpg,False,"{'address1': '107 N 1st Ave', 'address2': '', 'address3': '', 'city': 'Sturgeon Bay', 'zip_code': '54235', 'country': 'US', 'state': 'WI', 'display_address': ['107 N 1st Ave', 'Sturgeon Bay, WI 54235']}",Stone Harbor Restaurant & Pub,+19207460700,$$,2.5,44,[],https://www.yelp.com/biz/stone-harbor-restaurant-and-pub-sturgeon-bay?adjust_creative=GVWAITeAe13hPk5JlriDSg&utm_campaign=yelp_api_v3&utm_medium=api_v3_business_search&utm_source=GVWAITeAe13hPk5JlriDSg
the-corner-café-sturgeon-bay-2,"[{'alias': 'cafes', 'title': 'Cafes'}]","{'latitude': 44.83505, 'longitude': -87.37754}",(920) 743-1991,1927.23137377459,JSdHjCf4URarKsWkAwkw-w,https://s3-media1.fl.yelpcdn.com/bphoto/45632iJdcZKD8mVdmReO1g/o.jpg,False,"{'address1': '113 N 3rd Ave', 'address2': '', 'address3': '', 'city': 'Sturgeon Bay', 'zip_code': '54235', 'country': 'US', 'state': 'WI', 'display_address': ['113 N 3rd Ave', 'Sturgeon Bay, WI 54235']}",The Corner Café,+19207431991,$,3.0,35,[],https://www.yelp.com/biz/the-corner-caf%C3%A9-sturgeon-bay-2?adjust_creative=GVWAITeAe13hPk5JlriDSg&utm_campaign=yelp_api_v3&utm_medium=api_v3_business_search&utm_source=GVWAITeAe13hPk5JlriDSg
the-mill-supper-club-sturgeon-bay,"[{'alias': 'wine_bars', 'title': 'Wine Bars'}, {'alias': 'seafood', 'title': 'Seafood'}, {'alias': 'steak', 'title': 'Steakhouses'}]","{'latitude': 44.870236, 'longitude': -87.335927}",(920) 743-5044,6330.517331682844,XbdBj5vq_i60jxfASS3u8Q,https://s3-media4.fl.yelpcdn.com/bphoto/MoBSRU3eFM6vSqEkdB_ysA/o.jpg,False,"{'address1': '4128 State Hwy 42 57', 'address2': '', 'address3': '', 'city': 'Sturgeon Bay', 'zip_code': '54235', 'country': 'US', 'state': 'WI', 'display_address': ['4128 State Hwy 42 57', 'Sturgeon Bay, WI 54235']}",The Mill Supper Club,+19207435044,$$,4.0,30,[],https://www.yelp.com/biz/the-mill-supper-club-sturgeon-bay?adjust_creative=GVWAITeAe13hPk5JlriDSg&utm_campaign=yelp_api_v3&utm_medium=api_v3_business_search&utm_source=GVWAITeAe13hPk5JlriDSg
brick-lot-pub-and-grill-sturgeon-bay,"[{'alias': 'tradamerican', 'title': 'American (Traditional)'}, {'alias': 'pubs', 'title': 'Pubs'}]","{'latitude': 44.8363380432129, 'longitude': -87.3787460327148}",(920) 743-9339,1820.6331418273228,1EzBm5-8JPbAdsUZkImuvA,https://s3-media2.fl.yelpcdn.com/bphoto/M4Za9uJpjcmLaQ21otiK4g/o.jpg,False,"{'address1': '253 N 3rd Ave', 'address2': None, 'address3': '', 'city': 'Sturgeon Bay', 'zip_code': '54235', 'country': 'US', 'state': 'WI', 'display_address': ['253 N 3rd Ave', 'Sturgeon Bay, WI 54235']}",Brick Lot Pub & Grill,+19207439339,$$,3.0,21,[],https://www.yelp.com/biz/brick-lot-pub-and-grill-sturgeon-bay?adjust_creative=GVWAITeAe13hPk5JlriDSg&utm_campaign=yelp_api_v3&utm_medium=api_v3_business_search&utm_source=GVWAITeAe13hPk5JlriDSg
morning-glory-restaurant-sturgeon-bay,"[{'alias': 'seafood', 'title': 'Seafood'}, {'alias': 'breakfast_brunch', 'title': 'Breakfast & Brunch'}, {'alias': 'burgers', 'title': 'Burgers'}]","{'latitude': 44.7889, 'longitude': -87.47409}",(920) 743-5355,7866.916173892072,i8OB15vMasD9ChYe1kjNVw,https://s3-media1.fl.yelpcdn.com/bphoto/1wWHmp4Kp9AQWEhhpHSCsQ/o.jpg,False,"{'address1': '7502 WI-42 S', 'address2': '', 'address3': '', 'city': 'Sturgeon Bay', 'zip_code': '54235', 'country': 'US', 'state': 'WI', 'display_address': ['7502 WI-42 S', 'Sturgeon Bay, WI 54235']}",Morning Glory Restaurant,+19207435355,$,4.0,27,[],https://www.yelp.com/biz/morning-glory-restaurant-sturgeon-bay?adjust_creative=GVWAITeAe13hPk5JlriDSg&utm_campaign=yelp_api_v3&utm_medium=api_v3_business_search&utm_source=GVWAITeAe13hPk5JlriDSg
fatzos-subs-sturgeon-bay-3,"[{'alias': 'food_court', 'title': 'Food Court'}, {'alias': 'pizza', 'title': 'Pizza'}, {'alias': 'sandwiches', 'title': 'Sandwiches'}]","{'latitude': 44.8244590759277, 'longitude': -87.3861770629883}",(920) 743-6300,1917.832932888941,DEDTSEk4C5TKcrfpqEQL6w,https://s3-media1.fl.yelpcdn.com/bphoto/SO07eZSIp8zE_J6F8tvMMA/o.jpg,False,"{'address1': '46 Green Bay Rd', 'address2': '', 'address3': '', 'city': 'Sturgeon Bay', 'zip_code': '54235', 'country': 'US', 'state': 'WI', 'display_address': ['46 Green Bay Rd', 'Sturgeon Bay, WI 54235']}",Fatzo's Subs,+19207436300,$,3.0,12,[],https://www.yelp.com/biz/fatzos-subs-sturgeon-bay-3?adjust_creative=GVWAITeAe13hPk5JlriDSg&utm_campaign=yelp_api_v3&utm_medium=api_v3_business_search&utm_source=GVWAITeAe13hPk5JlriDSg
door-county-maritime-museum-sturgeon-bay,"[{'alias': 'museums', 'title': 'Museums'}]","{'latitude': 44.830249786377, 'longitude': -87.3828887939453}",(920) 743-5958,1699.522838836843,sHa1zmtnvQOOj4IKrKATIw,https://s3-media2.fl.yelpcdn.com/bphoto/MxTqJnP7W8NowfVgXsTInQ/o.jpg,False,"{'address1': '120 N Madison Ave', 'address2': '', 'address3': '', 'city': 'Sturgeon Bay', 'zip_code': '54235', 'country': 'US', 'state': 'WI', 'display_address': ['120 N Madison Ave', 'Sturgeon Bay, WI 54235']}",Door County Maritime Museum,+19207435958,,4.0,7,[],https://www.yelp.com/biz/door-county-maritime-museum-sturgeon-bay?adjust_creative=GVWAITeAe13hPk5JlriDSg&utm_campaign=yelp_api_v3&utm_medium=api_v3_business_search&utm_source=GVWAITeAe13hPk5JlriDSg
birmingham-bar-and-cottages-sturgeon-bay,"[{'alias': 'burgers', 'title': 'Burgers'}]","{'latitude': 44.8975, 'longitude': -87.39133}",(920) 743-5215,6756.288208965824,BORtOYm45FwzMynq_6oaQQ,https://s3-media2.fl.yelpcdn.com/bphoto/QJxNL8F3hdU0zkHqcOwrVA/o.jpg,False,"{'address1': '4709 Bay Shore Dr', 'address2': '', 'address3': '', 'city': 'Sturgeon Bay', 'zip_code': '54235', 'country': 'US', 'state': 'WI', 'display_address': ['4709 Bay Shore Dr', 'Sturgeon Bay, WI 54235']}",Birmingham Bar & Cottages,+19207435215,$$,3.5,22,[],https://www.yelp.com/biz/birmingham-bar-and-cottages-sturgeon-bay?adjust_creative=GVWAITeAe13hPk5JlriDSg&utm_campaign=yelp_api_v3&utm_medium=api_v3_business_search&utm_source=GVWAITeAe13hPk5JlriDSg
econo-foods-sturgeon-bay,"[{'alias': 'bakeries', 'title': 'Bakeries'}, {'alias': 'grocery', 'title': 'Grocery'}, {'alias': 'delis', 'title': 'Delis'}]","{'latitude': 44.85072, 'longitude': -87.36076}",(920) 743-8896,3575.9368043109134,djSc0lxXSmC4NUeKSYWxaQ,https://s3-media1.fl.yelpcdn.com/bphoto/GFpgW8gudsQ_mHl4t3atVQ/o.jpg,False,"{'address1': '1250 N 14th Ave', 'address2': '', 'address3': '', 'city': 'Sturgeon Bay', 'zip_code': '54235', 'country': 'US', 'state': 'WI', 'display_address': ['1250 N 14th Ave', 'Sturgeon Bay, WI 54235']}",Econo Foods,+19207438896,$,4.0,9,[],https://www.yelp.com/biz/econo-foods-sturgeon-bay?adjust_creative=GVWAITeAe13hPk5JlriDSg&utm_campaign=yelp_api_v3&utm_medium=api_v3_business_search&utm_source=GVWAITeAe13hPk5JlriDSg
the-nautical-inn-sturgeon-bay,"[{'alias': 'newamerican', 'title': 'American (New)'}, {'alias': 'sandwiches', 'title': 'Sandwiches'}]","{'latitude': 44.8357, 'longitude': -87.37869}",(920) 746-6706,1824.9884986974346,qm_cZN2qPJsnb0hHIIJ1eA,https://s3-media3.fl.yelpcdn.com/bphoto/LtdIQgCKMpRllW_CcNY0qw/o.jpg,False,"{'address1': '234 Kentucky St', 'address2': '', 'address3': '', 'city': 'Sturgeon Bay', 'zip_code': '54235', 'country': 'US', 'state': 'WI', 'display_address': ['234 Kentucky St', 'Sturgeon Bay, WI 54235']}",The Nautical Inn,+19207466706,$$,3.5,9,[],https://www.yelp.com/biz/the-nautical-inn-sturgeon-bay?adjust_creative=GVWAITeAe13hPk5JlriDSg&utm_campaign=yelp_api_v3&utm_medium=api_v3_business_search&utm_source=GVWAITeAe13hPk5JlriDSg
samuelsons-creek-pub-and-grill-sturgeon-bay,"[{'alias': 'tradamerican', 'title': 'American (Traditional)'}]","{'latitude': 44.81733, 'longitude': -87.37312}",(920) 743-3295,3160.4162313007696,0T3P1eEw5nphIaDnLLCB5g,https://s3-media1.fl.yelpcdn.com/bphoto/Mja6bPfslD7tehK7Xu2umA/o.jpg,False,"{'address1': '1009 S Oxford Ave', 'address2': '', 'address3': None, 'city': 'Sturgeon Bay', 'zip_code': '54235', 'country': 'US', 'state': 'WI', 'display_address': ['1009 S Oxford Ave', 'Sturgeon Bay, WI 54235']}",Samuelson's Creek Pub & Grill,+19207433295,$$,4.0,6,[],https://www.yelp.com/biz/samuelsons-creek-pub-and-grill-sturgeon-bay?adjust_creative=GVWAITeAe13hPk5JlriDSg&utm_campaign=yelp_api_v3&utm_medium=api_v3_business_search&utm_source=GVWAITeAe13hPk5JlriDSg
hong-kong-buffet-sturgeon-bay,"[{'alias': 'chinese', 'title': 'Chinese'}]","{'latitude': 44.8488808, 'longitude': -87.3630371}",(920) 746-5555,3321.206655997607,XbLEaSkjUBCWdEGGAIVYrg,https://s3-media3.fl.yelpcdn.com/bphoto/ySBpxlOtDQEHDErL_uxw4w/o.jpg,False,"{'address1': '1300 Egg Harbor Rd', 'address2': '', 'address3': '', 'city': 'Sturgeon Bay', 'zip_code': '54235', 'country': 'US', 'state': 'WI', 'display_address': ['1300 Egg Harbor Rd', 'Sturgeon Bay, WI 54235']}",Hong Kong Buffet,+19207465555,$,3.5,9,[],https://www.yelp.com/biz/hong-kong-buffet-sturgeon-bay?adjust_creative=GVWAITeAe13hPk5JlriDSg&utm_campaign=yelp_api_v3&utm_medium=api_v3_business_search&utm_source=GVWAITeAe13hPk5JlriDSg
stage-road-inn-sturgeon-bay,"[{'alias': 'bars', 'title': 'Bars'}, {'alias': 'pizza', 'title': 'Pizza'}]","{'latitude': 44.769835, 'longitude': -87.397481}",(920) 743-4807,7542.858863202053,ZjE3HBWVE626xrGE7N8BpA,https://s3-media3.fl.yelpcdn.com/bphoto/HaxSVVFufSfSkTuKVF3DsA/o.jpg,False,"{'address1': '2049 County Rd S', 'address2': '', 'address3': '', 'city': 'Sturgeon Bay', 'zip_code': '54235', 'country': 'US', 'state': 'WI', 'display_address': ['2049 County Rd S', 'Sturgeon Bay, WI 54235']}",Stage Road Inn,+19207434807,$,4.5,8,[],https://www.yelp.com/biz/stage-road-inn-sturgeon-bay?adjust_creative=GVWAITeAe13hPk5JlriDSg&utm_campaign=yelp_api_v3&utm_medium=api_v3_business_search&utm_source=GVWAITeAe13hPk5JlriDSg
betsy-ross-family-restaurant-sturgeon-bay,"[{'alias': 'tradamerican', 'title': 'American (Traditional)'}]","{'latitude': 44.822586, 'longitude': -87.389898}",(920) 743-8111,1912.9030142498953,L3_HQgKVIDyVfrrbQEZS3g,https://s3-media4.fl.yelpcdn.com/bphoto/rSVESc3asxjpeqSgwkhOeQ/o.jpg,False,"{'address1': '239 Green Bay Rd', 'address2': '', 'address3': '', 'city': 'Sturgeon Bay', 'zip_code': '54235', 'country': 'US', 'state': 'WI', 'display_address': ['239 Green Bay Rd', 'Sturgeon Bay, WI 54235']}",Betsy Ross Family Restaurant,+19207438111,$,3.0,9,[],https://www.yelp.com/biz/betsy-ross-family-restaurant-sturgeon-bay?adjust_creative=GVWAITeAe13hPk5JlriDSg&utm_campaign=yelp_api_v3&utm_medium=api_v3_business_search&utm_source=GVWAITeAe13hPk5JlriDSg
door-county-historical-museum-sturgeon-bay,"[{'alias': 'museums', 'title': 'Museums'}]","{'latitude': 44.835167, 'longitude': -87.375076}",(920) 743-5809,2119.8187454269287,8cXRBTYalFveGRH7Ia9Lgw,https://s3-media3.fl.yelpcdn.com/bphoto/OWwF-rZw0jQlEhVbeIrI8A/o.jpg,False,"{'address1': '18 North 4th Ave', 'address2': '', 'address3': '', 'city': 'Sturgeon Bay', 'zip_code': '54235', 'country': 'US', 'state': 'WI', 'display_address': ['18 North 4th Ave', 'Sturgeon Bay, WI 54235']}",Door County Historical Museum,+19207435809,,4.5,2,[],https://www.yelp.com/biz/door-county-historical-museum-sturgeon-bay?adjust_creative=GVWAITeAe13hPk5JlriDSg&utm_campaign=yelp_api_v3&utm_medium=api_v3_business_search&utm_source=GVWAITeAe13hPk5JlriDSg
county-of-door-sturgeon-bay,"[{'alias': 'localflavor', 'title': 'Local Flavor'}]","{'latitude': 44.83306, 'longitude': -87.37846}",(920) 743-3573,1891.7316856888733,CDv7bSw_6UBJ7_fth2aOUg,https://s3-media2.fl.yelpcdn.com/bphoto/olMNqiG0mM6Sj7azJIqJDQ/o.jpg,False,"{'address1': '61 Michigan St', 'address2': '', 'address3': '', 'city': 'Sturgeon Bay', 'zip_code': '54235', 'country': 'US', 'state': 'WI', 'display_address': ['61 Michigan St', 'Sturgeon Bay, WI 54235']}",County of Door,+19207433573,,4.5,2,[],https://www.yelp.com/biz/county-of-door-sturgeon-bay?adjust_creative=GVWAITeAe13hPk5JlriDSg&utm_campaign=yelp_api_v3&utm_medium=api_v3_business_search&utm_source=GVWAITeAe13hPk5JlriDSg
agriculture-research-sturgeon-bay,"[{'alias': 'gardens', 'title': 'Botanical Gardens'}]","{'latitude': 44.8796492070203, 'longitude': -87.3362163743786}",(920) 743-5406,6966.118428547099,nOHWt0nnd5QTIhoBKx1Kxw,https://s3-media2.fl.yelpcdn.com/bphoto/4-1_srzNyaM_Imm_nlqP7Q/o.jpg,False,"{'address1': '4312 State Hwy 42', 'address2': '', 'address3': '', 'city': 'Sturgeon Bay', 'zip_code': '54235', 'country': 'US', 'state': 'WI', 'display_address': ['4312 State Hwy 42', 'Sturgeon Bay, WI 54235']}",Agriculture Research,+19207435406,,5.0,3,[],https://www.yelp.com/biz/agriculture-research-sturgeon-bay?adjust_creative=GVWAITeAe13hPk5JlriDSg&utm_campaign=yelp_api_v3&utm_medium=api_v3_business_search&utm_source=GVWAITeAe13hPk5JlriDSg
idlewild-golf-course-sturgeon-bay-2,"[{'alias': 'golf', 'title': 'Golf'}]","{'latitude': 44.8703999, 'longitude': -87.448498}",(920) 743-3334,5185.429645322135,4qy9hP_MAdf4VlCBmJOeEQ,https://s3-media1.fl.yelpcdn.com/bphoto/tJQapSVOAGjvn2rPrKkSNw/o.jpg,False,"{'address1': '4146 Golf Valley Dr', 'address2': '', 'address3': '', 'city': 'Sturgeon Bay', 'zip_code': '54235', 'country': 'US', 'state': 'WI', 'display_address': ['4146 Golf Valley Dr', 'Sturgeon Bay, WI 54235']}",Idlewild Golf Course,+19207433334,,4.5,3,[],https://www.yelp.com/biz/idlewild-golf-course-sturgeon-bay-2?adjust_creative=GVWAITeAe13hPk5JlriDSg&utm_campaign=yelp_api_v3&utm_medium=api_v3_business_search&utm_source=GVWAITeAe13hPk5JlriDSg
butchs-bar-sturgeon-bay,"[{'alias': 'pizza', 'title': 'Pizza'}]","{'latitude': 44.8334199, 'longitude': -87.37515}",(920) 743-3845,2147.115237050551,GYRHmnefDvqgkzTF7p2hhg,https://s3-media2.fl.yelpcdn.com/bphoto/ZBA3_5ZI4ixtrg7frEhNqw/o.jpg,False,"{'address1': '112 S 3rd Ave', 'address2': '', 'address3': '', 'city': 'Sturgeon Bay', 'zip_code': '54235', 'country': 'US', 'state': 'WI', 'display_address': ['112 S 3rd Ave', 'Sturgeon Bay, WI 54235']}",Butch's Bar,+19207433845,$,4.5,2,[],https://www.yelp.com/biz/butchs-bar-sturgeon-bay?adjust_creative=GVWAITeAe13hPk5JlriDSg&utm_campaign=yelp_api_v3&utm_medium=api_v3_business_search&utm_source=GVWAITeAe13hPk5JlriDSg
jimmy-johns-sturgeon-bay,"[{'alias': 'sandwiches', 'title': 'Sandwiches'}]","{'latitude': 44.8433079169331, 'longitude': -87.369383610785}",(920) 818-1460,2628.340829105821,ST9nh248Kyh8_WERieyaRQ,https://s3-media2.fl.yelpcdn.com/bphoto/HoVSiO7o7V7AxGe0oN0mJQ/o.jpg,False,"{'address1': '845 Egg Harbor Rd', 'address2': '', 'address3': None, 'city': 'Sturgeon Bay', 'zip_code': '54235', 'country': 'US', 'state': 'WI', 'display_address': ['845 Egg Harbor Rd', 'Sturgeon Bay, WI 54235']}",Jimmy John's,+19208181460,,3.5,3,[],https://www.yelp.com/biz/jimmy-johns-sturgeon-bay?adjust_creative=GVWAITeAe13hPk5JlriDSg&utm_campaign=yelp_api_v3&utm_medium=api_v3_business_search&utm_source=GVWAITeAe13hPk5JlriDSg
culvers-frozen-custard-sturgeon-bay-2,"[{'alias': 'icecream', 'title': 'Ice Cream & Frozen Yogurt'}, {'alias': 'newamerican', 'title': 'American (New)'}]","{'latitude': 44.860198, 'longitude': -87.344317}",(920) 746-0870,5176.917207800495,P9xwhqSlw3KpRxjtDziJ5A,https://s3-media2.fl.yelpcdn.com/bphoto/-kmPWZSUGfO42LiN6g6nJg/o.jpg,False,"{'address1': '5581 Gordon Rd', 'address2': '', 'address3': '', 'city': 'Sturgeon Bay', 'zip_code': '54235', 'country': 'US', 'state': 'WI', 'display_address': ['5581 Gordon Rd', 'Sturgeon Bay, WI 54235']}",Culver's Frozen Custard,+19207460870,$,3.0,9,[],https://www.yelp.com/biz/culvers-frozen-custard-sturgeon-bay-2?adjust_creative=GVWAITeAe13hPk5JlriDSg&utm_campaign=yelp_api_v3&utm_medium=api_v3_business_search&utm_source=GVWAITeAe13hPk5JlriDSg
wanda-jeans-sturgeon-bay-2,"[{'alias': 'buffets', 'title': 'Buffets'}, {'alias': 'comfortfood', 'title': 'Comfort Food'}, {'alias': 'breakfast_brunch', 'title': 'Breakfast & Brunch'}]","{'latitude': 44.84394, 'longitude': -87.3699199}",(920) 743-0105,2604.5001178020448,ROf08N9sqxn4ThXimb_ZKA,https://s3-media3.fl.yelpcdn.com/bphoto/3Xl7Y6QckzkkYICg2lLIZw/o.jpg,False,"{'address1': '846 Egg Harbor Rd', 'address2': None, 'address3': None, 'city': 'Sturgeon Bay', 'zip_code': '54235', 'country': 'US', 'state': 'WI', 'display_address': ['846 Egg Harbor Rd', 'Sturgeon Bay, WI 54235']}",Wanda Jean's,+19207430105,$,3.0,8,[],https://www.yelp.com/biz/wanda-jeans-sturgeon-bay-2?adjust_creative=GVWAITeAe13hPk5JlriDSg&utm_campaign=yelp_api_v3&utm_medium=api_v3_business_search&utm_source=GVWAITeAe13hPk5JlriDSg
door-county-historical-society-sturgeon-bay,"[{'alias': 'museums', 'title': 'Museums'}]","{'latitude': 44.8302, 'longitude': -87.38324}",(920) 743-4045,1699.522838836843,m41H0LxTSEst_SnnSH9t6A,https://s3-media2.fl.yelpcdn.com/bphoto/hZH9YT1GzmPzQh3oycsjjg/o.jpg,False,"{'address1': '120 N Madison Ave', 'address2': '', 'address3': '', 'city': 'Sturgeon Bay', 'zip_code': '54235', 'country': 'US', 'state': 'WI', 'display_address': ['120 N Madison Ave', 'Sturgeon Bay, WI 54235']}",Door County Historical Society,+19207434045,,5.0,1,[],https://www.yelp.com/biz/door-county-historical-society-sturgeon-bay?adjust_creative=GVWAITeAe13hPk5JlriDSg&utm_campaign=yelp_api_v3&utm_medium=api_v3_business_search&utm_source=GVWAITeAe13hPk5JlriDSg
miller-art-museum-sturgeon-bay,"[{'alias': 'artmuseums', 'title': 'Art Museums'}]","{'latitude': 44.8335304260254, 'longitude': -87.3744125366211}",(920) 746-0707,2195.712379287584,60UD0fB8ctOJoSiNcVfn0g,https://s3-media4.fl.yelpcdn.com/bphoto/TcF2Vk74D2u1jdk7hbm_gA/o.jpg,False,"{'address1': '107 S 4th Ave', 'address2': '', 'address3': '', 'city': 'Sturgeon Bay', 'zip_code': '54235', 'country': 'US', 'state': 'WI', 'display_address': ['107 S 4th Ave', 'Sturgeon Bay, WI 54235']}",Miller Art Museum,+19207460707,,4.0,2,[],https://www.yelp.com/biz/miller-art-museum-sturgeon-bay?adjust_creative=GVWAITeAe13hPk5JlriDSg&utm_campaign=yelp_api_v3&utm_medium=api_v3_business_search&utm_source=GVWAITeAe13hPk5JlriDSg
cherry-lanes-sturgeon-bay,"[{'alias': 'bowling', 'title': 'Bowling'}, {'alias': 'bars', 'title': 'Bars'}, {'alias': 'musicvenues', 'title': 'Music Venues'}]","{'latitude': 44.83583, 'longitude': -87.37654}",(920) 743-3432,2014.7140400053097,kqqwMN093lZHpRmEcojDgg,https://s3-media4.fl.yelpcdn.com/bphoto/qnwp6pcK2joUZyGXOp9NRw/o.jpg,False,"{'address1': '127 N 4th Ave', 'address2': '', 'address3': '', 'city': 'Sturgeon Bay', 'zip_code': '54235', 'country': 'US', 'state': 'WI', 'display_address': ['127 N 4th Ave', 'Sturgeon Bay, WI 54235']}",Cherry Lanes,+19207433432,$,3.5,2,[],https://www.yelp.com/biz/cherry-lanes-sturgeon-bay?adjust_creative=GVWAITeAe13hPk5JlriDSg&utm_campaign=yelp_api_v3&utm_medium=api_v3_business_search&utm_source=GVWAITeAe13hPk5JlriDSg
shiloh-road-bark-park-sturgeon-bay,"[{'alias': 'dog_parks', 'title': 'Dog Parks'}]","{'latitude': 44.8062614558886, 'longitude': -87.3748971049964}",,4077.367528545419,MX-sXwxHZJbXo3pBsZtFuQ,https://s3-media2.fl.yelpcdn.com/bphoto/t5Cldfsl06JvfiY6e2IROQ/o.jpg,False,"{'address1': 'S Shiloh Rd', 'address2': '', 'address3': None, 'city': 'Sturgeon Bay', 'zip_code': '54235', 'country': 'US', 'state': 'WI', 'display_address': ['S Shiloh Rd', 'Sturgeon Bay, WI 54235']}",Shiloh Road Bark Park,,,3.5,3,[],https://www.yelp.com/biz/shiloh-road-bark-park-sturgeon-bay?adjust_creative=GVWAITeAe13hPk5JlriDSg&utm_campaign=yelp_api_v3&utm_medium=api_v3_business_search&utm_source=GVWAITeAe13hPk5JlriDSg
door-county-fair-sturgeon-bay,"[{'alias': 'localflavor', 'title': 'Local Flavor'}]","{'latitude': 44.844556, 'longitude': -87.359086}",(920) 746-7126,3450.2587749026848,3RXYGG7XDP49VaOu3wCsEA,https://s3-media3.fl.yelpcdn.com/bphoto/VQqOKpoqhTQSWWSDO0uieA/o.jpg,False,"{'address1': '812 N 14th Ave', 'address2': '', 'address3': None, 'city': 'Sturgeon Bay', 'zip_code': '54235', 'country': 'US', 'state': 'WI', 'display_address': ['812 N 14th Ave', 'Sturgeon Bay, WI 54235']}",Door County Fair,+19207467126,,5.0,1,[],https://www.yelp.com/biz/door-county-fair-sturgeon-bay?adjust_creative=GVWAITeAe13hPk5JlriDSg&utm_campaign=yelp_api_v3&utm_medium=api_v3_business_search&utm_source=GVWAITeAe13hPk5JlriDSg
valmy-happy-hour-sturgeon-bay,"[{'alias': 'bars', 'title': 'Bars'}, {'alias': 'tradamerican', 'title': 'American (Traditional)'}]","{'latitude': 44.908447265625, 'longitude': -87.2624816894531}",(920) 743-6236,13512.568117894827,Y-9a6TlGNQga_hwlH5G6HA,https://s3-media3.fl.yelpcdn.com/bphoto/6Uq9H-71VQ-wa7BZhcNarQ/o.jpg,False,"{'address1': '4418 Whitefish Bay Rd', 'address2': '', 'address3': '', 'city': 'Sturgeon Bay', 'zip_code': '54235', 'country': 'US', 'state': 'WI', 'display_address': ['4418 Whitefish Bay Rd', 'Sturgeon Bay, WI 54235']}",Valmy Happy Hour,+19207436236,$,4.0,8,[],https://www.yelp.com/biz/valmy-happy-hour-sturgeon-bay?adjust_creative=GVWAITeAe13hPk5JlriDSg&utm_campaign=yelp_api_v3&utm_medium=api_v3_business_search&utm_source=GVWAITeAe13hPk5JlriDSg
mcdonalds-sturgeon-bay,"[{'alias': 'burgers', 'title': 'Burgers'}, {'alias': 'hotdogs', 'title': 'Fast Food'}, {'alias': 'coffee', 'title': 'Coffee & Tea'}]","{'latitude': 44.8475953382362, 'longitude': -87.3636755347252}",(920) 743-2622,3199.6992736971492,pbdMGJaBSsnG2AuVAoZL-Q,https://s3-media2.fl.yelpcdn.com/bphoto/nni3Zi-bpKL1kMjP5R3ShA/o.jpg,False,"{'address1': '1212 Egg Harbor Rd', 'address2': '', 'address3': '', 'city': 'Sturgeon Bay', 'zip_code': '54235', 'country': 'US', 'state': 'WI', 'display_address': ['1212 Egg Harbor Rd', 'Sturgeon Bay, WI 54235']}",McDonald's,+19207432622,,2.5,4,[],https://www.yelp.com/biz/mcdonalds-sturgeon-bay?adjust_creative=GVWAITeAe13hPk5JlriDSg&utm_campaign=yelp_api_v3&utm_medium=api_v3_business_search&utm_source=GVWAITeAe13hPk5JlriDSg
mcdonalds-sturgeon-bay-2,"[{'alias': 'burgers', 'title': 'Burgers'}, {'alias': 'hotdogs', 'title': 'Fast Food'}, {'alias': 'coffee', 'title': 'Coffee & Tea'}]","{'latitude': 44.8218185317679, 'longitude': -87.4037419500678}",(920) 746-9076,1762.2283290990085,h0TQBr8e8UZOQD99FxB8VQ,https://s3-media3.fl.yelpcdn.com/bphoto/1YYWl37lt95Y1IKjvpQBfg/o.jpg,False,"{'address1': '1132 Green Bay Rd', 'address2': '', 'address3': '', 'city': 'Sturgeon Bay', 'zip_code': '54235', 'country': 'US', 'state': 'WI', 'display_address': ['1132 Green Bay Rd', 'Sturgeon Bay, WI 54235']}",McDonald's,+19207469076,$,2.0,5,[],https://www.yelp.com/biz/mcdonalds-sturgeon-bay-2?adjust_creative=GVWAITeAe13hPk5JlriDSg&utm_campaign=yelp_api_v3&utm_medium=api_v3_business_search&utm_source=GVWAITeAe13hPk5JlriDSg
dairy-queen-sturgeon-bay,"[{'alias': 'icecream', 'title': 'Ice Cream & Frozen Yogurt'}]","{'latitude': 44.8438683, 'longitude': -87.3694382}",(920) 743-5495,2639.4229830169097,uEUd8XUsW26MG1EoXhAu-A,https://s3-media1.fl.yelpcdn.com/bphoto/gm4Y0qGSYgCFICKWwCjRtA/o.jpg,False,"{'address1': '902 Egg Harbor Rd', 'address2': '', 'address3': '', 'city': 'Sturgeon Bay', 'zip_code': '54235', 'country': 'US', 'state': 'WI', 'display_address': ['902 Egg Harbor Rd', 'Sturgeon Bay, WI 54235']}",Dairy Queen,+19207435495,$,2.5,2,[],https://www.yelp.com/biz/dairy-queen-sturgeon-bay?adjust_creative=GVWAITeAe13hPk5JlriDSg&utm_campaign=yelp_api_v3&utm_medium=api_v3_business_search&utm_source=GVWAITeAe13hPk5JlriDSg
cherry-hills-golf-and-lodge-sturgeon-bay-2,"[{'alias': 'hotels', 'title': 'Hotels'}, {'alias': 'golf', 'title': 'Golf'}]","{'latitude': 44.88922247841, 'longitude': -87.3607460301636}",(920) 743-3240,6586.458575484055,4udH9TkEizbMFyjR4bFyiw,https://s3-media2.fl.yelpcdn.com/bphoto/WbpOk5sCeA8F9LQWEOy1BQ/o.jpg,False,"{'address1': '5905 Dunn Rd', 'address2': '', 'address3': '', 'city': 'Sturgeon Bay', 'zip_code': '54235', 'country': 'US', 'state': 'WI', 'display_address': ['5905 Dunn Rd', 'Sturgeon Bay, WI 54235']}",Cherry Hills Golf & Lodge,+19207433240,,5.0,1,[],https://www.yelp.com/biz/cherry-hills-golf-and-lodge-sturgeon-bay-2?adjust_creative=GVWAITeAe13hPk5JlriDSg&utm_campaign=yelp_api_v3&utm_medium=api_v3_business_search&utm_source=GVWAITeAe13hPk5JlriDSg
sunset-bar-and-grill-boat-launch-sturgeon-bay,"[{'alias': 'pizza', 'title': 'Pizza'}, {'alias': 'steak', 'title': 'Steakhouses'}, {'alias': 'sandwiches', 'title': 'Sandwiches'}]","{'latitude': 44.85525, 'longitude': -87.53336}",(920) 824-5130,10560.951309297068,mw6qAGwllm9QCUsAFGDs7Q,https://s3-media1.fl.yelpcdn.com/bphoto/pA_-cVe4uplqrAU8vvSTfQ/o.jpg,False,"{'address1': '3810 Rileys Point Rd', 'address2': '', 'address3': '', 'city': 'Sturgeon Bay', 'zip_code': '54235', 'country': 'US', 'state': 'WI', 'display_address': ['3810 Rileys Point Rd', 'Sturgeon Bay, WI 54235']}",Sunset Bar & Grill/Boat Launch,+19208245130,$$,2.5,9,[],https://www.yelp.com/biz/sunset-bar-and-grill-boat-launch-sturgeon-bay?adjust_creative=GVWAITeAe13hPk5JlriDSg&utm_campaign=yelp_api_v3&utm_medium=api_v3_business_search&utm_source=GVWAITeAe13hPk5JlriDSg
ride-the-fireboat-sturgeon-bay,"[{'alias': 'boattours', 'title': 'Boat Tours'}, {'alias': 'museums', 'title': 'Museums'}]","{'latitude': 44.8306021210537, 'longitude': -87.3829533264775}",(920) 495-6454,1672.9999084901049,0hrOEuj65UYCSqndfgF4QQ,https://s3-media2.fl.yelpcdn.com/bphoto/kGv2FxdU_2uhOUEc29BkeA/o.jpg,False,"{'address1': '120 North Madison Ave', 'address2': '', 'address3': None, 'city': 'Sturgeon Bay', 'zip_code': '54235', 'country': 'US', 'state': 'WI', 'display_address': ['120 North Madison Ave', 'Sturgeon Bay, WI 54235']}",Ride The Fireboat,+19204956454,,4.5,2,[],https://www.yelp.com/biz/ride-the-fireboat-sturgeon-bay?adjust_creative=GVWAITeAe13hPk5JlriDSg&utm_campaign=yelp_api_v3&utm_medium=api_v3_business_search&utm_source=GVWAITeAe13hPk5JlriDSg
taco-bell-sturgeon-bay-2,"[{'alias': 'hotdogs', 'title': 'Fast Food'}, {'alias': 'mexican', 'title': 'Mexican'}, {'alias': 'tex-mex', 'title': 'Tex-Mex'}]","{'latitude': 44.82063, 'longitude': -87.39413}",(920) 746-5258,1980.2170045414223,88vOHJ4OsMN_rU-9r6lmpw,https://s3-media2.fl.yelpcdn.com/bphoto/7ChRQV2KowI9msltABNA9g/o.jpg,False,"{'address1': '1331 Green Bay Road', 'address2': '', 'address3': '', 'city': 'Sturgeon Bay', 'zip_code': '54235', 'country': 'US', 'state': 'WI', 'display_address': ['1331 Green Bay Road', 'Sturgeon Bay, WI 54235']}",Taco Bell,+19207465258,$,1.5,3,[],https://www.yelp.com/biz/taco-bell-sturgeon-bay-2?adjust_creative=GVWAITeAe13hPk5JlriDSg&utm_campaign=yelp_api_v3&utm_medium=api_v3_business_search&utm_source=GVWAITeAe13hPk5JlriDSg
pizza-hut-sturgeon-bay,"[{'alias': 'pizza', 'title': 'Pizza'}, {'alias': 'italian', 'title': 'Italian'}, {'alias': 'chicken_wings', 'title': 'Chicken Wings'}]","{'latitude': 44.8466145247221, 'longitude': -87.3643139004707}",(920) 743-8886,2570.9637859043874,C2s1qaAckqzIB_U2sxQ9GQ,https://s3-media2.fl.yelpcdn.com/bphoto/O3mACD0Q6I_VisebN0FFQQ/o.jpg,False,"{'address1': '1125 Egg Harbor Rd', 'address2': '', 'address3': '', 'city': 'Sturgeon Bay', 'zip_code': '54235', 'country': 'US', 'state': 'WI', 'display_address': ['1125 Egg Harbor Rd', 'Sturgeon Bay, WI 54235']}",Pizza Hut,+19207438886,$,1.0,6,[],https://www.yelp.com/biz/pizza-hut-sturgeon-bay?adjust_creative=GVWAITeAe13hPk5JlriDSg&utm_campaign=yelp_api_v3&utm_medium=api_v3_business_search&utm_source=GVWAITeAe13hPk5JlriDSg
27-pines-golf-course-sturgeon-bay,"[{'alias': 'golf', 'title': 'Golf'}]","{'latitude': 44.7767486572266, 'longitude': -87.3442764282227}",(920) 746-8762,8144.595869105682,SvNvKBG5QbxqZj-lC-_RUQ,https://s3-media4.fl.yelpcdn.com/bphoto/tNj2pP96JvI9twRm75RFBQ/o.jpg,False,"{'address1': '5611 Silverdale Rd', 'address2': '', 'address3': '', 'city': 'Sturgeon Bay', 'zip_code': '54235', 'country': 'US', 'state': 'WI', 'display_address': ['5611 Silverdale Rd', 'Sturgeon Bay, WI 54235']}",27 Pines Golf Course,+19207468762,,4.0,2,[],https://www.yelp.com/biz/27-pines-golf-course-sturgeon-bay?adjust_creative=GVWAITeAe13hPk5JlriDSg&utm_campaign=yelp_api_v3&utm_medium=api_v3_business_search&utm_source=GVWAITeAe13hPk5JlriDSg
subway-sturgeon-bay,"[{'alias': 'sandwiches', 'title': 'Sandwiches'}, {'alias': 'hotdogs', 'title': 'Fast Food'}]","{'latitude': 44.84898, 'longitude': -87.35957}",(920) 746-0666,3556.045680703875,48kvMv7SPFXSddlsnzzE-Q,,False,"{'address1': '1463 Egg Harbor Rd', 'address2': '', 'address3': '', 'city': 'Sturgeon Bay', 'zip_code': '54235', 'country': 'US', 'state': 'WI', 'display_address': ['1463 Egg Harbor Rd', 'Sturgeon Bay, WI 54235']}",Subway,+19207460666,$,3.0,1,[],https://www.yelp.com/biz/subway-sturgeon-bay?adjust_creative=GVWAITeAe13hPk5JlriDSg&utm_campaign=yelp_api_v3&utm_medium=api_v3_business_search&utm_source=GVWAITeAe13hPk5JlriDSg
sunset-park-community-bldg-sturgeon-bay-2,"[{'alias': 'parks', 'title': 'Parks'}]","{'latitude': 44.8465805053711, 'longitude': -87.3841094970703}",(920) 743-9936,1717.2908705585442,J4Cfq4Fb1dnvW3W9QLnsPA,,False,"{'address1': '747 N 3rd Ave', 'address2': '', 'address3': '', 'city': 'Sturgeon Bay', 'zip_code': '54235', 'country': 'US', 'state': 'WI', 'display_address': ['747 N 3rd Ave', 'Sturgeon Bay, WI 54235']}",Sunset Park Community Bldg,+19207439936,,2.0,1,[],https://www.yelp.com/biz/sunset-park-community-bldg-sturgeon-bay-2?adjust_creative=GVWAITeAe13hPk5JlriDSg&utm_campaign=yelp_api_v3&utm_medium=api_v3_business_search&utm_source=GVWAITeAe13hPk5JlriDSg
zibbibo-restaurant-sturgeon-bay,"[{'alias': 'italian', 'title': 'Italian'}]","{'latitude': 44.8341639, 'longitude': -87.3770419}",294986565,1984.1507426410444,1upOlKs2twZX_s0WK-wXYg,,False,"{'address1': '7 Duneba Ave', 'address2': '', 'address3': '', 'city': 'Sturgeon Bay', 'zip_code': '54235', 'country': 'US', 'state': 'WI', 'display_address': ['7 Duneba Ave', 'Sturgeon Bay, WI 54235']}",Zibbibo Restaurant,+44294986565,,4.0,1,[],https://www.yelp.com/biz/zibbibo-restaurant-sturgeon-bay?adjust_creative=GVWAITeAe13hPk5JlriDSg&utm_campaign=yelp_api_v3&utm_medium=api_v3_business_search&utm_source=GVWAITeAe13hPk5JlriDSg
apple-valley-lanes-sturgeon-bay,"[{'alias': 'bowling', 'title': 'Bowling'}, {'alias': 'tradamerican', 'title': 'American (Traditional)'}]","{'latitude': 44.85018, 'longitude': -87.36248}",(920) 743-6997,3371.672471594052,RfsPFSRjJxVV7iM1k6EeZQ,https://s3-media2.fl.yelpcdn.com/bphoto/boj_m353AUkB1OAq92cIuA/o.jpg,False,"{'address1': '1217 N 14th Ave', 'address2': '', 'address3': '', 'city': 'Sturgeon Bay', 'zip_code': '54235', 'country': 'US', 'state': 'WI', 'display_address': ['1217 N 14th Ave', 'Sturgeon Bay, WI 54235']}",Apple Valley Lanes,+19207436997,,2.0,1,[],https://www.yelp.com/biz/apple-valley-lanes-sturgeon-bay?adjust_creative=GVWAITeAe13hPk5JlriDSg&utm_campaign=yelp_api_v3&utm_medium=api_v3_business_search&utm_source=GVWAITeAe13hPk5JlriDSg
institute-saloon-sturgeon-bay,"[{'alias': 'newamerican', 'title': 'American (New)'}, {'alias': 'burgers', 'title': 'Burgers'}, {'alias': 'pizza', 'title': 'Pizza'}]","{'latitude': 44.8932037353516, 'longitude': -87.2888412475586}",(920) 743-1919,10834.266335524748,Thx2uPlW6V1D0MqNXcSfeg,,False,"{'address1': '4599 State Highway 57', 'address2': '', 'address3': '', 'city': 'Sturgeon Bay', 'zip_code': '54235', 'country': 'US', 'state': 'WI', 'display_address': ['4599 State Highway 57', 'Sturgeon Bay, WI 54235']}",Institute Saloon,+19207431919,,1.0,2,[],https://www.yelp.com/biz/institute-saloon-sturgeon-bay?adjust_creative=GVWAITeAe13hPk5JlriDSg&utm_campaign=yelp_api_v3&utm_medium=api_v3_business_search&utm_source=GVWAITeAe13hPk5JlriDSg
smoke-to-the-bone-green-bay,"[{'alias': 'foodtrucks', 'title': 'Food Trucks'}, {'alias': 'bbq', 'title': 'Barbeque'}]","{'latitude': 44.5113781, 'longitude': -88.0576756}",(920) 639-7041,63292.53802926336,P4rJt38qsSSTPUD6IBh-uw,https://s3-media2.fl.yelpcdn.com/bphoto/_0-Cfh7IosSHrg7tGGmV_w/o.jpg,False,"{'address1': '1301 Ridge Rd', 'address2': '', 'address3': None, 'city': 'Green Bay', 'zip_code': '54303', 'country': 'US', 'state': 'WI', 'display_address': ['1301 Ridge Rd', 'Green Bay, WI 54303']}",Smoke To The Bone,+19206397041,,4.0,4,"['pickup', 'delivery']",https://www.yelp.com/biz/smoke-to-the-bone-green-bay?adjust_creative=GVWAITeAe13hPk5JlriDSg&utm_campaign=yelp_api_v3&utm_medium=api_v3_business_search&utm_source=GVWAITeAe13hPk5JlriDSg
