alias,categories,coordinates,display_phone,distance,id,image_url,is_closed,location,name,phone,price,rating,review_count,transactions,url
lucette-woodfire-eatery-menomonie,"[{'alias': 'pizza', 'title': 'Pizza'}, {'alias': 'breweries', 'title': 'Breweries'}]","{'latitude': 44.8751171129129, 'longitude': -91.9400069318927}",(715) 231-6836,3595.0148353886216,RalTZZJr-tBA7mKxTuGnOw,https://s3-media2.fl.yelpcdn.com/bphoto/H7LfZk8h9VIU0KvrJLL0zg/o.jpg,False,"{'address1': '910 Hudson Rd', 'address2': '', 'address3': '', 'city': 'Menomonie', 'zip_code': '54751', 'country': 'US', 'state': 'WI', 'display_address': ['910 Hudson Rd', 'Menomonie, WI 54751']}",Lucette Woodfire Eatery,+17152316836,$$,4.5,63,[],https://www.yelp.com/biz/lucette-woodfire-eatery-menomonie?adjust_creative=GVWAITeAe13hPk5JlriDSg&utm_campaign=yelp_api_v3&utm_medium=api_v3_business_search&utm_source=GVWAITeAe13hPk5JlriDSg
the-raw-deal-menomonie,"[{'alias': 'coffee', 'title': 'Coffee & Tea'}, {'alias': 'vegan', 'title': 'Vegan'}, {'alias': 'juicebars', 'title': 'Juice Bars & Smoothies'}]","{'latitude': 44.87726, 'longitude': -91.93014}",(715) 231-3255,3763.668986021608,hw9ykZ8ziNwznVnC8PpqrA,https://s3-media4.fl.yelpcdn.com/bphoto/SLc7wQ7M5xmKv77sNq-Upw/o.jpg,False,"{'address1': '603 S Broadway', 'address2': '', 'address3': '', 'city': 'Menomonie', 'zip_code': '54751', 'country': 'US', 'state': 'WI', 'display_address': ['603 S Broadway', 'Menomonie, WI 54751']}",The Raw Deal,+17152313255,$,4.5,33,[],https://www.yelp.com/biz/the-raw-deal-menomonie?adjust_creative=GVWAITeAe13hPk5JlriDSg&utm_campaign=yelp_api_v3&utm_medium=api_v3_business_search&utm_source=GVWAITeAe13hPk5JlriDSg
zanzibar-restaurant-and-pub-menomonie,"[{'alias': 'newamerican', 'title': 'American (New)'}]","{'latitude': 44.8762016296387, 'longitude': -91.9276580810547}",(715) 231-9269,3660.5451545355268,6TQYeFvZrsyzB68NNVu-Ew,https://s3-media2.fl.yelpcdn.com/bphoto/vHTahJmY2kIrViFOW5_nYQ/o.jpg,False,"{'address1': '228 E Main St', 'address2': None, 'address3': None, 'city': 'Menomonie', 'zip_code': '54751', 'country': 'US', 'state': 'WI', 'display_address': ['228 E Main St', 'Menomonie, WI 54751']}",Zanzibar Restaurant & Pub,+17152319269,$$,4.0,44,[],https://www.yelp.com/biz/zanzibar-restaurant-and-pub-menomonie?adjust_creative=GVWAITeAe13hPk5JlriDSg&utm_campaign=yelp_api_v3&utm_medium=api_v3_business_search&utm_source=GVWAITeAe13hPk5JlriDSg
log-jam-menomonie,"[{'alias': 'bars', 'title': 'Bars'}, {'alias': 'newamerican', 'title': 'American (New)'}]","{'latitude': 44.8761746772878, 'longitude': -91.9299218890774}",(715) 235-0703,3640.1006170277,a495DvmAFYkYlOfyl3enWg,https://s3-media4.fl.yelpcdn.com/bphoto/pJvdoeD0uaTwJ77tW7mRNA/o.jpg,False,"{'address1': '709 S Broadway', 'address2': '', 'address3': '', 'city': 'Menomonie', 'zip_code': '54751', 'country': 'US', 'state': 'WI', 'display_address': ['709 S Broadway', 'Menomonie, WI 54751']}",Log Jam,+17152350703,$$,4.0,53,[],https://www.yelp.com/biz/log-jam-menomonie?adjust_creative=GVWAITeAe13hPk5JlriDSg&utm_campaign=yelp_api_v3&utm_medium=api_v3_business_search&utm_source=GVWAITeAe13hPk5JlriDSg
the-acoustic-cafe-menomonie,"[{'alias': 'sandwiches', 'title': 'Sandwiches'}, {'alias': 'cafes', 'title': 'Cafes'}, {'alias': 'coffee', 'title': 'Coffee & Tea'}]","{'latitude': 44.8765028, 'longitude': -91.9297994}",(715) 235-1115,3676.7830789369664,kDpbN-Bzn6gXRCwwVGRCcg,https://s3-media4.fl.yelpcdn.com/bphoto/E9dcZpeS4ljf1oB_B8RhwQ/o.jpg,False,"{'address1': '102 Main St W', 'address2': '', 'address3': '', 'city': 'Menomonie', 'zip_code': '54751', 'country': 'US', 'state': 'WI', 'display_address': ['102 Main St W', 'Menomonie, WI 54751']}",The Acoustic Cafe,+17152351115,$,4.0,49,[],https://www.yelp.com/biz/the-acoustic-cafe-menomonie?adjust_creative=GVWAITeAe13hPk5JlriDSg&utm_campaign=yelp_api_v3&utm_medium=api_v3_business_search&utm_source=GVWAITeAe13hPk5JlriDSg
hangs-cuisine-menomonie,"[{'alias': 'chinese', 'title': 'Chinese'}, {'alias': 'importedfood', 'title': 'Imported Food'}]","{'latitude': 44.8698647780278, 'longitude': -91.9193314388394}",(715) 309-4747,3074.7774376695247,s7XGTcXoIj5IZNBHrp0tJQ,https://s3-media2.fl.yelpcdn.com/bphoto/sGssGWi5Emd1aBsiErvzCQ/o.jpg,False,"{'address1': '1414 9th St E', 'address2': '', 'address3': '', 'city': 'Menomonie', 'zip_code': '54751', 'country': 'US', 'state': 'WI', 'display_address': ['1414 9th St E', 'Menomonie, WI 54751']}",Hang's Cuisine,+17153094747,$,4.0,26,[],https://www.yelp.com/biz/hangs-cuisine-menomonie?adjust_creative=GVWAITeAe13hPk5JlriDSg&utm_campaign=yelp_api_v3&utm_medium=api_v3_business_search&utm_source=GVWAITeAe13hPk5JlriDSg
teds-pizza-palace-menomonie,"[{'alias': 'pizza', 'title': 'Pizza'}, {'alias': 'italian', 'title': 'Italian'}]","{'latitude': 44.8762168884277, 'longitude': -91.9268264770508}",(715) 235-0600,3664.576568864021,47680ijaAo1QXYuX-lge5g,https://s3-media3.fl.yelpcdn.com/bphoto/YM-BinPdIERkuUvdxpNUVg/o.jpg,False,"{'address1': '306 Main St E', 'address2': '', 'address3': '', 'city': 'Menomonie', 'zip_code': '54751', 'country': 'US', 'state': 'WI', 'display_address': ['306 Main St E', 'Menomonie, WI 54751']}",Ted's Pizza Palace,+17152350600,$$,4.0,22,[],https://www.yelp.com/biz/teds-pizza-palace-menomonie?adjust_creative=GVWAITeAe13hPk5JlriDSg&utm_campaign=yelp_api_v3&utm_medium=api_v3_business_search&utm_source=GVWAITeAe13hPk5JlriDSg
the-waterfront-menomonie,"[{'alias': 'newamerican', 'title': 'American (New)'}]","{'latitude': 44.8780459946314, 'longitude': -91.9280463845197}",(715) 235-6541,3853.7784101969187,s6Nk9R1IjvIbCbZcWTuz7Q,https://s3-media2.fl.yelpcdn.com/bphoto/ec2gkh7_iZFCHahtnB1U9A/o.jpg,False,"{'address1': '512 Crescent St', 'address2': '', 'address3': '', 'city': 'Menomonie', 'zip_code': '54751', 'country': 'US', 'state': 'WI', 'display_address': ['512 Crescent St', 'Menomonie, WI 54751']}",The Waterfront,+17152356541,$$,4.0,36,[],https://www.yelp.com/biz/the-waterfront-menomonie?adjust_creative=GVWAITeAe13hPk5JlriDSg&utm_campaign=yelp_api_v3&utm_medium=api_v3_business_search&utm_source=GVWAITeAe13hPk5JlriDSg
exit-45-restaurant-and-bakery-menomonie,"[{'alias': 'diners', 'title': 'Diners'}, {'alias': 'breakfast_brunch', 'title': 'Breakfast & Brunch'}, {'alias': 'tradamerican', 'title': 'American (Traditional)'}]","{'latitude': 44.907574, 'longitude': -91.854031}",(715) 235-1166,9353.399801664737,FechdRGp9G9P2Qmxq1xR9g,https://s3-media2.fl.yelpcdn.com/bphoto/Zi1V_Es2g7kKFJGE6yzfoA/o.jpg,False,"{'address1': '2100 County Road B', 'address2': '', 'address3': '', 'city': 'Menomonie', 'zip_code': '54751', 'country': 'US', 'state': 'WI', 'display_address': ['2100 County Road B', 'Menomonie, WI 54751']}",Exit 45 Restaurant & Bakery,+17152351166,$,4.0,30,[],https://www.yelp.com/biz/exit-45-restaurant-and-bakery-menomonie?adjust_creative=GVWAITeAe13hPk5JlriDSg&utm_campaign=yelp_api_v3&utm_medium=api_v3_business_search&utm_source=GVWAITeAe13hPk5JlriDSg
menomonie-family-restaurant-menomonie,"[{'alias': 'breakfast_brunch', 'title': 'Breakfast & Brunch'}]","{'latitude': 44.914794, 'longitude': -91.929901}",(715) 235-9000,7927.604434817631,inEtsPAQpkcNJ1neMpJPKg,https://s3-media1.fl.yelpcdn.com/bphoto/X03lBD1DvuRZodcDVjbAGw/o.jpg,False,"{'address1': '2616 Hils Ct', 'address2': None, 'address3': None, 'city': 'Menomonie', 'zip_code': '54751', 'country': 'US', 'state': 'WI', 'display_address': ['2616 Hils Ct', 'Menomonie, WI 54751']}",Menomonie Family Restaurant,+17152359000,$,4.0,34,[],https://www.yelp.com/biz/menomonie-family-restaurant-menomonie?adjust_creative=GVWAITeAe13hPk5JlriDSg&utm_campaign=yelp_api_v3&utm_medium=api_v3_business_search&utm_source=GVWAITeAe13hPk5JlriDSg
the-abbey-pub-and-grub-menomonie,"[{'alias': 'pubs', 'title': 'Pubs'}]","{'latitude': 44.8764037780981, 'longitude': -91.9256037846208}",(715) 235-5100,3688.073273038176,EON5QTN8c1czcRwVsRItNA,https://s3-media2.fl.yelpcdn.com/bphoto/sIfnQbThwxGTjW2b71Y4dw/o.jpg,False,"{'address1': '414 Main St E', 'address2': '', 'address3': '', 'city': 'Menomonie', 'zip_code': '54751', 'country': 'US', 'state': 'WI', 'display_address': ['414 Main St E', 'Menomonie, WI 54751']}",The Abbey Pub & Grub,+17152355100,$$,4.5,10,[],https://www.yelp.com/biz/the-abbey-pub-and-grub-menomonie?adjust_creative=GVWAITeAe13hPk5JlriDSg&utm_campaign=yelp_api_v3&utm_medium=api_v3_business_search&utm_source=GVWAITeAe13hPk5JlriDSg
the-duke-and-dagger-menomonie,"[{'alias': 'british', 'title': 'British'}, {'alias': 'pubs', 'title': 'Pubs'}]","{'latitude': 44.8771830577944, 'longitude': -91.9304850697517}",(715) 578-9009,3751.605205711684,NUI8U5CL0fArSBjv0v_Qdg,https://s3-media3.fl.yelpcdn.com/bphoto/j-49Tz1DfZOT7OplhdFVpA/o.jpg,False,"{'address1': '120 6th Ave W', 'address2': '', 'address3': None, 'city': 'Menomonie', 'zip_code': '54751', 'country': 'US', 'state': 'WI', 'display_address': ['120 6th Ave W', 'Menomonie, WI 54751']}",The Duke & Dagger,+17155789009,$$,4.0,16,[],https://www.yelp.com/biz/the-duke-and-dagger-menomonie?adjust_creative=GVWAITeAe13hPk5JlriDSg&utm_campaign=yelp_api_v3&utm_medium=api_v3_business_search&utm_source=GVWAITeAe13hPk5JlriDSg
menomonie-market-food-menomonie,"[{'alias': 'grocery', 'title': 'Grocery'}, {'alias': 'markets', 'title': 'Fruits & Veggies'}, {'alias': 'delis', 'title': 'Delis'}]","{'latitude': 44.8763151, 'longitude': -91.9204791}",(715) 235-6533,3729.460331208053,QIoVo9yqVgIf4LLH-xTFNQ,https://s3-media1.fl.yelpcdn.com/bphoto/a7PMvF2oOijgXjeGaz8Jyg/o.jpg,False,"{'address1': '814 Main St E', 'address2': '', 'address3': '', 'city': 'Menomonie', 'zip_code': '54751', 'country': 'US', 'state': 'WI', 'display_address': ['814 Main St E', 'Menomonie, WI 54751']}",Menomonie Market Food,+17152356533,$,4.5,6,[],https://www.yelp.com/biz/menomonie-market-food-menomonie?adjust_creative=GVWAITeAe13hPk5JlriDSg&utm_campaign=yelp_api_v3&utm_medium=api_v3_business_search&utm_source=GVWAITeAe13hPk5JlriDSg
skoogs-parkside-menomonie,"[{'alias': 'steak', 'title': 'Steakhouses'}]","{'latitude': 44.893386, 'longitude': -91.931796}",(715) 235-6124,5553.683022722759,WzTufAyp-hfF0hfkVhIBMQ,https://s3-media1.fl.yelpcdn.com/bphoto/cm1vNnFdHOl4LmnpfOXp3w/o.jpg,False,"{'address1': '932 Broadway St N', 'address2': '', 'address3': '', 'city': 'Menomonie', 'zip_code': '54751', 'country': 'US', 'state': 'WI', 'display_address': ['932 Broadway St N', 'Menomonie, WI 54751']}",Skoog's Parkside,+17152356124,$$$,3.5,21,[],https://www.yelp.com/biz/skoogs-parkside-menomonie?adjust_creative=GVWAITeAe13hPk5JlriDSg&utm_campaign=yelp_api_v3&utm_medium=api_v3_business_search&utm_source=GVWAITeAe13hPk5JlriDSg
silver-dollar-saloon-and-brick-menomonie,"[{'alias': 'bars', 'title': 'Bars'}, {'alias': 'tradamerican', 'title': 'American (Traditional)'}]","{'latitude': 44.87669, 'longitude': -91.92667}",(715) 309-4440,3711.2209414104655,etnrXwUDsazQ0Erd-YcaoQ,https://s3-media4.fl.yelpcdn.com/bphoto/VRz_Y3zLYKj5BUPXbmO6Yg/o.jpg,False,"{'address1': '315 Main St E', 'address2': '', 'address3': '', 'city': 'Menomonie', 'zip_code': '54751', 'country': 'US', 'state': 'WI', 'display_address': ['315 Main St E', 'Menomonie, WI 54751']}",Silver Dollar Saloon & Brick,+17153094440,$$,3.5,19,[],https://www.yelp.com/biz/silver-dollar-saloon-and-brick-menomonie?adjust_creative=GVWAITeAe13hPk5JlriDSg&utm_campaign=yelp_api_v3&utm_medium=api_v3_business_search&utm_source=GVWAITeAe13hPk5JlriDSg
marions-legacy-menomonie-2,"[{'alias': 'cafes', 'title': 'Cafes'}, {'alias': 'coffee', 'title': 'Coffee & Tea'}, {'alias': 'bakeries', 'title': 'Bakeries'}]","{'latitude': 44.8770409, 'longitude': -91.9295883}",(715) 231-2580,3704.6150078488113,e9aaVu5uQ6K19XKw3o5k2Q,https://s3-media1.fl.yelpcdn.com/bphoto/3SWEH-gxNQ9y3FxI5Wc-OA/o.jpg,False,"{'address1': '632 Broadway St S', 'address2': '', 'address3': '', 'city': 'Menomonie', 'zip_code': '54751', 'country': 'US', 'state': 'WI', 'display_address': ['632 Broadway St S', 'Menomonie, WI 54751']}",Marion's Legacy,+17152312580,$,4.5,8,[],https://www.yelp.com/biz/marions-legacy-menomonie-2?adjust_creative=GVWAITeAe13hPk5JlriDSg&utm_campaign=yelp_api_v3&utm_medium=api_v3_business_search&utm_source=GVWAITeAe13hPk5JlriDSg
stacked-menomonie,"[{'alias': 'cocktailbars', 'title': 'Cocktail Bars'}, {'alias': 'sandwiches', 'title': 'Sandwiches'}, {'alias': 'hotdog', 'title': 'Hot Dogs'}]","{'latitude': 44.8770908752587, 'longitude': -91.9299271702766}",(715) 338-4671,3741.9490774665705,-KdZgZ1Qr2PjXnfnSoYctA,https://s3-media3.fl.yelpcdn.com/bphoto/I5jXsyBJs99nKSNvOWCRNw/o.jpg,False,"{'address1': '617 Broadway St S', 'address2': '', 'address3': '', 'city': 'Menomonie', 'zip_code': '54751', 'country': 'US', 'state': 'WI', 'display_address': ['617 Broadway St S', 'Menomonie, WI 54751']}",Stacked,+17153384671,,4.5,6,[],https://www.yelp.com/biz/stacked-menomonie?adjust_creative=GVWAITeAe13hPk5JlriDSg&utm_campaign=yelp_api_v3&utm_medium=api_v3_business_search&utm_source=GVWAITeAe13hPk5JlriDSg
los-cabos-mexican-grill-menomonie,"[{'alias': 'mexican', 'title': 'Mexican'}]","{'latitude': 44.9121827358854, 'longitude': -91.9348812103271}",(715) 231-3322,7649.885457542097,xaTozddkaGeg_VJzsQ_o3g,https://s3-media1.fl.yelpcdn.com/bphoto/ZpNAdV7iM8HGaSzkMfgunw/o.jpg,False,"{'address1': '2421 State Hwy 25 N', 'address2': 'Ste 2', 'address3': '', 'city': 'Menomonie', 'zip_code': '54751', 'country': 'US', 'state': 'WI', 'display_address': ['2421 State Hwy 25 N', 'Ste 2', 'Menomonie, WI 54751']}",Los Cabos Mexican Grill,+17152313322,$,4.0,15,[],https://www.yelp.com/biz/los-cabos-mexican-grill-menomonie?adjust_creative=GVWAITeAe13hPk5JlriDSg&utm_campaign=yelp_api_v3&utm_medium=api_v3_business_search&utm_source=GVWAITeAe13hPk5JlriDSg
mcdonalds-menomonie,"[{'alias': 'burgers', 'title': 'Burgers'}, {'alias': 'hotdogs', 'title': 'Fast Food'}, {'alias': 'coffee', 'title': 'Coffee & Tea'}]","{'latitude': 44.9002929, 'longitude': -91.9324625}",(715) 235-4339,6322.472532692977,XdHeB5OJJ4gsvvYjV8vLYw,https://s3-media4.fl.yelpcdn.com/bphoto/fz5EzpovbXIKrMuXu_71aw/o.jpg,False,"{'address1': '1505 N Broadway', 'address2': '', 'address3': '', 'city': 'Menomonie', 'zip_code': '54751', 'country': 'US', 'state': 'WI', 'display_address': ['1505 N Broadway', 'Menomonie, WI 54751']}",McDonald's,+17152354339,$,3.5,14,[],https://www.yelp.com/biz/mcdonalds-menomonie?adjust_creative=GVWAITeAe13hPk5JlriDSg&utm_campaign=yelp_api_v3&utm_medium=api_v3_business_search&utm_source=GVWAITeAe13hPk5JlriDSg
cancun-mexican-grill-menomonie,"[{'alias': 'mexican', 'title': 'Mexican'}]","{'latitude': 44.8812438592634, 'longitude': -91.9046781879435}",(715) 235-0851,4681.825103945076,Qegu-oLhuc2xI0ho-zirrA,https://s3-media1.fl.yelpcdn.com/bphoto/vRljbMlb23NDpOqYInsknQ/o.jpg,False,"{'address1': '1919 Stout Rd', 'address2': '', 'address3': '', 'city': 'Menomonie', 'zip_code': '54751', 'country': 'US', 'state': 'WI', 'display_address': ['1919 Stout Rd', 'Menomonie, WI 54751']}",Cancun Mexican Grill,+17152350851,$,3.0,17,[],https://www.yelp.com/biz/cancun-mexican-grill-menomonie?adjust_creative=GVWAITeAe13hPk5JlriDSg&utm_campaign=yelp_api_v3&utm_medium=api_v3_business_search&utm_source=GVWAITeAe13hPk5JlriDSg
stout-ale-house-menomonie,"[{'alias': 'sportsbars', 'title': 'Sports Bars'}, {'alias': 'tradamerican', 'title': 'American (Traditional)'}]","{'latitude': 44.90003, 'longitude': -91.93394}",(715) 233-3333,6306.322124683841,ZPcukfwMx3vepvZ-boy4ow,https://s3-media1.fl.yelpcdn.com/bphoto/Bv_83StRUpLcQKA2EXFQsw/o.jpg,False,"{'address1': '1501 N Broadway St', 'address2': '', 'address3': '', 'city': 'Menomonie', 'zip_code': '54751', 'country': 'US', 'state': 'WI', 'display_address': ['1501 N Broadway St', 'Menomonie, WI 54751']}",Stout Ale House,+17152333333,$$,2.5,38,[],https://www.yelp.com/biz/stout-ale-house-menomonie?adjust_creative=GVWAITeAe13hPk5JlriDSg&utm_campaign=yelp_api_v3&utm_medium=api_v3_business_search&utm_source=GVWAITeAe13hPk5JlriDSg
taco-bell-menomonie,"[{'alias': 'mexican', 'title': 'Mexican'}, {'alias': 'tex-mex', 'title': 'Tex-Mex'}, {'alias': 'hotdogs', 'title': 'Fast Food'}]","{'latitude': 44.899771, 'longitude': -91.932178}",(715) 232-9210,6264.036395850425,e57PKTzU4hUgVLFtGChJGg,https://s3-media1.fl.yelpcdn.com/bphoto/or_vluFPYClIZPrHCwU0UQ/o.jpg,False,"{'address1': '1401 N Broadway', 'address2': '', 'address3': '', 'city': 'Menomonie', 'zip_code': '54751', 'country': 'US', 'state': 'WI', 'display_address': ['1401 N Broadway', 'Menomonie, WI 54751']}",Taco Bell,+17152329210,$,4.0,9,[],https://www.yelp.com/biz/taco-bell-menomonie?adjust_creative=GVWAITeAe13hPk5JlriDSg&utm_campaign=yelp_api_v3&utm_medium=api_v3_business_search&utm_source=GVWAITeAe13hPk5JlriDSg
fortune-cookie-restaurant-menomonie,"[{'alias': 'restaurants', 'title': 'Restaurants'}]","{'latitude': 44.879508, 'longitude': -91.930007}",(715) 235-3532,4017.2015192462595,3CITNEEATeD2-fChsaZ_rQ,https://s3-media2.fl.yelpcdn.com/bphoto/jg3vpr9Xyc9zKEsZ8OiZTg/o.jpg,False,"{'address1': '319 Broadway St S', 'address2': '', 'address3': '', 'city': 'Menomonie', 'zip_code': '54751', 'country': 'US', 'state': 'WI', 'display_address': ['319 Broadway St S', 'Menomonie, WI 54751']}",Fortune Cookie Restaurant,+17152353532,$,3.0,12,[],https://www.yelp.com/biz/fortune-cookie-restaurant-menomonie?adjust_creative=GVWAITeAe13hPk5JlriDSg&utm_campaign=yelp_api_v3&utm_medium=api_v3_business_search&utm_source=GVWAITeAe13hPk5JlriDSg
the-great-escape-bar-and-grill-vfw-clubhouse-menomonie,"[{'alias': 'divebars', 'title': 'Dive Bars'}]","{'latitude': 44.85664, 'longitude': -91.94049}",(715) 235-3472,1654.8858725133784,8XhVjfFWZa-OD8La083dJA,https://s3-media1.fl.yelpcdn.com/bphoto/-RhFzaJszlJMI-WeddfI4g/o.jpg,False,"{'address1': '2909 Bongey Dr', 'address2': '', 'address3': '', 'city': 'Menomonie', 'zip_code': '54751', 'country': 'US', 'state': 'WI', 'display_address': ['2909 Bongey Dr', 'Menomonie, WI 54751']}",The Great Escape Bar & Grill - VFW Clubhouse,+17152353472,$,3.0,7,[],https://www.yelp.com/biz/the-great-escape-bar-and-grill-vfw-clubhouse-menomonie?adjust_creative=GVWAITeAe13hPk5JlriDSg&utm_campaign=yelp_api_v3&utm_medium=api_v3_business_search&utm_source=GVWAITeAe13hPk5JlriDSg
culvers-menomonie,"[{'alias': 'burgers', 'title': 'Burgers'}, {'alias': 'hotdogs', 'title': 'Fast Food'}, {'alias': 'icecream', 'title': 'Ice Cream & Frozen Yogurt'}]","{'latitude': 44.87879, 'longitude': -91.91348}",(715) 233-0330,4165.8209698261235,t0sx1OBoM6V05H3ya88u6Q,https://s3-media4.fl.yelpcdn.com/bphoto/-ZfVt5UZAcBqGQj9nn1Xng/o.jpg,False,"{'address1': '1330 Stout Rd', 'address2': '', 'address3': '', 'city': 'Menomonie', 'zip_code': '54751', 'country': 'US', 'state': 'WI', 'display_address': ['1330 Stout Rd', 'Menomonie, WI 54751']}",Culver's,+17152330330,$,3.5,7,[],https://www.yelp.com/biz/culvers-menomonie?adjust_creative=GVWAITeAe13hPk5JlriDSg&utm_campaign=yelp_api_v3&utm_medium=api_v3_business_search&utm_source=GVWAITeAe13hPk5JlriDSg
golden-leaf-cafe-menomonie,"[{'alias': 'restaurants', 'title': 'Restaurants'}]","{'latitude': 44.8802070617676, 'longitude': -91.9083251953125}",(715) 231-5323,4455.813954396597,KCiEoQUqA3kuQ4snjfQK3g,https://s3-media2.fl.yelpcdn.com/bphoto/XXnVNDLp2t38WFvSzKBkhw/o.jpg,False,"{'address1': '1706 Stout Rd', 'address2': None, 'address3': None, 'city': 'Menomonie', 'zip_code': '54751', 'country': 'US', 'state': 'WI', 'display_address': ['1706 Stout Rd', 'Menomonie, WI 54751']}",Golden Leaf Cafe,+17152315323,,3.5,8,[],https://www.yelp.com/biz/golden-leaf-cafe-menomonie?adjust_creative=GVWAITeAe13hPk5JlriDSg&utm_campaign=yelp_api_v3&utm_medium=api_v3_business_search&utm_source=GVWAITeAe13hPk5JlriDSg
caribou-coffee-menomonie,"[{'alias': 'bakeries', 'title': 'Bakeries'}, {'alias': 'coffee', 'title': 'Coffee & Tea'}, {'alias': 'juicebars', 'title': 'Juice Bars & Smoothies'}]","{'latitude': 44.9116, 'longitude': -91.9358}",(715) 235-3627,7592.174944922768,HT5-lmiyGb8qul1tUlp_nA,https://s3-media2.fl.yelpcdn.com/bphoto/_XfS4uOWEkI7pj-GQsH9kg/o.jpg,False,"{'address1': '2321 State Hwy 25 N', 'address2': 'Ste 301', 'address3': '', 'city': 'Menomonie', 'zip_code': '54751', 'country': 'US', 'state': 'WI', 'display_address': ['2321 State Hwy 25 N', 'Ste 301', 'Menomonie, WI 54751']}",Caribou Coffee,+17152353627,$,3.5,6,[],https://www.yelp.com/biz/caribou-coffee-menomonie?adjust_creative=GVWAITeAe13hPk5JlriDSg&utm_campaign=yelp_api_v3&utm_medium=api_v3_business_search&utm_source=GVWAITeAe13hPk5JlriDSg
dennys-menomonie,"[{'alias': 'tradamerican', 'title': 'American (Traditional)'}, {'alias': 'breakfast_brunch', 'title': 'Breakfast & Brunch'}, {'alias': 'diners', 'title': 'Diners'}]","{'latitude': 44.9038147725163, 'longitude': -91.9330787658691}",(715) 232-8800,6715.107820674436,Qlehr2RUAf8Gy2SVh5ILhQ,https://s3-media4.fl.yelpcdn.com/bphoto/jgJSH6yzOkMcRU9Sh1JeRQ/o.jpg,False,"{'address1': '1827 N Broadway St', 'address2': '', 'address3': '', 'city': 'Menomonie', 'zip_code': '54751', 'country': 'US', 'state': 'WI', 'display_address': ['1827 N Broadway St', 'Menomonie, WI 54751']}",Denny's,+17152328800,$,2.5,20,[],https://www.yelp.com/biz/dennys-menomonie?adjust_creative=GVWAITeAe13hPk5JlriDSg&utm_campaign=yelp_api_v3&utm_medium=api_v3_business_search&utm_source=GVWAITeAe13hPk5JlriDSg
perkins-restaurant-and-bakery-menomonie,"[{'alias': 'bakeries', 'title': 'Bakeries'}, {'alias': 'breakfast_brunch', 'title': 'Breakfast & Brunch'}, {'alias': 'tradamerican', 'title': 'American (Traditional)'}]","{'latitude': 44.9027084006965, 'longitude': -91.931005364418}",(715) 235-2234,6589.793921972119,cVHLGN8q8SDK0tM_6CKDuA,https://s3-media2.fl.yelpcdn.com/bphoto/s1AwmNVpfFO29ET2BU3AVA/o.jpg,False,"{'address1': '1720 N Broadway', 'address2': '', 'address3': '', 'city': 'Menomonie', 'zip_code': '54751', 'country': 'US', 'state': 'WI', 'display_address': ['1720 N Broadway', 'Menomonie, WI 54751']}",Perkins Restaurant & Bakery,+17152352234,$,2.5,11,[],https://www.yelp.com/biz/perkins-restaurant-and-bakery-menomonie?adjust_creative=GVWAITeAe13hPk5JlriDSg&utm_campaign=yelp_api_v3&utm_medium=api_v3_business_search&utm_source=GVWAITeAe13hPk5JlriDSg
lakeside-lounge-menomonie,"[{'alias': 'bars', 'title': 'Bars'}]","{'latitude': 44.87623, 'longitude': -91.92294}",(715) 309-4124,3704.3094298195374,VgXM-70PtSQr6hp6xt35Tg,https://s3-media1.fl.yelpcdn.com/bphoto/a_m7V0TNwYugJhcJAEaCjg/o.jpg,False,"{'address1': '614 Main St E', 'address2': '', 'address3': '', 'city': 'Menomonie', 'zip_code': '54751', 'country': 'US', 'state': 'WI', 'display_address': ['614 Main St E', 'Menomonie, WI 54751']}",Lakeside Lounge,+17153094124,$,4.5,4,[],https://www.yelp.com/biz/lakeside-lounge-menomonie?adjust_creative=GVWAITeAe13hPk5JlriDSg&utm_campaign=yelp_api_v3&utm_medium=api_v3_business_search&utm_source=GVWAITeAe13hPk5JlriDSg
burrito-california-menomonie,"[{'alias': 'mexican', 'title': 'Mexican'}]","{'latitude': 44.8763061464558, 'longitude': -91.9266151566037}",,3669.1819769928325,tbiNrG2V9i_LH6jNnZ2K1A,https://s3-media2.fl.yelpcdn.com/bphoto/7j6ljt3A2deGaUNBLbeLPQ/o.jpg,False,"{'address1': '334 E Main St', 'address2': '', 'address3': '', 'city': 'Menomonie', 'zip_code': '54751', 'country': 'US', 'state': 'WI', 'display_address': ['334 E Main St', 'Menomonie, WI 54751']}",Burrito California,,$,3.5,4,[],https://www.yelp.com/biz/burrito-california-menomonie?adjust_creative=GVWAITeAe13hPk5JlriDSg&utm_campaign=yelp_api_v3&utm_medium=api_v3_business_search&utm_source=GVWAITeAe13hPk5JlriDSg
toppers-pizza-menomonie,"[{'alias': 'pizza', 'title': 'Pizza'}]","{'latitude': 44.8762, 'longitude': -91.9256}",(715) 309-2800,3672.9510889690628,4ceiCP5QGVcP07cXRM3pDA,https://s3-media4.fl.yelpcdn.com/bphoto/Nh19IfmKFx2L6l8lcor3kg/o.jpg,False,"{'address1': '406 Main St', 'address2': None, 'address3': None, 'city': 'Menomonie', 'zip_code': '54751', 'country': 'US', 'state': 'WI', 'display_address': ['406 Main St', 'Menomonie, WI 54751']}",Toppers Pizza,+17153092800,$$,3.5,3,[],https://www.yelp.com/biz/toppers-pizza-menomonie?adjust_creative=GVWAITeAe13hPk5JlriDSg&utm_campaign=yelp_api_v3&utm_medium=api_v3_business_search&utm_source=GVWAITeAe13hPk5JlriDSg
jimmy-johns-menomonie,"[{'alias': 'delis', 'title': 'Delis'}, {'alias': 'sandwiches', 'title': 'Sandwiches'}, {'alias': 'hotdogs', 'title': 'Fast Food'}]","{'latitude': 44.897826, 'longitude': -91.932572}",(715) 235-7827,6048.412015712153,8ggWBYRPy5ABfp4TQRtxJA,https://s3-media1.fl.yelpcdn.com/bphoto/0j-CvcI4w1v5p2niTfyWCg/o.jpg,False,"{'address1': '1301 Broadway St N', 'address2': None, 'address3': None, 'city': 'Menomonie', 'zip_code': '54751', 'country': 'US', 'state': 'WI', 'display_address': ['1301 Broadway St N', 'Menomonie, WI 54751']}",Jimmy John's,+17152357827,$,4.0,4,[],https://www.yelp.com/biz/jimmy-johns-menomonie?adjust_creative=GVWAITeAe13hPk5JlriDSg&utm_campaign=yelp_api_v3&utm_medium=api_v3_business_search&utm_source=GVWAITeAe13hPk5JlriDSg
tabbys-catfe-menomonie,"[{'alias': 'themedcafes', 'title': 'Themed Cafes'}]","{'latitude': 44.87759, 'longitude': -91.93016}",(715) 309-2773,3800.295434658262,3fTlXOysEqCFtHkK7bhgFg,https://s3-media1.fl.yelpcdn.com/bphoto/MkJQcxlJsqZckPmlLMLPBQ/o.jpg,False,"{'address1': '541 S Broadway St', 'address2': '', 'address3': None, 'city': 'Menomonie', 'zip_code': '54751', 'country': 'US', 'state': 'WI', 'display_address': ['541 S Broadway St', 'Menomonie, WI 54751']}",Tabby's Catfe,+17153092773,,3.5,4,[],https://www.yelp.com/biz/tabbys-catfe-menomonie?adjust_creative=GVWAITeAe13hPk5JlriDSg&utm_campaign=yelp_api_v3&utm_medium=api_v3_business_search&utm_source=GVWAITeAe13hPk5JlriDSg
t-js-inn-downsville,"[{'alias': 'restaurants', 'title': 'Restaurants'}]","{'latitude': 44.77438350008, 'longitude': -91.9332630601189}",(715) 664-8350,7681.644586539763,GhYc57IfGYUHSAFIWNunxg,,False,"{'address1': 'E4496 Co Rd C', 'address2': '', 'address3': '', 'city': 'Downsville', 'zip_code': '54735', 'country': 'US', 'state': 'WI', 'display_address': ['E4496 Co Rd C', 'Downsville, WI 54735']}",T J's Inn,+17156648350,$$,5.0,2,[],https://www.yelp.com/biz/t-js-inn-downsville?adjust_creative=GVWAITeAe13hPk5JlriDSg&utm_campaign=yelp_api_v3&utm_medium=api_v3_business_search&utm_source=GVWAITeAe13hPk5JlriDSg
taco-johns-menomonie-2,"[{'alias': 'hotdogs', 'title': 'Fast Food'}, {'alias': 'mexican', 'title': 'Mexican'}]","{'latitude': 44.9005873829659, 'longitude': -91.9312691912273}",(715) 235-4477,6354.02301212381,t9mi41NeyJeCrHZCPCGpBQ,https://s3-media2.fl.yelpcdn.com/bphoto/a131TOqGeS-x-JQNrdhe-A/o.jpg,False,"{'address1': '1526 Broadway St N', 'address2': '', 'address3': '', 'city': 'Menomonie', 'zip_code': '54751', 'country': 'US', 'state': 'WI', 'display_address': ['1526 Broadway St N', 'Menomonie, WI 54751']}",Taco John's,+17152354477,$,3.0,9,[],https://www.yelp.com/biz/taco-johns-menomonie-2?adjust_creative=GVWAITeAe13hPk5JlriDSg&utm_campaign=yelp_api_v3&utm_medium=api_v3_business_search&utm_source=GVWAITeAe13hPk5JlriDSg
captain-pjs-bbq-menomonie,"[{'alias': 'catering', 'title': 'Caterers'}, {'alias': 'bbq', 'title': 'Barbeque'}]","{'latitude': 44.88052, 'longitude': -91.92956}",(715) 579-8511,3679.8648043217704,DKzWz78KYbxpHq2o21R3cA,,False,"{'address1': '', 'address2': '', 'address3': '', 'city': 'Menomonie', 'zip_code': '54751', 'country': 'US', 'state': 'WI', 'display_address': ['Menomonie, WI 54751']}",Captain PJ's BBQ,+17155798511,,5.0,1,[],https://www.yelp.com/biz/captain-pjs-bbq-menomonie?adjust_creative=GVWAITeAe13hPk5JlriDSg&utm_campaign=yelp_api_v3&utm_medium=api_v3_business_search&utm_source=GVWAITeAe13hPk5JlriDSg
pub-bar-menomonie,"[{'alias': 'bars', 'title': 'Bars'}]","{'latitude': 44.877891, 'longitude': -91.929359}",(715) 235-7770,3842.206364731117,zBBe1YzDPGBVAhzDRzIoqg,,False,"{'address1': '516 Broadway St S', 'address2': '', 'address3': '', 'city': 'Menomonie', 'zip_code': '54751', 'country': 'US', 'state': 'WI', 'display_address': ['516 Broadway St S', 'Menomonie, WI 54751']}",Pub Bar,+17152357770,,5.0,1,[],https://www.yelp.com/biz/pub-bar-menomonie?adjust_creative=GVWAITeAe13hPk5JlriDSg&utm_campaign=yelp_api_v3&utm_medium=api_v3_business_search&utm_source=GVWAITeAe13hPk5JlriDSg
applebees-grill-bar-menomonie,"[{'alias': 'sportsbars', 'title': 'Sports Bars'}, {'alias': 'burgers', 'title': 'Burgers'}, {'alias': 'tradamerican', 'title': 'American (Traditional)'}]","{'latitude': 44.910489, 'longitude': -91.934819}",(715) 233-3036,7461.510569843136,QZ9Dtv60_AY-Cq8LxJUThQ,https://s3-media4.fl.yelpcdn.com/bphoto/5Po_mJftIz9cZ8C2WhgQWQ/o.jpg,False,"{'address1': '2303 State Hwy 25 N', 'address2': '', 'address3': '', 'city': 'Menomonie', 'zip_code': '54751', 'country': 'US', 'state': 'WI', 'display_address': ['2303 State Hwy 25 N', 'Menomonie, WI 54751']}",Applebee's Grill + Bar,+17152333036,$$,3.0,7,[],https://www.yelp.com/biz/applebees-grill-bar-menomonie?adjust_creative=GVWAITeAe13hPk5JlriDSg&utm_campaign=yelp_api_v3&utm_medium=api_v3_business_search&utm_source=GVWAITeAe13hPk5JlriDSg
kyotes-den-menomonie,"[{'alias': 'bars', 'title': 'Bars'}, {'alias': 'tradamerican', 'title': 'American (Traditional)'}, {'alias': 'breakfast_brunch', 'title': 'Breakfast & Brunch'}]","{'latitude': 44.8932051319847, 'longitude': -92.0423657074571}",,10385.16673902544,MWIzWRxZQqrgWcANoX7j7w,https://s3-media4.fl.yelpcdn.com/bphoto/-2HYVmYi81kILHBnHi1DWw/o.jpg,False,"{'address1': '82339 Highway 29', 'address2': '', 'address3': '', 'city': 'Menomonie', 'zip_code': '54751', 'country': 'US', 'state': 'WI', 'display_address': ['82339 Highway 29', 'Menomonie, WI 54751']}",Kyote's Den,,,4.5,3,[],https://www.yelp.com/biz/kyotes-den-menomonie?adjust_creative=GVWAITeAe13hPk5JlriDSg&utm_campaign=yelp_api_v3&utm_medium=api_v3_business_search&utm_source=GVWAITeAe13hPk5JlriDSg
the-timber-inn-downsville,"[{'alias': 'tradamerican', 'title': 'American (Traditional)'}, {'alias': 'bars', 'title': 'Bars'}]","{'latitude': 44.77406, 'longitude': -91.93326}",(715) 664-8350,7707.725762405273,GDw1DAyDVUdxcUVKb8nNmw,https://s3-media4.fl.yelpcdn.com/bphoto/FO-Ukxosdkf436zKoudhcA/o.jpg,False,"{'address1': 'E4496 County Rd C', 'address2': '', 'address3': '', 'city': 'Downsville', 'zip_code': '54735', 'country': 'US', 'state': 'WI', 'display_address': ['E4496 County Rd C', 'Downsville, WI 54735']}",The Timber Inn,+17156648350,$,4.5,3,[],https://www.yelp.com/biz/the-timber-inn-downsville?adjust_creative=GVWAITeAe13hPk5JlriDSg&utm_campaign=yelp_api_v3&utm_medium=api_v3_business_search&utm_source=GVWAITeAe13hPk5JlriDSg
dean-and-sues-bar-menomonie,"[{'alias': 'bars', 'title': 'Bars'}, {'alias': 'burgers', 'title': 'Burgers'}, {'alias': 'pizza', 'title': 'Pizza'}]","{'latitude': 44.88136, 'longitude': -91.95414}",(715) 235-9940,4618.726203238426,4EChZuavkxewBXuiCEsXvw,https://s3-media2.fl.yelpcdn.com/bphoto/Hn-8KS9bHO-RjryIH92UHA/o.jpg,False,"{'address1': '2002 Midway Rd', 'address2': 'Unit 1', 'address3': '', 'city': 'Menomonie', 'zip_code': '54751', 'country': 'US', 'state': 'WI', 'display_address': ['2002 Midway Rd', 'Unit 1', 'Menomonie, WI 54751']}",Dean & Sue's Bar,+17152359940,,5.0,1,[],https://www.yelp.com/biz/dean-and-sues-bar-menomonie?adjust_creative=GVWAITeAe13hPk5JlriDSg&utm_campaign=yelp_api_v3&utm_medium=api_v3_business_search&utm_source=GVWAITeAe13hPk5JlriDSg
cubbys-menomonie,"[{'alias': 'sportsbars', 'title': 'Sports Bars'}, {'alias': 'pizza', 'title': 'Pizza'}]","{'latitude': 44.774746, 'longitude': -91.933153}",(715) 664-8390,7639.435928299001,g-s-mY-e3DPCkt6Fnmm1ow,https://s3-media4.fl.yelpcdn.com/bphoto/uF-U9Odv9VEWDRTcmJaSug/o.jpg,False,"{'address1': 'E4499 County Rd C', 'address2': '', 'address3': '', 'city': 'Menomonie', 'zip_code': '54751', 'country': 'US', 'state': 'WI', 'display_address': ['E4499 County Rd C', 'Menomonie, WI 54751']}",Cubby's,+17156648390,$,4.5,2,[],https://www.yelp.com/biz/cubbys-menomonie?adjust_creative=GVWAITeAe13hPk5JlriDSg&utm_campaign=yelp_api_v3&utm_medium=api_v3_business_search&utm_source=GVWAITeAe13hPk5JlriDSg
pizza-hut-menomonie-2,"[{'alias': 'italian', 'title': 'Italian'}, {'alias': 'pizza', 'title': 'Pizza'}, {'alias': 'chicken_wings', 'title': 'Chicken Wings'}]","{'latitude': 44.910749, 'longitude': -91.934998}",(715) 235-9044,7490.998401326289,ejGZ-4hM1jVlBrAeoh3BHw,https://s3-media1.fl.yelpcdn.com/bphoto/_Lz6Q_7JVHcYqSXy-Pkl-A/o.jpg,False,"{'address1': '2307 Hwy 25 N', 'address2': None, 'address3': None, 'city': 'Menomonie', 'zip_code': '54751', 'country': 'US', 'state': 'WI', 'display_address': ['2307 Hwy 25 N', 'Menomonie, WI 54751']}",Pizza Hut,+17152359044,$$,3.5,5,[],https://www.yelp.com/biz/pizza-hut-menomonie-2?adjust_creative=GVWAITeAe13hPk5JlriDSg&utm_campaign=yelp_api_v3&utm_medium=api_v3_business_search&utm_source=GVWAITeAe13hPk5JlriDSg
arbys-menomonie,"[{'alias': 'sandwiches', 'title': 'Sandwiches'}, {'alias': 'hotdogs', 'title': 'Fast Food'}]","{'latitude': 44.902412, 'longitude': -91.9328}",(715) 233-0747,6560.427865945035,tqKsHLSfiUDCIT_2Nj6DVw,,False,"{'address1': '1717 Broadway St N', 'address2': '', 'address3': '', 'city': 'Menomonie', 'zip_code': '54751', 'country': 'US', 'state': 'WI', 'display_address': ['1717 Broadway St N', 'Menomonie, WI 54751']}",Arby's,+17152330747,$,5.0,1,[],https://www.yelp.com/biz/arbys-menomonie?adjust_creative=GVWAITeAe13hPk5JlriDSg&utm_campaign=yelp_api_v3&utm_medium=api_v3_business_search&utm_source=GVWAITeAe13hPk5JlriDSg
city-of-menomonie-menomonie,"[{'alias': 'localflavor', 'title': 'Local Flavor'}]","{'latitude': 44.87044, 'longitude': -91.92426}",,3679.8648043217704,mLsc5j-P9-z5YtCaVjpM9A,https://s3-media3.fl.yelpcdn.com/bphoto/SaRTb74QHgvijv3UeAzrmQ/o.jpg,False,"{'address1': '', 'address2': '', 'address3': None, 'city': 'Menomonie', 'zip_code': '54751', 'country': 'US', 'state': 'WI', 'display_address': ['Menomonie, WI 54751']}",City of Menomonie,,,4.0,1,[],https://www.yelp.com/biz/city-of-menomonie-menomonie?adjust_creative=GVWAITeAe13hPk5JlriDSg&utm_campaign=yelp_api_v3&utm_medium=api_v3_business_search&utm_source=GVWAITeAe13hPk5JlriDSg
the-den-menomonie,"[{'alias': 'divebars', 'title': 'Dive Bars'}]","{'latitude': 44.87717, 'longitude': -91.93014}",(715) 235-6171,3753.459810220494,O5Xa_HuyfriTrnnD_k_5XQ,https://s3-media3.fl.yelpcdn.com/bphoto/cwI1ZqBE7aSidhofemOpoA/o.jpg,False,"{'address1': '613 Broadway St S', 'address2': '', 'address3': '', 'city': 'Menomonie', 'zip_code': '54751', 'country': 'US', 'state': 'WI', 'display_address': ['613 Broadway St S', 'Menomonie, WI 54751']}",The Den,+17152356171,$,3.0,2,[],https://www.yelp.com/biz/the-den-menomonie?adjust_creative=GVWAITeAe13hPk5JlriDSg&utm_campaign=yelp_api_v3&utm_medium=api_v3_business_search&utm_source=GVWAITeAe13hPk5JlriDSg
erbert-and-gerberts-menomonie,"[{'alias': 'sandwiches', 'title': 'Sandwiches'}]","{'latitude': 44.87273, 'longitude': -91.93013}",(715) 578-9000,3247.5797976051795,AiLYGYRTeoXjXWo5ITolFg,https://s3-media4.fl.yelpcdn.com/bphoto/r_JYctBXmX8gdGwGCUjldg/o.jpg,False,"{'address1': '1103 Broadway St S', 'address2': '', 'address3': None, 'city': 'Menomonie', 'zip_code': '54751', 'country': 'US', 'state': 'WI', 'display_address': ['1103 Broadway St S', 'Menomonie, WI 54751']}",Erbert & Gerberts,+17155789000,,3.0,4,[],https://www.yelp.com/biz/erbert-and-gerberts-menomonie?adjust_creative=GVWAITeAe13hPk5JlriDSg&utm_campaign=yelp_api_v3&utm_medium=api_v3_business_search&utm_source=GVWAITeAe13hPk5JlriDSg
wilson-place-mansion-menomonie,"[{'alias': 'landmarks', 'title': 'Landmarks & Historical Buildings'}, {'alias': 'museums', 'title': 'Museums'}]","{'latitude': 44.88288, 'longitude': -91.92966}",(715) 235-2283,4373.816015256662,zbQqlld2Pf12MRAjY8cH6Q,https://s3-media2.fl.yelpcdn.com/bphoto/bN0N3WWVMQ_eisYWD_qIng/o.jpg,False,"{'address1': '101 Wilson Ct', 'address2': '', 'address3': '', 'city': 'Menomonie', 'zip_code': '54751', 'country': 'US', 'state': 'WI', 'display_address': ['101 Wilson Ct', 'Menomonie, WI 54751']}",Wilson Place Mansion,+17152352283,,4.0,1,[],https://www.yelp.com/biz/wilson-place-mansion-menomonie?adjust_creative=GVWAITeAe13hPk5JlriDSg&utm_campaign=yelp_api_v3&utm_medium=api_v3_business_search&utm_source=GVWAITeAe13hPk5JlriDSg
caribou-coffee-and-einstein-bagels-menomonie,"[{'alias': 'coffee', 'title': 'Coffee & Tea'}, {'alias': 'bagels', 'title': 'Bagels'}]","{'latitude': 44.90328, 'longitude': -91.931385}",(888) 227-4268,6653.47598437565,3C8NWgTqCn2GDdPjTpuA1w,https://s3-media2.fl.yelpcdn.com/bphoto/Ifq10h-2UDsK3pjEcXyI6w/o.jpg,False,"{'address1': '103 Oak Ave', 'address2': 'Ste 4', 'address3': None, 'city': 'Menomonie', 'zip_code': '54751', 'country': 'US', 'state': 'WI', 'display_address': ['103 Oak Ave', 'Ste 4', 'Menomonie, WI 54751']}",Caribou Coffee and Einstein Bagels,+18882274268,$$$,3.5,2,[],https://www.yelp.com/biz/caribou-coffee-and-einstein-bagels-menomonie?adjust_creative=GVWAITeAe13hPk5JlriDSg&utm_campaign=yelp_api_v3&utm_medium=api_v3_business_search&utm_source=GVWAITeAe13hPk5JlriDSg
china-buffet-menomonie,"[{'alias': 'chinese', 'title': 'Chinese'}]","{'latitude': 44.9105650931597, 'longitude': -91.9339793175459}",(715) 233-4388,7709.437441760436,Ysdh8JaFvJ-AXqTUhn-AaA,https://s3-media1.fl.yelpcdn.com/bphoto/OQeC5YIU45VF2p1QJEsfMA/o.jpg,False,"{'address1': '2421 State Highway 25 N', 'address2': '', 'address3': '', 'city': 'Menomonie', 'zip_code': '54751', 'country': 'US', 'state': 'WI', 'display_address': ['2421 State Highway 25 N', 'Menomonie, WI 54751']}",China Buffet,+17152334388,$,3.0,4,[],https://www.yelp.com/biz/china-buffet-menomonie?adjust_creative=GVWAITeAe13hPk5JlriDSg&utm_campaign=yelp_api_v3&utm_medium=api_v3_business_search&utm_source=GVWAITeAe13hPk5JlriDSg
dunkin-donuts-menomonie-2,"[{'alias': 'donuts', 'title': 'Donuts'}, {'alias': 'coffee', 'title': 'Coffee & Tea'}]","{'latitude': 44.911454, 'longitude': -91.933162}",(715) 309-2890,7564.446641225498,1kBPelou7cRildzPEMOeZQ,https://s3-media2.fl.yelpcdn.com/bphoto/n731drLuShzELyTodENtOQ/o.jpg,False,"{'address1': '2320 WI-25 N', 'address2': '', 'address3': None, 'city': 'Menomonie', 'zip_code': '54751', 'country': 'US', 'state': 'WI', 'display_address': ['2320 WI-25 N', 'Menomonie, WI 54751']}",Dunkin Donuts,+17153092890,,3.0,3,[],https://www.yelp.com/biz/dunkin-donuts-menomonie-2?adjust_creative=GVWAITeAe13hPk5JlriDSg&utm_campaign=yelp_api_v3&utm_medium=api_v3_business_search&utm_source=GVWAITeAe13hPk5JlriDSg
pinewood-golf-club-and-restaurant-menomonie,"[{'alias': 'golf', 'title': 'Golf'}]","{'latitude': 44.8500274926005, 'longitude': -91.9404602050781}",(715) 235-2900,1053.6060344400476,8RCz3MyerlUkV-68gs10nw,https://s3-media3.fl.yelpcdn.com/bphoto/Ocz_QmAwu7zSBC-1NNY3Zg/o.jpg,False,"{'address1': 'N4545 440th St', 'address2': '', 'address3': '', 'city': 'Menomonie', 'zip_code': '54751', 'country': 'US', 'state': 'WI', 'display_address': ['N4545 440th St', 'Menomonie, WI 54751']}",Pinewood Golf Club & Restaurant,+17152352900,,5.0,1,[],https://www.yelp.com/biz/pinewood-golf-club-and-restaurant-menomonie?adjust_creative=GVWAITeAe13hPk5JlriDSg&utm_campaign=yelp_api_v3&utm_medium=api_v3_business_search&utm_source=GVWAITeAe13hPk5JlriDSg
dominos-pizza-menomonie,"[{'alias': 'pizza', 'title': 'Pizza'}, {'alias': 'chicken_wings', 'title': 'Chicken Wings'}, {'alias': 'sandwiches', 'title': 'Sandwiches'}]","{'latitude': 44.87627, 'longitude': -91.93014}",(715) 232-6333,3652.1056812096626,bs1GrN_IxoMbiVtwEsMyKg,https://s3-media2.fl.yelpcdn.com/bphoto/m2t5bGIdJshU7QQ_GRXWvw/o.jpg,False,"{'address1': '705 Broadway St S', 'address2': '', 'address3': '', 'city': 'Menomonie', 'zip_code': '54751', 'country': 'US', 'state': 'WI', 'display_address': ['705 Broadway St S', 'Menomonie, WI 54751']}",Domino's Pizza,+17152326333,,2.5,3,[],https://www.yelp.com/biz/dominos-pizza-menomonie?adjust_creative=GVWAITeAe13hPk5JlriDSg&utm_campaign=yelp_api_v3&utm_medium=api_v3_business_search&utm_source=GVWAITeAe13hPk5JlriDSg
menomonie-golf-and-country-club-menomonie,"[{'alias': 'golf', 'title': 'Golf'}, {'alias': 'countryclubs', 'title': 'Country Clubs'}]","{'latitude': 44.89877, 'longitude': -91.94025}",(715) 235-3595,6196.914064011844,EoOjPbQciSqymymvzqmzHA,https://s3-media3.fl.yelpcdn.com/bphoto/6oH7cky5Q8ahNEpUmCUw1w/o.jpg,False,"{'address1': '802 Heller Rd', 'address2': '', 'address3': '', 'city': 'Menomonie', 'zip_code': '54729', 'country': 'US', 'state': 'WI', 'display_address': ['802 Heller Rd', 'Menomonie, WI 54729']}",Menomonie Golf & Country Club,+17152353595,,3.0,1,[],https://www.yelp.com/biz/menomonie-golf-and-country-club-menomonie?adjust_creative=GVWAITeAe13hPk5JlriDSg&utm_campaign=yelp_api_v3&utm_medium=api_v3_business_search&utm_source=GVWAITeAe13hPk5JlriDSg
burger-king-menomonie-2,"[{'alias': 'hotdog', 'title': 'Hot Dogs'}, {'alias': 'burgers', 'title': 'Burgers'}]","{'latitude': 44.8760032653809, 'longitude': -91.9237289428711}",(715) 235-6017,3680.8093920930164,X05bpJuibdGzv9mgfx6R_g,https://s3-media3.fl.yelpcdn.com/bphoto/57kXm5_b0SQbDd25HgkdDg/o.jpg,False,"{'address1': '544 Main St E', 'address2': None, 'address3': None, 'city': 'Menomonie', 'zip_code': '54751', 'country': 'US', 'state': 'WI', 'display_address': ['544 Main St E', 'Menomonie, WI 54751']}",Burger King,+17152356017,$,1.0,3,[],https://www.yelp.com/biz/burger-king-menomonie-2?adjust_creative=GVWAITeAe13hPk5JlriDSg&utm_campaign=yelp_api_v3&utm_medium=api_v3_business_search&utm_source=GVWAITeAe13hPk5JlriDSg
barrel-room-menomonie,"[{'alias': 'wine_bars', 'title': 'Wine Bars'}]","{'latitude': 44.8764217635136, 'longitude': -91.9266644064508}",(715) 231-9463,3681.6352805653246,GDYhdPwFSh0YYIDmrCYsVw,https://s3-media2.fl.yelpcdn.com/bphoto/ujDH6kv7ZIc6pkvGJWjOaQ/o.jpg,False,"{'address1': '320 Main St E', 'address2': '', 'address3': '', 'city': 'Menomonie', 'zip_code': '54751', 'country': 'US', 'state': 'WI', 'display_address': ['320 Main St E', 'Menomonie, WI 54751']}",Barrel Room,+17152319463,$$,5.0,1,[],https://www.yelp.com/biz/barrel-room-menomonie?adjust_creative=GVWAITeAe13hPk5JlriDSg&utm_campaign=yelp_api_v3&utm_medium=api_v3_business_search&utm_source=GVWAITeAe13hPk5JlriDSg
wendys-menomonie,"[{'alias': 'hotdogs', 'title': 'Fast Food'}, {'alias': 'burgers', 'title': 'Burgers'}]","{'latitude': 44.90175, 'longitude': -91.93245}",(715) 233-1080,6495.513916356179,RXHtrfTtzQPKTnp0NnPW7A,https://s3-media1.fl.yelpcdn.com/bphoto/WBo4-wvn3olXEbeVusCWMQ/o.jpg,False,"{'address1': '1627 Broadway St N', 'address2': '', 'address3': '', 'city': 'Menomonie', 'zip_code': '54751', 'country': 'US', 'state': 'WI', 'display_address': ['1627 Broadway St N', 'Menomonie, WI 54751']}",Wendy's,+17152331080,$,1.5,3,[],https://www.yelp.com/biz/wendys-menomonie?adjust_creative=GVWAITeAe13hPk5JlriDSg&utm_campaign=yelp_api_v3&utm_medium=api_v3_business_search&utm_source=GVWAITeAe13hPk5JlriDSg
dairy-queen-menomonie-2,"[{'alias': 'icecream', 'title': 'Ice Cream & Frozen Yogurt'}, {'alias': 'hotdogs', 'title': 'Fast Food'}]","{'latitude': 44.87132, 'longitude': -91.93012}",(715) 235-2320,3091.889044353294,i7X1G44vZLldR6DJoVQqJQ,https://s3-media3.fl.yelpcdn.com/bphoto/APQfgLHvkSLdnt8Kl4_YjA/o.jpg,False,"{'address1': '1221 Broadway St S', 'address2': None, 'address3': None, 'city': 'Menomonie', 'zip_code': '54751', 'country': 'US', 'state': 'WI', 'display_address': ['1221 Broadway St S', 'Menomonie, WI 54751']}",Dairy Queen,+17152352320,$$,1.0,2,[],https://www.yelp.com/biz/dairy-queen-menomonie-2?adjust_creative=GVWAITeAe13hPk5JlriDSg&utm_campaign=yelp_api_v3&utm_medium=api_v3_business_search&utm_source=GVWAITeAe13hPk5JlriDSg
subway-menomonie-3,"[{'alias': 'sandwiches', 'title': 'Sandwiches'}, {'alias': 'hotdogs', 'title': 'Fast Food'}]","{'latitude': 44.879508, 'longitude': -91.930007}",(715) 235-6466,4017.2015192462595,i5Gl7p-jFhM8h_dvXe_gNw,https://s3-media2.fl.yelpcdn.com/bphoto/yFYOaY1_4j7p1J6IrJnowQ/o.jpg,False,"{'address1': '319 Broadway St S', 'address2': '', 'address3': '', 'city': 'Menomonie', 'zip_code': '54751', 'country': 'US', 'state': 'WI', 'display_address': ['319 Broadway St S', 'Menomonie, WI 54751']}",Subway,+17152356466,,1.0,1,[],https://www.yelp.com/biz/subway-menomonie-3?adjust_creative=GVWAITeAe13hPk5JlriDSg&utm_campaign=yelp_api_v3&utm_medium=api_v3_business_search&utm_source=GVWAITeAe13hPk5JlriDSg
papa-murphys-menomonie-3,"[{'alias': 'pizza', 'title': 'Pizza'}]","{'latitude': 44.9116, 'longitude': -91.9358}",(715) 233-1380,7592.174944922768,g43l2GrfWPQXh0AGGMAjZA,https://s3-media2.fl.yelpcdn.com/bphoto/GYfdqGxHsxLxzXmVROsp9w/o.jpg,False,"{'address1': '2321 N Hwy 25', 'address2': None, 'address3': '', 'city': 'Menomonie', 'zip_code': '54751', 'country': 'US', 'state': 'WI', 'display_address': ['2321 N Hwy 25', 'Menomonie, WI 54751']}",Papa Murphy's,+17152331380,,3.0,2,[],https://www.yelp.com/biz/papa-murphys-menomonie-3?adjust_creative=GVWAITeAe13hPk5JlriDSg&utm_campaign=yelp_api_v3&utm_medium=api_v3_business_search&utm_source=GVWAITeAe13hPk5JlriDSg
hoffman-hills-state-recreation-area-menomonie,"[{'alias': 'hiking', 'title': 'Hiking'}]","{'latitude': 44.9438981428421, 'longitude': -91.7876427683758}",,15875.030943310136,eE_TlaSB9xglEKJnK_csLw,https://s3-media1.fl.yelpcdn.com/bphoto/3lM7PNeH_cTFIaL1uQMjkw/o.jpg,False,"{'address1': '730TH St', 'address2': '', 'address3': '', 'city': 'Menomonie', 'zip_code': '54751', 'country': 'US', 'state': 'WI', 'display_address': ['730TH St', 'Menomonie, WI 54751']}",Hoffman Hills State Recreation Area,,,5.0,1,[],https://www.yelp.com/biz/hoffman-hills-state-recreation-area-menomonie?adjust_creative=GVWAITeAe13hPk5JlriDSg&utm_campaign=yelp_api_v3&utm_medium=api_v3_business_search&utm_source=GVWAITeAe13hPk5JlriDSg
jimmy-johns-menomonie-2,"[{'alias': 'sandwiches', 'title': 'Sandwiches'}, {'alias': 'hotdogs', 'title': 'Fast Food'}, {'alias': 'delis', 'title': 'Delis'}]","{'latitude': 44.8670502, 'longitude': -91.9316711}",(715) 235-7827,2625.464926809907,E7PS7zRODprPhbdI_Oh9Jg,,False,"{'address1': '202 17th Ave W', 'address2': '', 'address3': '', 'city': 'Menomonie', 'zip_code': '54751', 'country': 'US', 'state': 'WI', 'display_address': ['202 17th Ave W', 'Menomonie, WI 54751']}",Jimmy John's,+17152357827,,1.0,1,[],https://www.yelp.com/biz/jimmy-johns-menomonie-2?adjust_creative=GVWAITeAe13hPk5JlriDSg&utm_campaign=yelp_api_v3&utm_medium=api_v3_business_search&utm_source=GVWAITeAe13hPk5JlriDSg
ky-odies-denn-menomonie,"[{'alias': 'bars', 'title': 'Bars'}, {'alias': 'tradamerican', 'title': 'American (Traditional)'}]","{'latitude': 44.8934, 'longitude': -92.04252}",(715) 235-2777,10408.223479258018,p9a2LCzMdV9oPztxvCL4eQ,https://s3-media2.fl.yelpcdn.com/bphoto/jvA3VDrPeRb2V3u8RFsnEA/o.jpg,False,"{'address1': 'E2339 State Road 29', 'address2': '', 'address3': '', 'city': 'Menomonie', 'zip_code': '54751', 'country': 'US', 'state': 'WI', 'display_address': ['E2339 State Road 29', 'Menomonie, WI 54751']}",Ky-Odie's Denn,+17152352777,$$,4.5,2,[],https://www.yelp.com/biz/ky-odies-denn-menomonie?adjust_creative=GVWAITeAe13hPk5JlriDSg&utm_campaign=yelp_api_v3&utm_medium=api_v3_business_search&utm_source=GVWAITeAe13hPk5JlriDSg
tanglewood-greens-menomonie,"[{'alias': 'golf', 'title': 'Golf'}, {'alias': 'venues', 'title': 'Venues & Event Spaces'}]","{'latitude': 44.86189, 'longitude': -91.90334}",(715) 235-9808,2984.561683854543,wiV2h_y6EDiH5YD1r0o9kg,https://s3-media3.fl.yelpcdn.com/bphoto/XpsUSRdsnxH8psHubxCjBg/o.jpg,False,"{'address1': '2200 Crestwood Dr', 'address2': None, 'address3': '', 'city': 'Menomonie', 'zip_code': '54751', 'country': 'US', 'state': 'WI', 'display_address': ['2200 Crestwood Dr', 'Menomonie, WI 54751']}",Tanglewood Greens,+17152359808,,1.0,1,[],https://www.yelp.com/biz/tanglewood-greens-menomonie?adjust_creative=GVWAITeAe13hPk5JlriDSg&utm_campaign=yelp_api_v3&utm_medium=api_v3_business_search&utm_source=GVWAITeAe13hPk5JlriDSg
dav-foxhole-bar-and-banquet-center-menomonie,"[{'alias': 'bars', 'title': 'Bars'}, {'alias': 'localservices', 'title': 'Local Services'}]","{'latitude': 44.932526715937, 'longitude': -91.9235944747925}",(715) 235-9085,9921.889073663284,DjnPOLg5uwWXqK4lVVLOew,,False,"{'address1': 'E4710 County Rd Bb', 'address2': '', 'address3': '', 'city': 'Menomonie', 'zip_code': '54751', 'country': 'US', 'state': 'WI', 'display_address': ['E4710 County Rd Bb', 'Menomonie, WI 54751']}",DAV Foxhole Bar & Banquet Center,+17152359085,$,1.0,1,[],https://www.yelp.com/biz/dav-foxhole-bar-and-banquet-center-menomonie?adjust_creative=GVWAITeAe13hPk5JlriDSg&utm_campaign=yelp_api_v3&utm_medium=api_v3_business_search&utm_source=GVWAITeAe13hPk5JlriDSg
