zipcode,name,price,rating,review_count,categories
53545,Milwaukee Grill,$$,4.0,165,"[{'alias': 'tradamerican', 'title': 'American (Traditional)'}, {'alias': 'bars', 'title': 'Bars'}]"
53545,Hacienda Real Mexican Restaurant,$$,4.0,116,"[{'alias': 'mexican', 'title': 'Mexican'}]"
53545,Mocha Moment,$,5.0,55,"[{'alias': 'coffee', 'title': 'Coffee & Tea'}, {'alias': 'bakeries', 'title': 'Bakeries'}, {'alias': 'icecream', 'title': 'Ice Cream & Frozen Yogurt'}]"
53545,Citrus Cafe,$,4.0,86,"[{'alias': 'tradamerican', 'title': 'American (Traditional)'}, {'alias': 'breakfast_brunch', 'title': 'Breakfast & Brunch'}, {'alias': 'coffee', 'title': 'Coffee & Tea'}]"
53545,Asian Bistro,$$,4.5,60,"[{'alias': 'laotian', 'title': 'Laotian'}, {'alias': 'thai', 'title': 'Thai'}, {'alias': 'chinese', 'title': 'Chinese'}]"
53545,GR's Sandwich Shoppe,$,4.5,46,"[{'alias': 'sandwiches', 'title': 'Sandwiches'}, {'alias': 'salad', 'title': 'Salad'}, {'alias': 'burgers', 'title': 'Burgers'}]"
53545,Lark,$$$,4.5,38,"[{'alias': 'newamerican', 'title': 'American (New)'}, {'alias': 'cocktailbars', 'title': 'Cocktail Bars'}]"
53545,Fuji Sushi & Steak House,$$,3.5,67,"[{'alias': 'steak', 'title': 'Steakhouses'}, {'alias': 'sushi', 'title': 'Sushi Bars'}, {'alias': 'japanese', 'title': 'Japanese'}]"
53545,South Padre Streetfood,$,4.5,24,"[{'alias': 'foodtrucks', 'title': 'Food Trucks'}, {'alias': 'cajun', 'title': 'Cajun/Creole'}]"
53545,Luke's Deli,$,4.0,42,"[{'alias': 'delis', 'title': 'Delis'}]"
53545,Texas Roadhouse,$$,4.0,63,"[{'alias': 'steak', 'title': 'Steakhouses'}, {'alias': 'bbq', 'title': 'Barbeque'}, {'alias': 'tradamerican', 'title': 'American (Traditional)'}]"
53545,O'Riley and Conway's Irish Pub,$$,3.5,74,"[{'alias': 'irish', 'title': 'Irish'}, {'alias': 'pubs', 'title': 'Pubs'}]"
53545,Kealy's Kafe,$$,4.5,20,"[{'alias': 'breakfast_brunch', 'title': 'Breakfast & Brunch'}, {'alias': 'burgers', 'title': 'Burgers'}, {'alias': 'sandwiches', 'title': 'Sandwiches'}]"
53545,Prime Quarter Steak House,$$,4.0,40,"[{'alias': 'steak', 'title': 'Steakhouses'}]"
53545,Tony & Maria's Italian Pizzeria,$$,4.5,23,"[{'alias': 'italian', 'title': 'Italian'}, {'alias': 'pizza', 'title': 'Pizza'}]"
53545,Rotary Botanical Gardens,,4.5,19,"[{'alias': 'gardens', 'title': 'Botanical Gardens'}]"
53545,Cozy Inn Chinese Restaurant,$$,4.0,32,"[{'alias': 'chinese', 'title': 'Chinese'}, {'alias': 'asianfusion', 'title': 'Asian Fusion'}]"
53545,Cozumel Mexican Restaurant,$,4.0,57,"[{'alias': 'mexican', 'title': 'Mexican'}]"
53545,Milton Family Restaurant,$,4.5,24,"[{'alias': 'tradamerican', 'title': 'American (Traditional)'}, {'alias': 'breakfast_brunch', 'title': 'Breakfast & Brunch'}]"
53545,Fredrick's Supper Club,$$,4.5,22,"[{'alias': 'supperclubs', 'title': 'Supper Clubs'}]"
53545,Road Dawg Saloon & Eatery,$,4.0,16,"[{'alias': 'burgers', 'title': 'Burgers'}, {'alias': 'salad', 'title': 'Salad'}, {'alias': 'pizza', 'title': 'Pizza'}]"
53545,Whiskey Ranch Bar and Grill,$,3.5,52,"[{'alias': 'tradamerican', 'title': 'American (Traditional)'}, {'alias': 'bars', 'title': 'Bars'}]"
53545,Blue Gilly's Pancake Pier & Lunch Dock,$,4.0,64,"[{'alias': 'breakfast_brunch', 'title': 'Breakfast & Brunch'}, {'alias': 'burgers', 'title': 'Burgers'}, {'alias': 'tradamerican', 'title': 'American (Traditional)'}]"
53545,Bodacious Brew,$$,4.0,22,"[{'alias': 'coffee', 'title': 'Coffee & Tea'}, {'alias': 'bakeries', 'title': 'Bakeries'}]"
53545,Culver's,$,4.0,17,"[{'alias': 'burgers', 'title': 'Burgers'}, {'alias': 'icecream', 'title': 'Ice Cream & Frozen Yogurt'}, {'alias': 'hotdogs', 'title': 'Fast Food'}]"
53545,Culver's,$,4.5,40,"[{'alias': 'hotdogs', 'title': 'Fast Food'}, {'alias': 'icecream', 'title': 'Ice Cream & Frozen Yogurt'}, {'alias': 'burgers', 'title': 'Burgers'}]"
53545,Sandee's Thai Fusion,,4.5,18,"[{'alias': 'thai', 'title': 'Thai'}]"
53545,Park City Family Restaurant,$,4.5,17,"[{'alias': 'breakfast_brunch', 'title': 'Breakfast & Brunch'}, {'alias': 'tradamerican', 'title': 'American (Traditional)'}]"
53545,Noodles & Company,$,3.5,24,"[{'alias': 'noodles', 'title': 'Noodles'}]"
53545,Italian House,$,3.5,36,"[{'alias': 'italian', 'title': 'Italian'}, {'alias': 'catering', 'title': 'Caterers'}]"
53545,Red Robin Gourmet Burgers,$$,3.5,31,"[{'alias': 'burgers', 'title': 'Burgers'}, {'alias': 'tradamerican', 'title': 'American (Traditional)'}]"
53545,Cone Zone,$,5.0,10,"[{'alias': 'icecream', 'title': 'Ice Cream & Frozen Yogurt'}]"
53545,Mac's Pizza Shack,$,3.5,23,"[{'alias': 'pizza', 'title': 'Pizza'}, {'alias': 'chickenshop', 'title': 'Chicken Shop'}]"
53545,Peking Chinese Restaurant,$$,4.0,16,"[{'alias': 'chinese', 'title': 'Chinese'}]"
53545,Steve's Deli Dog House,$,3.5,25,"[{'alias': 'salad', 'title': 'Salad'}, {'alias': 'delis', 'title': 'Delis'}, {'alias': 'hotdog', 'title': 'Hot Dogs'}]"
53545,Wedge Inn Cafe,$,4.0,19,"[{'alias': 'restaurants', 'title': 'Restaurants'}]"
53545,Olive Garden Italian Restaurant,$$,3.5,28,"[{'alias': 'italian', 'title': 'Italian'}, {'alias': 'salad', 'title': 'Salad'}]"
53545,H & S Hibachi & Sushi Expres,$$,3.0,33,"[{'alias': 'japanese', 'title': 'Japanese'}, {'alias': 'sushi', 'title': 'Sushi Bars'}]"
53545,Chipotle Mexican Grill,,4.0,11,"[{'alias': 'mexican', 'title': 'Mexican'}, {'alias': 'hotdogs', 'title': 'Fast Food'}]"
53545,Starbucks,$,3.5,32,"[{'alias': 'coffee', 'title': 'Coffee & Tea'}]"
53545,Cracker Barrel Old Country Store,$$,3.0,25,"[{'alias': 'breakfast_brunch', 'title': 'Breakfast & Brunch'}, {'alias': 'southern', 'title': 'Southern'}, {'alias': 'tradamerican', 'title': 'American (Traditional)'}]"
53545,Basics Co-op Coffee & Deli,$$,4.5,8,"[{'alias': 'coffee', 'title': 'Coffee & Tea'}, {'alias': 'delis', 'title': 'Delis'}, {'alias': 'newamerican', 'title': 'American (New)'}]"
53545,Pettit's Lakeview Bar,$,4.5,21,"[{'alias': 'sportsbars', 'title': 'Sports Bars'}]"
53545,Two Brothers Bar,$,4.5,21,"[{'alias': 'pubs', 'title': 'Pubs'}, {'alias': 'tradamerican', 'title': 'American (Traditional)'}]"
53545,Frostie Freeze,$,4.0,11,"[{'alias': 'icecream', 'title': 'Ice Cream & Frozen Yogurt'}]"
53545,The Looking Glass,$$,3.5,22,"[{'alias': 'breakfast_brunch', 'title': 'Breakfast & Brunch'}, {'alias': 'tradamerican', 'title': 'American (Traditional)'}, {'alias': 'beerbar', 'title': 'Beer Bar'}]"
53545,Famous Dave's,$$,3.5,27,"[{'alias': 'bbq', 'title': 'Barbeque'}, {'alias': 'tradamerican', 'title': 'American (Traditional)'}, {'alias': 'comfortfood', 'title': 'Comfort Food'}]"
53545,King Wok,$,4.0,11,"[{'alias': 'chinese', 'title': 'Chinese'}]"
53545,Stagecoach Inn,$$,4.0,37,"[{'alias': 'seafood', 'title': 'Seafood'}, {'alias': 'steak', 'title': 'Steakhouses'}]"
53545,Bro's Gyros,$,4.5,9,"[{'alias': 'hotdogs', 'title': 'Fast Food'}, {'alias': 'sandwiches', 'title': 'Sandwiches'}]"
53545,"Barkley's Burgers, Brews & Dawgs",,3.5,14,"[{'alias': 'bars', 'title': 'Bars'}, {'alias': 'burgers', 'title': 'Burgers'}, {'alias': 'tradamerican', 'title': 'American (Traditional)'}]"
53545,Jim's Pizzeria,$,4.0,16,"[{'alias': 'pizza', 'title': 'Pizza'}]"
53545,HuHot Mongolian Grill,$$,3.0,21,"[{'alias': 'asianfusion', 'title': 'Asian Fusion'}, {'alias': 'mongolian', 'title': 'Mongolian'}, {'alias': 'chinese', 'title': 'Chinese'}]"
53545,El Patron Mexican Grill,$,4.0,28,"[{'alias': 'mexican', 'title': 'Mexican'}]"
53545,China House,$$,3.5,17,"[{'alias': 'chinese', 'title': 'Chinese'}]"
53545,Fazoli's,$,3.0,24,"[{'alias': 'italian', 'title': 'Italian'}]"
53545,Legends Taverns,,4.5,6,"[{'alias': 'sportsbars', 'title': 'Sports Bars'}]"
53545,IHOP,$,3.5,13,"[{'alias': 'breakfast_brunch', 'title': 'Breakfast & Brunch'}, {'alias': 'tradamerican', 'title': 'American (Traditional)'}, {'alias': 'burgers', 'title': 'Burgers'}]"
53545,Sweet Velvet Cake Company,,5.0,4,"[{'alias': 'cupcakes', 'title': 'Cupcakes'}, {'alias': 'customcakes', 'title': 'Custom Cakes'}]"
53545,Mo's Taasbag,$,4.0,5,"[{'alias': 'sportsbars', 'title': 'Sports Bars'}]"
53545,World Buffet,$$,2.5,30,"[{'alias': 'chinese', 'title': 'Chinese'}, {'alias': 'buffets', 'title': 'Buffets'}]"
53545,Red Zone Pub & Grill,$$,4.5,10,"[{'alias': 'sportsbars', 'title': 'Sports Bars'}, {'alias': 'tradamerican', 'title': 'American (Traditional)'}]"
53545,El Jardin Restaurant,$,3.5,27,"[{'alias': 'mexican', 'title': 'Mexican'}]"
53545,Wedges,$,3.5,6,"[{'alias': 'sportsbars', 'title': 'Sports Bars'}, {'alias': 'tradamerican', 'title': 'American (Traditional)'}]"
53545,The Anchor,$$,3.0,49,"[{'alias': 'tradamerican', 'title': 'American (Traditional)'}, {'alias': 'mexican', 'title': 'Mexican'}, {'alias': 'hotdog', 'title': 'Hot Dogs'}]"
53545,QDOBA Mexican Eats,$,3.0,14,"[{'alias': 'mexican', 'title': 'Mexican'}, {'alias': 'hotdogs', 'title': 'Fast Food'}]"
53545,Knutes Bar & Grill,$$,4.0,22,"[{'alias': 'newamerican', 'title': 'American (New)'}, {'alias': 'bars', 'title': 'Bars'}]"
53545,Delicias La Oaxaquena,,5.0,3,"[{'alias': 'mexican', 'title': 'Mexican'}]"
53545,29 South,$$,3.0,17,"[{'alias': 'delis', 'title': 'Delis'}]"
53545,Applebee's Grill + Bar,$$,2.5,21,"[{'alias': 'tradamerican', 'title': 'American (Traditional)'}, {'alias': 'sportsbars', 'title': 'Sports Bars'}, {'alias': 'burgers', 'title': 'Burgers'}]"
53545,Antojos Tacos,,5.0,6,"[{'alias': 'tacos', 'title': 'Tacos'}]"
53545,Buckhorn Supper Club,$$,3.0,54,"[{'alias': 'steak', 'title': 'Steakhouses'}, {'alias': 'seafood', 'title': 'Seafood'}]"
53545,Palmer Park,,5.0,4,"[{'alias': 'parks', 'title': 'Parks'}]"
53545,HomeTown Buffet,$,3.0,22,"[{'alias': 'buffets', 'title': 'Buffets'}, {'alias': 'tradamerican', 'title': 'American (Traditional)'}]"
53545,Taco Bell,$,3.0,10,"[{'alias': 'mexican', 'title': 'Mexican'}, {'alias': 'tex-mex', 'title': 'Tex-Mex'}, {'alias': 'hotdogs', 'title': 'Fast Food'}]"
53545,My Apartment Restaurant & Lounge,$,3.5,9,"[{'alias': 'newamerican', 'title': 'American (New)'}, {'alias': 'lounges', 'title': 'Lounges'}]"
53545,Lisa's Pizzeria,$$,4.0,10,"[{'alias': 'pizza', 'title': 'Pizza'}]"
53545,Toppers Pizza,,3.5,11,"[{'alias': 'pizza', 'title': 'Pizza'}]"
53545,Panda Garden,$,3.0,17,"[{'alias': 'chinese', 'title': 'Chinese'}]"
53545,Perkins Restaurant & Bakery,$$,2.5,25,"[{'alias': 'tradamerican', 'title': 'American (Traditional)'}, {'alias': 'bakeries', 'title': 'Bakeries'}, {'alias': 'breakfast_brunch', 'title': 'Breakfast & Brunch'}]"
53545,Subway,$,5.0,2,"[{'alias': 'sandwiches', 'title': 'Sandwiches'}, {'alias': 'hotdogs', 'title': 'Fast Food'}]"
53545,Buffalo Wild Wings,$$,2.0,28,"[{'alias': 'chicken_wings', 'title': 'Chicken Wings'}, {'alias': 'tradamerican', 'title': 'American (Traditional)'}, {'alias': 'sportsbars', 'title': 'Sports Bars'}]"
53545,Firehouse Subs,$,3.5,9,"[{'alias': 'sandwiches', 'title': 'Sandwiches'}, {'alias': 'hotdogs', 'title': 'Fast Food'}, {'alias': 'delis', 'title': 'Delis'}]"
53545,Backyard Barbecue,$$,4.0,7,"[{'alias': 'bbq', 'title': 'Barbeque'}]"
53545,Denny's,$$,2.5,10,"[{'alias': 'diners', 'title': 'Diners'}, {'alias': 'tradamerican', 'title': 'American (Traditional)'}, {'alias': 'breakfast_brunch', 'title': 'Breakfast & Brunch'}]"
53545,Hardee's,$,3.5,6,"[{'alias': 'hotdogs', 'title': 'Fast Food'}]"
53545,Helgesen's Harpos On Eleven,,3.5,9,"[{'alias': 'steak', 'title': 'Steakhouses'}]"
53545,Bazinga Classic Pub & Grille,,4.0,7,"[{'alias': 'pubs', 'title': 'Pubs'}, {'alias': 'tradamerican', 'title': 'American (Traditional)'}, {'alias': 'seafood', 'title': 'Seafood'}]"
53545,Dunkin' Donuts,$,2.0,17,"[{'alias': 'donuts', 'title': 'Donuts'}, {'alias': 'coffee', 'title': 'Coffee & Tea'}]"
53545,Sidelines Sports Pub & Grill,$$,2.5,27,"[{'alias': 'sportsbars', 'title': 'Sports Bars'}, {'alias': 'tradamerican', 'title': 'American (Traditional)'}, {'alias': 'pizza', 'title': 'Pizza'}]"
53545,Five Guys,$,3.0,7,"[{'alias': 'hotdogs', 'title': 'Fast Food'}, {'alias': 'burgers', 'title': 'Burgers'}]"
53545,Parkview Cafe,,5.0,3,"[{'alias': 'restaurants', 'title': 'Restaurants'}]"
53545,China Garden,$,4.0,7,"[{'alias': 'chinese', 'title': 'Chinese'}]"
53545,Deb's Squeeze Inn,$,5.0,4,"[{'alias': 'tradamerican', 'title': 'American (Traditional)'}, {'alias': 'breakfast_brunch', 'title': 'Breakfast & Brunch'}]"
53545,Popeyes Louisiana Kitchen,$,2.5,8,"[{'alias': 'hotdogs', 'title': 'Fast Food'}, {'alias': 'chicken_wings', 'title': 'Chicken Wings'}]"
53545,Wiggys Saloon,,5.0,2,"[{'alias': 'bars', 'title': 'Bars'}]"
53545,Panda Express,$,3.5,4,"[{'alias': 'hotdogs', 'title': 'Fast Food'}, {'alias': 'chinese', 'title': 'Chinese'}]"
53545,Cold Stone Creamery,$$,4.0,4,"[{'alias': 'icecream', 'title': 'Ice Cream & Frozen Yogurt'}, {'alias': 'customcakes', 'title': 'Custom Cakes'}, {'alias': 'cupcakes', 'title': 'Cupcakes'}]"
53545,Tasty Bites,$,5.0,6,"[{'alias': 'breakfast_brunch', 'title': 'Breakfast & Brunch'}, {'alias': 'newamerican', 'title': 'American (New)'}, {'alias': 'creperies', 'title': 'Creperies'}]"
53545,Chubby Bubba's,$,3.0,6,"[{'alias': 'pizza', 'title': 'Pizza'}, {'alias': 'sandwiches', 'title': 'Sandwiches'}]"
53545,Bessie's Diner,,5.0,4,"[{'alias': 'newamerican', 'title': 'American (New)'}]"
53545,Marco's Pizza,$$,4.5,3,"[{'alias': 'pizza', 'title': 'Pizza'}]"
53545,Taco John's,$,2.5,8,"[{'alias': 'mexican', 'title': 'Mexican'}, {'alias': 'hotdogs', 'title': 'Fast Food'}]"
53545,Cakes by Sheila,$,4.5,2,"[{'alias': 'desserts', 'title': 'Desserts'}]"
53545,Lincoln- Tallman House,,4.5,2,"[{'alias': 'landmarks', 'title': 'Landmarks & Historical Buildings'}]"
53545,Pizza Hut,$$,4.0,4,"[{'alias': 'pizza', 'title': 'Pizza'}, {'alias': 'italian', 'title': 'Italian'}, {'alias': 'chicken_wings', 'title': 'Chicken Wings'}]"
53545,Bass Creek Cafe & Grill,$,5.0,4,"[{'alias': 'breakfast_brunch', 'title': 'Breakfast & Brunch'}, {'alias': 'cafes', 'title': 'Cafes'}]"
53545,Old Fashion Bakery of Janesville,$$,2.5,7,"[{'alias': 'bakeries', 'title': 'Bakeries'}, {'alias': 'coffee', 'title': 'Coffee & Tea'}, {'alias': 'desserts', 'title': 'Desserts'}]"
53545,Winchester Restaurant,$,4.0,11,"[{'alias': 'tradamerican', 'title': 'American (Traditional)'}]"
53545,Off the Hook,,4.5,3,"[{'alias': 'bars', 'title': 'Bars'}, {'alias': 'burgers', 'title': 'Burgers'}, {'alias': 'tradamerican', 'title': 'American (Traditional)'}]"
53545,A & W Restaurant,$,3.5,7,"[{'alias': 'newamerican', 'title': 'American (New)'}]"
53545,Sam's Pizza,$$,2.5,10,"[{'alias': 'pizza', 'title': 'Pizza'}]"
53545,Jimmy John's,,3.5,3,"[{'alias': 'sandwiches', 'title': 'Sandwiches'}, {'alias': 'hotdogs', 'title': 'Fast Food'}, {'alias': 'delis', 'title': 'Delis'}]"
53545,Lounge 1848,$$$,4.5,4,"[{'alias': 'wine_bars', 'title': 'Wine Bars'}, {'alias': 'lounges', 'title': 'Lounges'}]"
53545,Dragon,$$,4.0,7,"[{'alias': 'chinese', 'title': 'Chinese'}]"
53545,Stokes' Pub,$,4.0,3,"[{'alias': 'pubs', 'title': 'Pubs'}, {'alias': 'sportsbars', 'title': 'Sports Bars'}]"
53545,Eagle Inn Family Restaurant,$,3.0,13,"[{'alias': 'breakfast_brunch', 'title': 'Breakfast & Brunch'}, {'alias': 'soup', 'title': 'Soup'}, {'alias': 'tradamerican', 'title': 'American (Traditional)'}]"
53545,McDonald's,$,3.0,6,"[{'alias': 'hotdogs', 'title': 'Fast Food'}, {'alias': 'burgers', 'title': 'Burgers'}, {'alias': 'coffee', 'title': 'Coffee & Tea'}]"
53545,Taco John's,$,3.5,12,"[{'alias': 'mexican', 'title': 'Mexican'}, {'alias': 'hotdogs', 'title': 'Fast Food'}]"
53545,Riverside Golf Course,,4.0,1,"[{'alias': 'golf', 'title': 'Golf'}]"
53545,Dairy Queen,$,3.5,3,"[{'alias': 'hotdogs', 'title': 'Fast Food'}, {'alias': 'icecream', 'title': 'Ice Cream & Frozen Yogurt'}, {'alias': 'burgers', 'title': 'Burgers'}]"
53545,Jimmy John's,$,2.5,11,"[{'alias': 'sandwiches', 'title': 'Sandwiches'}, {'alias': 'delis', 'title': 'Delis'}, {'alias': 'hotdogs', 'title': 'Fast Food'}]"
53545,Starbucks,$$,3.0,6,"[{'alias': 'coffee', 'title': 'Coffee & Tea'}]"
53545,Panera Bread,$$,2.5,6,"[{'alias': 'salad', 'title': 'Salad'}, {'alias': 'soup', 'title': 'Soup'}, {'alias': 'sandwiches', 'title': 'Sandwiches'}]"
53545,Game Day Sports Bar & Grill,,4.5,3,"[{'alias': 'bars', 'title': 'Bars'}]"
53545,Papa John's Pizza,$$$$,3.5,3,"[{'alias': 'pizza', 'title': 'Pizza'}]"
53545,Havana Coffee,,5.0,1,"[{'alias': 'coffee', 'title': 'Coffee & Tea'}, {'alias': 'sandwiches', 'title': 'Sandwiches'}]"
53545,Milton House Museum,,5.0,3,"[{'alias': 'museums', 'title': 'Museums'}, {'alias': 'venues', 'title': 'Venues & Event Spaces'}]"
53545,Milio's Sandwiches,$,4.0,4,"[{'alias': 'sandwiches', 'title': 'Sandwiches'}]"
53545,Russ's Park Place Bar & Grill,,3.0,6,"[{'alias': 'sportsbars', 'title': 'Sports Bars'}, {'alias': 'tradamerican', 'title': 'American (Traditional)'}]"
53545,Cake Pastel,,5.0,1,"[{'alias': 'bakeries', 'title': 'Bakeries'}]"
53545,Paul Revere's Pizza,$,4.5,3,"[{'alias': 'pizza', 'title': 'Pizza'}, {'alias': 'sandwiches', 'title': 'Sandwiches'}, {'alias': 'salad', 'title': 'Salad'}]"
53545,Hailey's Sweets And Treats,$,5.0,1,"[{'alias': 'cupcakes', 'title': 'Cupcakes'}, {'alias': 'bakeries', 'title': 'Bakeries'}]"
53545,Milio's Sandwiches,,3.0,3,"[{'alias': 'sandwiches', 'title': 'Sandwiches'}]"
53545,Culver's,$,4.0,4,"[{'alias': 'burgers', 'title': 'Burgers'}, {'alias': 'hotdogs', 'title': 'Fast Food'}, {'alias': 'icecream', 'title': 'Ice Cream & Frozen Yogurt'}]"
53545,McDonald's,,2.5,3,"[{'alias': 'burgers', 'title': 'Burgers'}, {'alias': 'hotdogs', 'title': 'Fast Food'}, {'alias': 'coffee', 'title': 'Coffee & Tea'}]"
53545,Capone's Cellar,,5.0,3,"[{'alias': 'bars', 'title': 'Bars'}, {'alias': 'tradamerican', 'title': 'American (Traditional)'}]"
53545,Red Baron Tavern,$,4.0,5,"[{'alias': 'bars', 'title': 'Bars'}]"
53545,Taco Bell,$,3.0,5,"[{'alias': 'mexican', 'title': 'Mexican'}, {'alias': 'tex-mex', 'title': 'Tex-Mex'}, {'alias': 'hotdogs', 'title': 'Fast Food'}]"
53545,Wendy's,,2.5,5,"[{'alias': 'hotdogs', 'title': 'Fast Food'}, {'alias': 'burgers', 'title': 'Burgers'}]"
53545,Panda Express,$,2.0,6,"[{'alias': 'chinese', 'title': 'Chinese'}, {'alias': 'hotdogs', 'title': 'Fast Food'}]"
53545,Mike's Mr Pizza,$$,3.5,5,"[{'alias': 'pizza', 'title': 'Pizza'}, {'alias': 'italian', 'title': 'Italian'}]"
53545,Ding-A-Ling,$$,3.0,13,"[{'alias': 'restaurants', 'title': 'Restaurants'}]"
53545,Moose International,,5.0,1,"[{'alias': 'seafood', 'title': 'Seafood'}]"
53545,Burger King,$,3.0,4,"[{'alias': 'restaurants', 'title': 'Restaurants'}]"
53545,Klig's Union Depot,,4.0,3,"[{'alias': 'tradamerican', 'title': 'American (Traditional)'}]"
53545,Wander In Cafe,$,3.5,6,"[{'alias': 'cafes', 'title': 'Cafes'}]"
53545,Dunkin' Donuts,$,2.0,22,"[{'alias': 'donuts', 'title': 'Donuts'}, {'alias': 'coffee', 'title': 'Coffee & Tea'}]"
53545,Chubby Bubba's,$$,3.5,10,"[{'alias': 'pizza', 'title': 'Pizza'}, {'alias': 'bbq', 'title': 'Barbeque'}, {'alias': 'chicken_wings', 'title': 'Chicken Wings'}]"
53545,A & W Family Restaurant,$,4.5,3,"[{'alias': 'newamerican', 'title': 'American (New)'}]"
53545,Chuck E Cheese's,$,2.5,4,"[{'alias': 'pizza', 'title': 'Pizza'}, {'alias': 'arcades', 'title': 'Arcades'}]"
53545,Wendy's,$,2.0,9,"[{'alias': 'hotdogs', 'title': 'Fast Food'}, {'alias': 'burgers', 'title': 'Burgers'}]"
53545,Potbelly Sandwich Shop,,2.0,7,"[{'alias': 'hotdogs', 'title': 'Fast Food'}, {'alias': 'salad', 'title': 'Salad'}, {'alias': 'sandwiches', 'title': 'Sandwiches'}]"
53545,Lions Beach,,4.0,2,"[{'alias': 'beaches', 'title': 'Beaches'}]"
53545,Arby's,,4.0,1,"[{'alias': 'tradamerican', 'title': 'American (Traditional)'}]"
53545,Bad Brad's,,3.5,3,"[{'alias': 'pubs', 'title': 'Pubs'}]"
53545,Pizza Hut,,3.0,3,"[{'alias': 'pizza', 'title': 'Pizza'}, {'alias': 'italian', 'title': 'Italian'}, {'alias': 'chicken_wings', 'title': 'Chicken Wings'}]"
53545,Trading Spaces Bar & Grill,,3.5,2,"[{'alias': 'bars', 'title': 'Bars'}]"
53545,Oriental Express,$,4.0,4,"[{'alias': 'restaurants', 'title': 'Restaurants'}]"
53545,Edgerton 24 Hour Oasis,$,4.0,4,"[{'alias': 'restaurants', 'title': 'Restaurants'}]"
53545,Wendy's,$,3.0,4,"[{'alias': 'burgers', 'title': 'Burgers'}, {'alias': 'hotdogs', 'title': 'Fast Food'}]"
53545,Starters Bar & Grill,$$,2.0,5,"[{'alias': 'bars', 'title': 'Bars'}, {'alias': 'tradamerican', 'title': 'American (Traditional)'}, {'alias': 'sandwiches', 'title': 'Sandwiches'}]"
53545,Little Caesar's Pizza,$,3.0,3,"[{'alias': 'pizza', 'title': 'Pizza'}]"
53545,Village Inn,,4.0,4,"[{'alias': 'restaurants', 'title': 'Restaurants'}]"
53545,Lucy's Hideaway,$$$,2.5,15,"[{'alias': 'sportsbars', 'title': 'Sports Bars'}]"
53545,Deano's Westside Pub,,4.0,1,"[{'alias': 'pubs', 'title': 'Pubs'}]"
53545,Lil Cheeky Ice Cream,,5.0,2,"[{'alias': 'icecream', 'title': 'Ice Cream & Frozen Yogurt'}]"
53545,So Chopped,,4.0,1,"[{'alias': 'salad', 'title': 'Salad'}, {'alias': 'sandwiches', 'title': 'Sandwiches'}]"
53545,Taco Bell,$,2.5,3,"[{'alias': 'mexican', 'title': 'Mexican'}, {'alias': 'tex-mex', 'title': 'Tex-Mex'}, {'alias': 'hotdogs', 'title': 'Fast Food'}]"
53545,Schilberg Park,,5.0,1,"[{'alias': 'parks', 'title': 'Parks'}, {'alias': 'football', 'title': 'Soccer'}, {'alias': 'playgrounds', 'title': 'Playgrounds'}]"
53545,Culver's,$,2.5,2,"[{'alias': 'burgers', 'title': 'Burgers'}, {'alias': 'hotdogs', 'title': 'Fast Food'}, {'alias': 'icecream', 'title': 'Ice Cream & Frozen Yogurt'}]"
53545,Countryview Bar and Restaurant,,3.5,4,"[{'alias': 'tradamerican', 'title': 'American (Traditional)'}, {'alias': 'sportsbars', 'title': 'Sports Bars'}, {'alias': 'campgrounds', 'title': 'Campgrounds'}]"
53545,Subway,$,4.0,2,"[{'alias': 'hotdogs', 'title': 'Fast Food'}, {'alias': 'sandwiches', 'title': 'Sandwiches'}]"
53545,Kays Outback,,4.5,3,"[{'alias': 'restaurants', 'title': 'Restaurants'}]"
53545,Fast Eddy's,,3.5,3,"[{'alias': 'sportsbars', 'title': 'Sports Bars'}, {'alias': 'tradamerican', 'title': 'American (Traditional)'}]"
53545,Papa Murphy's,$,3.0,2,"[{'alias': 'pizza', 'title': 'Pizza'}]"
53545,Hammy's Roadside Bar,,3.5,2,"[{'alias': 'bars', 'title': 'Bars'}]"
53545,Dunkin' Donuts,$,2.0,5,"[{'alias': 'donuts', 'title': 'Donuts'}, {'alias': 'coffee', 'title': 'Coffee & Tea'}]"
53545,59er Driving Range,,5.0,1,"[{'alias': 'italian', 'title': 'Italian'}, {'alias': 'hotdogs', 'title': 'Fast Food'}, {'alias': 'sandwiches', 'title': 'Sandwiches'}]"
53545,Mario's Pizza,$,2.5,7,"[{'alias': 'pizza', 'title': 'Pizza'}, {'alias': 'tradamerican', 'title': 'American (Traditional)'}]"
53545,El-Ra Bowl,,4.0,1,"[{'alias': 'bowling', 'title': 'Bowling'}, {'alias': 'bars', 'title': 'Bars'}, {'alias': 'tradamerican', 'title': 'American (Traditional)'}]"
53545,Ice Age Trail - Janesville Segment,,5.0,1,"[{'alias': 'hiking', 'title': 'Hiking'}, {'alias': 'daycamps', 'title': 'Day Camps'}]"
53545,Main Street Saloon,,1.5,3,"[{'alias': 'bars', 'title': 'Bars'}]"
53545,Riley's Sports Bar,,2.0,3,"[{'alias': 'sportsbars', 'title': 'Sports Bars'}]"
53545,Casey's Carryout Pizza,$,3.5,2,"[{'alias': 'convenience', 'title': 'Convenience Stores'}, {'alias': 'pizza', 'title': 'Pizza'}]"
53545,Pizza Hut,$$,3.5,3,"[{'alias': 'pizza', 'title': 'Pizza'}, {'alias': 'italian', 'title': 'Italian'}, {'alias': 'chicken_wings', 'title': 'Chicken Wings'}]"
53545,KFC,$$,1.5,4,"[{'alias': 'hotdogs', 'title': 'Fast Food'}, {'alias': 'chicken_wings', 'title': 'Chicken Wings'}, {'alias': 'chickenshop', 'title': 'Chicken Shop'}]"
53545,Orange Julius,,5.0,1,"[{'alias': 'restaurants', 'title': 'Restaurants'}]"
53545,Friendly Tap,,4.5,2,"[{'alias': 'bars', 'title': 'Bars'}]"
53545,Cooksville Store,,5.0,1,"[{'alias': 'icecream', 'title': 'Ice Cream & Frozen Yogurt'}]"
53545,West End Diner,,2.5,3,"[{'alias': 'newamerican', 'title': 'American (New)'}]"
53545,Bobbleheads Sports Bar & Grill,,2.5,4,"[{'alias': 'pubs', 'title': 'Pubs'}, {'alias': 'sportsbars', 'title': 'Sports Bars'}, {'alias': 'tradamerican', 'title': 'American (Traditional)'}]"
53545,Hat Rack Tap,,5.0,1,"[{'alias': 'bars', 'title': 'Bars'}]"
53545,The Haven,,5.0,1,"[{'alias': 'coffee', 'title': 'Coffee & Tea'}, {'alias': 'breakfast_brunch', 'title': 'Breakfast & Brunch'}, {'alias': 'icecream', 'title': 'Ice Cream & Frozen Yogurt'}]"
53545,White Oak Restaurant,,5.0,1,"[{'alias': 'restaurants', 'title': 'Restaurants'}]"
53545,Jeffs Coffee Bar,,5.0,1,"[{'alias': 'coffee', 'title': 'Coffee & Tea'}]"
53545,Convoy's Bar & Grill,$,4.0,1,"[{'alias': 'sportsbars', 'title': 'Sports Bars'}]"
53545,Buttercups,,5.0,1,"[{'alias': 'bakeries', 'title': 'Bakeries'}]"
53545,Sand Trap Bar & Grill,,4.0,1,"[{'alias': 'bars', 'title': 'Bars'}]"
53545,Subway,,3.0,1,"[{'alias': 'sandwiches', 'title': 'Sandwiches'}, {'alias': 'hotdogs', 'title': 'Fast Food'}]"
53545,The Back Bar,,3.0,1,"[{'alias': 'bars', 'title': 'Bars'}, {'alias': 'musicvenues', 'title': 'Music Venues'}]"
53545,Rockie's Pizza & Subs,$,3.0,1,"[{'alias': 'pizza', 'title': 'Pizza'}, {'alias': 'sandwiches', 'title': 'Sandwiches'}, {'alias': 'bars', 'title': 'Bars'}]"
53545,Slicks Bar & Grill,,5.0,1,"[{'alias': 'bars', 'title': 'Bars'}]"
53545,Domino's Pizza,$,2.5,3,"[{'alias': 'pizza', 'title': 'Pizza'}, {'alias': 'chicken_wings', 'title': 'Chicken Wings'}, {'alias': 'sandwiches', 'title': 'Sandwiches'}]"
53545,Cecelia's Golf Course,,4.0,1,"[{'alias': 'golf', 'title': 'Golf'}]"
53545,Charlie's Place,,5.0,1,"[{'alias': 'divebars', 'title': 'Dive Bars'}, {'alias': 'burgers', 'title': 'Burgers'}]"
53545,Zoxx 411 Club,,5.0,1,"[{'alias': 'divebars', 'title': 'Dive Bars'}]"
53545,Subway,$,2.0,4,"[{'alias': 'sandwiches', 'title': 'Sandwiches'}, {'alias': 'hotdogs', 'title': 'Fast Food'}]"
53545,Subway,,4.0,1,"[{'alias': 'hotdogs', 'title': 'Fast Food'}, {'alias': 'sandwiches', 'title': 'Sandwiches'}]"
53545,Dairy Queen,,1.0,2,"[{'alias': 'hotdogs', 'title': 'Fast Food'}, {'alias': 'icecream', 'title': 'Ice Cream & Frozen Yogurt'}]"
53545,McDonald's,$,2.5,6,"[{'alias': 'hotdogs', 'title': 'Fast Food'}, {'alias': 'burgers', 'title': 'Burgers'}, {'alias': 'coffee', 'title': 'Coffee & Tea'}]"
53545,McDonald's,$,1.0,5,"[{'alias': 'burgers', 'title': 'Burgers'}, {'alias': 'hotdogs', 'title': 'Fast Food'}, {'alias': 'coffee', 'title': 'Coffee & Tea'}]"
53545,McDonald's,$,1.5,3,"[{'alias': 'burgers', 'title': 'Burgers'}, {'alias': 'hotdogs', 'title': 'Fast Food'}, {'alias': 'coffee', 'title': 'Coffee & Tea'}]"
53545,Steve's Deli Dog House,,2.0,1,"[{'alias': 'hotdog', 'title': 'Hot Dogs'}, {'alias': 'tradamerican', 'title': 'American (Traditional)'}]"
53545,K's Outback,$,4.0,1,"[{'alias': 'restaurants', 'title': 'Restaurants'}]"
53545,Burger King,,1.0,5,"[{'alias': 'burgers', 'title': 'Burgers'}]"
53545,Conroy's Pub & Grub,,2.0,3,"[{'alias': 'burgers', 'title': 'Burgers'}, {'alias': 'sandwiches', 'title': 'Sandwiches'}, {'alias': 'bars', 'title': 'Bars'}]"
53545,Milton Mobile Travel Center,,3.5,2,"[{'alias': 'servicestations', 'title': 'Gas Stations'}, {'alias': 'convenience', 'title': 'Convenience Stores'}, {'alias': 'restaurants', 'title': 'Restaurants'}]"
53545,Crossridge Park,,4.0,1,"[{'alias': 'skate_parks', 'title': 'Skate Parks'}, {'alias': 'discgolf', 'title': 'Disc Golf'}]"
53545,The Beacon Inn,$,3.5,2,"[{'alias': 'tradamerican', 'title': 'American (Traditional)'}]"
53545,Scoreboard Bar & Grill,,3.0,1,"[{'alias': 'bars', 'title': 'Bars'}]"
53545,Blackhawk Golf Course,,1.0,1,"[{'alias': 'golf', 'title': 'Golf'}, {'alias': 'golfequipment', 'title': 'Golf Equipment'}]"
53545,Bunkers Bar & Grill,,3.0,1,"[{'alias': 'sportsbars', 'title': 'Sports Bars'}]"
53545,Glen Erin Golf Club,,2.5,2,"[{'alias': 'restaurants', 'title': 'Restaurants'}, {'alias': 'golf', 'title': 'Golf'}]"
53545,Burger King,,1.0,2,"[{'alias': 'hotdogs', 'title': 'Fast Food'}]"
