zipcode,name,price,rating,review_count,categories
53719,Saigon Noodles,$,4.0,340,"[{'alias': 'vietnamese', 'title': 'Vietnamese'}, {'alias': 'noodles', 'title': 'Noodles'}]"
53719,La Michoacana,$,4.5,85,"[{'alias': 'icecream', 'title': 'Ice Cream & Frozen Yogurt'}]"
53719,North and South Seafood & Smokehouse,$$,4.5,159,"[{'alias': 'seafood', 'title': 'Seafood'}, {'alias': 'smokehouse', 'title': 'Smokehouse'}, {'alias': 'coffee', 'title': 'Coffee & Tea'}]"
53719,Novanta,$$,4.5,222,"[{'alias': 'pizza', 'title': 'Pizza'}, {'alias': 'italian', 'title': 'Italian'}, {'alias': 'mediterranean', 'title': 'Mediterranean'}]"
53719,Thai Basil,$$,4.0,103,"[{'alias': 'thai', 'title': 'Thai'}]"
53719,Helbachs Coffee House,$,4.5,126,"[{'alias': 'coffee', 'title': 'Coffee & Tea'}, {'alias': 'breakfast_brunch', 'title': 'Breakfast & Brunch'}, {'alias': 'cafes', 'title': 'Cafes'}]"
53719,Eno Vino Wine Bar & Bistro,$$$,4.0,275,"[{'alias': 'wine_bars', 'title': 'Wine Bars'}, {'alias': 'newamerican', 'title': 'American (New)'}]"
53719,La Mestiza,$$,4.0,166,"[{'alias': 'mexican', 'title': 'Mexican'}]"
53719,VIP,$$,3.5,190,"[{'alias': 'japanese', 'title': 'Japanese'}, {'alias': 'chinese', 'title': 'Chinese'}, {'alias': 'sushi', 'title': 'Sushi Bars'}]"
53719,Nani Restaurant,$$,3.5,169,"[{'alias': 'dimsum', 'title': 'Dim Sum'}, {'alias': 'cantonese', 'title': 'Cantonese'}]"
53719,La Nopalera,$,4.5,37,"[{'alias': 'mexican', 'title': 'Mexican'}, {'alias': 'juicebars', 'title': 'Juice Bars & Smoothies'}, {'alias': 'sandwiches', 'title': 'Sandwiches'}]"
53719,Nonno's Ristorante Italiano,$$,4.0,111,"[{'alias': 'italian', 'title': 'Italian'}]"
53719,Otto's Restaurant & Bar,$$$,4.0,86,"[{'alias': 'mediterranean', 'title': 'Mediterranean'}, {'alias': 'seafood', 'title': 'Seafood'}, {'alias': 'bars', 'title': 'Bars'}]"
53719,Haldi Masala,$$,4.5,88,"[{'alias': 'indpak', 'title': 'Indian'}]"
53719,Haveli Restaurant,$$,4.5,131,"[{'alias': 'indpak', 'title': 'Indian'}]"
53719,La Baguette,$,4.0,118,"[{'alias': 'bakeries', 'title': 'Bakeries'}, {'alias': 'cafes', 'title': 'Cafes'}, {'alias': 'french', 'title': 'French'}]"
53719,Nile Restaurant,$$,3.5,138,"[{'alias': 'mediterranean', 'title': 'Mediterranean'}, {'alias': 'diners', 'title': 'Diners'}, {'alias': 'egyptian', 'title': 'Egyptian'}]"
53719,The Seafood Center,$$,4.5,48,"[{'alias': 'seafood', 'title': 'Seafood'}]"
53719,Chick-fil-A,$,4.0,74,"[{'alias': 'hotdogs', 'title': 'Fast Food'}]"
53719,Swagat Indian Restaurant,$$,4.0,190,"[{'alias': 'indpak', 'title': 'Indian'}]"
53719,Memorial Union,,4.5,210,"[{'alias': 'collegeuniv', 'title': 'Colleges & Universities'}, {'alias': 'localflavor', 'title': 'Local Flavor'}, {'alias': 'lakes', 'title': 'Lakes'}]"
53719,Pizza Brutta,$$,4.5,316,"[{'alias': 'pizza', 'title': 'Pizza'}]"
53719,Original Pancake House,$$,4.0,159,"[{'alias': 'breakfast_brunch', 'title': 'Breakfast & Brunch'}]"
53719,Dotty Dumpling's Dowry,$$,4.0,511,"[{'alias': 'burgers', 'title': 'Burgers'}, {'alias': 'vegan', 'title': 'Vegan'}, {'alias': 'vegetarian', 'title': 'Vegetarian'}]"
53719,Banzo,$,4.5,331,"[{'alias': 'mediterranean', 'title': 'Mediterranean'}, {'alias': 'foodtrucks', 'title': 'Food Trucks'}]"
53719,ZenZen Taste 四合院,$$,4.0,45,"[{'alias': 'chinese', 'title': 'Chinese'}]"
53719,Pho Nam Noodle House,$,4.0,159,"[{'alias': 'vietnamese', 'title': 'Vietnamese'}, {'alias': 'noodles', 'title': 'Noodles'}]"
53719,Tai's Asian Bistro,$,4.0,87,"[{'alias': 'asianfusion', 'title': 'Asian Fusion'}, {'alias': 'chinese', 'title': 'Chinese'}]"
53719,DumplingHaus,$$,4.0,258,"[{'alias': 'chinese', 'title': 'Chinese'}]"
53719,MOKA,$,4.5,59,"[{'alias': 'coffee', 'title': 'Coffee & Tea'}]"
53719,Sushi Muramoto,$$,4.0,270,"[{'alias': 'sushi', 'title': 'Sushi Bars'}]"
53719,Greenbush Bakery,$,4.5,205,"[{'alias': 'bakeries', 'title': 'Bakeries'}, {'alias': 'donuts', 'title': 'Donuts'}]"
53719,Cafe Maya,$,4.0,55,"[{'alias': 'coffee', 'title': 'Coffee & Tea'}, {'alias': 'breakfast_brunch', 'title': 'Breakfast & Brunch'}, {'alias': 'sandwiches', 'title': 'Sandwiches'}]"
53719,Taqueria Guadalajara,$,4.0,369,"[{'alias': 'mexican', 'title': 'Mexican'}]"
53719,Bonefish Grill,$$,3.5,159,"[{'alias': 'seafood', 'title': 'Seafood'}, {'alias': 'newamerican', 'title': 'American (New)'}, {'alias': 'cocktailbars', 'title': 'Cocktail Bars'}]"
53719,Sa-Bai Thong Thai Cuisine,$$,3.5,119,"[{'alias': 'thai', 'title': 'Thai'}]"
53719,Le Tigre Lounge,$,4.5,64,"[{'alias': 'jazzandblues', 'title': 'Jazz & Blues'}, {'alias': 'divebars', 'title': 'Dive Bars'}]"
53719,Vitense Golfland,,4.0,47,"[{'alias': 'golf', 'title': 'Golf'}, {'alias': 'mini_golf', 'title': 'Mini Golf'}, {'alias': 'venues', 'title': 'Venues & Event Spaces'}]"
53719,Dhaba Indian Bistro,$$,4.5,228,"[{'alias': 'indpak', 'title': 'Indian'}]"
53719,Delaney's Charcoal Steaks,$$$,3.5,78,"[{'alias': 'steak', 'title': 'Steakhouses'}, {'alias': 'salad', 'title': 'Salad'}, {'alias': 'seafood', 'title': 'Seafood'}]"
53719,"MOOYAH Burgers, Fries & Shakes",$,4.0,116,"[{'alias': 'burgers', 'title': 'Burgers'}, {'alias': 'icecream', 'title': 'Ice Cream & Frozen Yogurt'}, {'alias': 'hotdog', 'title': 'Hot Dogs'}]"
53719,Takara,$$,3.5,113,"[{'alias': 'sushi', 'title': 'Sushi Bars'}, {'alias': 'japanese', 'title': 'Japanese'}]"
53719,Mickies Dairy Bar,$,4.0,312,"[{'alias': 'breakfast_brunch', 'title': 'Breakfast & Brunch'}]"
53719,Gino's Italian Deli,$,4.0,65,"[{'alias': 'delis', 'title': 'Delis'}, {'alias': 'italian', 'title': 'Italian'}]"
53719,The Flying Hound Alehouse,$$,3.5,139,"[{'alias': 'bars', 'title': 'Bars'}]"
53719,Cafe Hollander,$$,3.5,463,"[{'alias': 'tradamerican', 'title': 'American (Traditional)'}, {'alias': 'belgian', 'title': 'Belgian'}, {'alias': 'breakfast_brunch', 'title': 'Breakfast & Brunch'}]"
53719,Quivey's Grove,$$,3.5,158,"[{'alias': 'newamerican', 'title': 'American (New)'}, {'alias': 'fishnchips', 'title': 'Fish & Chips'}]"
53719,Yola's Cafe,$,3.5,98,"[{'alias': 'coffee', 'title': 'Coffee & Tea'}, {'alias': 'breakfast_brunch', 'title': 'Breakfast & Brunch'}, {'alias': 'tradamerican', 'title': 'American (Traditional)'}]"
53719,Taqueria El Jalapeño,$,4.0,91,"[{'alias': 'mexican', 'title': 'Mexican'}]"
53719,National Mustard Museum,,4.5,123,"[{'alias': 'museums', 'title': 'Museums'}]"
53719,Brasserie V,$$,4.0,324,"[{'alias': 'belgian', 'title': 'Belgian'}, {'alias': 'brasseries', 'title': 'Brasseries'}, {'alias': 'sandwiches', 'title': 'Sandwiches'}]"
53719,The Cheesecake Factory,$$,3.0,175,"[{'alias': 'desserts', 'title': 'Desserts'}, {'alias': 'newamerican', 'title': 'American (New)'}]"
53719,Double 10 Mini Hot Pot,$$,4.5,153,"[{'alias': 'hotpot', 'title': 'Hot Pot'}, {'alias': 'chinese', 'title': 'Chinese'}]"
53719,Mediterranean Cafe,$,4.5,187,"[{'alias': 'greek', 'title': 'Greek'}, {'alias': 'mediterranean', 'title': 'Mediterranean'}]"
53719,Laredo's,$$,3.5,91,"[{'alias': 'mexican', 'title': 'Mexican'}, {'alias': 'tex-mex', 'title': 'Tex-Mex'}]"
53719,Cafe Porta Alba,$$,4.0,165,"[{'alias': 'pizza', 'title': 'Pizza'}, {'alias': 'italian', 'title': 'Italian'}]"
53719,Babes Grill & Bar,$$,3.5,90,"[{'alias': 'newamerican', 'title': 'American (New)'}, {'alias': 'sportsbars', 'title': 'Sports Bars'}]"
53719,Rosati's Pizza,$$,3.5,88,"[{'alias': 'pizza', 'title': 'Pizza'}, {'alias': 'italian', 'title': 'Italian'}]"
53719,Miko Poke,$$,4.0,199,"[{'alias': 'poke', 'title': 'Poke'}, {'alias': 'hawaiian', 'title': 'Hawaiian'}]"
53719,Chaat Cafe,$,4.0,31,"[{'alias': 'indpak', 'title': 'Indian'}]"
53719,Henry Vilas Park Zoo,,4.5,155,"[{'alias': 'zoos', 'title': 'Zoos'}]"
53719,La Bamba,$,3.5,56,"[{'alias': 'mexican', 'title': 'Mexican'}]"
53719,New Seoul Korean,$$,4.0,69,"[{'alias': 'korean', 'title': 'Korean'}]"
53719,Great Dane Pub & Brewing,$$,3.5,221,"[{'alias': 'tradamerican', 'title': 'American (Traditional)'}, {'alias': 'breweries', 'title': 'Breweries'}, {'alias': 'bars', 'title': 'Bars'}]"
53719,Metcalfe's Market,$$$,4.0,36,"[{'alias': 'grocery', 'title': 'Grocery'}, {'alias': 'beer_and_wine', 'title': 'Beer, Wine & Spirits'}, {'alias': 'cafes', 'title': 'Cafes'}]"
53719,Gloria's Mexican Restaurant,$,4.0,91,"[{'alias': 'mexican', 'title': 'Mexican'}]"
53719,Bowl of Heaven,$$,4.5,57,"[{'alias': 'juicebars', 'title': 'Juice Bars & Smoothies'}, {'alias': 'vegan', 'title': 'Vegan'}, {'alias': 'gluten_free', 'title': 'Gluten-Free'}]"
53719,Bagels Forever,$,4.5,99,"[{'alias': 'bagels', 'title': 'Bagels'}]"
53719,Bloom Bake Shop,$$,4.5,89,"[{'alias': 'bakeries', 'title': 'Bakeries'}]"
53719,LongHorn Steakhouse,$$,3.5,77,"[{'alias': 'steak', 'title': 'Steakhouses'}, {'alias': 'tradamerican', 'title': 'American (Traditional)'}, {'alias': 'bbq', 'title': 'Barbeque'}]"
53719,Oakcrest Tavern,$$,4.0,75,"[{'alias': 'tradamerican', 'title': 'American (Traditional)'}, {'alias': 'fishnchips', 'title': 'Fish & Chips'}, {'alias': 'bars', 'title': 'Bars'}]"
53719,Everly,$$,4.0,190,"[{'alias': 'newamerican', 'title': 'American (New)'}, {'alias': 'breakfast_brunch', 'title': 'Breakfast & Brunch'}, {'alias': 'bars', 'title': 'Bars'}]"
53719,Los Atlantes,$,4.5,19,"[{'alias': 'mexican', 'title': 'Mexican'}]"
53719,Barriques Market,$$,4.0,82,"[{'alias': 'coffee', 'title': 'Coffee & Tea'}, {'alias': 'beer_and_wine', 'title': 'Beer, Wine & Spirits'}, {'alias': 'cafes', 'title': 'Cafes'}]"
53719,Ian's Pizza By The Slice,$,4.0,182,"[{'alias': 'pizza', 'title': 'Pizza'}]"
53719,Jordan's Big Ten Pub,$$,4.5,107,"[{'alias': 'tradamerican', 'title': 'American (Traditional)'}, {'alias': 'sportsbars', 'title': 'Sports Bars'}, {'alias': 'pubs', 'title': 'Pubs'}]"
53719,RP Adler's,$$,3.5,80,"[{'alias': 'newamerican', 'title': 'American (New)'}]"
53719,Gates & Brovi,$$,4.0,183,"[{'alias': 'newamerican', 'title': 'American (New)'}, {'alias': 'sportsbars', 'title': 'Sports Bars'}, {'alias': 'breakfast_brunch', 'title': 'Breakfast & Brunch'}]"
53719,Indie Coffee,$,4.5,116,"[{'alias': 'cafes', 'title': 'Cafes'}]"
53719,Mr. Brews Taphouse All American Burgers,$,4.0,102,"[{'alias': 'pubs', 'title': 'Pubs'}, {'alias': 'burgers', 'title': 'Burgers'}]"
53719,Glass Nickel Pizza,$$,4.0,88,"[{'alias': 'pizza', 'title': 'Pizza'}, {'alias': 'sandwiches', 'title': 'Sandwiches'}, {'alias': 'salad', 'title': 'Salad'}]"
53719,Hy-Vee,$$,4.0,63,"[{'alias': 'grocery', 'title': 'Grocery'}, {'alias': 'deptstores', 'title': 'Department Stores'}, {'alias': 'newamerican', 'title': 'American (New)'}]"
53719,Hubbard Avenue Diner,$$,3.5,260,"[{'alias': 'newamerican', 'title': 'American (New)'}, {'alias': 'diners', 'title': 'Diners'}]"
53719,Caracas Empanadas,$,5.0,49,"[{'alias': 'streetvendors', 'title': 'Street Vendors'}, {'alias': 'empanadas', 'title': 'Empanadas'}, {'alias': 'foodtrucks', 'title': 'Food Trucks'}]"
53719,MOD Pizza,$,4.5,72,"[{'alias': 'hotdogs', 'title': 'Fast Food'}, {'alias': 'pizza', 'title': 'Pizza'}]"
53719,Babcock Hall Dairy Store,$,4.5,72,"[{'alias': 'icecream', 'title': 'Ice Cream & Frozen Yogurt'}, {'alias': 'cheese', 'title': 'Cheese Shops'}, {'alias': 'sandwiches', 'title': 'Sandwiches'}]"
53719,Liliana's Restaurant,$$,3.5,248,"[{'alias': 'cajun', 'title': 'Cajun/Creole'}, {'alias': 'gluten_free', 'title': 'Gluten-Free'}, {'alias': 'vegetarian', 'title': 'Vegetarian'}]"
53719,Oliva,$$,3.5,94,"[{'alias': 'mediterranean', 'title': 'Mediterranean'}, {'alias': 'italian', 'title': 'Italian'}]"
53719,Lombardinos Italian Restaurant and Bar,$$,4.0,188,"[{'alias': 'italian', 'title': 'Italian'}, {'alias': 'bars', 'title': 'Bars'}]"
53719,Asian Sweet Bakery,$,4.5,96,"[{'alias': 'bakeries', 'title': 'Bakeries'}, {'alias': 'chinese', 'title': 'Chinese'}]"
53719,Steep & Brew West,$,3.5,31,"[{'alias': 'coffee', 'title': 'Coffee & Tea'}, {'alias': 'icecream', 'title': 'Ice Cream & Frozen Yogurt'}, {'alias': 'juicebars', 'title': 'Juice Bars & Smoothies'}]"
53719,Luigi's,$$,3.5,112,"[{'alias': 'pizza', 'title': 'Pizza'}, {'alias': 'italian', 'title': 'Italian'}]"
53719,Chang Jiang Restaurant,$,3.5,35,"[{'alias': 'chinese', 'title': 'Chinese'}]"
53719,University of Wisconsin-Madison Arboretum,,4.5,19,"[{'alias': 'gardens', 'title': 'Botanical Gardens'}]"
53719,Twist Bar & Grill,$$,3.5,30,"[{'alias': 'newamerican', 'title': 'American (New)'}, {'alias': 'sandwiches', 'title': 'Sandwiches'}, {'alias': 'lounges', 'title': 'Lounges'}]"
53719,Jordandal Cookhouse,$$,4.5,92,"[{'alias': 'tradamerican', 'title': 'American (Traditional)'}]"
53719,The Melting Pot - Madison,$$$,3.0,76,"[{'alias': 'fondue', 'title': 'Fondue'}]"
53719,Pizza Di Roma West,$,3.5,32,"[{'alias': 'pizza', 'title': 'Pizza'}, {'alias': 'italian', 'title': 'Italian'}]"
53719,Compadres Mexican Restaurant,$$,4.5,104,"[{'alias': 'bars', 'title': 'Bars'}, {'alias': 'mexican', 'title': 'Mexican'}]"
53719,EVP Coffee,$,4.0,33,"[{'alias': 'coffee', 'title': 'Coffee & Tea'}]"
53719,Crescendo Espresso Bar + Music Cafe,$,4.5,62,"[{'alias': 'musicvenues', 'title': 'Music Venues'}, {'alias': 'coffee', 'title': 'Coffee & Tea'}]"
53719,Firehouse Subs Mineral Point,$,4.0,36,"[{'alias': 'sandwiches', 'title': 'Sandwiches'}, {'alias': 'hotdogs', 'title': 'Fast Food'}, {'alias': 'delis', 'title': 'Delis'}]"
53719,Schwoegler Park Towne Lanes,$,3.5,29,"[{'alias': 'bowling', 'title': 'Bowling'}, {'alias': 'tradamerican', 'title': 'American (Traditional)'}, {'alias': 'sportsbars', 'title': 'Sports Bars'}]"
53719,Thai Noodles,$$,3.5,100,"[{'alias': 'thai', 'title': 'Thai'}, {'alias': 'noodles', 'title': 'Noodles'}]"
53719,Taigu,$$,4.0,126,"[{'alias': 'chinese', 'title': 'Chinese'}, {'alias': 'noodles', 'title': 'Noodles'}, {'alias': 'soup', 'title': 'Soup'}]"
53719,El Rancho Mexican Grill,$,4.5,69,"[{'alias': 'mexican', 'title': 'Mexican'}]"
53719,Greenbush Bar,$$,4.0,162,"[{'alias': 'italian', 'title': 'Italian'}, {'alias': 'pizza', 'title': 'Pizza'}]"
53719,Sugar River Pizza,$$,4.0,116,"[{'alias': 'pizza', 'title': 'Pizza'}, {'alias': 'sandwiches', 'title': 'Sandwiches'}]"
53719,Amber Indian Cuisine,$$,4.0,111,"[{'alias': 'indpak', 'title': 'Indian'}, {'alias': 'buffets', 'title': 'Buffets'}]"
53719,SoHo Gourmet Cuisines,$,4.0,107,"[{'alias': 'asianfusion', 'title': 'Asian Fusion'}, {'alias': 'catering', 'title': 'Caterers'}]"
53719,Metcalfe's Market,$$,4.0,88,"[{'alias': 'grocery', 'title': 'Grocery'}, {'alias': 'florists', 'title': 'Florists'}, {'alias': 'cafes', 'title': 'Cafes'}]"
53719,Craftsman Table & Tap,$$,3.5,216,"[{'alias': 'gastropubs', 'title': 'Gastropubs'}, {'alias': 'tradamerican', 'title': 'American (Traditional)'}, {'alias': 'breakfast_brunch', 'title': 'Breakfast & Brunch'}]"
53719,Estacion Inka,$,4.5,73,"[{'alias': 'peruvian', 'title': 'Peruvian'}, {'alias': 'sandwiches', 'title': 'Sandwiches'}, {'alias': 'salad', 'title': 'Salad'}]"
53719,Funk's Pub,$$,4.0,61,"[{'alias': 'pubs', 'title': 'Pubs'}, {'alias': 'musicvenues', 'title': 'Music Venues'}, {'alias': 'tradamerican', 'title': 'American (Traditional)'}]"
53719,Rising Sons,$$,4.0,50,"[{'alias': 'thai', 'title': 'Thai'}, {'alias': 'asianfusion', 'title': 'Asian Fusion'}]"
53719,Madison Chocolate Company,$$,4.5,33,"[{'alias': 'chocolate', 'title': 'Chocolatiers & Shops'}, {'alias': 'cafes', 'title': 'Cafes'}]"
53719,Oliver's Public House,$$,3.5,192,"[{'alias': 'newamerican', 'title': 'American (New)'}, {'alias': 'breakfast_brunch', 'title': 'Breakfast & Brunch'}]"
53719,The Free House Pub,$$,3.5,181,"[{'alias': 'pubs', 'title': 'Pubs'}, {'alias': 'tradamerican', 'title': 'American (Traditional)'}]"
53719,New Orleans Take-Out,$,4.0,107,"[{'alias': 'cajun', 'title': 'Cajun/Creole'}]"
53719,Pancake Cafe,$$,3.0,142,"[{'alias': 'breakfast_brunch', 'title': 'Breakfast & Brunch'}]"
53719,Jason's Deli,$,3.0,49,"[{'alias': 'delis', 'title': 'Delis'}, {'alias': 'sandwiches', 'title': 'Sandwiches'}, {'alias': 'salad', 'title': 'Salad'}]"
53719,The Mason Lounge,$,4.5,60,"[{'alias': 'lounges', 'title': 'Lounges'}]"
53719,Olive Garden Italian Restaurant,$$,3.0,60,"[{'alias': 'italian', 'title': 'Italian'}, {'alias': 'salad', 'title': 'Salad'}]"
53719,Fleming's Prime Steakhouse & Wine Bar,$$$,3.5,122,"[{'alias': 'steak', 'title': 'Steakhouses'}, {'alias': 'wine_bars', 'title': 'Wine Bars'}, {'alias': 'seafood', 'title': 'Seafood'}]"
53719,HuHot Mongolian Grill,$$,3.0,139,"[{'alias': 'mongolian', 'title': 'Mongolian'}, {'alias': 'chinese', 'title': 'Chinese'}, {'alias': 'asianfusion', 'title': 'Asian Fusion'}]"
53719,Louisianne's,$$$,4.0,106,"[{'alias': 'cajun', 'title': 'Cajun/Creole'}, {'alias': 'seafood', 'title': 'Seafood'}]"
53719,Freska Mediterranean Grill,$,4.0,92,"[{'alias': 'mediterranean', 'title': 'Mediterranean'}]"
53719,The Village Green Bar & Grill,$,4.0,94,"[{'alias': 'bars', 'title': 'Bars'}, {'alias': 'tradamerican', 'title': 'American (Traditional)'}]"
53719,Vin Santo,$$,4.0,125,"[{'alias': 'italian', 'title': 'Italian'}]"
53719,Villa Dolce Cafe,$$,4.0,103,"[{'alias': 'italian', 'title': 'Italian'}, {'alias': 'pizza', 'title': 'Pizza'}, {'alias': 'wine_bars', 'title': 'Wine Bars'}]"
53719,Chang Jiang,$,3.5,32,"[{'alias': 'chinese', 'title': 'Chinese'}]"
53719,Chazen Museum of Art,,4.5,38,"[{'alias': 'artmuseums', 'title': 'Art Museums'}]"
53719,Village Bar,$,4.5,54,"[{'alias': 'pubs', 'title': 'Pubs'}, {'alias': 'burgers', 'title': 'Burgers'}, {'alias': 'tradamerican', 'title': 'American (Traditional)'}]"
53719,Colectivo Coffee,$$,4.0,70,"[{'alias': 'coffee', 'title': 'Coffee & Tea'}]"
53719,Forage Kitchen,$$,4.0,86,"[{'alias': 'salad', 'title': 'Salad'}, {'alias': 'juicebars', 'title': 'Juice Bars & Smoothies'}]"
53719,Blue Moon Bar & Grill,$,4.0,111,"[{'alias': 'burgers', 'title': 'Burgers'}, {'alias': 'sportsbars', 'title': 'Sports Bars'}, {'alias': 'poolhalls', 'title': 'Pool Halls'}]"
53719,Fresh Cool Drinks,$,5.0,25,"[{'alias': 'thai', 'title': 'Thai'}, {'alias': 'foodstands', 'title': 'Food Stands'}, {'alias': 'juicebars', 'title': 'Juice Bars & Smoothies'}]"
53719,Johnny's Italian Steakhouse,$$,3.5,199,"[{'alias': 'italian', 'title': 'Italian'}, {'alias': 'steak', 'title': 'Steakhouses'}]"
53719,Biaggi's Ristorante Italiano,$$,3.5,166,"[{'alias': 'italian', 'title': 'Italian'}]"
53719,Ichiban Sichuan,$$,3.5,186,"[{'alias': 'chinese', 'title': 'Chinese'}]"
53719,Tapatios,$,4.5,59,"[{'alias': 'mexican', 'title': 'Mexican'}]"
53719,Happy Wok,$,3.5,38,"[{'alias': 'chinese', 'title': 'Chinese'}]"
53719,Bonfyre American Grille,$$,3.5,241,"[{'alias': 'tradamerican', 'title': 'American (Traditional)'}, {'alias': 'beerbar', 'title': 'Beer Bar'}, {'alias': 'cocktailbars', 'title': 'Cocktail Bars'}]"
53719,Sunroom Cafe,$,3.5,177,"[{'alias': 'breakfast_brunch', 'title': 'Breakfast & Brunch'}, {'alias': 'cafes', 'title': 'Cafes'}, {'alias': 'salad', 'title': 'Salad'}]"
53719,Barriques - Monroe St.,$,4.0,66,"[{'alias': 'beer_and_wine', 'title': 'Beer, Wine & Spirits'}, {'alias': 'coffee', 'title': 'Coffee & Tea'}, {'alias': 'cafes', 'title': 'Cafes'}]"
53719,The Great Dane Pub & Brewing Company,$$,3.5,138,"[{'alias': 'tradamerican', 'title': 'American (Traditional)'}, {'alias': 'pubs', 'title': 'Pubs'}, {'alias': 'breweries', 'title': 'Breweries'}]"
53719,The Sow's Ear,$,4.5,52,"[{'alias': 'artsandcrafts', 'title': 'Arts & Crafts'}, {'alias': 'artclasses', 'title': 'Art Classes'}, {'alias': 'cafes', 'title': 'Cafes'}]"
53719,Pancake Cafe,$$,2.5,61,"[{'alias': 'tradamerican', 'title': 'American (Traditional)'}, {'alias': 'breakfast_brunch', 'title': 'Breakfast & Brunch'}, {'alias': 'sandwiches', 'title': 'Sandwiches'}]"
53719,Copper Top Restaurant,$,3.5,36,"[{'alias': 'breakfast_brunch', 'title': 'Breakfast & Brunch'}]"
53719,El Grito Taqueria,$,5.0,27,"[{'alias': 'foodtrucks', 'title': 'Food Trucks'}, {'alias': 'mexican', 'title': 'Mexican'}, {'alias': 'catering', 'title': 'Caterers'}]"
53719,Sofra Family Bistro,$$,4.0,111,"[{'alias': 'breakfast_brunch', 'title': 'Breakfast & Brunch'}]"
53719,Badger Tavern,$,4.5,22,"[{'alias': 'bars', 'title': 'Bars'}, {'alias': 'newamerican', 'title': 'American (New)'}]"
53719,World Buffet,$$,3.0,62,"[{'alias': 'buffets', 'title': 'Buffets'}, {'alias': 'chinese', 'title': 'Chinese'}, {'alias': 'mongolian', 'title': 'Mongolian'}]"
53719,Pizza Pit Extreme,$,3.0,29,"[{'alias': 'pizza', 'title': 'Pizza'}, {'alias': 'chicken_wings', 'title': 'Chicken Wings'}, {'alias': 'sandwiches', 'title': 'Sandwiches'}]"
53719,Daily Scoop In Memorial Union,$,4.5,53,"[{'alias': 'icecream', 'title': 'Ice Cream & Frozen Yogurt'}]"
53719,Strings Ramen,$$,4.0,98,"[{'alias': 'ramen', 'title': 'Ramen'}]"
53719,Taste of India,$$,4.0,64,"[{'alias': 'indpak', 'title': 'Indian'}]"
53719,Café Zupas,$$,4.0,68,"[{'alias': 'salad', 'title': 'Salad'}, {'alias': 'soup', 'title': 'Soup'}, {'alias': 'sandwiches', 'title': 'Sandwiches'}]"
53719,Saigon Sandwich Madison,$,4.5,33,"[{'alias': 'foodtrucks', 'title': 'Food Trucks'}, {'alias': 'sandwiches', 'title': 'Sandwiches'}]"
53719,Porter,$,4.0,61,"[{'alias': 'coffee', 'title': 'Coffee & Tea'}, {'alias': 'breakfast_brunch', 'title': 'Breakfast & Brunch'}, {'alias': 'sandwiches', 'title': 'Sandwiches'}]"
53719,La Brioche True Food,$$,3.5,191,"[{'alias': 'breakfast_brunch', 'title': 'Breakfast & Brunch'}, {'alias': 'newamerican', 'title': 'American (New)'}, {'alias': 'pizza', 'title': 'Pizza'}]"
53719,1847 At the Stamm House,$$,3.5,137,"[{'alias': 'supperclubs', 'title': 'Supper Clubs'}, {'alias': 'tradamerican', 'title': 'American (Traditional)'}, {'alias': 'gastropubs', 'title': 'Gastropubs'}]"
53719,Mid Town Pub,$$,4.0,80,"[{'alias': 'tradamerican', 'title': 'American (Traditional)'}, {'alias': 'sportsbars', 'title': 'Sports Bars'}]"
53719,Gyro Express,$,4.0,17,"[{'alias': 'hotdogs', 'title': 'Fast Food'}, {'alias': 'greek', 'title': 'Greek'}]"
53719,Elver Park,,4.5,7,"[{'alias': 'parks', 'title': 'Parks'}]"
53719,Sarku Japan,$,4.0,15,"[{'alias': 'japanese', 'title': 'Japanese'}]"
53719,Willy Street Co-op - West,$$,4.5,51,"[{'alias': 'grocery', 'title': 'Grocery'}, {'alias': 'bakeries', 'title': 'Bakeries'}, {'alias': 'delis', 'title': 'Delis'}]"
53719,K Peppers,$$,3.5,113,"[{'alias': 'asianfusion', 'title': 'Asian Fusion'}, {'alias': 'korean', 'title': 'Korean'}]"
53719,Luang Prabang,$,4.5,37,"[{'alias': 'thai', 'title': 'Thai'}, {'alias': 'foodstands', 'title': 'Food Stands'}]"
53719,Barriques,$$,3.5,54,"[{'alias': 'coffee', 'title': 'Coffee & Tea'}, {'alias': 'beer_and_wine', 'title': 'Beer, Wine & Spirits'}]"
53719,Roast Public House,$$,3.5,176,"[{'alias': 'sandwiches', 'title': 'Sandwiches'}, {'alias': 'pubs', 'title': 'Pubs'}, {'alias': 'salad', 'title': 'Salad'}]"
53719,El Pastor,$,4.0,92,"[{'alias': 'mexican', 'title': 'Mexican'}]"
53719,Poke It Up,,4.5,48,"[{'alias': 'sushi', 'title': 'Sushi Bars'}, {'alias': 'poke', 'title': 'Poke'}, {'alias': 'hawaiian', 'title': 'Hawaiian'}]"
53719,Takara 88,$$,4.0,74,"[{'alias': 'japanese', 'title': 'Japanese'}, {'alias': 'sushi', 'title': 'Sushi Bars'}]"
53719,Toot + Kate's winebar,$$,4.5,32,"[{'alias': 'wine_bars', 'title': 'Wine Bars'}]"
53719,Lupe's Taqueria,$,4.0,58,"[{'alias': 'mexican', 'title': 'Mexican'}]"
53719,Rockhound Brewing Company,$$,3.5,141,"[{'alias': 'breweries', 'title': 'Breweries'}, {'alias': 'comfortfood', 'title': 'Comfort Food'}]"
53719,Fit Fresh Cuisine,$$,4.0,15,"[{'alias': 'juicebars', 'title': 'Juice Bars & Smoothies'}, {'alias': 'gluten_free', 'title': 'Gluten-Free'}]"
53719,Craig's Cake Shop,$$$,4.5,36,"[{'alias': 'bakeries', 'title': 'Bakeries'}, {'alias': 'desserts', 'title': 'Desserts'}]"
53719,Gigi's Cupcakes of Madison,$$,3.5,95,"[{'alias': 'bakeries', 'title': 'Bakeries'}, {'alias': 'desserts', 'title': 'Desserts'}, {'alias': 'cupcakes', 'title': 'Cupcakes'}]"
53719,Taqueria Gonzalez,$,4.0,54,"[{'alias': 'mexican', 'title': 'Mexican'}, {'alias': 'intlgrocery', 'title': 'International Grocery'}]"
53719,Ancora Coffee,$,4.0,50,"[{'alias': 'coffeeroasteries', 'title': 'Coffee Roasteries'}, {'alias': 'cafes', 'title': 'Cafes'}]"
53719,Fuji Sushi & Hibachi,$$,3.5,140,"[{'alias': 'sushi', 'title': 'Sushi Bars'}, {'alias': 'japanese', 'title': 'Japanese'}]"
53719,Curry in the Box,$,3.5,85,"[{'alias': 'indpak', 'title': 'Indian'}, {'alias': 'thai', 'title': 'Thai'}]"
53719,Stella's Bakery,$$,4.5,47,"[{'alias': 'bakeries', 'title': 'Bakeries'}]"
53719,Wings Over Madison,$,3.5,103,"[{'alias': 'chicken_wings', 'title': 'Chicken Wings'}, {'alias': 'tradamerican', 'title': 'American (Traditional)'}, {'alias': 'bbq', 'title': 'Barbeque'}]"
53719,Bennett's Meadowood Country Club,$,3.5,27,"[{'alias': 'divebars', 'title': 'Dive Bars'}, {'alias': 'burgers', 'title': 'Burgers'}, {'alias': 'breakfast_brunch', 'title': 'Breakfast & Brunch'}]"
53719,Miller & Sons Supermarket,$$,4.5,33,"[{'alias': 'grocery', 'title': 'Grocery'}, {'alias': 'bakeries', 'title': 'Bakeries'}, {'alias': 'beer_and_wine', 'title': 'Beer, Wine & Spirits'}]"
53719,Sa-Bai Thong,$$,3.5,141,"[{'alias': 'thai', 'title': 'Thai'}]"
53719,The Curve,$,4.0,71,"[{'alias': 'diners', 'title': 'Diners'}, {'alias': 'breakfast_brunch', 'title': 'Breakfast & Brunch'}]"
53719,Orient House,$$,3.5,127,"[{'alias': 'chinese', 'title': 'Chinese'}]"
53719,Curry in the Box,$,3.5,74,"[{'alias': 'indpak', 'title': 'Indian'}, {'alias': 'thai', 'title': 'Thai'}]"
53719,My Sister's Kitchen,$,4.0,49,"[{'alias': 'breakfast_brunch', 'title': 'Breakfast & Brunch'}, {'alias': 'tradamerican', 'title': 'American (Traditional)'}]"
53719,Westside Community Market,,4.5,12,"[{'alias': 'localflavor', 'title': 'Local Flavor'}]"
53719,Ramen King-kid,$,3.5,119,"[{'alias': 'ramen', 'title': 'Ramen'}, {'alias': 'asianfusion', 'title': 'Asian Fusion'}]"
53719,Pizza Brutta,$$,4.0,43,"[{'alias': 'pizza', 'title': 'Pizza'}]"
53719,Culver's,$,3.5,25,"[{'alias': 'hotdogs', 'title': 'Fast Food'}, {'alias': 'icecream', 'title': 'Ice Cream & Frozen Yogurt'}, {'alias': 'burgers', 'title': 'Burgers'}]"
53719,Chili's,$$,3.0,41,"[{'alias': 'bars', 'title': 'Bars'}, {'alias': 'tex-mex', 'title': 'Tex-Mex'}, {'alias': 'tradamerican', 'title': 'American (Traditional)'}]"
53719,Cargo Coffee,$,4.5,39,"[{'alias': 'coffee', 'title': 'Coffee & Tea'}]"
53719,Michael's Frozen Custard,$$,3.0,37,"[{'alias': 'icecream', 'title': 'Ice Cream & Frozen Yogurt'}]"
53719,Nitty Gritty - Madison,$$,3.0,166,"[{'alias': 'bars', 'title': 'Bars'}, {'alias': 'tradamerican', 'title': 'American (Traditional)'}]"
53719,Cheba Hut Toasted Subs,$,4.0,58,"[{'alias': 'sandwiches', 'title': 'Sandwiches'}]"
53719,Nitty Gritty Middleton,$$,3.5,57,"[{'alias': 'tradamerican', 'title': 'American (Traditional)'}, {'alias': 'sportsbars', 'title': 'Sports Bars'}]"
53719,Chocolate Shoppe Ice Cream,$,3.5,27,"[{'alias': 'icecream', 'title': 'Ice Cream & Frozen Yogurt'}]"
53719,Atomic Koi,$$,4.0,59,"[{'alias': 'lounges', 'title': 'Lounges'}, {'alias': 'cocktailbars', 'title': 'Cocktail Bars'}]"
53719,Sushi Express,$$,3.5,80,"[{'alias': 'japanese', 'title': 'Japanese'}, {'alias': 'sushi', 'title': 'Sushi Bars'}]"
53719,Draft House Bar & Restaurant,$$,3.5,60,"[{'alias': 'tradamerican', 'title': 'American (Traditional)'}, {'alias': 'sportsbars', 'title': 'Sports Bars'}]"
53719,Naf Naf Grill,$,4.0,72,"[{'alias': 'mideastern', 'title': 'Middle Eastern'}, {'alias': 'salad', 'title': 'Salad'}, {'alias': 'falafel', 'title': 'Falafel'}]"
53719,Sweet Home Wisconsin,$$,4.5,33,"[{'alias': 'hotdog', 'title': 'Hot Dogs'}, {'alias': 'burgers', 'title': 'Burgers'}, {'alias': 'sandwiches', 'title': 'Sandwiches'}]"
53719,State Street Brats,$,3.0,202,"[{'alias': 'tradamerican', 'title': 'American (Traditional)'}, {'alias': 'sportsbars', 'title': 'Sports Bars'}]"
53719,C's Restaurant Bakery and Coffee Shop,$,4.0,44,"[{'alias': 'bakeries', 'title': 'Bakeries'}, {'alias': 'donuts', 'title': 'Donuts'}, {'alias': 'tradamerican', 'title': 'American (Traditional)'}]"
53719,Surya Cafe,$$,4.5,23,"[{'alias': 'vegetarian', 'title': 'Vegetarian'}, {'alias': 'coffee', 'title': 'Coffee & Tea'}, {'alias': 'breakfast_brunch', 'title': 'Breakfast & Brunch'}]"
53719,Chocolaterian,$$,4.5,19,"[{'alias': 'desserts', 'title': 'Desserts'}, {'alias': 'cafes', 'title': 'Cafes'}, {'alias': 'breakfast_brunch', 'title': 'Breakfast & Brunch'}]"
53719,Nam's Noodle,$$,3.5,101,"[{'alias': 'noodles', 'title': 'Noodles'}]"
53719,Panera Bread,$,3.0,29,"[{'alias': 'sandwiches', 'title': 'Sandwiches'}, {'alias': 'salad', 'title': 'Salad'}, {'alias': 'soup', 'title': 'Soup'}]"
53719,Ruth's Chris Steak House,$$$,3.5,110,"[{'alias': 'steak', 'title': 'Steakhouses'}]"
53719,Poke Plus & Teriyaki,$$,4.5,29,"[{'alias': 'hawaiian', 'title': 'Hawaiian'}, {'alias': 'poke', 'title': 'Poke'}]"
53719,Parkway Family Restaurant,$,4.0,49,"[{'alias': 'newamerican', 'title': 'American (New)'}, {'alias': 'breakfast_brunch', 'title': 'Breakfast & Brunch'}]"
53719,Chin's Asia Fresh,$$,3.0,64,"[{'alias': 'chinese', 'title': 'Chinese'}]"
53719,The Thirsty Goat,$$,3.0,132,"[{'alias': 'tradamerican', 'title': 'American (Traditional)'}, {'alias': 'bbq', 'title': 'Barbeque'}]"
53719,Noodles & Company,$,2.5,40,"[{'alias': 'noodles', 'title': 'Noodles'}]"
53719,Pasqual's Cantina,$$,3.0,151,"[{'alias': 'tex-mex', 'title': 'Tex-Mex'}, {'alias': 'mexican', 'title': 'Mexican'}, {'alias': 'bars', 'title': 'Bars'}]"
53719,Michael's Frozen Custard,$,3.5,71,"[{'alias': 'burgers', 'title': 'Burgers'}, {'alias': 'icecream', 'title': 'Ice Cream & Frozen Yogurt'}]"
53719,Vintage Spirits & Grill,$,4.0,57,"[{'alias': 'breakfast_brunch', 'title': 'Breakfast & Brunch'}, {'alias': 'newamerican', 'title': 'American (New)'}, {'alias': 'beerbar', 'title': 'Beer Bar'}]"
53719,Gus's Diner - Verona,$$,4.0,32,"[{'alias': 'diners', 'title': 'Diners'}]"
53719,Camp Trippalindee,$$,4.0,41,"[{'alias': 'newamerican', 'title': 'American (New)'}, {'alias': 'bars', 'title': 'Bars'}]"
53719,Me & Julio,$$,3.0,136,"[{'alias': 'mexican', 'title': 'Mexican'}, {'alias': 'tradamerican', 'title': 'American (Traditional)'}, {'alias': 'tex-mex', 'title': 'Tex-Mex'}]"
53719,Barriques,$,4.0,56,"[{'alias': 'coffee', 'title': 'Coffee & Tea'}, {'alias': 'cafes', 'title': 'Cafes'}]"
53719,Monk's Bar & Grill - Middleton,$$,3.5,76,"[{'alias': 'sportsbars', 'title': 'Sports Bars'}, {'alias': 'tradamerican', 'title': 'American (Traditional)'}]"
53719,Rising Sons Deli,$,3.5,94,"[{'alias': 'thai', 'title': 'Thai'}]"
53719,Ramen Station,$$,3.5,93,"[{'alias': 'ramen', 'title': 'Ramen'}]"
53719,Badger Prairie Park,,4.5,13,"[{'alias': 'dog_parks', 'title': 'Dog Parks'}, {'alias': 'playgrounds', 'title': 'Playgrounds'}]"
53719,Culver's,$,4.0,57,"[{'alias': 'burgers', 'title': 'Burgers'}, {'alias': 'hotdogs', 'title': 'Fast Food'}, {'alias': 'icecream', 'title': 'Ice Cream & Frozen Yogurt'}]"
53719,Great Wall,$$,3.5,24,"[{'alias': 'chinese', 'title': 'Chinese'}]"
53719,Imperial Garden,$$,3.0,96,"[{'alias': 'chinese', 'title': 'Chinese'}]"
53719,ZuZu Cafe & Market,$,3.5,67,"[{'alias': 'icecream', 'title': 'Ice Cream & Frozen Yogurt'}, {'alias': 'coffee', 'title': 'Coffee & Tea'}, {'alias': 'breakfast_brunch', 'title': 'Breakfast & Brunch'}]"
53719,Ten Pin Alley,$$,3.5,24,"[{'alias': 'bowling', 'title': 'Bowling'}, {'alias': 'sportsbars', 'title': 'Sports Bars'}]"
53719,QDOBA Mexican Eats,$,3.5,12,"[{'alias': 'hotdogs', 'title': 'Fast Food'}, {'alias': 'mexican', 'title': 'Mexican'}]"
53719,Roman Candle Pizzeria,$$,3.5,100,"[{'alias': 'pizza', 'title': 'Pizza'}]"
53719,Two Sisters Bakery And Cafe,,4.5,7,"[{'alias': 'bakeries', 'title': 'Bakeries'}]"
53719,Barriques - Middleton,$,3.5,58,"[{'alias': 'coffee', 'title': 'Coffee & Tea'}, {'alias': 'beer_and_wine', 'title': 'Beer, Wine & Spirits'}]"
53719,Chipotle Mexican Grill,$,3.0,43,"[{'alias': 'mexican', 'title': 'Mexican'}, {'alias': 'hotdogs', 'title': 'Fast Food'}]"
53719,4 Sisters Restaurant,$$,4.0,35,"[{'alias': 'tapasmallplates', 'title': 'Tapas/Small Plates'}, {'alias': 'wine_bars', 'title': 'Wine Bars'}, {'alias': 'seafood', 'title': 'Seafood'}]"
53719,Rolling Pin Bake Shop,$$,3.5,61,"[{'alias': 'bakeries', 'title': 'Bakeries'}]"
53719,Alt' N Bach's Town Tap,$,4.0,41,"[{'alias': 'divebars', 'title': 'Dive Bars'}, {'alias': 'tradamerican', 'title': 'American (Traditional)'}, {'alias': 'sportsbars', 'title': 'Sports Bars'}]"
53719,China Kitchen,$,3.5,16,"[{'alias': 'chinese', 'title': 'Chinese'}]"
53719,Dave & Buster's,$$,2.0,72,"[{'alias': 'tradamerican', 'title': 'American (Traditional)'}, {'alias': 'bars', 'title': 'Bars'}, {'alias': 'arcades', 'title': 'Arcades'}]"
53719,La Hacienda,$,3.5,105,"[{'alias': 'mexican', 'title': 'Mexican'}]"
53719,Jet's Pizza,$$,4.5,23,"[{'alias': 'pizza', 'title': 'Pizza'}]"
53719,Tuvalu Coffehouse & Gallery,$,4.0,46,"[{'alias': 'artsandcrafts', 'title': 'Arts & Crafts'}, {'alias': 'sandwiches', 'title': 'Sandwiches'}, {'alias': 'coffee', 'title': 'Coffee & Tea'}]"
53719,The Egg & I,$,3.0,112,"[{'alias': 'breakfast_brunch', 'title': 'Breakfast & Brunch'}, {'alias': 'cafes', 'title': 'Cafes'}, {'alias': 'tradamerican', 'title': 'American (Traditional)'}]"
53719,"MOOYAH Burgers, Fries & Shakes",$,4.0,45,"[{'alias': 'burgers', 'title': 'Burgers'}, {'alias': 'hotdog', 'title': 'Hot Dogs'}, {'alias': 'icecream', 'title': 'Ice Cream & Frozen Yogurt'}]"
53719,Outback Steakhouse,$$,2.5,66,"[{'alias': 'steak', 'title': 'Steakhouses'}]"
53719,The Klassik Tavern,$$,4.0,42,"[{'alias': 'tradamerican', 'title': 'American (Traditional)'}, {'alias': 'bars', 'title': 'Bars'}]"
53719,Taj Indian Restaurant,$$,3.5,67,"[{'alias': 'indpak', 'title': 'Indian'}, {'alias': 'vegetarian', 'title': 'Vegetarian'}]"
53719,Pancheros Mexican Grill,$,3.0,30,"[{'alias': 'mexican', 'title': 'Mexican'}]"
53719,Mr. Brews Taphouse,$$,3.5,47,"[{'alias': 'tradamerican', 'title': 'American (Traditional)'}]"
53719,Martin O'Grady Irish Pub & Grill,$$,2.5,45,"[{'alias': 'tradamerican', 'title': 'American (Traditional)'}, {'alias': 'irish_pubs', 'title': 'Irish Pub'}]"
53719,Glass Nickel Pizza,$$,3.0,38,"[{'alias': 'pizza', 'title': 'Pizza'}, {'alias': 'sandwiches', 'title': 'Sandwiches'}, {'alias': 'salad', 'title': 'Salad'}]"
53719,Colectivo Coffee,$,3.5,51,"[{'alias': 'coffee', 'title': 'Coffee & Tea'}, {'alias': 'sandwiches', 'title': 'Sandwiches'}]"
53719,The Verona Woods,$$,3.5,87,"[{'alias': 'newamerican', 'title': 'American (New)'}]"
53719,Oasis Cafe,$,4.5,22,"[{'alias': 'coffee', 'title': 'Coffee & Tea'}]"
53719,Wendy's,$,3.0,14,"[{'alias': 'hotdogs', 'title': 'Fast Food'}, {'alias': 'burgers', 'title': 'Burgers'}]"
53719,Smoky's Club,$$$,3.5,76,"[{'alias': 'steak', 'title': 'Steakhouses'}, {'alias': 'diners', 'title': 'Diners'}, {'alias': 'seafood', 'title': 'Seafood'}]"
53719,Akari Sushi,$$,3.0,12,"[{'alias': 'japanese', 'title': 'Japanese'}, {'alias': 'sushi', 'title': 'Sushi Bars'}]"
53719,Longtable Beer Cafe,$$,3.5,57,"[{'alias': 'bars', 'title': 'Bars'}, {'alias': 'newamerican', 'title': 'American (New)'}]"
53719,Noosh,$$,4.5,15,"[{'alias': 'mideastern', 'title': 'Middle Eastern'}]"
53719,Chipotle Mexican Grill,$,4.0,41,"[{'alias': 'mexican', 'title': 'Mexican'}, {'alias': 'hotdogs', 'title': 'Fast Food'}]"
53719,Benvenuto's Italian Grill,$$,3.0,37,"[{'alias': 'italian', 'title': 'Italian'}, {'alias': 'wine_bars', 'title': 'Wine Bars'}, {'alias': 'tradamerican', 'title': 'American (Traditional)'}]"
53719,Licari's Bar and Grill,$,4.0,24,"[{'alias': 'divebars', 'title': 'Dive Bars'}, {'alias': 'tradamerican', 'title': 'American (Traditional)'}, {'alias': 'fishnchips', 'title': 'Fish & Chips'}]"
53719,Dunkin' Donuts,$,2.5,27,"[{'alias': 'donuts', 'title': 'Donuts'}, {'alias': 'coffee', 'title': 'Coffee & Tea'}]"
53719,La Concha,$,4.0,22,"[{'alias': 'bakeries', 'title': 'Bakeries'}, {'alias': 'mexican', 'title': 'Mexican'}, {'alias': 'delis', 'title': 'Delis'}]"
53719,Chili King,$$,4.0,33,"[{'alias': 'chinese', 'title': 'Chinese'}]"
53719,Panera Bread,$,3.0,32,"[{'alias': 'sandwiches', 'title': 'Sandwiches'}, {'alias': 'salad', 'title': 'Salad'}, {'alias': 'soup', 'title': 'Soup'}]"
53719,Prairie Cafe & Bakery,$$,3.5,43,"[{'alias': 'coffee', 'title': 'Coffee & Tea'}, {'alias': 'breakfast_brunch', 'title': 'Breakfast & Brunch'}, {'alias': 'sandwiches', 'title': 'Sandwiches'}]"
53719,Starbucks,$$,3.5,44,"[{'alias': 'coffee', 'title': 'Coffee & Tea'}]"
53719,World of Beer,$$,3.5,65,"[{'alias': 'tradamerican', 'title': 'American (Traditional)'}, {'alias': 'beerbar', 'title': 'Beer Bar'}]"
53719,Famous Dave's Bar-B-Que,$$,3.0,73,"[{'alias': 'bbq', 'title': 'Barbeque'}, {'alias': 'comfortfood', 'title': 'Comfort Food'}, {'alias': 'tradamerican', 'title': 'American (Traditional)'}]"
53719,Zoup!,$,3.5,37,"[{'alias': 'salad', 'title': 'Salad'}, {'alias': 'soup', 'title': 'Soup'}, {'alias': 'sandwiches', 'title': 'Sandwiches'}]"
53719,Edo Japanese Restaurant,$$,3.0,102,"[{'alias': 'japanese', 'title': 'Japanese'}]"
53719,Buffalo Wild Wings,$$,2.5,60,"[{'alias': 'chicken_wings', 'title': 'Chicken Wings'}, {'alias': 'tradamerican', 'title': 'American (Traditional)'}, {'alias': 'sportsbars', 'title': 'Sports Bars'}]"
53719,Anointed One,$$,3.5,19,"[{'alias': 'soulfood', 'title': 'Soul Food'}]"
53719,Denny's,$,2.5,25,"[{'alias': 'diners', 'title': 'Diners'}, {'alias': 'breakfast_brunch', 'title': 'Breakfast & Brunch'}, {'alias': 'tradamerican', 'title': 'American (Traditional)'}]"
53719,Teriyaki Sushi Express,$,4.0,33,"[{'alias': 'japanese', 'title': 'Japanese'}]"
53719,Potbelly Sandwich Shop,$,3.0,13,"[{'alias': 'sandwiches', 'title': 'Sandwiches'}, {'alias': 'hotdogs', 'title': 'Fast Food'}, {'alias': 'salad', 'title': 'Salad'}]"
53719,Umami Buns,$,4.0,22,"[{'alias': 'foodtrucks', 'title': 'Food Trucks'}, {'alias': 'japanese', 'title': 'Japanese'}, {'alias': 'asianfusion', 'title': 'Asian Fusion'}]"
53719,Village Pizza,,5.0,12,"[{'alias': 'pizza', 'title': 'Pizza'}, {'alias': 'tradamerican', 'title': 'American (Traditional)'}]"
53719,Benvenuto's Italian Grill,$$,3.0,73,"[{'alias': 'italian', 'title': 'Italian'}, {'alias': 'bars', 'title': 'Bars'}]"
53719,Der Rathskeller,$,3.5,36,"[{'alias': 'tradamerican', 'title': 'American (Traditional)'}, {'alias': 'beer_and_wine', 'title': 'Beer, Wine & Spirits'}, {'alias': 'sandwiches', 'title': 'Sandwiches'}]"
53719,Potbelly Sandwich Shop,$,3.5,41,"[{'alias': 'sandwiches', 'title': 'Sandwiches'}, {'alias': 'hotdogs', 'title': 'Fast Food'}, {'alias': 'salad', 'title': 'Salad'}]"
53719,Dickey's Barbecue Pit,$,3.5,43,"[{'alias': 'bbq', 'title': 'Barbeque'}, {'alias': 'tradamerican', 'title': 'American (Traditional)'}, {'alias': 'southern', 'title': 'Southern'}]"
53719,Monkeyshines Bar & Grill,$,3.0,30,"[{'alias': 'tradamerican', 'title': 'American (Traditional)'}, {'alias': 'bars', 'title': 'Bars'}, {'alias': 'burgers', 'title': 'Burgers'}]"
53719,Applebee's Grill + Bar,$$,2.0,60,"[{'alias': 'sportsbars', 'title': 'Sports Bars'}, {'alias': 'burgers', 'title': 'Burgers'}, {'alias': 'tradamerican', 'title': 'American (Traditional)'}]"
53719,Allen Centennial Gardens,,4.5,10,"[{'alias': 'parks', 'title': 'Parks'}]"
53719,Culver's,$,4.0,26,"[{'alias': 'icecream', 'title': 'Ice Cream & Frozen Yogurt'}, {'alias': 'burgers', 'title': 'Burgers'}, {'alias': 'hotdogs', 'title': 'Fast Food'}]"
53719,QQ Express,$,3.5,57,"[{'alias': 'chinese', 'title': 'Chinese'}]"
53719,The Sett,$,4.0,25,"[{'alias': 'newamerican', 'title': 'American (New)'}, {'alias': 'recreation', 'title': 'Recreation Centers'}, {'alias': 'musicvenues', 'title': 'Music Venues'}]"
53719,The Library Cafe & Bar,$$,3.5,46,"[{'alias': 'coffee', 'title': 'Coffee & Tea'}, {'alias': 'lounges', 'title': 'Lounges'}, {'alias': 'tradamerican', 'title': 'American (Traditional)'}]"
53719,Pots n Tots,,5.0,3,"[{'alias': 'comfortfood', 'title': 'Comfort Food'}, {'alias': 'sandwiches', 'title': 'Sandwiches'}]"
53719,EVP Coffee,$,4.5,13,"[{'alias': 'coffee', 'title': 'Coffee & Tea'}]"
53719,Jersey Mike's Subs,$,4.0,23,"[{'alias': 'sandwiches', 'title': 'Sandwiches'}, {'alias': 'hotdogs', 'title': 'Fast Food'}, {'alias': 'delis', 'title': 'Delis'}]"
53719,McDonald's,$,3.0,15,"[{'alias': 'hotdogs', 'title': 'Fast Food'}, {'alias': 'burgers', 'title': 'Burgers'}, {'alias': 'coffee', 'title': 'Coffee & Tea'}]"
53719,Orange Leaf Frozen Yogurt,$,3.0,36,"[{'alias': 'icecream', 'title': 'Ice Cream & Frozen Yogurt'}, {'alias': 'desserts', 'title': 'Desserts'}, {'alias': 'diyfood', 'title': 'Do-It-Yourself Food'}]"
53719,City Bar,$$,3.5,45,"[{'alias': 'lounges', 'title': 'Lounges'}, {'alias': 'burgers', 'title': 'Burgers'}]"
53719,Little Caesar's Pizza,$,3.0,9,"[{'alias': 'pizza', 'title': 'Pizza'}]"
53719,Natural Juice,$,4.5,12,"[{'alias': 'juicebars', 'title': 'Juice Bars & Smoothies'}, {'alias': 'foodstands', 'title': 'Food Stands'}]"
53719,Steenbock's On Orchard,$$$,3.5,54,"[{'alias': 'newamerican', 'title': 'American (New)'}, {'alias': 'lounges', 'title': 'Lounges'}]"
53719,Madison Food Explorers,$$$,5.0,11,"[{'alias': 'tradamerican', 'title': 'American (Traditional)'}, {'alias': 'bakeries', 'title': 'Bakeries'}, {'alias': 'tours', 'title': 'Tours'}]"
53719,Pope Farm Conservancy,,5.0,7,"[{'alias': 'parks', 'title': 'Parks'}]"
53719,Pasqual's Cantina,$$,3.0,58,"[{'alias': 'tex-mex', 'title': 'Tex-Mex'}, {'alias': 'mexican', 'title': 'Mexican'}, {'alias': 'bars', 'title': 'Bars'}]"
53719,Hong Kong Station,$$,3.5,47,"[{'alias': 'chinese', 'title': 'Chinese'}]"
53719,5th Quarter Sports Bar & Grill,$$,3.5,32,"[{'alias': 'sportsbars', 'title': 'Sports Bars'}, {'alias': 'tradamerican', 'title': 'American (Traditional)'}]"
53719,Dynasty Chinese Restaurant,,4.0,25,"[{'alias': 'chinese', 'title': 'Chinese'}]"
53719,King of Falafel & Grill,$,4.0,24,"[{'alias': 'foodtrucks', 'title': 'Food Trucks'}, {'alias': 'falafel', 'title': 'Falafel'}, {'alias': 'mideastern', 'title': 'Middle Eastern'}]"
53719,Espresso Royale,$,3.5,46,"[{'alias': 'coffee', 'title': 'Coffee & Tea'}]"
53719,Monk's Bar & Grill - Verona,$$,3.5,27,"[{'alias': 'sportsbars', 'title': 'Sports Bars'}, {'alias': 'tradamerican', 'title': 'American (Traditional)'}]"
53719,Toast,$,4.0,20,"[{'alias': 'foodtrucks', 'title': 'Food Trucks'}, {'alias': 'sandwiches', 'title': 'Sandwiches'}, {'alias': 'catering', 'title': 'Caterers'}]"
53719,Milio's Sandwiches,$,4.0,10,"[{'alias': 'sandwiches', 'title': 'Sandwiches'}]"
53719,Chocolate Shoppe Ice Cream,$,4.5,12,"[{'alias': 'icecream', 'title': 'Ice Cream & Frozen Yogurt'}]"
53719,Wando's,$,3.0,70,"[{'alias': 'bars', 'title': 'Bars'}, {'alias': 'tradamerican', 'title': 'American (Traditional)'}]"
53719,Common Ground Middleton,,4.0,23,"[{'alias': 'cafes', 'title': 'Cafes'}, {'alias': 'venues', 'title': 'Venues & Event Spaces'}]"
53719,Clasen's European Bakery,$$,3.5,27,"[{'alias': 'bakeries', 'title': 'Bakeries'}]"
53719,Laurel Tavern,$$,3.5,44,"[{'alias': 'tradamerican', 'title': 'American (Traditional)'}, {'alias': 'burgers', 'title': 'Burgers'}, {'alias': 'sportsbars', 'title': 'Sports Bars'}]"
53719,Toppers Pizza,$$,3.0,18,"[{'alias': 'pizza', 'title': 'Pizza'}, {'alias': 'desserts', 'title': 'Desserts'}, {'alias': 'chicken_wings', 'title': 'Chicken Wings'}]"
53719,Which Wich,$,3.5,39,"[{'alias': 'sandwiches', 'title': 'Sandwiches'}]"
53719,Pasture and Plenty,,4.5,10,"[{'alias': 'cookingclasses', 'title': 'Cooking Classes'}, {'alias': 'delis', 'title': 'Delis'}]"
53719,Dahmen's at Hawks,$$,4.0,10,"[{'alias': 'italian', 'title': 'Italian'}, {'alias': 'chicken_wings', 'title': 'Chicken Wings'}, {'alias': 'mexican', 'title': 'Mexican'}]"
53719,Porta Bella Italian Restaurant,$$,2.5,99,"[{'alias': 'italian', 'title': 'Italian'}, {'alias': 'seafood', 'title': 'Seafood'}, {'alias': 'pizza', 'title': 'Pizza'}]"
53719,Grape Water Wine Bar,,4.5,9,"[{'alias': 'wine_bars', 'title': 'Wine Bars'}]"
53719,Paul's Neighborhood Bar,$,3.5,26,"[{'alias': 'newamerican', 'title': 'American (New)'}, {'alias': 'bars', 'title': 'Bars'}]"
53719,Captain Bill's,$$,2.5,98,"[{'alias': 'seafood', 'title': 'Seafood'}]"
53719,Bristled Boar Saloon & Grill,$,3.5,31,"[{'alias': 'bars', 'title': 'Bars'}, {'alias': 'tradamerican', 'title': 'American (Traditional)'}]"
53719,University Ridge - The University of Wisconsin Golf Course,,5.0,4,"[{'alias': 'golf', 'title': 'Golf'}]"
53719,The Roman Candle Pizzeria,$$,3.0,60,"[{'alias': 'pizza', 'title': 'Pizza'}]"
53719,Avantis Italian Restaurant & Pub,$$,3.0,61,"[{'alias': 'italian', 'title': 'Italian'}, {'alias': 'pubs', 'title': 'Pubs'}]"
53719,Take Five Cocktails & Lounge,$,4.5,4,"[{'alias': 'movietheaters', 'title': 'Cinema'}, {'alias': 'lounges', 'title': 'Lounges'}]"
53719,Glaze Teriyaki,$$,3.5,40,"[{'alias': 'japanese', 'title': 'Japanese'}]"
53719,Hong Kong Cafe,$$,3.0,70,"[{'alias': 'chinese', 'title': 'Chinese'}]"
53719,Cocina Real,$$,3.0,43,"[{'alias': 'mexican', 'title': 'Mexican'}]"
53719,Jimmy John's,$,4.0,8,"[{'alias': 'delis', 'title': 'Delis'}, {'alias': 'sandwiches', 'title': 'Sandwiches'}, {'alias': 'hotdogs', 'title': 'Fast Food'}]"
53719,AJ's Pizzeria & Diner,$$,3.5,29,"[{'alias': 'pizza', 'title': 'Pizza'}, {'alias': 'italian', 'title': 'Italian'}]"
53719,Lakeshore Nature Preserve,,4.5,9,"[{'alias': 'parks', 'title': 'Parks'}]"
53719,Starbucks,$$,3.0,35,"[{'alias': 'coffee', 'title': 'Coffee & Tea'}]"
53719,Salads UP,$$,3.5,31,"[{'alias': 'salad', 'title': 'Salad'}, {'alias': 'juicebars', 'title': 'Juice Bars & Smoothies'}]"
53719,Willy Street Co-op,$$,4.0,14,"[{'alias': 'grocery', 'title': 'Grocery'}, {'alias': 'delis', 'title': 'Delis'}, {'alias': 'juicebars', 'title': 'Juice Bars & Smoothies'}]"
53719,Five Guys,$$,3.0,47,"[{'alias': 'burgers', 'title': 'Burgers'}, {'alias': 'hotdogs', 'title': 'Fast Food'}]"
53719,Crescendo Espresso Bar,,4.5,6,"[{'alias': 'coffee', 'title': 'Coffee & Tea'}]"
53719,Tanner's Bar and Grill,$$,3.0,70,"[{'alias': 'sportsbars', 'title': 'Sports Bars'}, {'alias': 'tradamerican', 'title': 'American (Traditional)'}]"
53719,Kakilima Food Cart,$,4.0,15,"[{'alias': 'foodtrucks', 'title': 'Food Trucks'}, {'alias': 'indonesian', 'title': 'Indonesian'}]"
53719,Firehouse Subs,$,3.5,22,"[{'alias': 'sandwiches', 'title': 'Sandwiches'}, {'alias': 'hotdogs', 'title': 'Fast Food'}, {'alias': 'delis', 'title': 'Delis'}]"
53719,Menchie's Frozen Yogurt,$,4.0,15,"[{'alias': 'icecream', 'title': 'Ice Cream & Frozen Yogurt'}]"
53719,Laredo's Mexican Restaurant,$$,3.0,57,"[{'alias': 'mexican', 'title': 'Mexican'}]"
53719,Falbo Bros. Pizzeria,$,3.0,63,"[{'alias': 'pizza', 'title': 'Pizza'}]"
53719,It's Time Grill & Pub,$,4.0,19,"[{'alias': 'tradamerican', 'title': 'American (Traditional)'}, {'alias': 'pubs', 'title': 'Pubs'}]"
53719,Dairy Queen,$,3.5,7,"[{'alias': 'icecream', 'title': 'Ice Cream & Frozen Yogurt'}, {'alias': 'hotdogs', 'title': 'Fast Food'}]"
53719,Lucky's 1313 Brew Pub,$$,3.0,38,"[{'alias': 'tradamerican', 'title': 'American (Traditional)'}, {'alias': 'pubs', 'title': 'Pubs'}]"
53719,Pancheros Mexican Grill,$,2.5,20,"[{'alias': 'mexican', 'title': 'Mexican'}]"
53719,Rocky Rococo Pan Style Pizza,$$,2.5,25,"[{'alias': 'pizza', 'title': 'Pizza'}, {'alias': 'italian', 'title': 'Italian'}]"
53719,Jade Garden,$,3.0,57,"[{'alias': 'chinese', 'title': 'Chinese'}, {'alias': 'buffets', 'title': 'Buffets'}]"
53719,Milio's Sandwiches,$,3.5,24,"[{'alias': 'sandwiches', 'title': 'Sandwiches'}]"
53719,Sweet Tea Cakes,,5.0,4,"[{'alias': 'bakeries', 'title': 'Bakeries'}, {'alias': 'desserts', 'title': 'Desserts'}, {'alias': 'customcakes', 'title': 'Custom Cakes'}]"
53719,Steak Escape West Towne Mall,$$,4.0,4,"[{'alias': 'cheesesteaks', 'title': 'Cheesesteaks'}, {'alias': 'sandwiches', 'title': 'Sandwiches'}]"
53719,Mad Shawarma,,3.5,12,"[{'alias': 'falafel', 'title': 'Falafel'}, {'alias': 'sandwiches', 'title': 'Sandwiches'}]"
53719,Club Tavern & Grille,$$,3.0,53,"[{'alias': 'newamerican', 'title': 'American (New)'}, {'alias': 'bars', 'title': 'Bars'}]"
53719,Blue Velvet Lounge,$$,3.5,27,"[{'alias': 'danceclubs', 'title': 'Dance Clubs'}, {'alias': 'cocktailbars', 'title': 'Cocktail Bars'}, {'alias': 'lounges', 'title': 'Lounges'}]"
53719,Starbucks,$$,3.5,28,"[{'alias': 'coffee', 'title': 'Coffee & Tea'}]"
53719,Gino's Italian Deli,$,4.5,12,"[{'alias': 'delis', 'title': 'Delis'}, {'alias': 'italian', 'title': 'Italian'}]"
53719,Fit 2 Eat,$,4.0,10,"[{'alias': 'newamerican', 'title': 'American (New)'}, {'alias': 'sandwiches', 'title': 'Sandwiches'}]"
53719,Aldo's Cafe,$,3.5,30,"[{'alias': 'cafes', 'title': 'Cafes'}, {'alias': 'sandwiches', 'title': 'Sandwiches'}]"
53719,Chang Jiang Restaurant,$,2.5,24,"[{'alias': 'chinese', 'title': 'Chinese'}]"
53719,Milio's Sandwiches,,3.5,6,"[{'alias': 'sandwiches', 'title': 'Sandwiches'}]"
53719,Gloria Jeans Coffees,$$,2.5,11,"[{'alias': 'coffee', 'title': 'Coffee & Tea'}]"
53719,Quiznos,,3.5,8,"[{'alias': 'sandwiches', 'title': 'Sandwiches'}, {'alias': 'delis', 'title': 'Delis'}]"
53719,Einstein Bros Bagels,$$,3.5,24,"[{'alias': 'bagels', 'title': 'Bagels'}]"
53719,The Wise,$$,3.0,45,"[{'alias': 'breakfast_brunch', 'title': 'Breakfast & Brunch'}, {'alias': 'spanish', 'title': 'Spanish'}, {'alias': 'tapasmallplates', 'title': 'Tapas/Small Plates'}]"
53719,Hyvee Market Cafe,$,3.0,6,"[{'alias': 'cafes', 'title': 'Cafes'}]"
53719,Chipotle Mexican Grill,$,3.0,28,"[{'alias': 'mexican', 'title': 'Mexican'}, {'alias': 'hotdogs', 'title': 'Fast Food'}]"
53719,Pizza Pit Extreme,$$,3.0,32,"[{'alias': 'pizza', 'title': 'Pizza'}, {'alias': 'chicken_wings', 'title': 'Chicken Wings'}, {'alias': 'sandwiches', 'title': 'Sandwiches'}]"
53719,EVP Coffee,$,3.5,10,"[{'alias': 'coffee', 'title': 'Coffee & Tea'}]"
53719,Silver Mine Subs,$,3.0,53,"[{'alias': 'sandwiches', 'title': 'Sandwiches'}, {'alias': 'salad', 'title': 'Salad'}, {'alias': 'catering', 'title': 'Caterers'}]"
53719,Chuck E. Cheese's,$,2.0,18,"[{'alias': 'pizza', 'title': 'Pizza'}, {'alias': 'arcades', 'title': 'Arcades'}]"
53719,Pizza Hut,$,2.0,21,"[{'alias': 'pizza', 'title': 'Pizza'}, {'alias': 'italian', 'title': 'Italian'}, {'alias': 'chicken_wings', 'title': 'Chicken Wings'}]"
53719,SCONNIEBAR,$$,4.0,17,"[{'alias': 'burgers', 'title': 'Burgers'}, {'alias': 'sportsbars', 'title': 'Sports Bars'}, {'alias': 'chicken_wings', 'title': 'Chicken Wings'}]"
53719,Culver's,$,3.5,20,"[{'alias': 'icecream', 'title': 'Ice Cream & Frozen Yogurt'}, {'alias': 'hotdogs', 'title': 'Fast Food'}, {'alias': 'burgers', 'title': 'Burgers'}]"
53719,The Heights,,4.0,12,"[{'alias': 'newamerican', 'title': 'American (New)'}, {'alias': 'breakfast_brunch', 'title': 'Breakfast & Brunch'}]"
53719,Roman Candle Pizzeria,$$,3.5,19,"[{'alias': 'pizza', 'title': 'Pizza'}, {'alias': 'tradamerican', 'title': 'American (Traditional)'}, {'alias': 'gluten_free', 'title': 'Gluten-Free'}]"
53719,Popeyes Louisiana Kitchen,$,3.5,22,"[{'alias': 'hotdogs', 'title': 'Fast Food'}, {'alias': 'chicken_wings', 'title': 'Chicken Wings'}]"
53719,McKee Farms Park,,4.5,9,"[{'alias': 'hiking', 'title': 'Hiking'}, {'alias': 'parks', 'title': 'Parks'}]"
53719,Wisconsin Historical Society,,5.0,6,"[{'alias': 'libraries', 'title': 'Libraries'}, {'alias': 'landmarks', 'title': 'Landmarks & Historical Buildings'}]"
53719,Wingstop,$,3.0,36,"[{'alias': 'chicken_wings', 'title': 'Chicken Wings'}]"
53719,MACSAC'S Bike the Barns,,5.0,1,"[{'alias': 'localflavor', 'title': 'Local Flavor'}]"
53719,QDOBA Mexican Eats,$,3.0,31,"[{'alias': 'mexican', 'title': 'Mexican'}, {'alias': 'hotdogs', 'title': 'Fast Food'}]"
53719,Red Shed Tavern,$,3.0,38,"[{'alias': 'divebars', 'title': 'Dive Bars'}]"
53719,Grand China Restaurant,$,3.5,17,"[{'alias': 'chinese', 'title': 'Chinese'}]"
53719,Middleton Sport Bowl,$,3.5,19,"[{'alias': 'bowling', 'title': 'Bowling'}, {'alias': 'tradamerican', 'title': 'American (Traditional)'}]"
53719,Topper's Pizza,$$,2.5,20,"[{'alias': 'pizza', 'title': 'Pizza'}]"
53719,Starbucks,$$,5.0,4,"[{'alias': 'coffee', 'title': 'Coffee & Tea'}]"
53719,Taquitos Marimar,$,4.5,7,"[{'alias': 'mexican', 'title': 'Mexican'}, {'alias': 'foodtrucks', 'title': 'Food Trucks'}]"
53719,Burger King,$,2.5,13,"[{'alias': 'hotdogs', 'title': 'Fast Food'}, {'alias': 'burgers', 'title': 'Burgers'}]"
53719,Fancy Roll,$,3.5,5,"[{'alias': 'desserts', 'title': 'Desserts'}]"
53719,Geology Museum,,4.0,10,"[{'alias': 'museums', 'title': 'Museums'}]"
53719,Panera Bread,$,3.0,27,"[{'alias': 'sandwiches', 'title': 'Sandwiches'}, {'alias': 'salad', 'title': 'Salad'}, {'alias': 'soup', 'title': 'Soup'}]"
53719,Poindexter Cafe,$$,4.0,12,"[{'alias': 'coffee', 'title': 'Coffee & Tea'}, {'alias': 'juicebars', 'title': 'Juice Bars & Smoothies'}]"
53719,The Tin Fox,$$,3.5,24,"[{'alias': 'newamerican', 'title': 'American (New)'}, {'alias': 'coffee', 'title': 'Coffee & Tea'}, {'alias': 'bars', 'title': 'Bars'}]"
53719,State Street,,4.0,9,"[{'alias': 'landmarks', 'title': 'Landmarks & Historical Buildings'}]"
53719,Topper's Pizza,$$,3.0,33,"[{'alias': 'pizza', 'title': 'Pizza'}, {'alias': 'catering', 'title': 'Caterers'}]"
53719,Madtown Chicken N' Fish,,5.0,1,"[{'alias': 'chickenshop', 'title': 'Chicken Shop'}, {'alias': 'hotdogs', 'title': 'Fast Food'}, {'alias': 'sandwiches', 'title': 'Sandwiches'}]"
53719,Domino's Pizza,$$$,2.5,6,"[{'alias': 'pizza', 'title': 'Pizza'}, {'alias': 'chicken_wings', 'title': 'Chicken Wings'}, {'alias': 'sandwiches', 'title': 'Sandwiches'}]"
53719,Buffalo Wild Wings,$$,2.5,51,"[{'alias': 'chicken_wings', 'title': 'Chicken Wings'}, {'alias': 'tradamerican', 'title': 'American (Traditional)'}, {'alias': 'sportsbars', 'title': 'Sports Bars'}]"
53719,Hardee's,$,4.0,10,"[{'alias': 'hotdogs', 'title': 'Fast Food'}, {'alias': 'tradamerican', 'title': 'American (Traditional)'}]"
53719,Pizza Ranch,$$,3.5,21,"[{'alias': 'pizza', 'title': 'Pizza'}, {'alias': 'chickenshop', 'title': 'Chicken Shop'}, {'alias': 'buffets', 'title': 'Buffets'}]"
53719,Noodles & Company,$,3.0,30,"[{'alias': 'noodles', 'title': 'Noodles'}]"
53719,Perkins Restaurant & Bakery,$$,3.0,36,"[{'alias': 'tradamerican', 'title': 'American (Traditional)'}, {'alias': 'bakeries', 'title': 'Bakeries'}, {'alias': 'breakfast_brunch', 'title': 'Breakfast & Brunch'}]"
53719,Mandarin Express,,3.0,5,"[{'alias': 'asianfusion', 'title': 'Asian Fusion'}, {'alias': 'chinese', 'title': 'Chinese'}]"
53719,Smitty's Study Pub,$$,3.5,13,"[{'alias': 'pubs', 'title': 'Pubs'}, {'alias': 'venues', 'title': 'Venues & Event Spaces'}]"
53719,Hmong Legacy Market,$$,4.0,10,"[{'alias': 'grocery', 'title': 'Grocery'}, {'alias': 'importedfood', 'title': 'Imported Food'}, {'alias': 'delis', 'title': 'Delis'}]"
53719,Chocolate Shoppe Ice Cream,$$,4.5,6,"[{'alias': 'icecream', 'title': 'Ice Cream & Frozen Yogurt'}]"
53719,Einstein Brothers Bagels,$,3.5,17,"[{'alias': 'bagels', 'title': 'Bagels'}]"
53719,Pancheros Mexican Grill,$,3.0,25,"[{'alias': 'mexican', 'title': 'Mexican'}]"
53719,Buckingham's Bar & Grill,$,3.5,20,"[{'alias': 'sportsbars', 'title': 'Sports Bars'}, {'alias': 'tradamerican', 'title': 'American (Traditional)'}]"
53719,Burman Coffee Traders,$,5.0,5,"[{'alias': 'coffee', 'title': 'Coffee & Tea'}]"
53719,Taco Bell,$,1.5,26,"[{'alias': 'tex-mex', 'title': 'Tex-Mex'}, {'alias': 'hotdogs', 'title': 'Fast Food'}, {'alias': 'mexican', 'title': 'Mexican'}]"
53719,Taco Bell,$,1.5,38,"[{'alias': 'hotdogs', 'title': 'Fast Food'}, {'alias': 'mexican', 'title': 'Mexican'}]"
53719,Churchkey Bar and Grill,$,3.0,25,"[{'alias': 'bars', 'title': 'Bars'}, {'alias': 'tradamerican', 'title': 'American (Traditional)'}]"
53719,Fit Fresh West,,4.0,3,"[{'alias': 'sandwiches', 'title': 'Sandwiches'}, {'alias': 'salad', 'title': 'Salad'}, {'alias': 'juicebars', 'title': 'Juice Bars & Smoothies'}]"
53719,Panera Bread,$,2.5,37,"[{'alias': 'sandwiches', 'title': 'Sandwiches'}, {'alias': 'salad', 'title': 'Salad'}, {'alias': 'soup', 'title': 'Soup'}]"
53719,Barriques University,$,3.0,21,"[{'alias': 'cafes', 'title': 'Cafes'}, {'alias': 'coffee', 'title': 'Coffee & Tea'}, {'alias': 'sandwiches', 'title': 'Sandwiches'}]"
53719,McDonald's,$,3.0,20,"[{'alias': 'hotdogs', 'title': 'Fast Food'}, {'alias': 'burgers', 'title': 'Burgers'}, {'alias': 'coffee', 'title': 'Coffee & Tea'}]"
53719,Starbucks,$$,2.5,39,"[{'alias': 'coffee', 'title': 'Coffee & Tea'}]"
53719,Taco Bell,$,2.0,29,"[{'alias': 'hotdogs', 'title': 'Fast Food'}, {'alias': 'mexican', 'title': 'Mexican'}, {'alias': 'tex-mex', 'title': 'Tex-Mex'}]"
53719,Papa John's Pizza,$,2.5,13,"[{'alias': 'pizza', 'title': 'Pizza'}]"
53719,The Wing King,,2.5,8,"[{'alias': 'chicken_wings', 'title': 'Chicken Wings'}]"
53719,Karaoke Kid,$$,3.0,24,"[{'alias': 'karaoke', 'title': 'Karaoke'}, {'alias': 'bars', 'title': 'Bars'}]"
53719,Noodles & Company,$,2.5,31,"[{'alias': 'noodles', 'title': 'Noodles'}]"
53719,Starbucks,$$,3.0,8,"[{'alias': 'coffee', 'title': 'Coffee & Tea'}]"
53719,Subway,$,4.0,4,"[{'alias': 'sandwiches', 'title': 'Sandwiches'}, {'alias': 'hotdogs', 'title': 'Fast Food'}]"
53719,Odana Hills Municipal Golf Course,,3.5,5,"[{'alias': 'golf', 'title': 'Golf'}]"
53719,China Wok,$,3.0,24,"[{'alias': 'chinese', 'title': 'Chinese'}, {'alias': 'seafood', 'title': 'Seafood'}, {'alias': 'soup', 'title': 'Soup'}]"
53719,Chang Jiang,$,3.0,25,"[{'alias': 'chinese', 'title': 'Chinese'}]"
53719,El Panzon,,5.0,2,"[{'alias': 'mexican', 'title': 'Mexican'}, {'alias': 'bakeries', 'title': 'Bakeries'}]"
53719,IHOP,$,2.5,39,"[{'alias': 'breakfast_brunch', 'title': 'Breakfast & Brunch'}, {'alias': 'tradamerican', 'title': 'American (Traditional)'}, {'alias': 'burgers', 'title': 'Burgers'}]"
53719,The Kollege Klub,$,2.5,39,"[{'alias': 'newamerican', 'title': 'American (New)'}, {'alias': 'sportsbars', 'title': 'Sports Bars'}]"
53719,Dunkin' Donuts,$,3.0,26,"[{'alias': 'donuts', 'title': 'Donuts'}, {'alias': 'coffee', 'title': 'Coffee & Tea'}]"
53719,Jimmy John's,$,1.5,17,"[{'alias': 'delis', 'title': 'Delis'}, {'alias': 'sandwiches', 'title': 'Sandwiches'}, {'alias': 'hotdogs', 'title': 'Fast Food'}]"
53719,Whiskey Jacks Saloon,$,2.0,66,"[{'alias': 'bars', 'title': 'Bars'}, {'alias': 'burgers', 'title': 'Burgers'}, {'alias': 'sandwiches', 'title': 'Sandwiches'}]"
53719,Little Caesar's Pizza,$,4.0,9,"[{'alias': 'pizza', 'title': 'Pizza'}]"
53719,Tuscany Mediterranean Grill,$$,3.0,25,"[{'alias': 'mediterranean', 'title': 'Mediterranean'}, {'alias': 'italian', 'title': 'Italian'}, {'alias': 'greek', 'title': 'Greek'}]"
53719,Java Den At 1022,$,3.5,12,"[{'alias': 'coffee', 'title': 'Coffee & Tea'}]"
53719,Dairy Queen,$,3.5,13,"[{'alias': 'icecream', 'title': 'Ice Cream & Frozen Yogurt'}, {'alias': 'hotdogs', 'title': 'Fast Food'}]"
53719,Rocky Rococo Pan Style Pizza,$$,3.0,27,"[{'alias': 'pizza', 'title': 'Pizza'}, {'alias': 'italian', 'title': 'Italian'}, {'alias': 'chicken_wings', 'title': 'Chicken Wings'}]"
53719,Milio's Sandwiches,$,4.0,8,"[{'alias': 'sandwiches', 'title': 'Sandwiches'}]"
53719,Dragon City,$,3.0,23,"[{'alias': 'chinese', 'title': 'Chinese'}]"
53719,The Great Dane Pub & Brewing Co.,$$,3.5,14,"[{'alias': 'sportsbars', 'title': 'Sports Bars'}]"
53719,McDonald's,$,2.5,28,"[{'alias': 'hotdogs', 'title': 'Fast Food'}, {'alias': 'burgers', 'title': 'Burgers'}, {'alias': 'coffee', 'title': 'Coffee & Tea'}]"
53719,EVP Coffee,$$,4.0,6,"[{'alias': 'coffee', 'title': 'Coffee & Tea'}]"
53719,The University Club,$$,4.0,8,"[{'alias': 'venues', 'title': 'Venues & Event Spaces'}, {'alias': 'tradamerican', 'title': 'American (Traditional)'}]"
53719,KFC,,2.5,9,"[{'alias': 'hotdogs', 'title': 'Fast Food'}, {'alias': 'chicken_wings', 'title': 'Chicken Wings'}, {'alias': 'chickenshop', 'title': 'Chicken Shop'}]"
53719,A8 China,$,2.5,38,"[{'alias': 'chinese', 'title': 'Chinese'}]"
53719,Subway,$,2.0,5,"[{'alias': 'sandwiches', 'title': 'Sandwiches'}, {'alias': 'hotdogs', 'title': 'Fast Food'}]"
53719,Strada,$,4.0,8,"[{'alias': 'pizza', 'title': 'Pizza'}, {'alias': 'sandwiches', 'title': 'Sandwiches'}]"
53719,Hawks Landing Golf Club,,3.0,5,"[{'alias': 'golf', 'title': 'Golf'}]"
53719,Rennebohm Park,,4.0,3,"[{'alias': 'parks', 'title': 'Parks'}, {'alias': 'playgrounds', 'title': 'Playgrounds'}, {'alias': 'football', 'title': 'Soccer'}]"
53719,Sabores Michoacanos,$,3.5,8,"[{'alias': 'icecream', 'title': 'Ice Cream & Frozen Yogurt'}, {'alias': 'mexican', 'title': 'Mexican'}, {'alias': 'juicebars', 'title': 'Juice Bars & Smoothies'}]"
53719,Madison Labor Temple Lounge,$,4.0,6,"[{'alias': 'sportsbars', 'title': 'Sports Bars'}]"
53719,QDOBA Mexican Eats,$,3.0,14,"[{'alias': 'mexican', 'title': 'Mexican'}, {'alias': 'hotdogs', 'title': 'Fast Food'}]"
53719,Greenlife Essence,,3.0,2,"[{'alias': 'juicebars', 'title': 'Juice Bars & Smoothies'}, {'alias': 'bubbletea', 'title': 'Bubble Tea'}]"
53719,Mondays,$,3.0,27,"[{'alias': 'divebars', 'title': 'Dive Bars'}]"
53719,Adamah Neighborhood Table,$,4.0,8,"[{'alias': 'newamerican', 'title': 'American (New)'}, {'alias': 'kosher', 'title': 'Kosher'}, {'alias': 'mediterranean', 'title': 'Mediterranean'}]"
53719,Walnut Grove Park,,4.0,2,"[{'alias': 'parks', 'title': 'Parks'}, {'alias': 'playgrounds', 'title': 'Playgrounds'}]"
53719,Red's Pizza,,4.0,7,"[{'alias': 'pizza', 'title': 'Pizza'}]"
53719,Lakeview Park,,4.5,4,"[{'alias': 'parks', 'title': 'Parks'}]"
53719,Hoyt Park,,4.5,4,"[{'alias': 'hiking', 'title': 'Hiking'}, {'alias': 'parks', 'title': 'Parks'}, {'alias': 'playgrounds', 'title': 'Playgrounds'}]"
53719,Nakoma Golf Club,,5.0,2,"[{'alias': 'golf', 'title': 'Golf'}, {'alias': 'swimmingpools', 'title': 'Swimming Pools'}, {'alias': 'tennis', 'title': 'Tennis'}]"
53719,UW Slow Food,,5.0,3,"[{'alias': 'diners', 'title': 'Diners'}]"
53719,Falbo Bros Pizzeria,,5.0,4,"[{'alias': 'pizza', 'title': 'Pizza'}]"
53719,Highland Corner Grill,$$,4.0,8,"[{'alias': 'tradamerican', 'title': 'American (Traditional)'}, {'alias': 'burgers', 'title': 'Burgers'}, {'alias': 'pizza', 'title': 'Pizza'}]"
53719,Cold Stone Creamery,$$,3.0,21,"[{'alias': 'icecream', 'title': 'Ice Cream & Frozen Yogurt'}, {'alias': 'customcakes', 'title': 'Custom Cakes'}, {'alias': 'cupcakes', 'title': 'Cupcakes'}]"
53719,Garner Park,,5.0,1,"[{'alias': 'parks', 'title': 'Parks'}, {'alias': 'playgrounds', 'title': 'Playgrounds'}, {'alias': 'football', 'title': 'Soccer'}]"
53719,Four Lakes Cafe,$,3.5,10,"[{'alias': 'cafes', 'title': 'Cafes'}]"
53719,Papa Murphy's,$$,4.5,2,"[{'alias': 'pizza', 'title': 'Pizza'}]"
53719,The Double U,$,3.0,20,"[{'alias': 'sportsbars', 'title': 'Sports Bars'}]"
53719,Marco's Pizza,,3.5,5,"[{'alias': 'pizza', 'title': 'Pizza'}]"
53719,Jimmy John's,$$$$,4.0,8,"[{'alias': 'delis', 'title': 'Delis'}, {'alias': 'sandwiches', 'title': 'Sandwiches'}, {'alias': 'hotdogs', 'title': 'Fast Food'}]"
53719,Papa John's Pizza,$$,3.0,18,"[{'alias': 'pizza', 'title': 'Pizza'}]"
53719,Orange Leaf Frozen Yogurt,$,3.5,9,"[{'alias': 'icecream', 'title': 'Ice Cream & Frozen Yogurt'}, {'alias': 'desserts', 'title': 'Desserts'}, {'alias': 'diyfood', 'title': 'Do-It-Yourself Food'}]"
53719,Pizza Pit Extreme,$$,2.5,15,"[{'alias': 'pizza', 'title': 'Pizza'}]"
53719,Quiznos,$$,3.0,3,"[{'alias': 'sandwiches', 'title': 'Sandwiches'}, {'alias': 'hotdogs', 'title': 'Fast Food'}]"
53719,Pizza Hut,,2.0,9,"[{'alias': 'pizza', 'title': 'Pizza'}, {'alias': 'italian', 'title': 'Italian'}, {'alias': 'chicken_wings', 'title': 'Chicken Wings'}]"
53719,Sarku Japan,,3.0,2,"[{'alias': 'japanese', 'title': 'Japanese'}]"
53719,Owen Conservation Park,,5.0,1,"[{'alias': 'parks', 'title': 'Parks'}]"
53719,Haen Family Park,,3.5,2,"[{'alias': 'parks', 'title': 'Parks'}]"
53719,Point Burger Bar,,2.5,19,"[{'alias': 'bars', 'title': 'Bars'}, {'alias': 'burgers', 'title': 'Burgers'}, {'alias': 'wraps', 'title': 'Wraps'}]"
53719,Kwik Trip Foods,$$,4.0,5,"[{'alias': 'servicestations', 'title': 'Gas Stations'}, {'alias': 'convenience', 'title': 'Convenience Stores'}, {'alias': 'coffee', 'title': 'Coffee & Tea'}]"
53719,Rocky Rococo Pan Style Pizza,$,2.5,21,"[{'alias': 'pizza', 'title': 'Pizza'}]"
53719,Hody Bar & Grill,$,2.0,24,"[{'alias': 'bars', 'title': 'Bars'}, {'alias': 'tradamerican', 'title': 'American (Traditional)'}, {'alias': 'musicvenues', 'title': 'Music Venues'}]"
53719,Chang Jiang,$,3.0,11,"[{'alias': 'chinese', 'title': 'Chinese'}]"
53719,Marshall Park,,4.0,4,"[{'alias': 'parks', 'title': 'Parks'}, {'alias': 'playgrounds', 'title': 'Playgrounds'}, {'alias': 'beaches', 'title': 'Beaches'}]"
53719,Pizza Hut,$,3.5,7,"[{'alias': 'italian', 'title': 'Italian'}, {'alias': 'pizza', 'title': 'Pizza'}, {'alias': 'chicken_wings', 'title': 'Chicken Wings'}]"
53719,Jimmy John's,$,3.0,14,"[{'alias': 'sandwiches', 'title': 'Sandwiches'}, {'alias': 'hotdogs', 'title': 'Fast Food'}, {'alias': 'delis', 'title': 'Delis'}]"
53719,Huegel-Jamestown Park,,4.0,1,"[{'alias': 'parks', 'title': 'Parks'}]"
53719,Oriental Wok,$,2.5,20,"[{'alias': 'chinese', 'title': 'Chinese'}]"
53719,Subway,$,3.5,3,"[{'alias': 'sandwiches', 'title': 'Sandwiches'}, {'alias': 'hotdogs', 'title': 'Fast Food'}]"
53719,Boulder Brew Pub,,2.5,15,"[{'alias': 'brewpubs', 'title': 'Brewpubs'}, {'alias': 'newamerican', 'title': 'American (New)'}]"
53719,Rustic Tavern,$,3.5,8,"[{'alias': 'divebars', 'title': 'Dive Bars'}]"
53719,Caribou Coffee,$$,2.5,17,"[{'alias': 'coffee', 'title': 'Coffee & Tea'}, {'alias': 'bagels', 'title': 'Bagels'}]"
53719,Bean & Brush Family Art Café,££,4.0,4,"[{'alias': 'coffee', 'title': 'Coffee & Tea'}]"
53719,Cafe Costa Rica,$,4.5,3,"[{'alias': 'foodtrucks', 'title': 'Food Trucks'}, {'alias': 'latin', 'title': 'Latin American'}, {'alias': 'caribbean', 'title': 'Caribbean'}]"
53719,Sundance 608,$$,2.5,8,"[{'alias': 'bars', 'title': 'Bars'}, {'alias': 'newamerican', 'title': 'American (New)'}]"
53719,Quarry Ridge Recreation Area,,5.0,1,"[{'alias': 'hiking', 'title': 'Hiking'}, {'alias': 'parks', 'title': 'Parks'}, {'alias': 'mountainbiking', 'title': 'Mountain Biking'}]"
53719,QDOBA Mexican Eats,$,3.5,7,"[{'alias': 'mexican', 'title': 'Mexican'}, {'alias': 'hotdogs', 'title': 'Fast Food'}]"
53719,Vilas Park,,4.0,4,"[{'alias': 'parks', 'title': 'Parks'}, {'alias': 'playgrounds', 'title': 'Playgrounds'}]"
53719,Eugster's Farm Market Stand,,5.0,2,"[{'alias': 'farmersmarket', 'title': 'Farmers Market'}, {'alias': 'streetvendors', 'title': 'Street Vendors'}]"
53719,Campus Biryani & Gyros,$,1.5,47,"[{'alias': 'buffets', 'title': 'Buffets'}, {'alias': 'indpak', 'title': 'Indian'}]"
53719,Pleasant View Golf Course,,3.5,6,"[{'alias': 'golf', 'title': 'Golf'}, {'alias': 'golflessons', 'title': 'Golf Lessons'}]"
53719,Madison Cuisine,,3.0,9,"[{'alias': 'chinese', 'title': 'Chinese'}, {'alias': 'sushi', 'title': 'Sushi Bars'}, {'alias': 'burgers', 'title': 'Burgers'}]"
53719,The Red Zone Madison,$$,3.0,9,"[{'alias': 'sportsbars', 'title': 'Sports Bars'}, {'alias': 'tradamerican', 'title': 'American (Traditional)'}, {'alias': 'musicvenues', 'title': 'Music Venues'}]"
53719,Dairy Queen,$,4.0,5,"[{'alias': 'icecream', 'title': 'Ice Cream & Frozen Yogurt'}]"
53719,Sunset Park,,5.0,1,"[{'alias': 'parks', 'title': 'Parks'}, {'alias': 'playgrounds', 'title': 'Playgrounds'}]"
53719,Noodles & Company,$,2.0,23,"[{'alias': 'noodles', 'title': 'Noodles'}]"
53719,Subway,,2.0,3,"[{'alias': 'sandwiches', 'title': 'Sandwiches'}, {'alias': 'hotdogs', 'title': 'Fast Food'}]"
53719,Ginger Root,$,2.5,16,"[{'alias': 'asianfusion', 'title': 'Asian Fusion'}]"
53719,Mendota County Park,,3.5,6,"[{'alias': 'parks', 'title': 'Parks'}, {'alias': 'boating', 'title': 'Boating'}, {'alias': 'campgrounds', 'title': 'Campgrounds'}]"
53719,Glenwood Park,,5.0,1,"[{'alias': 'parks', 'title': 'Parks'}, {'alias': 'basketballcourts', 'title': 'Basketball Courts'}, {'alias': 'playgrounds', 'title': 'Playgrounds'}]"
53719,Prairie Fire,$,2.5,9,"[{'alias': 'coffee', 'title': 'Coffee & Tea'}, {'alias': 'wine_bars', 'title': 'Wine Bars'}]"
53719,Sa-Bai Thong Thai Cuisine,,3.5,6,"[{'alias': 'thai', 'title': 'Thai'}]"
53719,Rocky Rococo Pan Style Pizza,,1.5,4,"[{'alias': 'pizza', 'title': 'Pizza'}]"
53719,Pizza Hut of Southern Wis,,3.0,1,"[{'alias': 'pizza', 'title': 'Pizza'}]"
53719,Wingra Park and Boat Livery,,4.0,3,"[{'alias': 'parks', 'title': 'Parks'}]"
53719,Edward Klief Park,,5.0,2,"[{'alias': 'parks', 'title': 'Parks'}, {'alias': 'basketballcourts', 'title': 'Basketball Courts'}, {'alias': 'playgrounds', 'title': 'Playgrounds'}]"
53719,Potbelly Sandwich Shop,,4.5,2,"[{'alias': 'hotdogs', 'title': 'Fast Food'}, {'alias': 'sandwiches', 'title': 'Sandwiches'}, {'alias': 'salad', 'title': 'Salad'}]"
53719,Peet's Coffee,$,4.0,3,"[{'alias': 'coffee', 'title': 'Coffee & Tea'}]"
53719,Cold Stone Creamery,$$,3.0,6,"[{'alias': 'icecream', 'title': 'Ice Cream & Frozen Yogurt'}, {'alias': 'customcakes', 'title': 'Custom Cakes'}, {'alias': 'cupcakes', 'title': 'Cupcakes'}]"
53719,Capitol Café.,,1.0,4,"[{'alias': 'bubbletea', 'title': 'Bubble Tea'}, {'alias': 'coffee', 'title': 'Coffee & Tea'}, {'alias': 'juicebars', 'title': 'Juice Bars & Smoothies'}]"
53719,Pizza Hut,,3.5,5,"[{'alias': 'pizza', 'title': 'Pizza'}, {'alias': 'italian', 'title': 'Italian'}, {'alias': 'chicken_wings', 'title': 'Chicken Wings'}]"
53719,Liquid Nightclub,$$,2.5,17,"[{'alias': 'danceclubs', 'title': 'Dance Clubs'}, {'alias': 'bars', 'title': 'Bars'}]"
53719,Freaky's Pizza and Wings,,3.5,5,"[{'alias': 'chicken_wings', 'title': 'Chicken Wings'}, {'alias': 'pizza', 'title': 'Pizza'}]"
53719,Domino's Pizza,$,2.5,11,"[{'alias': 'pizza', 'title': 'Pizza'}, {'alias': 'chicken_wings', 'title': 'Chicken Wings'}, {'alias': 'sandwiches', 'title': 'Sandwiches'}]"
53719,Jakarta Cafe,,3.0,8,"[{'alias': 'indonesian', 'title': 'Indonesian'}, {'alias': 'foodtrucks', 'title': 'Food Trucks'}]"
53719,Verona Meadows Golf Driving Range,,4.5,2,"[{'alias': 'golf', 'title': 'Golf'}]"
53719,Wendy's,$,2.5,15,"[{'alias': 'hotdogs', 'title': 'Fast Food'}, {'alias': 'burgers', 'title': 'Burgers'}]"
53719,Cali Fresh,$,4.5,2,"[{'alias': 'foodtrucks', 'title': 'Food Trucks'}, {'alias': 'mexican', 'title': 'Mexican'}]"
53719,Milio's Sandwiches,$$,3.5,5,"[{'alias': 'sandwiches', 'title': 'Sandwiches'}]"
53719,Odana School Park,,2.0,2,"[{'alias': 'basketballcourts', 'title': 'Basketball Courts'}, {'alias': 'dog_parks', 'title': 'Dog Parks'}]"
53719,Reddan Soccer Park,,4.0,2,"[{'alias': 'parks', 'title': 'Parks'}]"
53719,Subway,$,4.5,2,"[{'alias': 'hotdogs', 'title': 'Fast Food'}, {'alias': 'sandwiches', 'title': 'Sandwiches'}]"
53719,Cousins Subs,$,3.0,9,"[{'alias': 'sandwiches', 'title': 'Sandwiches'}, {'alias': 'delis', 'title': 'Delis'}]"
53719,Milio's Sandwiches,$$,2.5,3,"[{'alias': 'sandwiches', 'title': 'Sandwiches'}]"
53719,Arby's,$,3.5,3,"[{'alias': 'hotdogs', 'title': 'Fast Food'}, {'alias': 'sandwiches', 'title': 'Sandwiches'}]"
53719,Asahi Japanese Restaurant,$$,3.0,6,"[{'alias': 'japanese', 'title': 'Japanese'}, {'alias': 'sushi', 'title': 'Sushi Bars'}]"
53719,Cahoots Bar,$,3.0,7,"[{'alias': 'bars', 'title': 'Bars'}, {'alias': 'tradamerican', 'title': 'American (Traditional)'}]"
53719,QDOBA Mexican Eats,$,2.5,6,"[{'alias': 'hotdogs', 'title': 'Fast Food'}, {'alias': 'mexican', 'title': 'Mexican'}]"
53719,Kettle Pond,,4.0,1,"[{'alias': 'hiking', 'title': 'Hiking'}, {'alias': 'parks', 'title': 'Parks'}]"
53719,Milio's Sandwiches,$,3.5,4,"[{'alias': 'sandwiches', 'title': 'Sandwiches'}]"
53719,Paleo Mama Bakery,,5.0,1,"[{'alias': 'bakeries', 'title': 'Bakeries'}]"
53719,Happy Gathering Resturant Oldham,,4.0,3,"[{'alias': 'chinese', 'title': 'Chinese'}]"
53719,McDonald's,$$,2.0,4,"[{'alias': 'hotdogs', 'title': 'Fast Food'}, {'alias': 'burgers', 'title': 'Burgers'}, {'alias': 'coffee', 'title': 'Coffee & Tea'}]"
53719,Chocolate Shoppe Ice Cream,$,3.5,3,"[{'alias': 'icecream', 'title': 'Ice Cream & Frozen Yogurt'}, {'alias': 'desserts', 'title': 'Desserts'}]"
53719,Daily Scoop,$,4.0,3,"[{'alias': 'icecream', 'title': 'Ice Cream & Frozen Yogurt'}]"
53719,Papa Murphy's,$$,5.0,1,"[{'alias': 'pizza', 'title': 'Pizza'}]"
53719,Knollwood Conservation Park,,4.0,2,"[{'alias': 'hiking', 'title': 'Hiking'}, {'alias': 'parks', 'title': 'Parks'}]"
53719,Stricker Park,,5.0,1,"[{'alias': 'parks', 'title': 'Parks'}, {'alias': 'playgrounds', 'title': 'Playgrounds'}]"
53719,Papa John's Pizza,$$,2.0,11,"[{'alias': 'pizza', 'title': 'Pizza'}]"
53719,Milio's Sandwiches,$,3.0,5,"[{'alias': 'sandwiches', 'title': 'Sandwiches'}]"
53719,Taco Bell,$,2.5,12,"[{'alias': 'mexican', 'title': 'Mexican'}, {'alias': 'tex-mex', 'title': 'Tex-Mex'}, {'alias': 'hotdogs', 'title': 'Fast Food'}]"
53719,McDonald's,$,2.0,10,"[{'alias': 'burgers', 'title': 'Burgers'}, {'alias': 'hotdogs', 'title': 'Fast Food'}, {'alias': 'coffee', 'title': 'Coffee & Tea'}]"
53719,Spring Harbor Beach Park,,3.0,3,"[{'alias': 'parks', 'title': 'Parks'}, {'alias': 'beaches', 'title': 'Beaches'}]"
53719,Stir Fry 88 Chinese Kitchen,$,5.0,1,"[{'alias': 'chinese', 'title': 'Chinese'}]"
53719,Subway,$,4.0,2,"[{'alias': 'sandwiches', 'title': 'Sandwiches'}, {'alias': 'hotdogs', 'title': 'Fast Food'}]"
53719,Koval Woods,,5.0,1,"[{'alias': 'hiking', 'title': 'Hiking'}, {'alias': 'parks', 'title': 'Parks'}]"
53719,Henry Vilas Beach,,4.0,2,"[{'alias': 'beaches', 'title': 'Beaches'}]"
53719,Harvest Grains,$$,3.0,5,"[{'alias': 'sandwiches', 'title': 'Sandwiches'}, {'alias': 'delis', 'title': 'Delis'}]"
53719,Faircrest Bakery & Cafe,,5.0,1,"[{'alias': 'bakeries', 'title': 'Bakeries'}, {'alias': 'cafes', 'title': 'Cafes'}]"
53719,Jimmy John's,$,2.5,9,"[{'alias': 'sandwiches', 'title': 'Sandwiches'}, {'alias': 'hotdogs', 'title': 'Fast Food'}, {'alias': 'delis', 'title': 'Delis'}]"
53719,Dawley Conservancy,,5.0,1,"[{'alias': 'parks', 'title': 'Parks'}]"
53719,Milio's Sandwiches,$,1.5,14,"[{'alias': 'sandwiches', 'title': 'Sandwiches'}]"
53719,Marquis Ballroom,,2.0,4,"[{'alias': 'buffets', 'title': 'Buffets'}, {'alias': 'venues', 'title': 'Venues & Event Spaces'}]"
53719,Middleton Area Historical Society,,5.0,1,"[{'alias': 'museums', 'title': 'Museums'}]"
53719,Olive Jones Park,,5.0,1,"[{'alias': 'parks', 'title': 'Parks'}, {'alias': 'basketballcourts', 'title': 'Basketball Courts'}, {'alias': 'playgrounds', 'title': 'Playgrounds'}]"
53719,ShortCakes,,5.0,1,"[{'alias': 'desserts', 'title': 'Desserts'}]"
53719,Oak Meadow Park,,5.0,1,"[{'alias': 'parks', 'title': 'Parks'}]"
53719,Freeman Brothers BBQ,,5.0,1,"[{'alias': 'foodtrucks', 'title': 'Food Trucks'}, {'alias': 'bbq', 'title': 'Barbeque'}]"
53719,Sauk Creek Park,,3.0,1,"[{'alias': 'parks', 'title': 'Parks'}]"
53719,Falling Water Cafe,$$,2.0,7,"[{'alias': 'newamerican', 'title': 'American (New)'}]"
53719,The Brat Stand,,5.0,1,"[{'alias': 'hotdog', 'title': 'Hot Dogs'}, {'alias': 'tradamerican', 'title': 'American (Traditional)'}, {'alias': 'pubs', 'title': 'Pubs'}]"
53719,Bear Mound Park,,5.0,1,"[{'alias': 'parks', 'title': 'Parks'}]"
53719,Midland Park,,5.0,1,"[{'alias': 'parks', 'title': 'Parks'}, {'alias': 'basketballcourts', 'title': 'Basketball Courts'}, {'alias': 'playgrounds', 'title': 'Playgrounds'}]"
53719,McDonald's,,2.0,8,"[{'alias': 'hotdogs', 'title': 'Fast Food'}, {'alias': 'burgers', 'title': 'Burgers'}, {'alias': 'coffee', 'title': 'Coffee & Tea'}]"
53719,Rheta's Market,$,3.5,3,"[{'alias': 'food_court', 'title': 'Food Court'}, {'alias': 'collegeuniv', 'title': 'Colleges & Universities'}]"
53719,Mad Chicken,,1.0,1,"[{'alias': 'chickenshop', 'title': 'Chicken Shop'}]"
53719,Tumbledown Trails Golf Course,,2.5,5,"[{'alias': 'golf', 'title': 'Golf'}]"
53719,7-Eleven,$$,2.5,5,"[{'alias': 'convenience', 'title': 'Convenience Stores'}, {'alias': 'servicestations', 'title': 'Gas Stations'}, {'alias': 'coffee', 'title': 'Coffee & Tea'}]"
53719,McDonald's,,2.0,5,"[{'alias': 'hotdogs', 'title': 'Fast Food'}, {'alias': 'burgers', 'title': 'Burgers'}, {'alias': 'coffee', 'title': 'Coffee & Tea'}]"
53719,Thai Riffic,,3.0,3,"[{'alias': 'thai', 'title': 'Thai'}, {'alias': 'foodtrucks', 'title': 'Food Trucks'}]"
53719,Subway,$,4.0,1,"[{'alias': 'sandwiches', 'title': 'Sandwiches'}, {'alias': 'hotdogs', 'title': 'Fast Food'}]"
53719,Jimmy John's,,3.5,2,"[{'alias': 'sandwiches', 'title': 'Sandwiches'}, {'alias': 'delis', 'title': 'Delis'}, {'alias': 'hotdogs', 'title': 'Fast Food'}]"
53719,Nine Springs Golf Course,,2.5,4,"[{'alias': 'golf', 'title': 'Golf'}]"
53719,Monroe Street Festival,,3.5,2,"[{'alias': 'localflavor', 'title': 'Local Flavor'}]"
53719,Change Golf Instruction,,5.0,1,"[{'alias': 'golf', 'title': 'Golf'}, {'alias': 'golflessons', 'title': 'Golf Lessons'}]"
53719,Hibachi Hut,,3.5,2,"[{'alias': 'chinese', 'title': 'Chinese'}, {'alias': 'japanese', 'title': 'Japanese'}]"
53719,Mendota Market,$$$,3.5,2,"[{'alias': 'icecream', 'title': 'Ice Cream & Frozen Yogurt'}, {'alias': 'coffee', 'title': 'Coffee & Tea'}, {'alias': 'convenience', 'title': 'Convenience Stores'}]"
53719,Cardinal Glenn Park,,3.0,1,"[{'alias': 'parks', 'title': 'Parks'}, {'alias': 'playgrounds', 'title': 'Playgrounds'}]"
53719,McDonald's,$,1.5,17,"[{'alias': 'burgers', 'title': 'Burgers'}, {'alias': 'hotdogs', 'title': 'Fast Food'}, {'alias': 'coffee', 'title': 'Coffee & Tea'}]"
53719,Starbucks,$$,3.0,2,"[{'alias': 'coffee', 'title': 'Coffee & Tea'}]"
53719,Gordon Dining and Event Center,$,3.0,3,"[{'alias': 'cafeteria', 'title': 'Cafeteria'}]"
53719,7-Eleven,$,3.0,2,"[{'alias': 'convenience', 'title': 'Convenience Stores'}, {'alias': 'coffee', 'title': 'Coffee & Tea'}]"
53719,Glenway Municipal Golf Course,,4.0,1,"[{'alias': 'golf', 'title': 'Golf'}, {'alias': 'parks', 'title': 'Parks'}]"
53719,Quarry Park,,4.0,1,"[{'alias': 'parks', 'title': 'Parks'}, {'alias': 'mountainbiking', 'title': 'Mountain Biking'}]"
53719,Gordon Avenue Market,$,2.5,3,"[{'alias': 'food_court', 'title': 'Food Court'}]"
53719,Subway,,2.0,5,"[{'alias': 'sandwiches', 'title': 'Sandwiches'}, {'alias': 'hotdogs', 'title': 'Fast Food'}]"
53719,Subway,$,3.0,3,"[{'alias': 'sandwiches', 'title': 'Sandwiches'}, {'alias': 'hotdogs', 'title': 'Fast Food'}]"
53719,Blue Plate Cafe',$,4.0,1,"[{'alias': 'cafes', 'title': 'Cafes'}, {'alias': 'seafood', 'title': 'Seafood'}, {'alias': 'breakfast_brunch', 'title': 'Breakfast & Brunch'}]"
53719,Hometown USA Community Park,,4.0,1,"[{'alias': 'skate_parks', 'title': 'Skate Parks'}]"
53719,Mi,,4.0,1,"[{'alias': 'sandwiches', 'title': 'Sandwiches'}]"
53719,Pizza Bella,$$,1.5,13,"[{'alias': 'pizza', 'title': 'Pizza'}]"
53719,Arby's,$,2.0,4,"[{'alias': 'hotdogs', 'title': 'Fast Food'}, {'alias': 'sandwiches', 'title': 'Sandwiches'}]"
53719,Pizza Hut,$$,2.0,5,"[{'alias': 'pizza', 'title': 'Pizza'}, {'alias': 'italian', 'title': 'Italian'}, {'alias': 'chicken_wings', 'title': 'Chicken Wings'}]"
53719,Urban Slice,$,2.0,8,"[{'alias': 'pizza', 'title': 'Pizza'}]"
53719,McDonald's,$,1.0,10,"[{'alias': 'hotdogs', 'title': 'Fast Food'}, {'alias': 'burgers', 'title': 'Burgers'}, {'alias': 'coffee', 'title': 'Coffee & Tea'}]"
53719,Leonard R Ingersoll Physics Museum,,4.0,1,"[{'alias': 'collegeuniv', 'title': 'Colleges & Universities'}, {'alias': 'museums', 'title': 'Museums'}]"
53719,Brittingham Park,,4.0,1,"[{'alias': 'parks', 'title': 'Parks'}]"
53719,Newell's Deli,,4.0,1,"[{'alias': 'delis', 'title': 'Delis'}]"
53719,El Norteno Taco Truck,$,4.0,1,"[{'alias': 'foodstands', 'title': 'Food Stands'}, {'alias': 'mexican', 'title': 'Mexican'}]"
53719,Athens Gyros,,2.5,7,"[{'alias': 'greek', 'title': 'Greek'}]"
53719,Swan Creek Park,,4.0,1,"[{'alias': 'parks', 'title': 'Parks'}]"
53719,Blackhawk Country Club,,5.0,2,"[{'alias': 'golf', 'title': 'Golf'}, {'alias': 'countryclubs', 'title': 'Country Clubs'}]"
53719,Ruby Lounge,,2.5,7,"[{'alias': 'cocktailbars', 'title': 'Cocktail Bars'}, {'alias': 'venues', 'title': 'Venues & Event Spaces'}, {'alias': 'lounges', 'title': 'Lounges'}]"
53719,Falling Water Cafe,$$,2.5,2,"[{'alias': 'newamerican', 'title': 'American (New)'}]"
53719,Carte,$,3.0,3,"[{'alias': 'salad', 'title': 'Salad'}, {'alias': 'sandwiches', 'title': 'Sandwiches'}, {'alias': 'soup', 'title': 'Soup'}]"
53719,Subway,,2.5,2,"[{'alias': 'sandwiches', 'title': 'Sandwiches'}, {'alias': 'hotdogs', 'title': 'Fast Food'}]"
53719,KFC,$,1.0,8,"[{'alias': 'hotdogs', 'title': 'Fast Food'}, {'alias': 'chicken_wings', 'title': 'Chicken Wings'}, {'alias': 'chickenshop', 'title': 'Chicken Shop'}]"
53719,Jimmy John's,,3.0,1,"[{'alias': 'sandwiches', 'title': 'Sandwiches'}, {'alias': 'hotdogs', 'title': 'Fast Food'}, {'alias': 'delis', 'title': 'Delis'}]"
53719,Jimmy John's,,3.5,3,"[{'alias': 'sandwiches', 'title': 'Sandwiches'}, {'alias': 'hotdogs', 'title': 'Fast Food'}, {'alias': 'delis', 'title': 'Delis'}]"
53719,Four Lakes Market,,2.5,2,"[{'alias': 'food_court', 'title': 'Food Court'}]"
53719,Sunnyside Park,,3.0,1,"[{'alias': 'dog_parks', 'title': 'Dog Parks'}]"
53719,Stoneleigh Park,,3.0,1,"[{'alias': 'parks', 'title': 'Parks'}]"
53719,Glacier Grille At The Henry Vilas Zoo,,3.0,1,"[{'alias': 'newamerican', 'title': 'American (New)'}]"
53719,Shere Khan,££,3.0,1,"[{'alias': 'indpak', 'title': 'Indian'}, {'alias': 'pakistani', 'title': 'Pakistani'}]"
53719,Microcosm Cafe,$,3.0,1,"[{'alias': 'coffee', 'title': 'Coffee & Tea'}, {'alias': 'bakeries', 'title': 'Bakeries'}, {'alias': 'sandwiches', 'title': 'Sandwiches'}]"
53719,Badger Market -  Union South,$,3.0,1,"[{'alias': 'sandwiches', 'title': 'Sandwiches'}, {'alias': 'cafes', 'title': 'Cafes'}, {'alias': 'grocery', 'title': 'Grocery'}]"
53719,7-Eleven,$,2.0,2,"[{'alias': 'convenience', 'title': 'Convenience Stores'}, {'alias': 'coffee', 'title': 'Coffee & Tea'}]"
53719,Badger Market,$$$,2.5,2,"[{'alias': 'breakfast_brunch', 'title': 'Breakfast & Brunch'}, {'alias': 'juicebars', 'title': 'Juice Bars & Smoothies'}, {'alias': 'cafes', 'title': 'Cafes'}]"
53719,The Angry Rooster,,3.0,5,"[{'alias': 'chickenshop', 'title': 'Chicken Shop'}]"
53719,Midwest Billiards,,2.0,3,"[{'alias': 'amusementparks', 'title': 'Amusement Parks'}]"
53719,Jerry's Lemonade Stand,,2.0,1,"[{'alias': 'streetvendors', 'title': 'Street Vendors'}]"
53719,Subway,,5.0,1,"[{'alias': 'sandwiches', 'title': 'Sandwiches'}, {'alias': 'hotdogs', 'title': 'Fast Food'}]"
53719,7-Eleven,$$$,1.0,1,"[{'alias': 'convenience', 'title': 'Convenience Stores'}, {'alias': 'servicestations', 'title': 'Gas Stations'}, {'alias': 'coffee', 'title': 'Coffee & Tea'}]"
53719,Taste of Fitchburg,,1.0,1,"[{'alias': 'localflavor', 'title': 'Local Flavor'}]"
53719,HungryBadger Cafe,,4.0,1,"[{'alias': 'cafes', 'title': 'Cafes'}]"
53719,Subway,,1.0,2,"[{'alias': 'sandwiches', 'title': 'Sandwiches'}, {'alias': 'hotdogs', 'title': 'Fast Food'}]"
53719,Colonial Bakery,,4.0,1,"[{'alias': 'bakeries', 'title': 'Bakeries'}]"
53719,A Just Brew,$,4.0,1,"[{'alias': 'coffee', 'title': 'Coffee & Tea'}]"
53719,Open Book Cafe,$,4.0,1,"[{'alias': 'coffee', 'title': 'Coffee & Tea'}, {'alias': 'sandwiches', 'title': 'Sandwiches'}, {'alias': 'cafes', 'title': 'Cafes'}]"
53719,Old World Wisconsin,,4.5,24,"[{'alias': 'museums', 'title': 'Museums'}, {'alias': 'tours', 'title': 'Tours'}, {'alias': 'daycamps', 'title': 'Day Camps'}]"
53719,Quiznos,$,1.0,1,"[{'alias': 'sandwiches', 'title': 'Sandwiches'}, {'alias': 'delis', 'title': 'Delis'}]"
53719,Carluccio's,££,1.0,1,"[{'alias': 'italian', 'title': 'Italian'}]"
53719,Java Bay,,1.0,1,"[{'alias': 'coffee', 'title': 'Coffee & Tea'}]"
53719,Fireman's Park,,1.0,1,"[{'alias': 'parks', 'title': 'Parks'}]"
53719,Subway,,1.0,1,"[{'alias': 'sandwiches', 'title': 'Sandwiches'}, {'alias': 'hotdogs', 'title': 'Fast Food'}]"
