zipcode,name,price,rating,review_count,categories
53045,Kopp's Frozen Custard,$,4.0,251,"[{'alias': 'icecream', 'title': 'Ice Cream & Frozen Yogurt'}, {'alias': 'burgers', 'title': 'Burgers'}]"
53045,Cafe Manna,$$,4.0,212,"[{'alias': 'vegetarian', 'title': 'Vegetarian'}, {'alias': 'vegan', 'title': 'Vegan'}, {'alias': 'desserts', 'title': 'Desserts'}]"
53045,Parkside 23,$$,4.0,284,"[{'alias': 'newamerican', 'title': 'American (New)'}]"
53045,First Watch,$$,4.0,181,"[{'alias': 'breakfast_brunch', 'title': 'Breakfast & Brunch'}, {'alias': 'cafes', 'title': 'Cafes'}, {'alias': 'tradamerican', 'title': 'American (Traditional)'}]"
53045,Blaze Fast-Fire'd Pizza,$,4.0,142,"[{'alias': 'pizza', 'title': 'Pizza'}, {'alias': 'salad', 'title': 'Salad'}, {'alias': 'hotdogs', 'title': 'Fast Food'}]"
53045,Fujiyama,$$,4.0,172,"[{'alias': 'japanese', 'title': 'Japanese'}, {'alias': 'sushi', 'title': 'Sushi Bars'}]"
53045,Cooper's Hawk Winery & Restaurant - Brookfield,$$,4.0,290,"[{'alias': 'newamerican', 'title': 'American (New)'}, {'alias': 'wine_bars', 'title': 'Wine Bars'}, {'alias': 'winetastingroom', 'title': 'Wine Tasting Room'}]"
53045,Bonefish Grill,$$,4.0,158,"[{'alias': 'seafood', 'title': 'Seafood'}, {'alias': 'newamerican', 'title': 'American (New)'}, {'alias': 'cocktailbars', 'title': 'Cocktail Bars'}]"
53045,Taste of India,$$,4.0,140,"[{'alias': 'indpak', 'title': 'Indian'}, {'alias': 'vegetarian', 'title': 'Vegetarian'}]"
53045,Meiji,$$,4.0,182,"[{'alias': 'chinese', 'title': 'Chinese'}, {'alias': 'japanese', 'title': 'Japanese'}, {'alias': 'sushi', 'title': 'Sushi Bars'}]"
53045,FreshFin Poké,,5.0,33,"[{'alias': 'sushi', 'title': 'Sushi Bars'}, {'alias': 'poke', 'title': 'Poke'}, {'alias': 'vegetarian', 'title': 'Vegetarian'}]"
53045,The Original Pancake House,$$,4.0,144,"[{'alias': 'breakfast_brunch', 'title': 'Breakfast & Brunch'}, {'alias': 'waffles', 'title': 'Waffles'}, {'alias': 'creperies', 'title': 'Creperies'}]"
53045,Jose's Blue Sombrero,$$,3.5,195,"[{'alias': 'mexican', 'title': 'Mexican'}]"
53045,Naf Naf Grill,$,4.5,81,"[{'alias': 'mideastern', 'title': 'Middle Eastern'}, {'alias': 'salad', 'title': 'Salad'}, {'alias': 'falafel', 'title': 'Falafel'}]"
53045,Shawarma House,$,4.0,79,"[{'alias': 'mideastern', 'title': 'Middle Eastern'}, {'alias': 'persian', 'title': 'Persian/Iranian'}]"
53045,Cafe Hollander - Brookfield,$$,3.5,193,"[{'alias': 'bars', 'title': 'Bars'}, {'alias': 'belgian', 'title': 'Belgian'}, {'alias': 'breakfast_brunch', 'title': 'Breakfast & Brunch'}]"
53045,Mr. B's - A Bartolotta Steakhouse,$$$,3.5,152,"[{'alias': 'steak', 'title': 'Steakhouses'}, {'alias': 'seafood', 'title': 'Seafood'}]"
53045,Nothing Bundt Cakes,,5.0,22,"[{'alias': 'cupcakes', 'title': 'Cupcakes'}, {'alias': 'desserts', 'title': 'Desserts'}, {'alias': 'bakeries', 'title': 'Bakeries'}]"
53045,India Garden,$$,4.5,234,"[{'alias': 'indpak', 'title': 'Indian'}]"
53045,Tofte's Table,$$$,4.5,110,"[{'alias': 'comfortfood', 'title': 'Comfort Food'}, {'alias': 'newamerican', 'title': 'American (New)'}, {'alias': 'cocktailbars', 'title': 'Cocktail Bars'}]"
53045,Portillo's Hot Dogs,$,3.0,205,"[{'alias': 'hotdog', 'title': 'Hot Dogs'}, {'alias': 'burgers', 'title': 'Burgers'}, {'alias': 'sandwiches', 'title': 'Sandwiches'}]"
53045,Jake's Burger,$$,3.5,141,"[{'alias': 'burgers', 'title': 'Burgers'}]"
53045,Marty's Pizza Pasta & Subs,$$,3.5,98,"[{'alias': 'pizza', 'title': 'Pizza'}, {'alias': 'italian', 'title': 'Italian'}]"
53045,Mitchell's Fish Market,$$,3.5,149,"[{'alias': 'seafood', 'title': 'Seafood'}, {'alias': 'bars', 'title': 'Bars'}]"
53045,Taqueria Guadalajara,$,5.0,71,"[{'alias': 'mexican', 'title': 'Mexican'}]"
53045,Wasabi Sushi Lounge,$$,3.5,140,"[{'alias': 'japanese', 'title': 'Japanese'}, {'alias': 'asianfusion', 'title': 'Asian Fusion'}, {'alias': 'sushi', 'title': 'Sushi Bars'}]"
53045,Fleming's Prime Steakhouse - Brookfield,$$$,3.5,120,"[{'alias': 'steak', 'title': 'Steakhouses'}, {'alias': 'wine_bars', 'title': 'Wine Bars'}]"
53045,Saloon On Calhoun,$$,3.5,129,"[{'alias': 'sportsbars', 'title': 'Sports Bars'}]"
53045,Vino Cappuccino,$$,3.0,89,"[{'alias': 'italian', 'title': 'Italian'}]"
53045,Grassroots Salad Company,$$,4.5,38,"[{'alias': 'salad', 'title': 'Salad'}, {'alias': 'juicebars', 'title': 'Juice Bars & Smoothies'}, {'alias': 'vegetarian', 'title': 'Vegetarian'}]"
53045,Taylor's People's Park,$$,4.0,230,"[{'alias': 'newamerican', 'title': 'American (New)'}, {'alias': 'cocktailbars', 'title': 'Cocktail Bars'}]"
53045,Fusion Cafe,$,4.5,108,"[{'alias': 'chinese', 'title': 'Chinese'}, {'alias': 'sushi', 'title': 'Sushi Bars'}, {'alias': 'noodles', 'title': 'Noodles'}]"
53045,Maxims Restaurant,$$,4.0,56,"[{'alias': 'newamerican', 'title': 'American (New)'}]"
53045,Sze Chuan Restaurant,$$,4.5,95,"[{'alias': 'szechuan', 'title': 'Szechuan'}]"
53045,Fujiyama,$$,4.0,169,"[{'alias': 'japanese', 'title': 'Japanese'}, {'alias': 'sushi', 'title': 'Sushi Bars'}, {'alias': 'soup', 'title': 'Soup'}]"
53045,North Star American Bistro,$$,3.5,65,"[{'alias': 'newamerican', 'title': 'American (New)'}]"
53045,Pho One24,$$,4.0,154,"[{'alias': 'vietnamese', 'title': 'Vietnamese'}]"
53045,Mainstream Bar & Grill,$$,4.5,127,"[{'alias': 'burgers', 'title': 'Burgers'}, {'alias': 'sportsbars', 'title': 'Sports Bars'}, {'alias': 'tradamerican', 'title': 'American (Traditional)'}]"
53045,Jake's Restaurant,$$$,4.0,65,"[{'alias': 'steak', 'title': 'Steakhouses'}]"
53045,Fuddruckers,$$,3.5,72,"[{'alias': 'burgers', 'title': 'Burgers'}, {'alias': 'tradamerican', 'title': 'American (Traditional)'}]"
53045,Champps Americana,$$,4.0,109,"[{'alias': 'tradamerican', 'title': 'American (Traditional)'}, {'alias': 'sportsbars', 'title': 'Sports Bars'}]"
53045,J.J. Chen's Eatery,$,4.0,155,"[{'alias': 'dimsum', 'title': 'Dim Sum'}, {'alias': 'szechuan', 'title': 'Szechuan'}]"
53045,Brookfield Family Restaurant,$,3.5,49,"[{'alias': 'newamerican', 'title': 'American (New)'}]"
53045,Pat's Rib Place,$$,4.5,101,"[{'alias': 'bbq', 'title': 'Barbeque'}, {'alias': 'tradamerican', 'title': 'American (Traditional)'}]"
53045,Oscar's Frozen Custard,$,4.0,60,"[{'alias': 'icecream', 'title': 'Ice Cream & Frozen Yogurt'}, {'alias': 'burgers', 'title': 'Burgers'}]"
53045,Rochester Deli,$,4.0,103,"[{'alias': 'delis', 'title': 'Delis'}, {'alias': 'bakeries', 'title': 'Bakeries'}, {'alias': 'catering', 'title': 'Caterers'}]"
53045,Potbelly Sandwich Shop,$,4.0,31,"[{'alias': 'sandwiches', 'title': 'Sandwiches'}, {'alias': 'hotdogs', 'title': 'Fast Food'}, {'alias': 'salad', 'title': 'Salad'}]"
53045,Carrabba's Italian Grill,$$,3.5,64,"[{'alias': 'italian', 'title': 'Italian'}, {'alias': 'seafood', 'title': 'Seafood'}]"
53045,BRAVO! Cucina Italiana,$$,3.5,110,"[{'alias': 'italian', 'title': 'Italian'}, {'alias': 'gluten_free', 'title': 'Gluten-Free'}, {'alias': 'bars', 'title': 'Bars'}]"
53045,The Melting Pot - Brookfield,$$$,3.5,69,"[{'alias': 'fondue', 'title': 'Fondue'}]"
53045,Casablanca Brookfield,$$$,3.5,68,"[{'alias': 'mideastern', 'title': 'Middle Eastern'}, {'alias': 'vegan', 'title': 'Vegan'}, {'alias': 'hookah_bars', 'title': 'Hookah Bars'}]"
53045,Bullwinkle's,$$,3.0,94,"[{'alias': 'sportsbars', 'title': 'Sports Bars'}, {'alias': 'chicken_wings', 'title': 'Chicken Wings'}]"
53045,Yo Mama!,$,4.5,16,"[{'alias': 'icecream', 'title': 'Ice Cream & Frozen Yogurt'}, {'alias': 'bakeries', 'title': 'Bakeries'}]"
53045,Yee Peggy Emperor's Kitchen,$$,3.5,54,"[{'alias': 'chinese', 'title': 'Chinese'}]"
53045,Lagniappe Brasserie,$$,4.0,53,"[{'alias': 'brasseries', 'title': 'Brasseries'}]"
53045,Grimaldi's Pizzeria,$$,3.0,76,"[{'alias': 'pizza', 'title': 'Pizza'}]"
53045,The Steaming Cup,$,4.0,99,"[{'alias': 'breakfast_brunch', 'title': 'Breakfast & Brunch'}, {'alias': 'cafes', 'title': 'Cafes'}, {'alias': 'sandwiches', 'title': 'Sandwiches'}]"
53045,Ginza Japanese Restaurant,$$,3.5,166,"[{'alias': 'japanese', 'title': 'Japanese'}, {'alias': 'sushi', 'title': 'Sushi Bars'}]"
53045,Belair Cantina - Brookfield,$$,3.0,106,"[{'alias': 'tex-mex', 'title': 'Tex-Mex'}, {'alias': 'tacos', 'title': 'Tacos'}]"
53045,Mings,$,3.5,34,"[{'alias': 'chinese', 'title': 'Chinese'}]"
53045,Maxfield's Pancake House,$$,4.0,128,"[{'alias': 'breakfast_brunch', 'title': 'Breakfast & Brunch'}]"
53045,Texas Roadhouse,$$,3.5,59,"[{'alias': 'steak', 'title': 'Steakhouses'}, {'alias': 'bbq', 'title': 'Barbeque'}, {'alias': 'tradamerican', 'title': 'American (Traditional)'}]"
53045,Pho King on Sunset,$$,4.5,76,"[{'alias': 'vietnamese', 'title': 'Vietnamese'}]"
53045,Sobelman's Pub & Grill,$$,4.0,66,"[{'alias': 'burgers', 'title': 'Burgers'}, {'alias': 'pubs', 'title': 'Pubs'}]"
53045,Fuzzy's Sports Pub & Grill,$,4.0,69,"[{'alias': 'tradamerican', 'title': 'American (Traditional)'}, {'alias': 'sportsbars', 'title': 'Sports Bars'}, {'alias': 'breakfast_brunch', 'title': 'Breakfast & Brunch'}]"
53045,Stir Crazy Fresh Asian Grill,$$,2.5,165,"[{'alias': 'asianfusion', 'title': 'Asian Fusion'}, {'alias': 'chinese', 'title': 'Chinese'}]"
53045,The Crossing Restaurant,$,4.5,27,"[{'alias': 'tradamerican', 'title': 'American (Traditional)'}]"
53045,Misson BBQ,,4.0,21,"[{'alias': 'bbq', 'title': 'Barbeque'}, {'alias': 'sandwiches', 'title': 'Sandwiches'}]"
53045,Maggiano's Little Italy,$$,3.5,153,"[{'alias': 'italian', 'title': 'Italian'}, {'alias': 'bars', 'title': 'Bars'}]"
53045,Greenfish Poke,$$,4.0,55,"[{'alias': 'sushi', 'title': 'Sushi Bars'}, {'alias': 'poke', 'title': 'Poke'}, {'alias': 'bubbletea', 'title': 'Bubble Tea'}]"
53045,Café Grace,$$,4.0,78,"[{'alias': 'french', 'title': 'French'}]"
53045,Jason's Deli,$,3.5,51,"[{'alias': 'delis', 'title': 'Delis'}, {'alias': 'salad', 'title': 'Salad'}, {'alias': 'sandwiches', 'title': 'Sandwiches'}]"
53045,John's Drive-In,$,4.5,37,"[{'alias': 'hotdogs', 'title': 'Fast Food'}, {'alias': 'hotdog', 'title': 'Hot Dogs'}, {'alias': 'sandwiches', 'title': 'Sandwiches'}]"
53045,Zisters,,4.0,76,"[{'alias': 'breakfast_brunch', 'title': 'Breakfast & Brunch'}, {'alias': 'tapas', 'title': 'Tapas Bars'}]"
53045,Gigi's Cupcakes of Wauwatosa,$$,4.0,74,"[{'alias': 'bakeries', 'title': 'Bakeries'}, {'alias': 'desserts', 'title': 'Desserts'}, {'alias': 'cupcakes', 'title': 'Cupcakes'}]"
53045,Red Robin Gourmet Burgers,$$,3.0,77,"[{'alias': 'burgers', 'title': 'Burgers'}, {'alias': 'tradamerican', 'title': 'American (Traditional)'}]"
53045,Panera Bread,$,3.0,38,"[{'alias': 'sandwiches', 'title': 'Sandwiches'}, {'alias': 'salad', 'title': 'Salad'}, {'alias': 'soup', 'title': 'Soup'}]"
53045,Bougey's Bar & Grill,$$,4.0,34,"[{'alias': 'tradamerican', 'title': 'American (Traditional)'}, {'alias': 'breakfast_brunch', 'title': 'Breakfast & Brunch'}, {'alias': 'chicken_wings', 'title': 'Chicken Wings'}]"
53045,Karl's Country Market,$$,4.0,46,"[{'alias': 'grocery', 'title': 'Grocery'}, {'alias': 'meats', 'title': 'Meat Shops'}, {'alias': 'delis', 'title': 'Delis'}]"
53045,La Estacion,$$,3.5,146,"[{'alias': 'mexican', 'title': 'Mexican'}, {'alias': 'wine_bars', 'title': 'Wine Bars'}]"
53045,Capitol Cafe Pancake House & Restaurant,$,3.5,55,"[{'alias': 'tradamerican', 'title': 'American (Traditional)'}, {'alias': 'greek', 'title': 'Greek'}]"
53045,Walt's Sandwich Place,$,4.5,39,"[{'alias': 'sandwiches', 'title': 'Sandwiches'}, {'alias': 'salad', 'title': 'Salad'}, {'alias': 'burgers', 'title': 'Burgers'}]"
53045,Chick-fil-A,$,4.0,61,"[{'alias': 'hotdogs', 'title': 'Fast Food'}]"
53045,Cafe De Arts,$,4.5,33,"[{'alias': 'sandwiches', 'title': 'Sandwiches'}, {'alias': 'coffeeroasteries', 'title': 'Coffee Roasteries'}, {'alias': 'turkish', 'title': 'Turkish'}]"
53045,The Chocolate Factory,$$,4.0,25,"[{'alias': 'sandwiches', 'title': 'Sandwiches'}, {'alias': 'icecream', 'title': 'Ice Cream & Frozen Yogurt'}, {'alias': 'soup', 'title': 'Soup'}]"
53045,Fava Tea Company,$$,4.0,15,"[{'alias': 'coffee', 'title': 'Coffee & Tea'}]"
53045,Point Burger Bar,$$,3.0,117,"[{'alias': 'burgers', 'title': 'Burgers'}, {'alias': 'newamerican', 'title': 'American (New)'}, {'alias': 'beer_and_wine', 'title': 'Beer, Wine & Spirits'}]"
53045,The Cheesecake Factory,$$,3.0,186,"[{'alias': 'newamerican', 'title': 'American (New)'}, {'alias': 'desserts', 'title': 'Desserts'}]"
53045,Fox Brook Park,,4.5,8,"[{'alias': 'parks', 'title': 'Parks'}]"
53045,Pizza Man Tosa,$$,3.5,167,"[{'alias': 'pizza', 'title': 'Pizza'}]"
53045,Mo's Irish Pub,$$,3.0,155,"[{'alias': 'irish', 'title': 'Irish'}, {'alias': 'pubs', 'title': 'Pubs'}, {'alias': 'sandwiches', 'title': 'Sandwiches'}]"
53045,Lucky Bakery & BBQ,$,4.5,40,"[{'alias': 'bakeries', 'title': 'Bakeries'}, {'alias': 'bbq', 'title': 'Barbeque'}]"
53045,Taqueria El Jefe,$,3.5,117,"[{'alias': 'mexican', 'title': 'Mexican'}]"
53045,P.F. Chang's,$$,3.0,157,"[{'alias': 'chinese', 'title': 'Chinese'}, {'alias': 'asianfusion', 'title': 'Asian Fusion'}, {'alias': 'gluten_free', 'title': 'Gluten-Free'}]"
53045,Jimmy's Grotto,$,3.5,109,"[{'alias': 'pizza', 'title': 'Pizza'}, {'alias': 'italian', 'title': 'Italian'}]"
53045,Olive Garden Italian Restaurant,$$,2.5,64,"[{'alias': 'italian', 'title': 'Italian'}, {'alias': 'salad', 'title': 'Salad'}]"
53045,Los Tacos,$,4.0,49,"[{'alias': 'mexican', 'title': 'Mexican'}]"
53045,Oscar's Frozen Custard,$,4.0,63,"[{'alias': 'icecream', 'title': 'Ice Cream & Frozen Yogurt'}, {'alias': 'burgers', 'title': 'Burgers'}, {'alias': 'sandwiches', 'title': 'Sandwiches'}]"
53045,Goddess and the Baker,,3.5,26,"[{'alias': 'bakeries', 'title': 'Bakeries'}, {'alias': 'cafes', 'title': 'Cafes'}]"
53045,The Machine Shed - Pewaukee,$$,3.5,123,"[{'alias': 'tradamerican', 'title': 'American (Traditional)'}]"
53045,Great Wall Restaurant,$$,4.0,15,"[{'alias': 'chinese', 'title': 'Chinese'}]"
53045,George Webb,$,4.0,16,"[{'alias': 'diners', 'title': 'Diners'}]"
53045,Starbucks,$$,3.5,24,"[{'alias': 'coffee', 'title': 'Coffee & Tea'}]"
53045,Jackson's Blue Ribbon Pub,$$,3.5,115,"[{'alias': 'tradamerican', 'title': 'American (Traditional)'}, {'alias': 'sportsbars', 'title': 'Sports Bars'}]"
53045,Bakers Square,$,3.5,23,"[{'alias': 'bakeries', 'title': 'Bakeries'}]"
53045,The Social Haus,$$,4.5,17,"[{'alias': 'pubs', 'title': 'Pubs'}]"
53045,Jack's Cafe,$$,3.5,36,"[{'alias': 'newamerican', 'title': 'American (New)'}]"
53045,Chili's,$$,3.5,30,"[{'alias': 'bars', 'title': 'Bars'}, {'alias': 'tradamerican', 'title': 'American (Traditional)'}, {'alias': 'tex-mex', 'title': 'Tex-Mex'}]"
53045,Tee Aire Golf Range & Miniature Golf,,4.5,10,"[{'alias': 'golf', 'title': 'Golf'}]"
53045,Brunch,$$,3.0,48,"[{'alias': 'breakfast_brunch', 'title': 'Breakfast & Brunch'}]"
53045,MACS - Macaroni And Cheese Shop,,4.0,37,"[{'alias': 'comfortfood', 'title': 'Comfort Food'}]"
53045,Fortune Restaurant,$$,3.5,131,"[{'alias': 'chinese', 'title': 'Chinese'}, {'alias': 'seafood', 'title': 'Seafood'}]"
53045,Andrea's Red Rooster,$$,3.0,31,"[{'alias': 'tradamerican', 'title': 'American (Traditional)'}]"
53045,Golden Gate Restaurant,$$,4.0,60,"[{'alias': 'chinese', 'title': 'Chinese'}]"
53045,Texas de Brazil,$$$,4.0,56,"[{'alias': 'steak', 'title': 'Steakhouses'}, {'alias': 'brazilian', 'title': 'Brazilian'}, {'alias': 'venues', 'title': 'Venues & Event Spaces'}]"
53045,Tandoor Restaurant,$$,4.0,69,"[{'alias': 'indpak', 'title': 'Indian'}]"
53045,Spring City Wine House,$$,4.5,19,"[{'alias': 'wine_bars', 'title': 'Wine Bars'}]"
53045,The Original Suburpia,$,3.5,64,"[{'alias': 'sandwiches', 'title': 'Sandwiches'}]"
53045,Malabar Coast Coffee & Tea,$,4.5,25,"[{'alias': 'coffee', 'title': 'Coffee & Tea'}, {'alias': 'bakeries', 'title': 'Bakeries'}, {'alias': 'sandwiches', 'title': 'Sandwiches'}]"
53045,World Of Beer,$$,3.5,86,"[{'alias': 'pubs', 'title': 'Pubs'}, {'alias': 'tradamerican', 'title': 'American (Traditional)'}]"
53045,TGI Fridays,$$,2.5,51,"[{'alias': 'tradamerican', 'title': 'American (Traditional)'}]"
53045,Alphonso's The Original,$,4.0,43,"[{'alias': 'pizza', 'title': 'Pizza'}]"
53045,Singha Thai Restaurant,$$,3.5,120,"[{'alias': 'thai', 'title': 'Thai'}, {'alias': 'desserts', 'title': 'Desserts'}, {'alias': 'soup', 'title': 'Soup'}]"
53045,Great Harvest Bread,$$,5.0,12,"[{'alias': 'bakeries', 'title': 'Bakeries'}, {'alias': 'sandwiches', 'title': 'Sandwiches'}]"
53045,Habanero's Mexican Kitchen,$$,3.0,149,"[{'alias': 'mexican', 'title': 'Mexican'}]"
53045,Casa Tequila Restaurant,$$,4.0,20,"[{'alias': 'mexican', 'title': 'Mexican'}]"
53045,Kids In Motion,,4.0,42,"[{'alias': 'playgrounds', 'title': 'Playgrounds'}, {'alias': 'amusementparks', 'title': 'Amusement Parks'}]"
53045,Gyros Corner West,$$,4.0,49,"[{'alias': 'tradamerican', 'title': 'American (Traditional)'}]"
53045,Tony Maronni's Pizza,$$,4.0,39,"[{'alias': 'pizza', 'title': 'Pizza'}]"
53045,Tallys Tap & Eatery,$$,4.0,44,"[{'alias': 'newamerican', 'title': 'American (New)'}]"
53045,Hooters,$$,2.5,53,"[{'alias': 'sportsbars', 'title': 'Sports Bars'}, {'alias': 'tradamerican', 'title': 'American (Traditional)'}, {'alias': 'chicken_wings', 'title': 'Chicken Wings'}]"
53045,Buffalo Wild Wings,$$,3.0,29,"[{'alias': 'sportsbars', 'title': 'Sports Bars'}, {'alias': 'tradamerican', 'title': 'American (Traditional)'}, {'alias': 'chicken_wings', 'title': 'Chicken Wings'}]"
53045,Vituccis Pizza,$$,4.5,23,"[{'alias': 'pizza', 'title': 'Pizza'}]"
53045,Rosati's Pizza of Brookfield,$$,3.0,20,"[{'alias': 'pizza', 'title': 'Pizza'}]"
53045,ABV Social,$$,3.0,148,"[{'alias': 'sportsbars', 'title': 'Sports Bars'}, {'alias': 'burgers', 'title': 'Burgers'}, {'alias': 'tradamerican', 'title': 'American (Traditional)'}]"
53045,Bake Street Cafe,$,4.5,7,"[{'alias': 'bakeries', 'title': 'Bakeries'}, {'alias': 'cafes', 'title': 'Cafes'}, {'alias': 'catering', 'title': 'Caterers'}]"
53045,O'donoghue's Irish Pub,$$,4.0,47,"[{'alias': 'tradamerican', 'title': 'American (Traditional)'}, {'alias': 'irish_pubs', 'title': 'Irish Pub'}]"
53045,Chicken Palace,,5.0,14,"[{'alias': 'mexican', 'title': 'Mexican'}]"
53045,Divino Gelato Café,$,4.0,28,"[{'alias': 'italian', 'title': 'Italian'}, {'alias': 'icecream', 'title': 'Ice Cream & Frozen Yogurt'}]"
53045,Storm's Golf Range,,5.0,5,"[{'alias': 'golf', 'title': 'Golf'}, {'alias': 'golflessons', 'title': 'Golf Lessons'}]"
53045,El Palmar,$,4.0,40,"[{'alias': 'mexican', 'title': 'Mexican'}]"
53045,Mama Mia's,$$,2.5,50,"[{'alias': 'pizza', 'title': 'Pizza'}, {'alias': 'salad', 'title': 'Salad'}, {'alias': 'sandwiches', 'title': 'Sandwiches'}]"
53045,Albanese's Roadhouse,$$,3.0,48,"[{'alias': 'sportsbars', 'title': 'Sports Bars'}, {'alias': 'italian', 'title': 'Italian'}]"
53045,Pizza Crafters,$,4.0,34,"[{'alias': 'pizza', 'title': 'Pizza'}, {'alias': 'salad', 'title': 'Salad'}]"
53045,Thirsty Duck,$$,3.5,50,"[{'alias': 'sportsbars', 'title': 'Sports Bars'}, {'alias': 'newamerican', 'title': 'American (New)'}]"
53045,Neighbors Bar & Grille,$$,4.0,44,"[{'alias': 'bars', 'title': 'Bars'}, {'alias': 'chicken_wings', 'title': 'Chicken Wings'}, {'alias': 'sandwiches', 'title': 'Sandwiches'}]"
53045,Perkins Family Restaurant & Bakery,$,3.0,20,"[{'alias': 'hotdogs', 'title': 'Fast Food'}]"
53045,Cleveland Pub & Grill,$$,3.5,60,"[{'alias': 'newamerican', 'title': 'American (New)'}, {'alias': 'sportsbars', 'title': 'Sports Bars'}]"
53045,Firehouse Subs,$,3.5,47,"[{'alias': 'delis', 'title': 'Delis'}, {'alias': 'hotdogs', 'title': 'Fast Food'}, {'alias': 'sandwiches', 'title': 'Sandwiches'}]"
53045,Thunder Bay Restaurant,$$,3.0,102,"[{'alias': 'tradamerican', 'title': 'American (Traditional)'}]"
53045,Chancery Pub and Restaurant,$$,3.5,37,"[{'alias': 'pubs', 'title': 'Pubs'}]"
53045,Jersey Mike's Subs,$,3.5,13,"[{'alias': 'delis', 'title': 'Delis'}, {'alias': 'hotdogs', 'title': 'Fast Food'}, {'alias': 'sandwiches', 'title': 'Sandwiches'}]"
53045,Brass Monkey,$,4.0,38,"[{'alias': 'pubs', 'title': 'Pubs'}, {'alias': 'tradamerican', 'title': 'American (Traditional)'}]"
53045,Asiana Fine Dining Restaurant,$$,3.0,82,"[{'alias': 'sushi', 'title': 'Sushi Bars'}, {'alias': 'asianfusion', 'title': 'Asian Fusion'}, {'alias': 'japanese', 'title': 'Japanese'}]"
53045,Dady-Oh's,$,4.0,33,"[{'alias': 'breakfast_brunch', 'title': 'Breakfast & Brunch'}]"
53045,Cookies by Design,$$,4.0,8,"[{'alias': 'bakeries', 'title': 'Bakeries'}, {'alias': 'desserts', 'title': 'Desserts'}, {'alias': 'flowers', 'title': 'Flowers & Gifts'}]"
53045,Urban Beets Cafe & Juicery,,4.0,22,"[{'alias': 'juicebars', 'title': 'Juice Bars & Smoothies'}, {'alias': 'gluten_free', 'title': 'Gluten-Free'}, {'alias': 'breakfast_brunch', 'title': 'Breakfast & Brunch'}]"
53045,Osgood's,$$,2.5,223,"[{'alias': 'burgers', 'title': 'Burgers'}, {'alias': 'tradamerican', 'title': 'American (Traditional)'}]"
53045,Chick Fil A,$,3.5,29,"[{'alias': 'hotdogs', 'title': 'Fast Food'}]"
53045,Currie Dog Park,,4.0,26,"[{'alias': 'dog_parks', 'title': 'Dog Parks'}]"
53045,EB's Milwaukee Pizza Company,$,4.0,23,"[{'alias': 'pizza', 'title': 'Pizza'}]"
53045,The Schwabenhof Banquets Hall,$$,3.5,61,"[{'alias': 'venues', 'title': 'Venues & Event Spaces'}, {'alias': 'tradamerican', 'title': 'American (Traditional)'}, {'alias': 'bars', 'title': 'Bars'}]"
53045,Lee's Dairy Treat,$,4.0,29,"[{'alias': 'icecream', 'title': 'Ice Cream & Frozen Yogurt'}, {'alias': 'tradamerican', 'title': 'American (Traditional)'}]"
53045,Murf's Frozen Custard & Jumbo Burgers,$,3.5,51,"[{'alias': 'icecream', 'title': 'Ice Cream & Frozen Yogurt'}, {'alias': 'burgers', 'title': 'Burgers'}]"
53045,The Roots Coffeebar & Cafe,$$,4.0,25,"[{'alias': 'cafes', 'title': 'Cafes'}]"
53045,Nice Ash Cigar Bar,$$,4.0,32,"[{'alias': 'tobaccoshops', 'title': 'Tobacco Shops'}, {'alias': 'bars', 'title': 'Bars'}]"
53045,Mama D's Coffee,$,4.5,13,"[{'alias': 'coffee', 'title': 'Coffee & Tea'}, {'alias': 'sandwiches', 'title': 'Sandwiches'}, {'alias': 'soup', 'title': 'Soup'}]"
53045,Firehouse Subs,$,3.5,19,"[{'alias': 'delis', 'title': 'Delis'}, {'alias': 'hotdogs', 'title': 'Fast Food'}, {'alias': 'sandwiches', 'title': 'Sandwiches'}]"
53045,Pistol Pete's Neighborhood Grill,$$,3.0,49,"[{'alias': 'newamerican', 'title': 'American (New)'}, {'alias': 'pizza', 'title': 'Pizza'}]"
53045,Meli,$$,3.5,70,"[{'alias': 'bars', 'title': 'Bars'}, {'alias': 'mediterranean', 'title': 'Mediterranean'}, {'alias': 'newamerican', 'title': 'American (New)'}]"
53045,Sluggo's Sports Pub & Grill,$$,3.5,47,"[{'alias': 'sportsbars', 'title': 'Sports Bars'}, {'alias': 'tradamerican', 'title': 'American (Traditional)'}, {'alias': 'pizza', 'title': 'Pizza'}]"
53045,Silver Spur Texas Smokehouse BBQ,$$,3.0,78,"[{'alias': 'bbq', 'title': 'Barbeque'}]"
53045,Casa Tequila,$$,3.5,73,"[{'alias': 'mexican', 'title': 'Mexican'}, {'alias': 'bars', 'title': 'Bars'}]"
53045,Slim McGinn's Irish Pub,$$,3.5,43,"[{'alias': 'irish', 'title': 'Irish'}, {'alias': 'pubs', 'title': 'Pubs'}]"
53045,AJ Bombers,$$,3.0,88,"[{'alias': 'tradamerican', 'title': 'American (Traditional)'}, {'alias': 'burgers', 'title': 'Burgers'}]"
53045,Taqueria Buenavista Food Truck,$,4.5,16,"[{'alias': 'foodtrucks', 'title': 'Food Trucks'}, {'alias': 'tacos', 'title': 'Tacos'}]"
53045,Bubba's Frozen Custard,$,3.5,41,"[{'alias': 'icecream', 'title': 'Ice Cream & Frozen Yogurt'}, {'alias': 'burgers', 'title': 'Burgers'}]"
53045,Butler Inn,$$,3.5,64,"[{'alias': 'tradamerican', 'title': 'American (Traditional)'}]"
53045,Michael's Italian Restaurant,$$,3.5,67,"[{'alias': 'pizza', 'title': 'Pizza'}, {'alias': 'italian', 'title': 'Italian'}]"
53045,Glass Nickel Pizza,$$,3.5,48,"[{'alias': 'pizza', 'title': 'Pizza'}, {'alias': 'sandwiches', 'title': 'Sandwiches'}]"
53045,Corner Bakery Cafe,$$,3.5,55,"[{'alias': 'desserts', 'title': 'Desserts'}, {'alias': 'bakeries', 'title': 'Bakeries'}, {'alias': 'cafes', 'title': 'Cafes'}]"
53045,Daylee Public House,$$,4.5,18,"[{'alias': 'bars', 'title': 'Bars'}, {'alias': 'tradamerican', 'title': 'American (Traditional)'}]"
53045,House Of Guinness,$$,4.0,21,"[{'alias': 'pubs', 'title': 'Pubs'}]"
53045,Loaf & Jug Restaurant,$,3.5,42,"[{'alias': 'salad', 'title': 'Salad'}, {'alias': 'sandwiches', 'title': 'Sandwiches'}, {'alias': 'desserts', 'title': 'Desserts'}]"
53045,Crumby Art Bakehouse and Cakery,,5.0,8,"[{'alias': 'cafes', 'title': 'Cafes'}, {'alias': 'bakeries', 'title': 'Bakeries'}, {'alias': 'cupcakes', 'title': 'Cupcakes'}]"
53045,Potbelly Sandwich Shop,$,3.5,31,"[{'alias': 'sandwiches', 'title': 'Sandwiches'}, {'alias': 'hotdogs', 'title': 'Fast Food'}, {'alias': 'salad', 'title': 'Salad'}]"
53045,Boulder Junction Charcoal Grill,$$,3.5,42,"[{'alias': 'steak', 'title': 'Steakhouses'}, {'alias': 'newamerican', 'title': 'American (New)'}, {'alias': 'bars', 'title': 'Bars'}]"
53045,Natty Oaks Pub & Eatery,$$,3.5,37,"[{'alias': 'burgers', 'title': 'Burgers'}, {'alias': 'irish', 'title': 'Irish'}, {'alias': 'pubs', 'title': 'Pubs'}]"
53045,Noodles & Company,$,2.5,31,"[{'alias': 'noodles', 'title': 'Noodles'}]"
53045,New Berlin Ale House,$$,3.5,42,"[{'alias': 'venues', 'title': 'Venues & Event Spaces'}, {'alias': 'sportsbars', 'title': 'Sports Bars'}, {'alias': 'bowling', 'title': 'Bowling'}]"
53045,Murf's Frozen Custard & Jumbo Burgers,$,4.0,21,"[{'alias': 'icecream', 'title': 'Ice Cream & Frozen Yogurt'}, {'alias': 'burgers', 'title': 'Burgers'}]"
53045,Smoke Shack,$$,3.0,84,"[{'alias': 'bbq', 'title': 'Barbeque'}, {'alias': 'breakfast_brunch', 'title': 'Breakfast & Brunch'}, {'alias': 'tradamerican', 'title': 'American (Traditional)'}]"
53045,Culver's,$,3.5,16,"[{'alias': 'burgers', 'title': 'Burgers'}, {'alias': 'hotdogs', 'title': 'Fast Food'}, {'alias': 'icecream', 'title': 'Ice Cream & Frozen Yogurt'}]"
53045,Sammy's Taste of Chicago,$,3.5,36,"[{'alias': 'hotdog', 'title': 'Hot Dogs'}, {'alias': 'italian', 'title': 'Italian'}]"
53045,Le Caffe Bistro,$$,4.5,15,"[{'alias': 'coffee', 'title': 'Coffee & Tea'}]"
53045,Franklin Wirth Park,,4.5,4,"[{'alias': 'parks', 'title': 'Parks'}]"
53045,Sinbads Grill,$,4.0,25,"[{'alias': 'sandwiches', 'title': 'Sandwiches'}, {'alias': 'falafel', 'title': 'Falafel'}, {'alias': 'cheesesteaks', 'title': 'Cheesesteaks'}]"
53045,Einstein Brothers Bagels,$,2.5,30,"[{'alias': 'bagels', 'title': 'Bagels'}, {'alias': 'coffee', 'title': 'Coffee & Tea'}]"
53045,Culver's,$,3.5,10,"[{'alias': 'burgers', 'title': 'Burgers'}, {'alias': 'hotdogs', 'title': 'Fast Food'}, {'alias': 'icecream', 'title': 'Ice Cream & Frozen Yogurt'}]"
53045,Athens Family Restaurant,$,3.5,37,"[{'alias': 'greek', 'title': 'Greek'}, {'alias': 'diners', 'title': 'Diners'}]"
53045,Toppers,$,3.5,14,"[{'alias': 'pizza', 'title': 'Pizza'}]"
53045,Pallas Restaurant,$$,3.5,43,"[{'alias': 'hotdogs', 'title': 'Fast Food'}, {'alias': 'newamerican', 'title': 'American (New)'}]"
53045,Cousins Subs,$,4.0,5,"[{'alias': 'sandwiches', 'title': 'Sandwiches'}, {'alias': 'delis', 'title': 'Delis'}]"
53045,Orange Leaf Frozen Yogurt,$,4.5,6,"[{'alias': 'icecream', 'title': 'Ice Cream & Frozen Yogurt'}]"
53045,Charleys Philly Steaks,$,5.0,5,"[{'alias': 'sandwiches', 'title': 'Sandwiches'}]"
53045,Krispy Kreme,$,3.5,33,"[{'alias': 'donuts', 'title': 'Donuts'}, {'alias': 'coffee', 'title': 'Coffee & Tea'}]"
53045,Sakura Japan Sushi & Grill,$$,3.0,49,"[{'alias': 'sushi', 'title': 'Sushi Bars'}, {'alias': 'japanese', 'title': 'Japanese'}, {'alias': 'newamerican', 'title': 'American (New)'}]"
53045,Five Guys,$$,3.5,36,"[{'alias': 'hotdogs', 'title': 'Fast Food'}, {'alias': 'burgers', 'title': 'Burgers'}]"
53045,Sal's Pizza,$$,4.0,32,"[{'alias': 'pizza', 'title': 'Pizza'}, {'alias': 'mexican', 'title': 'Mexican'}, {'alias': 'sandwiches', 'title': 'Sandwiches'}]"
53045,Asian Chef,$,3.5,31,"[{'alias': 'chinese', 'title': 'Chinese'}]"
53045,Fazoli's,$,4.0,23,"[{'alias': 'italian', 'title': 'Italian'}]"
53045,Dave & Buster's,$$,2.5,112,"[{'alias': 'bars', 'title': 'Bars'}, {'alias': 'arcades', 'title': 'Arcades'}, {'alias': 'tradamerican', 'title': 'American (Traditional)'}]"
53045,Yamato Sushi House,$$,3.0,64,"[{'alias': 'sushi', 'title': 'Sushi Bars'}, {'alias': 'japanese', 'title': 'Japanese'}, {'alias': 'hotpot', 'title': 'Hot Pot'}]"
53045,Chipotle Mexican Grill,$,2.5,31,"[{'alias': 'mexican', 'title': 'Mexican'}, {'alias': 'hotdogs', 'title': 'Fast Food'}]"
53045,Jimmy's Island Grill & Iguana Bar,$$,2.5,76,"[{'alias': 'seafood', 'title': 'Seafood'}, {'alias': 'bars', 'title': 'Bars'}, {'alias': 'breakfast_brunch', 'title': 'Breakfast & Brunch'}]"
53045,Bernie's Tap Room,$$,3.0,57,"[{'alias': 'pubs', 'title': 'Pubs'}, {'alias': 'newamerican', 'title': 'American (New)'}, {'alias': 'pizza', 'title': 'Pizza'}]"
53045,O'Sullivans Public House,$$,3.5,30,"[{'alias': 'bars', 'title': 'Bars'}, {'alias': 'tradamerican', 'title': 'American (Traditional)'}]"
53045,Magellans On Main St,$$,3.5,41,"[{'alias': 'pizza', 'title': 'Pizza'}, {'alias': 'beerbar', 'title': 'Beer Bar'}]"
53045,Happy Wok,$,4.0,21,"[{'alias': 'chinese', 'title': 'Chinese'}]"
53045,King's Wok,$,4.0,24,"[{'alias': 'chinese', 'title': 'Chinese'}]"
53045,The Tosa Tavern,$$,4.0,13,"[{'alias': 'bars', 'title': 'Bars'}, {'alias': 'grocery', 'title': 'Grocery'}]"
53045,Ground Round Grill & Bar,$,3.0,29,"[{'alias': 'sportsbars', 'title': 'Sports Bars'}, {'alias': 'tradamerican', 'title': 'American (Traditional)'}, {'alias': 'gluten_free', 'title': 'Gluten-Free'}]"
53045,Lumber Axe,$$,4.0,6,"[{'alias': 'bars', 'title': 'Bars'}, {'alias': 'axethrowing', 'title': 'Axe Throwing'}]"
53045,Ruscello,$$,3.5,34,"[{'alias': 'mediterranean', 'title': 'Mediterranean'}, {'alias': 'italian', 'title': 'Italian'}, {'alias': 'cocktailbars', 'title': 'Cocktail Bars'}]"
53045,The Station Pub & Grill,$,4.5,5,"[{'alias': 'sportsbars', 'title': 'Sports Bars'}, {'alias': 'tradamerican', 'title': 'American (Traditional)'}]"
53045,Cousins Subs,$$$,4.0,8,"[{'alias': 'sandwiches', 'title': 'Sandwiches'}, {'alias': 'delis', 'title': 'Delis'}]"
53045,Panera Bread,$,3.0,49,"[{'alias': 'sandwiches', 'title': 'Sandwiches'}, {'alias': 'salad', 'title': 'Salad'}, {'alias': 'soup', 'title': 'Soup'}]"
53045,Starbucks,$$,3.0,17,"[{'alias': 'coffee', 'title': 'Coffee & Tea'}]"
53045,Culver's,$,4.5,13,"[{'alias': 'icecream', 'title': 'Ice Cream & Frozen Yogurt'}, {'alias': 'burgers', 'title': 'Burgers'}, {'alias': 'hotdogs', 'title': 'Fast Food'}]"
53045,El Sol De Mexico,$,3.5,24,"[{'alias': 'mexican', 'title': 'Mexican'}]"
53045,Alioto's,$$,3.0,46,"[{'alias': 'italian', 'title': 'Italian'}, {'alias': 'venues', 'title': 'Venues & Event Spaces'}]"
53045,Smoked At 225,,4.5,13,"[{'alias': 'foodtrucks', 'title': 'Food Trucks'}, {'alias': 'bbq', 'title': 'Barbeque'}]"
53045,Firewise Barbecue Company,$$,4.5,10,"[{'alias': 'foodtrucks', 'title': 'Food Trucks'}, {'alias': 'bbq', 'title': 'Barbeque'}]"
53045,Uncle Julio's,,3.5,29,"[{'alias': 'mexican', 'title': 'Mexican'}, {'alias': 'tex-mex', 'title': 'Tex-Mex'}]"
53045,Peony Restaurant,$,3.0,48,"[{'alias': 'chinese', 'title': 'Chinese'}]"
53045,Outback Steakhouse,$$,3.0,56,"[{'alias': 'steak', 'title': 'Steakhouses'}]"
53045,Sunset Family Restaurant,$,3.5,32,"[{'alias': 'greek', 'title': 'Greek'}, {'alias': 'tradamerican', 'title': 'American (Traditional)'}]"
53045,Christina's Family Restaurant,$,3.5,33,"[{'alias': 'diners', 'title': 'Diners'}, {'alias': 'breakfast_brunch', 'title': 'Breakfast & Brunch'}]"
53045,Panera Bread,$,3.5,25,"[{'alias': 'sandwiches', 'title': 'Sandwiches'}, {'alias': 'salad', 'title': 'Salad'}, {'alias': 'soup', 'title': 'Soup'}]"
53045,Buttercream Bakery,,4.5,7,"[{'alias': 'bakeries', 'title': 'Bakeries'}]"
53045,Genghis Khan Mongolian BBQ,$$,3.0,49,"[{'alias': 'mongolian', 'title': 'Mongolian'}, {'alias': 'buffets', 'title': 'Buffets'}, {'alias': 'chinese', 'title': 'Chinese'}]"
53045,Starbucks,$$,4.0,14,"[{'alias': 'coffee', 'title': 'Coffee & Tea'}]"
53045,Bamboo House Chinese Restaurant,$$,3.5,26,"[{'alias': 'chinese', 'title': 'Chinese'}]"
53045,Wingstop,$$,3.5,26,"[{'alias': 'chicken_wings', 'title': 'Chicken Wings'}]"
53045,Starbucks,$$,3.5,20,"[{'alias': 'coffee', 'title': 'Coffee & Tea'}]"
53045,The Blue Ribbon,$,4.5,7,"[{'alias': 'tex-mex', 'title': 'Tex-Mex'}, {'alias': 'divebars', 'title': 'Dive Bars'}]"
53045,The Chocolate Factory,$,3.5,15,"[{'alias': 'icecream', 'title': 'Ice Cream & Frozen Yogurt'}, {'alias': 'sandwiches', 'title': 'Sandwiches'}, {'alias': 'soup', 'title': 'Soup'}]"
53045,Jimmy John's,$,5.0,4,"[{'alias': 'delis', 'title': 'Delis'}, {'alias': 'sandwiches', 'title': 'Sandwiches'}, {'alias': 'hotdogs', 'title': 'Fast Food'}]"
53045,Mia's Italian Restaurant,$$,3.5,31,"[{'alias': 'italian', 'title': 'Italian'}, {'alias': 'pizza', 'title': 'Pizza'}]"
53045,QDOBA Mexican Eats,$,3.5,21,"[{'alias': 'mexican', 'title': 'Mexican'}, {'alias': 'hotdogs', 'title': 'Fast Food'}]"
53045,Menchies National,$,4.5,7,"[{'alias': 'icecream', 'title': 'Ice Cream & Frozen Yogurt'}, {'alias': 'customcakes', 'title': 'Custom Cakes'}]"
53045,Sweet Perfections Bake Shoppe,$$$,4.0,15,"[{'alias': 'bakeries', 'title': 'Bakeries'}]"
53045,Arepanita's,$$,4.0,17,"[{'alias': 'venezuelan', 'title': 'Venezuelan'}]"
53045,Speedway Inn,$,3.0,8,"[{'alias': 'bars', 'title': 'Bars'}]"
53045,Crush Wine Bar,$$,4.0,15,"[{'alias': 'wine_bars', 'title': 'Wine Bars'}]"
53045,HuHot Mongolian Grill,$$,3.0,45,"[{'alias': 'asianfusion', 'title': 'Asian Fusion'}, {'alias': 'mongolian', 'title': 'Mongolian'}, {'alias': 'chinese', 'title': 'Chinese'}]"
53045,Buffalo Wild Wings,$$,3.0,40,"[{'alias': 'chicken_wings', 'title': 'Chicken Wings'}, {'alias': 'tradamerican', 'title': 'American (Traditional)'}, {'alias': 'sportsbars', 'title': 'Sports Bars'}]"
53045,Starbucks,$$,4.0,13,"[{'alias': 'coffee', 'title': 'Coffee & Tea'}]"
53045,Eric's Porter Haus,$$,3.0,45,"[{'alias': 'german', 'title': 'German'}, {'alias': 'steak', 'title': 'Steakhouses'}, {'alias': 'seafood', 'title': 'Seafood'}]"
53045,Terri Lynn's Soul Food Diner,$$,4.0,16,"[{'alias': 'soulfood', 'title': 'Soul Food'}]"
53045,Danielle's Deli,$$,3.5,6,"[{'alias': 'delis', 'title': 'Delis'}, {'alias': 'sandwiches', 'title': 'Sandwiches'}]"
53045,5Points Brew & Sweets,$,4.5,7,"[{'alias': 'beerbar', 'title': 'Beer Bar'}, {'alias': 'icecream', 'title': 'Ice Cream & Frozen Yogurt'}, {'alias': 'desserts', 'title': 'Desserts'}]"
53045,Innovation Restaurant,$$,3.0,26,"[{'alias': 'bars', 'title': 'Bars'}, {'alias': 'newamerican', 'title': 'American (New)'}, {'alias': 'venues', 'title': 'Venues & Event Spaces'}]"
53045,JoJo's Martini Lounge,$$,3.5,17,"[{'alias': 'newamerican', 'title': 'American (New)'}, {'alias': 'lounges', 'title': 'Lounges'}, {'alias': 'venues', 'title': 'Venues & Event Spaces'}]"
53045,Taco John's,$,3.5,18,"[{'alias': 'mexican', 'title': 'Mexican'}, {'alias': 'hotdogs', 'title': 'Fast Food'}]"
53045,George Webb,$,4.5,8,"[{'alias': 'restaurants', 'title': 'Restaurants'}]"
53045,Panera Bread,$,2.5,47,"[{'alias': 'salad', 'title': 'Salad'}, {'alias': 'soup', 'title': 'Soup'}, {'alias': 'sandwiches', 'title': 'Sandwiches'}]"
53045,Domino's Pizza,$$,4.0,10,"[{'alias': 'chicken_wings', 'title': 'Chicken Wings'}, {'alias': 'pizza', 'title': 'Pizza'}, {'alias': 'sandwiches', 'title': 'Sandwiches'}]"
53045,Shri Foods,,5.0,2,"[{'alias': 'indpak', 'title': 'Indian'}]"
53045,Buffalo Wild Wings,$$,2.0,78,"[{'alias': 'chicken_wings', 'title': 'Chicken Wings'}, {'alias': 'tradamerican', 'title': 'American (Traditional)'}, {'alias': 'sportsbars', 'title': 'Sports Bars'}]"
53045,Buffalo Wild Wings,$$,2.5,40,"[{'alias': 'chicken_wings', 'title': 'Chicken Wings'}, {'alias': 'tradamerican', 'title': 'American (Traditional)'}, {'alias': 'sportsbars', 'title': 'Sports Bars'}]"
53045,Starbucks,$$,3.5,14,"[{'alias': 'coffee', 'title': 'Coffee & Tea'}]"
53045,Moe's Southwest Grill,$,3.0,40,"[{'alias': 'mexican', 'title': 'Mexican'}, {'alias': 'tex-mex', 'title': 'Tex-Mex'}]"
53045,Culver's,$,3.0,25,"[{'alias': 'burgers', 'title': 'Burgers'}, {'alias': 'hotdogs', 'title': 'Fast Food'}, {'alias': 'icecream', 'title': 'Ice Cream & Frozen Yogurt'}]"
53045,Wendy's,$,4.0,12,"[{'alias': 'hotdogs', 'title': 'Fast Food'}, {'alias': 'burgers', 'title': 'Burgers'}]"
53045,Marcileno's Pizzeria & Grill,$$,3.0,23,"[{'alias': 'pizza', 'title': 'Pizza'}, {'alias': 'hotdogs', 'title': 'Fast Food'}, {'alias': 'chicken_wings', 'title': 'Chicken Wings'}]"
53045,Boscos Social Club,$,3.0,22,"[{'alias': 'lounges', 'title': 'Lounges'}, {'alias': 'sportsbars', 'title': 'Sports Bars'}]"
53045,Subway,,2.5,6,"[{'alias': 'sandwiches', 'title': 'Sandwiches'}, {'alias': 'hotdogs', 'title': 'Fast Food'}]"
53045,Wauwatosa Water Tower,,4.0,10,"[{'alias': 'landmarks', 'title': 'Landmarks & Historical Buildings'}]"
53045,Red Lobster,$$,2.0,71,"[{'alias': 'seafood', 'title': 'Seafood'}, {'alias': 'tradamerican', 'title': 'American (Traditional)'}]"
53045,Sendik's Food Market,$$,3.5,11,"[{'alias': 'grocery', 'title': 'Grocery'}, {'alias': 'gourmet', 'title': 'Specialty Food'}, {'alias': 'delis', 'title': 'Delis'}]"
53045,Five Guys,$$,2.5,15,"[{'alias': 'burgers', 'title': 'Burgers'}, {'alias': 'hotdogs', 'title': 'Fast Food'}]"
53045,Panda Express,,3.0,6,"[{'alias': 'chinese', 'title': 'Chinese'}, {'alias': 'hotdogs', 'title': 'Fast Food'}]"
53045,Glacial Drumlin Trail,,4.5,5,"[{'alias': 'parks', 'title': 'Parks'}]"
53045,Chipotle Mexican Grill,$,3.0,23,"[{'alias': 'mexican', 'title': 'Mexican'}, {'alias': 'hotdogs', 'title': 'Fast Food'}]"
53045,QDOBA Mexican Eats,$,4.0,12,"[{'alias': 'mexican', 'title': 'Mexican'}, {'alias': 'hotdogs', 'title': 'Fast Food'}]"
53045,Alpha Gyros,$,4.0,10,"[{'alias': 'greek', 'title': 'Greek'}, {'alias': 'hotdogs', 'title': 'Fast Food'}]"
53045,Chipotle Mexican Grill,$,3.0,28,"[{'alias': 'mexican', 'title': 'Mexican'}, {'alias': 'hotdogs', 'title': 'Fast Food'}]"
53045,Taco Bell,$,2.5,15,"[{'alias': 'mexican', 'title': 'Mexican'}, {'alias': 'hotdogs', 'title': 'Fast Food'}]"
53045,Rosati's Pizza of Pewaukee,$$,3.5,14,"[{'alias': 'pizza', 'title': 'Pizza'}]"
53045,Becky's Blissful Bakery,$$,4.5,5,"[{'alias': 'desserts', 'title': 'Desserts'}, {'alias': 'candy', 'title': 'Candy Stores'}, {'alias': 'chocolate', 'title': 'Chocolatiers & Shops'}]"
53045,Jet's Pizza,,3.5,16,"[{'alias': 'pizza', 'title': 'Pizza'}]"
53045,George Webb Restaurants,$,3.5,12,"[{'alias': 'burgers', 'title': 'Burgers'}, {'alias': 'breakfast_brunch', 'title': 'Breakfast & Brunch'}, {'alias': 'sandwiches', 'title': 'Sandwiches'}]"
53045,Dave's Family Restaurant,$,3.0,27,"[{'alias': 'tradamerican', 'title': 'American (Traditional)'}, {'alias': 'breakfast_brunch', 'title': 'Breakfast & Brunch'}]"
53045,Chick-Fil-A,$,3.5,15,"[{'alias': 'hotdogs', 'title': 'Fast Food'}]"
53045,Pho Cali,$$,2.5,31,"[{'alias': 'vietnamese', 'title': 'Vietnamese'}]"
53045,Dickey's Barbecue Pit,$$,2.0,55,"[{'alias': 'bbq', 'title': 'Barbeque'}, {'alias': 'tradamerican', 'title': 'American (Traditional)'}, {'alias': 'southern', 'title': 'Southern'}]"
53045,Kip's Inn,$,4.0,9,"[{'alias': 'sportsbars', 'title': 'Sports Bars'}]"
53045,Grecian Inn,$$,3.5,9,"[{'alias': 'venues', 'title': 'Venues & Event Spaces'}, {'alias': 'greek', 'title': 'Greek'}, {'alias': 'mediterranean', 'title': 'Mediterranean'}]"
53045,Noodles & Company,$,3.0,18,"[{'alias': 'noodles', 'title': 'Noodles'}]"
53045,Panda Express,$,3.0,22,"[{'alias': 'chinese', 'title': 'Chinese'}, {'alias': 'hotdogs', 'title': 'Fast Food'}]"
53045,Rocky Rococo,$,3.0,20,"[{'alias': 'pizza', 'title': 'Pizza'}]"
53045,Chuck E. Cheese's,$$,2.0,12,"[{'alias': 'pizza', 'title': 'Pizza'}, {'alias': 'arcades', 'title': 'Arcades'}]"
53045,Kim's Garden,$$$,3.5,10,"[{'alias': 'chinese', 'title': 'Chinese'}]"
53045,Sendik's Food Market,,2.5,9,"[{'alias': 'grocery', 'title': 'Grocery'}, {'alias': 'delis', 'title': 'Delis'}]"
53045,Domino's Pizza,$$,2.0,13,"[{'alias': 'pizza', 'title': 'Pizza'}, {'alias': 'chicken_wings', 'title': 'Chicken Wings'}, {'alias': 'sandwiches', 'title': 'Sandwiches'}]"
53045,QDOBA Mexican Eats,$,3.0,14,"[{'alias': 'mexican', 'title': 'Mexican'}, {'alias': 'hotdogs', 'title': 'Fast Food'}]"
53045,Rollicious Creamery,$$,3.5,13,"[{'alias': 'icecream', 'title': 'Ice Cream & Frozen Yogurt'}]"
53045,New China Buffet,$,2.5,30,"[{'alias': 'chinese', 'title': 'Chinese'}]"
53045,Honey Baked Ham Company,$$,3.5,12,"[{'alias': 'meats', 'title': 'Meat Shops'}, {'alias': 'delis', 'title': 'Delis'}, {'alias': 'sandwiches', 'title': 'Sandwiches'}]"
53045,Caribou Coffee,$,5.0,2,"[{'alias': 'coffeeroasteries', 'title': 'Coffee Roasteries'}, {'alias': 'bagels', 'title': 'Bagels'}]"
53045,Sabella's Pub,,4.0,1,"[{'alias': 'pubs', 'title': 'Pubs'}]"
53045,McDonald's,$,1.5,18,"[{'alias': 'burgers', 'title': 'Burgers'}, {'alias': 'hotdogs', 'title': 'Fast Food'}, {'alias': 'coffee', 'title': 'Coffee & Tea'}]"
53045,Starbucks,$$,4.0,10,"[{'alias': 'coffee', 'title': 'Coffee & Tea'}]"
53045,Toppers Pizza,$$,3.0,24,"[{'alias': 'pizza', 'title': 'Pizza'}]"
53045,Great Apple Chinese,$,3.0,23,"[{'alias': 'chinese', 'title': 'Chinese'}]"
53045,Dairy Queen,$,4.5,2,"[{'alias': 'icecream', 'title': 'Ice Cream & Frozen Yogurt'}, {'alias': 'hotdogs', 'title': 'Fast Food'}]"
53045,Margaritas Mexican Grill,$$,3.5,14,"[{'alias': 'mexican', 'title': 'Mexican'}]"
53045,Main Moon,$$,3.5,13,"[{'alias': 'chinese', 'title': 'Chinese'}]"
53045,Vishnu Foods,,2.5,5,"[{'alias': 'indpak', 'title': 'Indian'}]"
53045,Waukesha Skateland,,3.0,10,"[{'alias': 'amusementparks', 'title': 'Amusement Parks'}, {'alias': 'skatingrinks', 'title': 'Skating Rinks'}]"
53045,Allo! Chocolat,$$,3.5,9,"[{'alias': 'candy', 'title': 'Candy Stores'}, {'alias': 'desserts', 'title': 'Desserts'}, {'alias': 'chocolate', 'title': 'Chocolatiers & Shops'}]"
53045,Butler Cafe,,3.5,7,"[{'alias': 'restaurants', 'title': 'Restaurants'}]"
53045,Brookfield Wedding Cakes,,5.0,3,"[{'alias': 'bakeries', 'title': 'Bakeries'}]"
53045,Culver's,$,2.5,20,"[{'alias': 'icecream', 'title': 'Ice Cream & Frozen Yogurt'}, {'alias': 'burgers', 'title': 'Burgers'}, {'alias': 'hotdogs', 'title': 'Fast Food'}]"
53045,Applebee's Grill + Bar,$$,2.5,32,"[{'alias': 'tradamerican', 'title': 'American (Traditional)'}, {'alias': 'sportsbars', 'title': 'Sports Bars'}, {'alias': 'burgers', 'title': 'Burgers'}]"
53045,Starbucks,$$,3.5,10,"[{'alias': 'coffee', 'title': 'Coffee & Tea'}]"
53045,BLVD Kitchen and Bar,$$,3.0,7,"[{'alias': 'newamerican', 'title': 'American (New)'}, {'alias': 'lounges', 'title': 'Lounges'}]"
53045,Jimmy John's,$,2.5,19,"[{'alias': 'sandwiches', 'title': 'Sandwiches'}, {'alias': 'delis', 'title': 'Delis'}, {'alias': 'hotdogs', 'title': 'Fast Food'}]"
53045,Rumors Sports Bar & Grill,$$,3.0,22,"[{'alias': 'sportsbars', 'title': 'Sports Bars'}, {'alias': 'tradamerican', 'title': 'American (Traditional)'}]"
53045,Subway,$,5.0,1,"[{'alias': 'hotdogs', 'title': 'Fast Food'}, {'alias': 'sandwiches', 'title': 'Sandwiches'}]"
53045,National Bakery & Deli,$,3.0,13,"[{'alias': 'bakeries', 'title': 'Bakeries'}, {'alias': 'donuts', 'title': 'Donuts'}]"
53045,Elm Grove Park,,5.0,2,"[{'alias': 'parks', 'title': 'Parks'}, {'alias': 'playgrounds', 'title': 'Playgrounds'}, {'alias': 'swimmingpools', 'title': 'Swimming Pools'}]"
53045,Five Points Pub,$$,2.5,19,"[{'alias': 'irish', 'title': 'Irish'}, {'alias': 'irish_pubs', 'title': 'Irish Pub'}]"
53045,Jersey Mike's Subs,$$,3.5,11,"[{'alias': 'sandwiches', 'title': 'Sandwiches'}, {'alias': 'hotdogs', 'title': 'Fast Food'}, {'alias': 'delis', 'title': 'Delis'}]"
53045,Starbucks,$$,3.0,20,"[{'alias': 'coffee', 'title': 'Coffee & Tea'}]"
53045,Domino's Pizza,$,5.0,3,"[{'alias': 'pizza', 'title': 'Pizza'}, {'alias': 'chicken_wings', 'title': 'Chicken Wings'}, {'alias': 'sandwiches', 'title': 'Sandwiches'}]"
53045,Jimmy John's,$,1.5,15,"[{'alias': 'delis', 'title': 'Delis'}, {'alias': 'sandwiches', 'title': 'Sandwiches'}, {'alias': 'hotdogs', 'title': 'Fast Food'}]"
53045,Brookfield Hills Golf Course,,4.0,3,"[{'alias': 'golf', 'title': 'Golf'}]"
53045,Papa Murphy's,$,2.5,4,"[{'alias': 'pizza', 'title': 'Pizza'}]"
53045,POParazzi,,4.5,4,"[{'alias': 'coffee', 'title': 'Coffee & Tea'}, {'alias': 'popcorn', 'title': 'Popcorn Shops'}]"
53045,Tailgators,$$,3.0,18,"[{'alias': 'sportsbars', 'title': 'Sports Bars'}, {'alias': 'bbq', 'title': 'Barbeque'}, {'alias': 'tradamerican', 'title': 'American (Traditional)'}]"
53045,Butch's Red Mill,$,3.5,7,"[{'alias': 'pubs', 'title': 'Pubs'}]"
53045,M & M Restaurant,$,3.5,9,"[{'alias': 'breakfast_brunch', 'title': 'Breakfast & Brunch'}, {'alias': 'diners', 'title': 'Diners'}, {'alias': 'steak', 'title': 'Steakhouses'}]"
53045,New China Buffet,$$,2.5,34,"[{'alias': 'chinese', 'title': 'Chinese'}, {'alias': 'buffets', 'title': 'Buffets'}]"
53045,Golftec,,5.0,1,"[{'alias': 'golf', 'title': 'Golf'}, {'alias': 'golflessons', 'title': 'Golf Lessons'}]"
53045,Coffee & Bagels,,2.0,10,"[{'alias': 'coffee', 'title': 'Coffee & Tea'}, {'alias': 'donuts', 'title': 'Donuts'}, {'alias': 'breakfast_brunch', 'title': 'Breakfast & Brunch'}]"
53045,McDonald's,$,3.0,14,"[{'alias': 'hotdogs', 'title': 'Fast Food'}, {'alias': 'burgers', 'title': 'Burgers'}, {'alias': 'coffee', 'title': 'Coffee & Tea'}]"
53045,Schlotzsky's,$,2.5,26,"[{'alias': 'sandwiches', 'title': 'Sandwiches'}, {'alias': 'delis', 'title': 'Delis'}]"
53045,Jimmy John's,$,2.5,18,"[{'alias': 'sandwiches', 'title': 'Sandwiches'}, {'alias': 'delis', 'title': 'Delis'}, {'alias': 'hotdogs', 'title': 'Fast Food'}]"
53045,Salty Toad,$,3.0,14,"[{'alias': 'bars', 'title': 'Bars'}]"
53045,Cold Stone Creamery,$,3.0,13,"[{'alias': 'icecream', 'title': 'Ice Cream & Frozen Yogurt'}, {'alias': 'customcakes', 'title': 'Custom Cakes'}, {'alias': 'cupcakes', 'title': 'Cupcakes'}]"
53045,Classy Girl Cupcakes,,3.5,3,"[{'alias': 'bakeries', 'title': 'Bakeries'}]"
53045,Noodles & Company,$$,2.5,20,"[{'alias': 'noodles', 'title': 'Noodles'}]"
53045,Spring Garden,$,3.0,12,"[{'alias': 'chinese', 'title': 'Chinese'}]"
53045,Egg Roll House,$,3.0,14,"[{'alias': 'chinese', 'title': 'Chinese'}, {'alias': 'noodles', 'title': 'Noodles'}, {'alias': 'singaporean', 'title': 'Singaporean'}]"
53045,Papa John's Pizza,$$,3.5,7,"[{'alias': 'pizza', 'title': 'Pizza'}]"
53045,WILLIAMS MITCHELL JR. PARK,,3.0,2,"[{'alias': 'parks', 'title': 'Parks'}]"
53045,Perkins,$,3.5,12,"[{'alias': 'bakeries', 'title': 'Bakeries'}, {'alias': 'breakfast_brunch', 'title': 'Breakfast & Brunch'}, {'alias': 'tradamerican', 'title': 'American (Traditional)'}]"
53045,Dunkin' Donuts,$,2.5,26,"[{'alias': 'donuts', 'title': 'Donuts'}, {'alias': 'coffee', 'title': 'Coffee & Tea'}]"
53045,Papa Murphy's,$$,4.0,5,"[{'alias': 'pizza', 'title': 'Pizza'}]"
53045,Club 400,$$,4.0,8,"[{'alias': 'bars', 'title': 'Bars'}, {'alias': 'burgers', 'title': 'Burgers'}]"
53045,DAVIDsTEA,,3.5,3,"[{'alias': 'tea', 'title': 'Tea Rooms'}]"
53045,George Webb,$,3.0,9,"[{'alias': 'burgers', 'title': 'Burgers'}, {'alias': 'tradamerican', 'title': 'American (Traditional)'}]"
53045,Arby's,$,2.5,6,"[{'alias': 'sandwiches', 'title': 'Sandwiches'}, {'alias': 'hotdogs', 'title': 'Fast Food'}]"
53045,Woops!,,5.0,1,"[{'alias': 'macarons', 'title': 'Macarons'}, {'alias': 'waffles', 'title': 'Waffles'}]"
53045,Broadway Cafe,$,3.0,14,"[{'alias': 'diners', 'title': 'Diners'}, {'alias': 'cafes', 'title': 'Cafes'}]"
53045,Boomers Sports Pub & Grill,$,3.0,14,"[{'alias': 'sportsbars', 'title': 'Sports Bars'}, {'alias': 'tradamerican', 'title': 'American (Traditional)'}]"
53045,Burger King,$,3.5,6,"[{'alias': 'burgers', 'title': 'Burgers'}]"
53045,Taco Bell,$,3.0,12,"[{'alias': 'mexican', 'title': 'Mexican'}, {'alias': 'tex-mex', 'title': 'Tex-Mex'}, {'alias': 'hotdogs', 'title': 'Fast Food'}]"
53045,Lynch's Danny,$$,3.5,8,"[{'alias': 'bars', 'title': 'Bars'}]"
53045,Sussex Inn,$,3.5,11,"[{'alias': 'pizza', 'title': 'Pizza'}]"
53045,QDOBA Mexican Eats,$,2.5,8,"[{'alias': 'mexican', 'title': 'Mexican'}, {'alias': 'hotdogs', 'title': 'Fast Food'}]"
53045,Golden Corral,$$,2.0,40,"[{'alias': 'tradamerican', 'title': 'American (Traditional)'}]"
53045,Big Easy Cajun,$,3.5,4,"[{'alias': 'cajun', 'title': 'Cajun/Creole'}, {'alias': 'streetvendors', 'title': 'Street Vendors'}]"
53045,Pick N Save,$$,2.5,13,"[{'alias': 'grocery', 'title': 'Grocery'}, {'alias': 'bakeries', 'title': 'Bakeries'}, {'alias': 'florists', 'title': 'Florists'}]"
53045,Applebee's Grill + Bar,$$,2.5,17,"[{'alias': 'tradamerican', 'title': 'American (Traditional)'}, {'alias': 'sportsbars', 'title': 'Sports Bars'}, {'alias': 'burgers', 'title': 'Burgers'}]"
53045,Ebar,,4.5,4,"[{'alias': 'coffee', 'title': 'Coffee & Tea'}]"
53045,Starbucks,$$,3.0,4,"[{'alias': 'coffee', 'title': 'Coffee & Tea'}]"
53045,Waukesha County Historical Society & Museum,,5.0,2,"[{'alias': 'museums', 'title': 'Museums'}]"
53045,KFC,,1.5,13,"[{'alias': 'hotdogs', 'title': 'Fast Food'}, {'alias': 'chicken_wings', 'title': 'Chicken Wings'}, {'alias': 'chickenshop', 'title': 'Chicken Shop'}]"
53045,Papa Murphy's,$,4.0,3,"[{'alias': 'pizza', 'title': 'Pizza'}]"
53045,Denny's,$,1.5,47,"[{'alias': 'diners', 'title': 'Diners'}, {'alias': 'tradamerican', 'title': 'American (Traditional)'}, {'alias': 'breakfast_brunch', 'title': 'Breakfast & Brunch'}]"
53045,New Berlin Hills Golf Course,,3.5,6,"[{'alias': 'golf', 'title': 'Golf'}, {'alias': 'venues', 'title': 'Venues & Event Spaces'}]"
53045,Boston Market,$$,2.5,20,"[{'alias': 'tradamerican', 'title': 'American (Traditional)'}, {'alias': 'comfortfood', 'title': 'Comfort Food'}, {'alias': 'catering', 'title': 'Caterers'}]"
53045,Cousins Subs,$,3.5,7,"[{'alias': 'sandwiches', 'title': 'Sandwiches'}, {'alias': 'delis', 'title': 'Delis'}]"
53045,End Zone Sports Bar & Grill,,5.0,1,"[{'alias': 'sportsbars', 'title': 'Sports Bars'}]"
53045,Brew Town Tap,$$,3.0,4,"[{'alias': 'newamerican', 'title': 'American (New)'}]"
53045,Griddlers Cafe - West Allis,$,2.5,15,"[{'alias': 'cafes', 'title': 'Cafes'}]"
53045,McDonald's,$,2.0,10,"[{'alias': 'hotdogs', 'title': 'Fast Food'}, {'alias': 'burgers', 'title': 'Burgers'}, {'alias': 'coffee', 'title': 'Coffee & Tea'}]"
53045,QDOBA Mexican Eats,$,3.0,8,"[{'alias': 'mexican', 'title': 'Mexican'}, {'alias': 'hotdogs', 'title': 'Fast Food'}]"
53045,Wendy's,$,2.5,6,"[{'alias': 'hotdogs', 'title': 'Fast Food'}, {'alias': 'burgers', 'title': 'Burgers'}]"
53045,Thirsty Duck,$$,2.5,23,"[{'alias': 'bowling', 'title': 'Bowling'}, {'alias': 'pubs', 'title': 'Pubs'}]"
53045,Pizza Hut,$,4.5,3,"[{'alias': 'pizza', 'title': 'Pizza'}, {'alias': 'italian', 'title': 'Italian'}, {'alias': 'chicken_wings', 'title': 'Chicken Wings'}]"
53045,The Spot on broadway,,3.0,8,"[{'alias': 'tradamerican', 'title': 'American (Traditional)'}, {'alias': 'mexican', 'title': 'Mexican'}]"
53045,Arby's,$$,2.5,11,"[{'alias': 'hotdogs', 'title': 'Fast Food'}, {'alias': 'sandwiches', 'title': 'Sandwiches'}]"
53045,Tee It Up Golf Range,,3.5,6,"[{'alias': 'golf', 'title': 'Golf'}]"
53045,Fox Brook Beach,,4.0,1,"[{'alias': 'lakes', 'title': 'Lakes'}]"
53045,McDonald's,$,1.5,12,"[{'alias': 'hotdogs', 'title': 'Fast Food'}, {'alias': 'burgers', 'title': 'Burgers'}, {'alias': 'coffee', 'title': 'Coffee & Tea'}]"
53045,Matteos Italian Ristorante,$$,2.5,16,"[{'alias': 'italian', 'title': 'Italian'}, {'alias': 'pizza', 'title': 'Pizza'}]"
53045,Cousins Subs,$$,3.5,7,"[{'alias': 'sandwiches', 'title': 'Sandwiches'}, {'alias': 'delis', 'title': 'Delis'}]"
53045,Toppers Pizza,$$,2.5,15,"[{'alias': 'pizza', 'title': 'Pizza'}]"
53045,Greenfield Park,,3.5,6,"[{'alias': 'parks', 'title': 'Parks'}]"
53045,Cousins Subs,,4.0,1,"[{'alias': 'sandwiches', 'title': 'Sandwiches'}, {'alias': 'delis', 'title': 'Delis'}]"
53045,Chuck E. Cheese's,$,3.0,9,"[{'alias': 'pizza', 'title': 'Pizza'}]"
53045,Marco's Pizza,$,3.0,10,"[{'alias': 'pizza', 'title': 'Pizza'}]"
53045,Sussex Bowl,$$,3.0,9,"[{'alias': 'venues', 'title': 'Venues & Event Spaces'}, {'alias': 'restaurants', 'title': 'Restaurants'}, {'alias': 'bowling', 'title': 'Bowling'}]"
53045,Bottom's Up North,$$,3.5,5,"[{'alias': 'bars', 'title': 'Bars'}]"
53045,Popeyes Louisiana Kitchen,$$,1.5,39,"[{'alias': 'chickenshop', 'title': 'Chicken Shop'}, {'alias': 'hotdogs', 'title': 'Fast Food'}]"
53045,Cielito Salvadoreño,,5.0,2,"[{'alias': 'foodtrucks', 'title': 'Food Trucks'}, {'alias': 'salvadoran', 'title': 'Salvadoran'}]"
53045,Jersey Mike's Subs,$,3.5,8,"[{'alias': 'hotdogs', 'title': 'Fast Food'}, {'alias': 'delis', 'title': 'Delis'}, {'alias': 'sandwiches', 'title': 'Sandwiches'}]"
53045,Rosati's Pizza,$,2.5,11,"[{'alias': 'pizza', 'title': 'Pizza'}]"
53045,American Legion Post 449,$,3.5,4,"[{'alias': 'bars', 'title': 'Bars'}, {'alias': 'beer_and_wine', 'title': 'Beer, Wine & Spirits'}]"
53045,Arby's,$,3.5,2,"[{'alias': 'hotdogs', 'title': 'Fast Food'}, {'alias': 'sandwiches', 'title': 'Sandwiches'}]"
53045,Cardinal Club,$$,3.0,6,"[{'alias': 'pubs', 'title': 'Pubs'}]"
53045,Cajun Big Easy,$,3.0,8,"[{'alias': 'cajun', 'title': 'Cajun/Creole'}]"
53045,Periwinkle's Bakery on Broadway,$,3.5,7,"[{'alias': 'bakeries', 'title': 'Bakeries'}, {'alias': 'cupcakes', 'title': 'Cupcakes'}, {'alias': 'customcakes', 'title': 'Custom Cakes'}]"
53045,Laestrella Bakery,,5.0,2,"[{'alias': 'bakeries', 'title': 'Bakeries'}]"
53045,Rainbow Park,,4.5,2,"[{'alias': 'parks', 'title': 'Parks'}, {'alias': 'playgrounds', 'title': 'Playgrounds'}, {'alias': 'tennis', 'title': 'Tennis'}]"
53045,Starbucks,$$,2.0,13,"[{'alias': 'coffee', 'title': 'Coffee & Tea'}]"
53045,Cinnabon,$$,3.5,4,"[{'alias': 'bakeries', 'title': 'Bakeries'}]"
53045,Take Five cocktails & lounge,$$,4.0,1,"[{'alias': 'wine_bars', 'title': 'Wine Bars'}, {'alias': 'beerbar', 'title': 'Beer Bar'}, {'alias': 'cocktailbars', 'title': 'Cocktail Bars'}]"
53045,Culver's,$,3.5,7,"[{'alias': 'icecream', 'title': 'Ice Cream & Frozen Yogurt'}, {'alias': 'burgers', 'title': 'Burgers'}, {'alias': 'hotdogs', 'title': 'Fast Food'}]"
53045,McDonald's,$,1.5,32,"[{'alias': 'hotdogs', 'title': 'Fast Food'}, {'alias': 'burgers', 'title': 'Burgers'}, {'alias': 'coffee', 'title': 'Coffee & Tea'}]"
53045,Chinese Gourmet Express,$$,3.0,8,"[{'alias': 'chinese', 'title': 'Chinese'}]"
53045,Firehouse Subs,$$,3.5,7,"[{'alias': 'hotdogs', 'title': 'Fast Food'}, {'alias': 'delis', 'title': 'Delis'}, {'alias': 'sandwiches', 'title': 'Sandwiches'}]"
53045,Chubby's Cheesesteak - Brookfield,$$,2.0,22,"[{'alias': 'cheesesteaks', 'title': 'Cheesesteaks'}, {'alias': 'hotdog', 'title': 'Hot Dogs'}, {'alias': 'sandwiches', 'title': 'Sandwiches'}]"
53045,Subway,,4.5,2,"[{'alias': 'sandwiches', 'title': 'Sandwiches'}, {'alias': 'hotdogs', 'title': 'Fast Food'}]"
53045,7-Eleven,$$$,2.5,2,"[{'alias': 'convenience', 'title': 'Convenience Stores'}, {'alias': 'servicestations', 'title': 'Gas Stations'}, {'alias': 'coffee', 'title': 'Coffee & Tea'}]"
53045,Meadows Of Brookfield Park,,3.5,2,"[{'alias': 'parks', 'title': 'Parks'}, {'alias': 'playgrounds', 'title': 'Playgrounds'}]"
53045,Cafe Esperanza,$,4.5,2,"[{'alias': 'coffee', 'title': 'Coffee & Tea'}, {'alias': 'mexican', 'title': 'Mexican'}, {'alias': 'venues', 'title': 'Venues & Event Spaces'}]"
53045,Aris Sports Bar,$$,3.0,6,"[{'alias': 'sportsbars', 'title': 'Sports Bars'}]"
53045,Sussex Village Park,,4.5,2,"[{'alias': 'parks', 'title': 'Parks'}, {'alias': 'discgolf', 'title': 'Disc Golf'}]"
53045,Java Train,$$,3.5,6,"[{'alias': 'coffee', 'title': 'Coffee & Tea'}, {'alias': 'soup', 'title': 'Soup'}, {'alias': 'sandwiches', 'title': 'Sandwiches'}]"
53045,Cinnabon,$,4.0,1,"[{'alias': 'bakeries', 'title': 'Bakeries'}]"
53045,Golden Chicken,$,3.5,4,"[{'alias': 'pizza', 'title': 'Pizza'}, {'alias': 'chickenshop', 'title': 'Chicken Shop'}, {'alias': 'sandwiches', 'title': 'Sandwiches'}]"
53045,Mitchell's Tavern,$,4.5,2,"[{'alias': 'pubs', 'title': 'Pubs'}, {'alias': 'beer_and_wine', 'title': 'Beer, Wine & Spirits'}]"
53045,Pizza Hut,$$,1.5,7,"[{'alias': 'pizza', 'title': 'Pizza'}, {'alias': 'italian', 'title': 'Italian'}, {'alias': 'chicken_wings', 'title': 'Chicken Wings'}]"
53045,Pizza Hut,,2.5,10,"[{'alias': 'pizza', 'title': 'Pizza'}, {'alias': 'italian', 'title': 'Italian'}, {'alias': 'chicken_wings', 'title': 'Chicken Wings'}]"
53045,Jimmy John's,$,2.0,10,"[{'alias': 'sandwiches', 'title': 'Sandwiches'}, {'alias': 'hotdogs', 'title': 'Fast Food'}, {'alias': 'delis', 'title': 'Delis'}]"
53045,McDonald's,$,2.0,16,"[{'alias': 'hotdogs', 'title': 'Fast Food'}, {'alias': 'burgers', 'title': 'Burgers'}, {'alias': 'coffee', 'title': 'Coffee & Tea'}]"
53045,Potbelly Sandwich Shop,,4.0,3,"[{'alias': 'sandwiches', 'title': 'Sandwiches'}, {'alias': 'hotdogs', 'title': 'Fast Food'}, {'alias': 'salad', 'title': 'Salad'}]"
53045,Deer Haven Banquets,,2.5,13,"[{'alias': 'golf', 'title': 'Golf'}]"
53045,Domino's Pizza,$$,2.5,8,"[{'alias': 'pizza', 'title': 'Pizza'}, {'alias': 'chicken_wings', 'title': 'Chicken Wings'}, {'alias': 'sandwiches', 'title': 'Sandwiches'}]"
53045,Villa Fresh Italian Kitchen,,3.0,2,"[{'alias': 'italian', 'title': 'Italian'}, {'alias': 'pizza', 'title': 'Pizza'}]"
53045,Jimmy John's,$,1.5,23,"[{'alias': 'sandwiches', 'title': 'Sandwiches'}, {'alias': 'delis', 'title': 'Delis'}, {'alias': 'hotdogs', 'title': 'Fast Food'}]"
53045,Wendy's,$,2.5,11,"[{'alias': 'burgers', 'title': 'Burgers'}, {'alias': 'hotdogs', 'title': 'Fast Food'}]"
53045,Old World Wisconsin,,4.5,24,"[{'alias': 'museums', 'title': 'Museums'}, {'alias': 'tours', 'title': 'Tours'}, {'alias': 'daycamps', 'title': 'Day Camps'}]"
53045,Pizza Ranch,,3.0,7,"[{'alias': 'pizza', 'title': 'Pizza'}, {'alias': 'buffets', 'title': 'Buffets'}, {'alias': 'chickenshop', 'title': 'Chicken Shop'}]"
53045,Divino Gelato Cafe,,2.5,2,"[{'alias': 'gelato', 'title': 'Gelato'}]"
53045,Dunkin' Donuts,$,1.5,23,"[{'alias': 'coffee', 'title': 'Coffee & Tea'}, {'alias': 'donuts', 'title': 'Donuts'}]"
53045,Bistro 1600,$$,3.0,2,"[{'alias': 'newamerican', 'title': 'American (New)'}]"
53045,Subway,$,3.5,4,"[{'alias': 'sandwiches', 'title': 'Sandwiches'}, {'alias': 'hotdogs', 'title': 'Fast Food'}]"
53045,Dairy Queen Brazier,$,2.5,7,"[{'alias': 'restaurants', 'title': 'Restaurants'}]"
53045,New China Express,$,2.0,16,"[{'alias': 'chinese', 'title': 'Chinese'}]"
53045,McDonald's,,2.5,9,"[{'alias': 'hotdogs', 'title': 'Fast Food'}, {'alias': 'burgers', 'title': 'Burgers'}, {'alias': 'coffee', 'title': 'Coffee & Tea'}]"
53045,Cousins Subs,$,2.5,9,"[{'alias': 'sandwiches', 'title': 'Sandwiches'}, {'alias': 'delis', 'title': 'Delis'}]"
53045,Burger King Restaurants,$,1.5,20,"[{'alias': 'hotdogs', 'title': 'Fast Food'}]"
53045,Subway,,4.0,2,"[{'alias': 'sandwiches', 'title': 'Sandwiches'}, {'alias': 'hotdogs', 'title': 'Fast Food'}]"
53045,Cousins Subs,$,3.0,4,"[{'alias': 'sandwiches', 'title': 'Sandwiches'}, {'alias': 'delis', 'title': 'Delis'}]"
53045,Bethesda Park,,4.0,2,"[{'alias': 'parks', 'title': 'Parks'}, {'alias': 'fishing', 'title': 'Fishing'}]"
53045,Castle Inn,,4.0,2,"[{'alias': 'bars', 'title': 'Bars'}]"
53045,Frame Park,,5.0,1,"[{'alias': 'parks', 'title': 'Parks'}]"
53045,Priedeman Park,,4.0,1,"[{'alias': 'parks', 'title': 'Parks'}, {'alias': 'playgrounds', 'title': 'Playgrounds'}]"
53045,McDonald's,$,1.5,23,"[{'alias': 'burgers', 'title': 'Burgers'}, {'alias': 'hotdogs', 'title': 'Fast Food'}, {'alias': 'coffee', 'title': 'Coffee & Tea'}]"
53045,Cutler Park,,4.0,2,"[{'alias': 'parks', 'title': 'Parks'}, {'alias': 'playgrounds', 'title': 'Playgrounds'}]"
53045,Rocky Rococo,$,2.5,6,"[{'alias': 'pizza', 'title': 'Pizza'}]"
53045,Hillcrest Park,,4.0,1,"[{'alias': 'parks', 'title': 'Parks'}]"
53045,The Lincoln Pub,$,3.0,5,"[{'alias': 'pubs', 'title': 'Pubs'}]"
53045,Cousins Subs,$,2.5,7,"[{'alias': 'sandwiches', 'title': 'Sandwiches'}, {'alias': 'delis', 'title': 'Delis'}]"
53045,Taco Bell,$,2.5,8,"[{'alias': 'mexican', 'title': 'Mexican'}, {'alias': 'tex-mex', 'title': 'Tex-Mex'}, {'alias': 'hotdogs', 'title': 'Fast Food'}]"
53045,Bertrand's,,4.0,1,"[{'alias': 'bars', 'title': 'Bars'}]"
53045,Swing Time Golf & Baseball,,3.5,3,"[{'alias': 'golf', 'title': 'Golf'}, {'alias': 'mini_golf', 'title': 'Mini Golf'}, {'alias': 'battingcages', 'title': 'Batting Cages'}]"
53045,Subway,$,4.5,2,"[{'alias': 'sandwiches', 'title': 'Sandwiches'}, {'alias': 'hotdogs', 'title': 'Fast Food'}]"
53045,Rj Ice Cream,,5.0,4,"[{'alias': 'icecream', 'title': 'Ice Cream & Frozen Yogurt'}]"
53045,Taqueria El Pariente,,4.5,2,"[{'alias': 'mexican', 'title': 'Mexican'}, {'alias': 'foodtrucks', 'title': 'Food Trucks'}]"
53045,Butch's Caddy Shack Pub,,5.0,1,"[{'alias': 'pubs', 'title': 'Pubs'}]"
53045,Abler's Whiskey Corners,,5.0,1,"[{'alias': 'bars', 'title': 'Bars'}]"
53045,Little Tokyo,$,2.5,6,"[{'alias': 'japanese', 'title': 'Japanese'}]"
53045,Five Joints @ 5 Points,,5.0,1,"[{'alias': 'restaurants', 'title': 'Restaurants'}]"
53045,Tivoli's Restaurant & Lounge,,4.0,1,"[{'alias': 'lounges', 'title': 'Lounges'}, {'alias': 'tradamerican', 'title': 'American (Traditional)'}]"
53045,Mr Picnic Cafe & Catering,,5.0,1,"[{'alias': 'catering', 'title': 'Caterers'}, {'alias': 'delis', 'title': 'Delis'}, {'alias': 'sandwiches', 'title': 'Sandwiches'}]"
53045,Burger King Restaurants,$,2.0,11,"[{'alias': 'restaurants', 'title': 'Restaurants'}]"
53045,China Experience,,3.0,1,"[{'alias': 'chinese', 'title': 'Chinese'}]"
53045,Cream City Skatepark,,3.5,3,"[{'alias': 'skate_parks', 'title': 'Skate Parks'}]"
53045,George Webb,$$,3.0,5,"[{'alias': 'breakfast_brunch', 'title': 'Breakfast & Brunch'}, {'alias': 'burgers', 'title': 'Burgers'}, {'alias': 'hotdogs', 'title': 'Fast Food'}]"
53045,McDonald's,$,1.5,15,"[{'alias': 'burgers', 'title': 'Burgers'}, {'alias': 'hotdogs', 'title': 'Fast Food'}, {'alias': 'coffee', 'title': 'Coffee & Tea'}]"
53045,Starbucks,$$,3.0,1,"[{'alias': 'coffee', 'title': 'Coffee & Tea'}]"
53045,Devine's Lariat,,3.5,2,"[{'alias': 'bars', 'title': 'Bars'}]"
53045,Panda Express,,2.5,11,"[{'alias': 'chinese', 'title': 'Chinese'}, {'alias': 'hotdogs', 'title': 'Fast Food'}]"
53045,Pizza Hut,$$,1.0,24,"[{'alias': 'italian', 'title': 'Italian'}, {'alias': 'pizza', 'title': 'Pizza'}, {'alias': 'chicken_wings', 'title': 'Chicken Wings'}]"
53045,Double Gee,$$,2.5,2,"[{'alias': 'pubs', 'title': 'Pubs'}]"
53045,McDonald's,$,1.5,9,"[{'alias': 'hotdogs', 'title': 'Fast Food'}, {'alias': 'burgers', 'title': 'Burgers'}, {'alias': 'coffee', 'title': 'Coffee & Tea'}]"
53045,McDonald's,,2.0,6,"[{'alias': 'hotdogs', 'title': 'Fast Food'}, {'alias': 'burgers', 'title': 'Burgers'}, {'alias': 'coffee', 'title': 'Coffee & Tea'}]"
53045,The Steak Escape,$$,2.5,4,"[{'alias': 'steak', 'title': 'Steakhouses'}]"
53045,Taco Bell,$,2.0,17,"[{'alias': 'tex-mex', 'title': 'Tex-Mex'}, {'alias': 'hotdogs', 'title': 'Fast Food'}, {'alias': 'mexican', 'title': 'Mexican'}]"
53045,Arby's,$,2.0,8,"[{'alias': 'sandwiches', 'title': 'Sandwiches'}, {'alias': 'hotdogs', 'title': 'Fast Food'}]"
53045,Burger King Restaurants,$,1.5,13,"[{'alias': 'hotdogs', 'title': 'Fast Food'}, {'alias': 'burgers', 'title': 'Burgers'}]"
53045,Papa John's Pizza,$,2.0,8,"[{'alias': 'pizza', 'title': 'Pizza'}]"
53045,7-Eleven,,2.0,1,"[{'alias': 'convenience', 'title': 'Convenience Stores'}, {'alias': 'servicestations', 'title': 'Gas Stations'}, {'alias': 'coffee', 'title': 'Coffee & Tea'}]"
53045,Wanaki Golf Course,,3.5,2,"[{'alias': 'golf', 'title': 'Golf'}]"
53045,Taco Bell,,2.5,4,"[{'alias': 'mexican', 'title': 'Mexican'}, {'alias': 'hotdogs', 'title': 'Fast Food'}, {'alias': 'tex-mex', 'title': 'Tex-Mex'}]"
53045,Cousins Subs,$,2.5,6,"[{'alias': 'sandwiches', 'title': 'Sandwiches'}, {'alias': 'delis', 'title': 'Delis'}]"
53045,Mad Chicken,,2.5,3,"[{'alias': 'chicken_wings', 'title': 'Chicken Wings'}, {'alias': 'hotdogs', 'title': 'Fast Food'}]"
53045,dunkin donuts,,3.0,3,"[{'alias': 'donuts', 'title': 'Donuts'}, {'alias': 'coffee', 'title': 'Coffee & Tea'}]"
53045,Arby's,$,2.0,5,"[{'alias': 'hotdogs', 'title': 'Fast Food'}, {'alias': 'sandwiches', 'title': 'Sandwiches'}]"
53045,Jimmy John's,,2.5,8,"[{'alias': 'sandwiches', 'title': 'Sandwiches'}, {'alias': 'hotdogs', 'title': 'Fast Food'}, {'alias': 'delis', 'title': 'Delis'}]"
53045,Moorewood Park,,4.0,1,"[{'alias': 'hiking', 'title': 'Hiking'}, {'alias': 'parks', 'title': 'Parks'}, {'alias': 'playgrounds', 'title': 'Playgrounds'}]"
53045,McDonald's,$,2.0,4,"[{'alias': 'hotdogs', 'title': 'Fast Food'}, {'alias': 'burgers', 'title': 'Burgers'}, {'alias': 'coffee', 'title': 'Coffee & Tea'}]"
53045,Silver Spring Golf Club-Falls Course,,3.0,2,"[{'alias': 'golf', 'title': 'Golf'}]"
53045,Au Bon Pain,$$,4.0,1,"[{'alias': 'cafes', 'title': 'Cafes'}, {'alias': 'tradamerican', 'title': 'American (Traditional)'}]"
53045,Buchner Park,,4.0,1,"[{'alias': 'parks', 'title': 'Parks'}, {'alias': 'swimmingpools', 'title': 'Swimming Pools'}, {'alias': 'playgrounds', 'title': 'Playgrounds'}]"
53045,Big Daddy O's BBQ,,5.0,1,"[{'alias': 'bbq', 'title': 'Barbeque'}, {'alias': 'foodstands', 'title': 'Food Stands'}]"
53045,KFC,$,1.5,21,"[{'alias': 'hotdogs', 'title': 'Fast Food'}, {'alias': 'chicken_wings', 'title': 'Chicken Wings'}, {'alias': 'chickenshop', 'title': 'Chicken Shop'}]"
53045,Stone Creek Coffee,$,4.0,1,"[{'alias': 'coffee', 'title': 'Coffee & Tea'}]"
53045,Villa Italian Kitchen,,4.0,1,"[{'alias': 'pizza', 'title': 'Pizza'}, {'alias': 'hotdogs', 'title': 'Fast Food'}, {'alias': 'italian', 'title': 'Italian'}]"
53045,Carroll University Main Dining,,4.0,1,"[{'alias': 'cafeteria', 'title': 'Cafeteria'}, {'alias': 'coffee', 'title': 'Coffee & Tea'}, {'alias': 'breakfast_brunch', 'title': 'Breakfast & Brunch'}]"
53045,Mayfair Food Court,,4.0,1,"[{'alias': 'food_court', 'title': 'Food Court'}]"
53045,Nordstrom E Bar,,4.0,1,"[{'alias': 'coffee', 'title': 'Coffee & Tea'}]"
53045,Hannon's Fine Foods & Cocktails,$,2.0,5,"[{'alias': 'pubs', 'title': 'Pubs'}]"
53045,Beer Capitol Distributing,,4.0,1,"[{'alias': 'beerbar', 'title': 'Beer Bar'}]"
53045,Hansen Golf Course,,3.0,2,"[{'alias': 'golf', 'title': 'Golf'}]"
53045,Papa Murphy's,$,2.5,5,"[{'alias': 'pizza', 'title': 'Pizza'}]"
53045,Fuzziwig's Candy Factory,,4.0,1,"[{'alias': 'candy', 'title': 'Candy Stores'}, {'alias': 'toys', 'title': 'Toy Stores'}, {'alias': 'icecream', 'title': 'Ice Cream & Frozen Yogurt'}]"
53045,Cottonwood Trailer Pie,,5.0,1,"[{'alias': 'pizza', 'title': 'Pizza'}, {'alias': 'foodtrucks', 'title': 'Food Trucks'}]"
53045,Deer Creek Sanctuary,,4.0,1,"[{'alias': 'parks', 'title': 'Parks'}]"
53045,Rainbow Park Home,,4.0,1,"[{'alias': 'playgrounds', 'title': 'Playgrounds'}, {'alias': 'parks', 'title': 'Parks'}, {'alias': 'tennis', 'title': 'Tennis'}]"
53045,Pizza Hut,,2.5,5,"[{'alias': 'pizza', 'title': 'Pizza'}, {'alias': 'italian', 'title': 'Italian'}]"
53045,KFC,,2.0,7,"[{'alias': 'hotdogs', 'title': 'Fast Food'}, {'alias': 'chicken_wings', 'title': 'Chicken Wings'}, {'alias': 'chickenshop', 'title': 'Chicken Shop'}]"
53045,Cousins Subs,$,2.5,3,"[{'alias': 'sandwiches', 'title': 'Sandwiches'}, {'alias': 'delis', 'title': 'Delis'}]"
53045,Wendy's,$,2.5,3,"[{'alias': 'hotdogs', 'title': 'Fast Food'}, {'alias': 'burgers', 'title': 'Burgers'}]"
53045,Mission Cafe,$,5.0,1,"[{'alias': 'coffee', 'title': 'Coffee & Tea'}]"
53045,KFC,$$,2.0,4,"[{'alias': 'hotdogs', 'title': 'Fast Food'}, {'alias': 'chicken_wings', 'title': 'Chicken Wings'}, {'alias': 'chickenshop', 'title': 'Chicken Shop'}]"
53045,Cousins Subs,$,1.5,10,"[{'alias': 'sandwiches', 'title': 'Sandwiches'}, {'alias': 'delis', 'title': 'Delis'}]"
53045,Wendy's,$,2.0,5,"[{'alias': 'burgers', 'title': 'Burgers'}, {'alias': 'hotdogs', 'title': 'Fast Food'}]"
53045,Donnie Boy's Tap,$,2.5,3,"[{'alias': 'sportsbars', 'title': 'Sports Bars'}]"
53045,Point On Main,,5.0,2,"[{'alias': 'burgers', 'title': 'Burgers'}, {'alias': 'bars', 'title': 'Bars'}]"
53045,JJ's Wood Grill & Catering,,1.0,1,"[{'alias': 'sandwiches', 'title': 'Sandwiches'}, {'alias': 'catering', 'title': 'Caterers'}, {'alias': 'burgers', 'title': 'Burgers'}]"
53045,Maxwell's Restaurant,$$$,1.0,2,"[{'alias': 'newamerican', 'title': 'American (New)'}]"
53045,Kinsey Park,,3.0,1,"[{'alias': 'parks', 'title': 'Parks'}]"
53045,Open Pantry Food Marts 608,,3.0,1,"[{'alias': 'restaurants', 'title': 'Restaurants'}]"
53045,Dairy Queen,$,2.0,6,"[{'alias': 'icecream', 'title': 'Ice Cream & Frozen Yogurt'}]"
53045,Little Caesars Pizza,$,1.5,7,"[{'alias': 'pizza', 'title': 'Pizza'}, {'alias': 'hotdogs', 'title': 'Fast Food'}]"
53045,Roberta Park,,3.0,1,"[{'alias': 'parks', 'title': 'Parks'}, {'alias': 'playgrounds', 'title': 'Playgrounds'}]"
53045,Nickel's Pub,,2.5,3,"[{'alias': 'pubs', 'title': 'Pubs'}, {'alias': 'pizza', 'title': 'Pizza'}]"
53045,St Joseph Bistro,$,3.0,1,"[{'alias': 'cafes', 'title': 'Cafes'}]"
53045,Subway,,2.5,3,"[{'alias': 'hotdogs', 'title': 'Fast Food'}, {'alias': 'sandwiches', 'title': 'Sandwiches'}]"
53045,Plaza Garibaldi,,3.0,1,"[{'alias': 'mexican', 'title': 'Mexican'}]"
53045,Subway,$$,2.0,2,"[{'alias': 'sandwiches', 'title': 'Sandwiches'}, {'alias': 'hotdogs', 'title': 'Fast Food'}]"
53045,Starbucks,$$,3.0,2,"[{'alias': 'coffee', 'title': 'Coffee & Tea'}]"
53045,Starbucks,$$,2.5,2,"[{'alias': 'coffee', 'title': 'Coffee & Tea'}]"
53045,Burger Laura & Wayne,,2.0,1,"[{'alias': 'restaurants', 'title': 'Restaurants'}]"
53045,Milwaukee Iron - Arena Football League Team,,2.0,1,"[{'alias': 'localflavor', 'title': 'Local Flavor'}, {'alias': 'arts', 'title': 'Arts & Entertainment'}]"
53045,Subway,$,1.0,3,"[{'alias': 'sandwiches', 'title': 'Sandwiches'}, {'alias': 'hotdogs', 'title': 'Fast Food'}]"
53045,Subway,$,1.0,2,"[{'alias': 'sandwiches', 'title': 'Sandwiches'}, {'alias': 'hotdogs', 'title': 'Fast Food'}]"
53045,7-Eleven,$,2.0,1,"[{'alias': 'servicestations', 'title': 'Gas Stations'}, {'alias': 'convenience', 'title': 'Convenience Stores'}, {'alias': 'coffee', 'title': 'Coffee & Tea'}]"
53045,Billy D's,$,5.0,1,"[{'alias': 'bars', 'title': 'Bars'}]"
53045,Paz Pub,,5.0,1,"[{'alias': 'pubs', 'title': 'Pubs'}]"
53045,Restaurante Casa Noble,,5.0,1,"[{'alias': 'mexican', 'title': 'Mexican'}]"
53045,Caroline's Cafe & Gifts,$,4.0,1,"[{'alias': 'desserts', 'title': 'Desserts'}, {'alias': 'sandwiches', 'title': 'Sandwiches'}, {'alias': 'soup', 'title': 'Soup'}]"
53045,Pita Factory,,1.0,2,"[{'alias': 'hotdogs', 'title': 'Fast Food'}, {'alias': 'greek', 'title': 'Greek'}]"
53045,Subway,,1.0,2,"[{'alias': 'hotdogs', 'title': 'Fast Food'}, {'alias': 'sandwiches', 'title': 'Sandwiches'}]"
53045,Tallinger's Restaurant & Lounge,,1.0,1,"[{'alias': 'restaurants', 'title': 'Restaurants'}]"
53045,Neighbors Bistro & Pub,,4.0,1,"[{'alias': 'restaurants', 'title': 'Restaurants'}]"
53045,The Fountain Grill And Bar,,1.0,1,"[{'alias': 'hotdogs', 'title': 'Fast Food'}]"
53045,Wonderland Tap,$,3.0,1,"[{'alias': 'pubs', 'title': 'Pubs'}]"
53045,Billy D's Tavern,,3.0,1,"[{'alias': 'newamerican', 'title': 'American (New)'}]"
53045,McDonald's,$,1.5,4,"[{'alias': 'burgers', 'title': 'Burgers'}, {'alias': 'hotdogs', 'title': 'Fast Food'}, {'alias': 'coffee', 'title': 'Coffee & Tea'}]"
53045,Domino's Pizza,,2.0,1,"[{'alias': 'pizza', 'title': 'Pizza'}]"
53045,Haybalers Saloon,$,1.0,1,"[{'alias': 'bars', 'title': 'Bars'}]"
53045,Scrima's Pizza,,1.0,1,"[{'alias': 'pizza', 'title': 'Pizza'}, {'alias': 'italian', 'title': 'Italian'}]"
53045,Subway,,1.0,1,"[{'alias': 'sandwiches', 'title': 'Sandwiches'}, {'alias': 'hotdogs', 'title': 'Fast Food'}]"
53045,Treat Street,,1.0,2,"[{'alias': 'popcorn', 'title': 'Popcorn Shops'}, {'alias': 'foodstands', 'title': 'Food Stands'}, {'alias': 'candy', 'title': 'Candy Stores'}]"
53045,Sussex Place Sports Bar & Grill,,1.0,1,"[{'alias': 'bars', 'title': 'Bars'}]"
53045,Papa Murphy's,,1.0,1,"[{'alias': 'pizza', 'title': 'Pizza'}]"
