alias,categories,coordinates,display_phone,distance,id,image_url,is_closed,location,name,phone,price,rating,review_count,transactions,url
eddie-bs-white-spruce-restaurant-and-tavern-eagle-river,"[{'alias': 'tradamerican', 'title': 'American (Traditional)'}]","{'latitude': 45.91989, 'longitude': -89.25375}",(715) 480-4000,4238.053258172797,FU073sifDc_exmFQ8awmbw,https://s3-media2.fl.yelpcdn.com/bphoto/xKC5v_5RepPM702tSRqo1A/o.jpg,False,"{'address1': '419 N Railroad St', 'address2': '', 'address3': '', 'city': 'Eagle River', 'zip_code': '54521', 'country': 'US', 'state': 'WI', 'display_address': ['419 N Railroad St', 'Eagle River, WI 54521']}",Eddie B's,+17154804000,$$,4.0,101,[],https://www.yelp.com/biz/eddie-bs-white-spruce-restaurant-and-tavern-eagle-river?adjust_creative=GVWAITeAe13hPk5JlriDSg&utm_campaign=yelp_api_v3&utm_medium=api_v3_business_search&utm_source=GVWAITeAe13hPk5JlriDSg
eagle-river-roasters-eagle-river,"[{'alias': 'coffeeroasteries', 'title': 'Coffee Roasteries'}]","{'latitude': 45.9141509, 'longitude': -89.2566057}",(715) 479-7995,4860.726902272245,5LPO-uKZ2Ae9iQAyy_BgQg,https://s3-media4.fl.yelpcdn.com/bphoto/eLXxqiVCOfjp8NF8FMjRfQ/o.jpg,False,"{'address1': '339 W Pine St', 'address2': None, 'address3': None, 'city': 'Eagle River', 'zip_code': '54521', 'country': 'US', 'state': 'WI', 'display_address': ['339 W Pine St', 'Eagle River, WI 54521']}",Eagle River Roasters,+17154797995,$$,4.5,43,[],https://www.yelp.com/biz/eagle-river-roasters-eagle-river?adjust_creative=GVWAITeAe13hPk5JlriDSg&utm_campaign=yelp_api_v3&utm_medium=api_v3_business_search&utm_source=GVWAITeAe13hPk5JlriDSg
buckshots-saloon-and-eatery-eagle-river,"[{'alias': 'burgers', 'title': 'Burgers'}, {'alias': 'pizza', 'title': 'Pizza'}, {'alias': 'sandwiches', 'title': 'Sandwiches'}]","{'latitude': 45.96178, 'longitude': -89.2393}",(715) 479-7468,2577.9082851051876,PuPYfnp9vwgAz5o-TBU6Iw,https://s3-media3.fl.yelpcdn.com/bphoto/9NAW29UMZYgQk061lEZNwQ/o.jpg,False,"{'address1': '2230 US Hwy 45 N', 'address2': None, 'address3': '', 'city': 'Eagle River', 'zip_code': '54521', 'country': 'US', 'state': 'WI', 'display_address': ['2230 US Hwy 45 N', 'Eagle River, WI 54521']}",BuckShot's Saloon & Eatery,+17154797468,$$,4.0,36,[],https://www.yelp.com/biz/buckshots-saloon-and-eatery-eagle-river?adjust_creative=GVWAITeAe13hPk5JlriDSg&utm_campaign=yelp_api_v3&utm_medium=api_v3_business_search&utm_source=GVWAITeAe13hPk5JlriDSg
leifs-cafe-eagle-river,"[{'alias': 'breakfast_brunch', 'title': 'Breakfast & Brunch'}, {'alias': 'sandwiches', 'title': 'Sandwiches'}, {'alias': 'tradamerican', 'title': 'American (Traditional)'}]","{'latitude': 45.92763, 'longitude': -89.25699}",(715) 479-2766,3909.2205502655916,wkYmK2T42KEos_C72gpRGg,https://s3-media2.fl.yelpcdn.com/bphoto/_yRz2rSh3nAoyCsvd-SbCg/o.jpg,False,"{'address1': '904 N Railroad St', 'address2': '', 'address3': None, 'city': 'Eagle River', 'zip_code': '54521', 'country': 'US', 'state': 'WI', 'display_address': ['904 N Railroad St', 'Eagle River, WI 54521']}",Leif's Cafe,+17154792766,$,4.0,75,[],https://www.yelp.com/biz/leifs-cafe-eagle-river?adjust_creative=GVWAITeAe13hPk5JlriDSg&utm_campaign=yelp_api_v3&utm_medium=api_v3_business_search&utm_source=GVWAITeAe13hPk5JlriDSg
pirates-hideaway-eagle-river,"[{'alias': 'boatcharters', 'title': 'Boat Charters'}, {'alias': 'icecream', 'title': 'Ice Cream & Frozen Yogurt'}, {'alias': 'tikibars', 'title': 'Tiki Bars'}]","{'latitude': 45.9487117809866, 'longitude': -89.2405301441782}",(715) 479-6756,2028.0374833147876,a2QFqlyvt-A-E_Ib8g0x6g,https://s3-media4.fl.yelpcdn.com/bphoto/VQSPqau068ScPQvHEor4Dg/o.jpg,False,"{'address1': '1998 Hwy 45 N', 'address2': None, 'address3': '', 'city': 'Eagle River', 'zip_code': '54521', 'country': 'US', 'state': 'WI', 'display_address': ['1998 Hwy 45 N', 'Eagle River, WI 54521']}",Pirates Hideaway,+17154796756,$$,4.5,14,[],https://www.yelp.com/biz/pirates-hideaway-eagle-river?adjust_creative=GVWAITeAe13hPk5JlriDSg&utm_campaign=yelp_api_v3&utm_medium=api_v3_business_search&utm_source=GVWAITeAe13hPk5JlriDSg
house-of-dogs-eagle-river,"[{'alias': 'hotdog', 'title': 'Hot Dogs'}]","{'latitude': 45.91503, 'longitude': -89.24685}",(715) 477-1949,4319.850145208203,cHnNOPE5rlugQ9rF8byEHQ,https://s3-media2.fl.yelpcdn.com/bphoto/ej-j03LJEtCcxr8juedG5A/o.jpg,False,"{'address1': '418 E Wall St', 'address2': '', 'address3': '', 'city': 'Eagle River', 'zip_code': '54521', 'country': 'US', 'state': 'WI', 'display_address': ['418 E Wall St', 'Eagle River, WI 54521']}",House of Dogs,+17154771949,$,4.5,21,[],https://www.yelp.com/biz/house-of-dogs-eagle-river?adjust_creative=GVWAITeAe13hPk5JlriDSg&utm_campaign=yelp_api_v3&utm_medium=api_v3_business_search&utm_source=GVWAITeAe13hPk5JlriDSg
blend-eagle-river,"[{'alias': 'coffee', 'title': 'Coffee & Tea'}, {'alias': 'sandwiches', 'title': 'Sandwiches'}]","{'latitude': 45.9160995, 'longitude': -89.252121}",(715) 337-2137,4470.302292477309,m2OASyWS4qXBA70leqUp3w,https://s3-media4.fl.yelpcdn.com/bphoto/C3E0D-9c78ZbFPMz-FQBUA/o.jpg,False,"{'address1': '113 S Railroad St', 'address2': '', 'address3': '', 'city': 'Eagle River', 'zip_code': '54521', 'country': 'US', 'state': 'WI', 'display_address': ['113 S Railroad St', 'Eagle River, WI 54521']}",Blend,+17153372137,$,4.0,32,[],https://www.yelp.com/biz/blend-eagle-river?adjust_creative=GVWAITeAe13hPk5JlriDSg&utm_campaign=yelp_api_v3&utm_medium=api_v3_business_search&utm_source=GVWAITeAe13hPk5JlriDSg
the-nutty-squirrel-eagle-river,"[{'alias': 'bars', 'title': 'Bars'}, {'alias': 'tradamerican', 'title': 'American (Traditional)'}]","{'latitude': 45.9251842152202, 'longitude': -89.1607611934722}",(715) 477-0322,4787.594625760916,aJ3yexZY5lzx7qgnc8NgWQ,https://s3-media1.fl.yelpcdn.com/bphoto/aCO76rKjAd4YgqCqoHKrIA/o.jpg,False,"{'address1': '3385 State Highway 70', 'address2': '', 'address3': '', 'city': 'Eagle River', 'zip_code': '54521', 'country': 'US', 'state': 'WI', 'display_address': ['3385 State Highway 70', 'Eagle River, WI 54521']}",The Nutty Squirrel,+17154770322,$,4.5,21,[],https://www.yelp.com/biz/the-nutty-squirrel-eagle-river?adjust_creative=GVWAITeAe13hPk5JlriDSg&utm_campaign=yelp_api_v3&utm_medium=api_v3_business_search&utm_source=GVWAITeAe13hPk5JlriDSg
sweet-water-spirits-and-resort-eagle-river,"[{'alias': 'newamerican', 'title': 'American (New)'}, {'alias': 'sportsbars', 'title': 'Sports Bars'}, {'alias': 'burgers', 'title': 'Burgers'}]","{'latitude': 45.9491299, 'longitude': -89.24017}",(715) 479-4872,2006.1366406498296,DMwYBelXndsAKMgeC1P5-g,https://s3-media3.fl.yelpcdn.com/bphoto/QY1egs1IJ1qx1tnqRj_9KQ/o.jpg,False,"{'address1': '2010 Hwy 45 N', 'address2': '', 'address3': '', 'city': 'Eagle River', 'zip_code': '54521', 'country': 'US', 'state': 'WI', 'display_address': ['2010 Hwy 45 N', 'Eagle River, WI 54521']}",Sweet Water Spirits & Resort,+17154794872,$$,3.5,38,[],https://www.yelp.com/biz/sweet-water-spirits-and-resort-eagle-river?adjust_creative=GVWAITeAe13hPk5JlriDSg&utm_campaign=yelp_api_v3&utm_medium=api_v3_business_search&utm_source=GVWAITeAe13hPk5JlriDSg
riverstone-restaurant-and-tavern-eagle-river,"[{'alias': 'tradamerican', 'title': 'American (Traditional)'}, {'alias': 'bars', 'title': 'Bars'}]","{'latitude': 45.918317, 'longitude': -89.252796}",(715) 479-8467,4321.984372644213,9LBn2Vy9HkeN7GjI4BMuOg,https://s3-media1.fl.yelpcdn.com/bphoto/pU6GHCdHzpPjyEZixtcamA/o.jpg,False,"{'address1': '219 N Railroad St', 'address2': '', 'address3': '', 'city': 'Eagle River', 'zip_code': '54521', 'country': 'US', 'state': 'WI', 'display_address': ['219 N Railroad St', 'Eagle River, WI 54521']}",Riverstone Restaurant & Tavern,+17154798467,$$,3.5,54,[],https://www.yelp.com/biz/riverstone-restaurant-and-tavern-eagle-river?adjust_creative=GVWAITeAe13hPk5JlriDSg&utm_campaign=yelp_api_v3&utm_medium=api_v3_business_search&utm_source=GVWAITeAe13hPk5JlriDSg
jens-dinky-diner-eagle-river,"[{'alias': 'tradamerican', 'title': 'American (Traditional)'}, {'alias': 'diners', 'title': 'Diners'}]","{'latitude': 45.91584, 'longitude': -89.252}",(715) 479-5929,4489.284093879701,1suzRtNbkRAVPSHcnj5qoQ,https://s3-media4.fl.yelpcdn.com/bphoto/IqI3E3qUIZfWOoxT_QLj0g/o.jpg,False,"{'address1': '121 S Railroad St', 'address2': '', 'address3': '', 'city': 'Eagle River', 'zip_code': '54521', 'country': 'US', 'state': 'WI', 'display_address': ['121 S Railroad St', 'Eagle River, WI 54521']}",Jen's Dinky Diner,+17154795929,$,4.5,13,[],https://www.yelp.com/biz/jens-dinky-diner-eagle-river?adjust_creative=GVWAITeAe13hPk5JlriDSg&utm_campaign=yelp_api_v3&utm_medium=api_v3_business_search&utm_source=GVWAITeAe13hPk5JlriDSg
blue-heron-restaurant-eagle-river,"[{'alias': 'tradamerican', 'title': 'American (Traditional)'}, {'alias': 'diners', 'title': 'Diners'}]","{'latitude': 45.9489326477051, 'longitude': -89.2326049804688}",(715) 337-2144,1425.5569600852793,4L8kAhR4XhOV5c6LIg8LmA,https://s3-media3.fl.yelpcdn.com/bphoto/Jg-hT-FdZiH9EHDqSRXRyg/o.jpg,False,"{'address1': '4443 Chain O Lakes Rd', 'address2': '', 'address3': '', 'city': 'Eagle River', 'zip_code': '54521', 'country': 'US', 'state': 'WI', 'display_address': ['4443 Chain O Lakes Rd', 'Eagle River, WI 54521']}",Blue Heron Restaurant,+17153372144,$$,4.0,16,[],https://www.yelp.com/biz/blue-heron-restaurant-eagle-river?adjust_creative=GVWAITeAe13hPk5JlriDSg&utm_campaign=yelp_api_v3&utm_medium=api_v3_business_search&utm_source=GVWAITeAe13hPk5JlriDSg
honey-bear-inn-eagle-river,"[{'alias': 'seafood', 'title': 'Seafood'}]","{'latitude': 45.903829, 'longitude': -89.303011}",(715) 479-9161,8336.682323467154,8K4MUvi2-4LS2Kh3br9a7Q,https://s3-media4.fl.yelpcdn.com/bphoto/l3CVXt_RnxUqHgFoHWPSxw/o.jpg,False,"{'address1': '5430 State Hwy 70 W', 'address2': '', 'address3': '', 'city': 'Eagle River', 'zip_code': '54521', 'country': 'US', 'state': 'WI', 'display_address': ['5430 State Hwy 70 W', 'Eagle River, WI 54521']}",Honey Bear Inn,+17154799161,$$,4.0,45,[],https://www.yelp.com/biz/honey-bear-inn-eagle-river?adjust_creative=GVWAITeAe13hPk5JlriDSg&utm_campaign=yelp_api_v3&utm_medium=api_v3_business_search&utm_source=GVWAITeAe13hPk5JlriDSg
catch-22-eagle-river,"[{'alias': 'seafood', 'title': 'Seafood'}, {'alias': 'steak', 'title': 'Steakhouses'}, {'alias': 'lounges', 'title': 'Lounges'}]","{'latitude': 45.92881, 'longitude': -89.15557}",(715) 479-2240,4548.100828900757,T3xAro9OHQzbKm3Hcbx88w,https://s3-media1.fl.yelpcdn.com/bphoto/SPAMfgnDu3GVw2GF_yWiZg/o.jpg,False,"{'address1': '3310 State Hwy 70 E', 'address2': None, 'address3': '', 'city': 'Eagle River', 'zip_code': '54521', 'country': 'US', 'state': 'WI', 'display_address': ['3310 State Hwy 70 E', 'Eagle River, WI 54521']}",Catch 22,+17154792240,$$$$,4.0,25,[],https://www.yelp.com/biz/catch-22-eagle-river?adjust_creative=GVWAITeAe13hPk5JlriDSg&utm_campaign=yelp_api_v3&utm_medium=api_v3_business_search&utm_source=GVWAITeAe13hPk5JlriDSg
northwoods-childrens-museum-eagle-river,"[{'alias': 'museums', 'title': 'Museums'}]","{'latitude': 45.91641, 'longitude': -89.25753}",(715) 479-4623,4742.953132696952,7BzTZltvTogPDcsWshr63Q,https://s3-media4.fl.yelpcdn.com/bphoto/MdnzNNIqTTwcKQNtANjtrw/o.jpg,False,"{'address1': '346 W Division St', 'address2': '', 'address3': '', 'city': 'Eagle River', 'zip_code': '54521', 'country': 'US', 'state': 'WI', 'display_address': ['346 W Division St', 'Eagle River, WI 54521']}",Northwoods Childrens Museum,+17154794623,,5.0,9,[],https://www.yelp.com/biz/northwoods-childrens-museum-eagle-river?adjust_creative=GVWAITeAe13hPk5JlriDSg&utm_campaign=yelp_api_v3&utm_medium=api_v3_business_search&utm_source=GVWAITeAe13hPk5JlriDSg
tijans-twelve-pines-eagle-river-2,"[{'alias': 'pizza', 'title': 'Pizza'}, {'alias': 'burgers', 'title': 'Burgers'}, {'alias': 'tradamerican', 'title': 'American (Traditional)'}]","{'latitude': 45.9169218689203, 'longitude': -89.1827396303415}",(715) 479-4734,4191.541746229552,Ubm3wAuI4hBe-O326FXkNA,https://s3-media2.fl.yelpcdn.com/bphoto/QQnk2W3bmuZS14QIAVvtLQ/o.jpg,False,"{'address1': '3635 Town Line Rd', 'address2': '', 'address3': '', 'city': 'Eagle River', 'zip_code': '54521', 'country': 'US', 'state': 'WI', 'display_address': ['3635 Town Line Rd', 'Eagle River, WI 54521']}",Tijan's Twelve Pines,+17154794734,$$,3.5,40,[],https://www.yelp.com/biz/tijans-twelve-pines-eagle-river-2?adjust_creative=GVWAITeAe13hPk5JlriDSg&utm_campaign=yelp_api_v3&utm_medium=api_v3_business_search&utm_source=GVWAITeAe13hPk5JlriDSg
friendship-house-family-restaurant-eagle-river,"[{'alias': 'tradamerican', 'title': 'American (Traditional)'}]","{'latitude': 45.9158199, 'longitude': -89.25319}",(715) 479-1070,4545.023052719231,zdlMuCG1kt8a2asgcyYEFg,https://s3-media2.fl.yelpcdn.com/bphoto/267G4HS98wtiOqSx_OxtKg/o.jpg,False,"{'address1': '101 W Wall St', 'address2': None, 'address3': None, 'city': 'Eagle River', 'zip_code': '54521', 'country': 'US', 'state': 'WI', 'display_address': ['101 W Wall St', 'Eagle River, WI 54521']}",Friendship House Family Restaurant,+17154791070,$$,3.5,32,[],https://www.yelp.com/biz/friendship-house-family-restaurant-eagle-river?adjust_creative=GVWAITeAe13hPk5JlriDSg&utm_campaign=yelp_api_v3&utm_medium=api_v3_business_search&utm_source=GVWAITeAe13hPk5JlriDSg
lucys-lunchbox-eagle-river,"[{'alias': 'breakfast_brunch', 'title': 'Breakfast & Brunch'}, {'alias': 'sandwiches', 'title': 'Sandwiches'}, {'alias': 'newamerican', 'title': 'American (New)'}]","{'latitude': 45.9146347045898, 'longitude': -89.2289962768555}",(715) 337-2370,3726.4736745135433,r_v32qaxDSYIB9KT6Pwf1Q,https://s3-media2.fl.yelpcdn.com/bphoto/dug4ACCWVW2vRCcFX60iWA/o.jpg,False,"{'address1': '1343 E Wall St', 'address2': '', 'address3': None, 'city': 'Eagle River', 'zip_code': '54521', 'country': 'US', 'state': 'WI', 'display_address': ['1343 E Wall St', 'Eagle River, WI 54521']}",Lucys Lunchbox,+17153372370,$$,4.5,11,[],https://www.yelp.com/biz/lucys-lunchbox-eagle-river?adjust_creative=GVWAITeAe13hPk5JlriDSg&utm_campaign=yelp_api_v3&utm_medium=api_v3_business_search&utm_source=GVWAITeAe13hPk5JlriDSg
agave-azul-eagle-river,"[{'alias': 'mexican', 'title': 'Mexican'}]","{'latitude': 45.912054, 'longitude': -89.211029}",(715) 337-0947,3849.4882843678733,6XW6ERA1kxyflX9oERtpAg,https://s3-media3.fl.yelpcdn.com/bphoto/LJ5MQHhwK1lCgMOsDquWJw/o.jpg,False,"{'address1': '4090 Hwy 70 E', 'address2': '', 'address3': '', 'city': 'Eagle River', 'zip_code': '54521', 'country': 'US', 'state': 'WI', 'display_address': ['4090 Hwy 70 E', 'Eagle River, WI 54521']}",Agave Azul,+17153370947,$,3.5,23,[],https://www.yelp.com/biz/agave-azul-eagle-river?adjust_creative=GVWAITeAe13hPk5JlriDSg&utm_campaign=yelp_api_v3&utm_medium=api_v3_business_search&utm_source=GVWAITeAe13hPk5JlriDSg
bortolottis-cin-cin-eagle-river,"[{'alias': 'wine_bars', 'title': 'Wine Bars'}, {'alias': 'italian', 'title': 'Italian'}, {'alias': 'sandwiches', 'title': 'Sandwiches'}]","{'latitude': 45.93042, 'longitude': -89.25859}",(715) 891-0775,3849.0584911949595,DAqJmPCDdbA4_dE1UdfN_w,,False,"{'address1': '1114 N Bluebird Rd', 'address2': '', 'address3': None, 'city': 'Eagle River', 'zip_code': '54521', 'country': 'US', 'state': 'WI', 'display_address': ['1114 N Bluebird Rd', 'Eagle River, WI 54521']}",Bortolotti's Cin Cin,+17158910775,$$,4.5,9,[],https://www.yelp.com/biz/bortolottis-cin-cin-eagle-river?adjust_creative=GVWAITeAe13hPk5JlriDSg&utm_campaign=yelp_api_v3&utm_medium=api_v3_business_search&utm_source=GVWAITeAe13hPk5JlriDSg
gordos-eagle-river,"[{'alias': 'tradamerican', 'title': 'American (Traditional)'}]","{'latitude': 45.928669, 'longitude': -89.2558594}",(715) 477-1155,3775.8761950984394,uyKFQvgb0yhQHvr2ts5qgA,https://s3-media4.fl.yelpcdn.com/bphoto/s-sAsOCAQfNdQWgD7oNcXA/o.jpg,False,"{'address1': '933 North Railroad St', 'address2': '', 'address3': '', 'city': 'Eagle River', 'zip_code': '54521', 'country': 'US', 'state': 'WI', 'display_address': ['933 North Railroad St', 'Eagle River, WI 54521']}",Gordos,+17154771155,$$,4.0,10,[],https://www.yelp.com/biz/gordos-eagle-river?adjust_creative=GVWAITeAe13hPk5JlriDSg&utm_campaign=yelp_api_v3&utm_medium=api_v3_business_search&utm_source=GVWAITeAe13hPk5JlriDSg
lumpys-bar-grill-eagle-river,"[{'alias': 'tradamerican', 'title': 'American (Traditional)'}, {'alias': 'sportsbars', 'title': 'Sports Bars'}, {'alias': 'burgers', 'title': 'Burgers'}]","{'latitude': 45.892842, 'longitude': -89.217096}",(715) 479-1515,5979.943358256106,Kp0VnzdS6G3iHb7exhJqrw,https://s3-media4.fl.yelpcdn.com/bphoto/9X05Vyy6G3eL5kpNTNypyg/o.jpg,False,"{'address1': '838 Hwy 45 S', 'address2': None, 'address3': None, 'city': 'Eagle River', 'zip_code': '54521', 'country': 'US', 'state': 'WI', 'display_address': ['838 Hwy 45 S', 'Eagle River, WI 54521']}",Lumpy's Bar Grill,+17154791515,$,3.0,43,[],https://www.yelp.com/biz/lumpys-bar-grill-eagle-river?adjust_creative=GVWAITeAe13hPk5JlriDSg&utm_campaign=yelp_api_v3&utm_medium=api_v3_business_search&utm_source=GVWAITeAe13hPk5JlriDSg
soda-pops-eagle-river,"[{'alias': 'tradamerican', 'title': 'American (Traditional)'}]","{'latitude': 45.91575, 'longitude': -89.25199}",(715) 479-9424,4490.807002226679,GRuEJvKtQ9S6o63n_8Rt0A,https://s3-media2.fl.yelpcdn.com/bphoto/1f4igOi8ACzDzFE5bDqZvw/o.jpg,False,"{'address1': '125 S Railroad', 'address2': '', 'address3': '', 'city': 'Eagle River', 'zip_code': '54521', 'country': 'US', 'state': 'WI', 'display_address': ['125 S Railroad', 'Eagle River, WI 54521']}",Soda Pops,+17154799424,$$,3.0,31,[],https://www.yelp.com/biz/soda-pops-eagle-river?adjust_creative=GVWAITeAe13hPk5JlriDSg&utm_campaign=yelp_api_v3&utm_medium=api_v3_business_search&utm_source=GVWAITeAe13hPk5JlriDSg
eagle-baking-eagle-river,"[{'alias': 'bakeries', 'title': 'Bakeries'}]","{'latitude': 45.9150543212891, 'longitude': -89.248405456543}",(715) 479-1545,4379.587552687856,SgUqyeYfszFprZBpa6yZCw,https://s3-media2.fl.yelpcdn.com/bphoto/lD8p67YW-719OFJuVvlyCQ/o.jpg,False,"{'address1': '316 E Wall St', 'address2': '', 'address3': '', 'city': 'Eagle River', 'zip_code': '54521', 'country': 'US', 'state': 'WI', 'display_address': ['316 E Wall St', 'Eagle River, WI 54521']}",Eagle Baking,+17154791545,$,4.0,11,[],https://www.yelp.com/biz/eagle-baking-eagle-river?adjust_creative=GVWAITeAe13hPk5JlriDSg&utm_campaign=yelp_api_v3&utm_medium=api_v3_business_search&utm_source=GVWAITeAe13hPk5JlriDSg
country-store-of-eagle-river-eagle-river,"[{'alias': 'candy', 'title': 'Candy Stores'}, {'alias': 'icecream', 'title': 'Ice Cream & Frozen Yogurt'}, {'alias': 'chocolate', 'title': 'Chocolatiers & Shops'}]","{'latitude': 45.91518, 'longitude': -89.25112}",(715) 479-9226,4498.012789358828,-u7t1ZPJbde-J57OaSefbw,https://s3-media2.fl.yelpcdn.com/bphoto/6dEc_BbRfgmwzcWWTjldVQ/o.jpg,False,"{'address1': '116 E Wall St', 'address2': '', 'address3': '', 'city': 'Eagle River', 'zip_code': '54521', 'country': 'US', 'state': 'WI', 'display_address': ['116 E Wall St', 'Eagle River, WI 54521']}",Country Store of Eagle River,+17154799226,$,4.0,9,[],https://www.yelp.com/biz/country-store-of-eagle-river-eagle-river?adjust_creative=GVWAITeAe13hPk5JlriDSg&utm_campaign=yelp_api_v3&utm_medium=api_v3_business_search&utm_source=GVWAITeAe13hPk5JlriDSg
club-denoyer-eagle-river,"[{'alias': 'pizza', 'title': 'Pizza'}, {'alias': 'burgers', 'title': 'Burgers'}, {'alias': 'sandwiches', 'title': 'Sandwiches'}]","{'latitude': 45.905414, 'longitude': -89.290767}",(715) 479-4120,7468.671804153396,waiP8X-2eAbQrHcKHugl8Q,https://s3-media2.fl.yelpcdn.com/bphoto/i0IMUswxZEzgf3zv_49V0A/o.jpg,False,"{'address1': '5324 Hwy 70 W', 'address2': '', 'address3': '', 'city': 'Eagle River', 'zip_code': '54521', 'country': 'US', 'state': 'WI', 'display_address': ['5324 Hwy 70 W', 'Eagle River, WI 54521']}",Club Denoyer,+17154794120,,4.0,14,[],https://www.yelp.com/biz/club-denoyer-eagle-river?adjust_creative=GVWAITeAe13hPk5JlriDSg&utm_campaign=yelp_api_v3&utm_medium=api_v3_business_search&utm_source=GVWAITeAe13hPk5JlriDSg
70-east-road-house-eagle-river,"[{'alias': 'tradamerican', 'title': 'American (Traditional)'}, {'alias': 'bars', 'title': 'Bars'}]","{'latitude': 45.9145698547363, 'longitude': -89.1958160400391}",(715) 337-2326,3846.439531872489,9IQqVsrZGClHUI66-T4CXg,https://s3-media1.fl.yelpcdn.com/bphoto/7WSTtGDMsVCCEa-UXz46CQ/o.jpg,False,"{'address1': '1298 E Dollar Lake Rd', 'address2': None, 'address3': '', 'city': 'Eagle River', 'zip_code': '54521', 'country': 'US', 'state': 'WI', 'display_address': ['1298 E Dollar Lake Rd', 'Eagle River, WI 54521']}",70 East Road House,+17153372326,$$,3.5,12,[],https://www.yelp.com/biz/70-east-road-house-eagle-river?adjust_creative=GVWAITeAe13hPk5JlriDSg&utm_campaign=yelp_api_v3&utm_medium=api_v3_business_search&utm_source=GVWAITeAe13hPk5JlriDSg
bauers-dam-resort-conover,"[{'alias': 'resorts', 'title': 'Resorts'}, {'alias': 'pizza', 'title': 'Pizza'}, {'alias': 'sandwiches', 'title': 'Sandwiches'}]","{'latitude': 46.021785736084, 'longitude': -89.3110275268555}",(715) 479-4510,11207.073797386907,XO5wglvCfXEcIJJDw4ITng,https://s3-media4.fl.yelpcdn.com/bphoto/aZJWyKqhqRxLrTlN4jLWcg/o.jpg,False,"{'address1': '3597 E Buckatabon Rd', 'address2': '', 'address3': '', 'city': 'Conover', 'zip_code': '54519', 'country': 'US', 'state': 'WI', 'display_address': ['3597 E Buckatabon Rd', 'Conover, WI 54519']}",Bauer's Dam Resort,+17154794510,$$,4.5,9,[],https://www.yelp.com/biz/bauers-dam-resort-conover?adjust_creative=GVWAITeAe13hPk5JlriDSg&utm_campaign=yelp_api_v3&utm_medium=api_v3_business_search&utm_source=GVWAITeAe13hPk5JlriDSg
eagle-river-golf-course-eagle-river,"[{'alias': 'golflessons', 'title': 'Golf Lessons'}, {'alias': 'golf', 'title': 'Golf'}]","{'latitude': 45.9261, 'longitude': -89.24874}",(715) 479-8111,3543.168670400007,kT8XqXmZkIUewdDCGKcm-A,https://s3-media2.fl.yelpcdn.com/bphoto/e9sJRwnS8LuJ7PaIVndbuQ/o.jpg,False,"{'address1': '457 E Mckinley St', 'address2': '', 'address3': '', 'city': 'Eagle River', 'zip_code': '54521', 'country': 'US', 'state': 'WI', 'display_address': ['457 E Mckinley St', 'Eagle River, WI 54521']}",Eagle River Golf Course,+17154798111,,5.0,3,[],https://www.yelp.com/biz/eagle-river-golf-course-eagle-river?adjust_creative=GVWAITeAe13hPk5JlriDSg&utm_campaign=yelp_api_v3&utm_medium=api_v3_business_search&utm_source=GVWAITeAe13hPk5JlriDSg
alexanders-family-pizza-parlor-eagle-river-2,"[{'alias': 'pizza', 'title': 'Pizza'}, {'alias': 'tradamerican', 'title': 'American (Traditional)'}, {'alias': 'sandwiches', 'title': 'Sandwiches'}]","{'latitude': 45.91494, 'longitude': -89.25152}",(715) 479-7363,4606.315943602663,VcqVBDQH8NSm1TP37ydbCQ,https://s3-media2.fl.yelpcdn.com/bphoto/l1ni4sMKjQ8Ufbc8zgELFw/o.jpg,False,"{'address1': '211 S Railroad St', 'address2': '', 'address3': '', 'city': 'Eagle River', 'zip_code': '54521', 'country': 'US', 'state': 'WI', 'display_address': ['211 S Railroad St', 'Eagle River, WI 54521']}",Alexander's Family Pizza Parlor,+17154797363,$$,2.5,38,[],https://www.yelp.com/biz/alexanders-family-pizza-parlor-eagle-river-2?adjust_creative=GVWAITeAe13hPk5JlriDSg&utm_campaign=yelp_api_v3&utm_medium=api_v3_business_search&utm_source=GVWAITeAe13hPk5JlriDSg
steggys-great-food-eagle-river,"[{'alias': 'hotdogs', 'title': 'Fast Food'}]","{'latitude': 45.9146537780762, 'longitude': -89.2383880615234}",(715) 479-1212,4000.629212086196,CfaHR2JNQmtsEJowxgFE0w,https://s3-media1.fl.yelpcdn.com/bphoto/9OYd8HRCOIZxeR5qzaK8YA/o.jpg,False,"{'address1': '1010 E Wall St', 'address2': '', 'address3': '', 'city': 'Eagle River', 'zip_code': '54521', 'country': 'US', 'state': 'WI', 'display_address': ['1010 E Wall St', 'Eagle River, WI 54521']}",Steggy's Great Food,+17154791212,$,3.5,7,[],https://www.yelp.com/biz/steggys-great-food-eagle-river?adjust_creative=GVWAITeAe13hPk5JlriDSg&utm_campaign=yelp_api_v3&utm_medium=api_v3_business_search&utm_source=GVWAITeAe13hPk5JlriDSg
butchs-pizza-north-eagle-river,"[{'alias': 'pizza', 'title': 'Pizza'}]","{'latitude': 45.9151000976562, 'longitude': -89.2497177124023}",(715) 477-1111,4434.384976393713,7cJMKeDIHj7TjEbe1fr2yw,https://s3-media2.fl.yelpcdn.com/bphoto/nGcGlE4PaxcayWdR1y4xCg/o.jpg,False,"{'address1': '220 E Wall St', 'address2': '', 'address3': '', 'city': 'Eagle River', 'zip_code': '54521', 'country': 'US', 'state': 'WI', 'display_address': ['220 E Wall St', 'Eagle River, WI 54521']}",Butch's Pizza North,+17154771111,$$,3.5,10,['delivery'],https://www.yelp.com/biz/butchs-pizza-north-eagle-river?adjust_creative=GVWAITeAe13hPk5JlriDSg&utm_campaign=yelp_api_v3&utm_medium=api_v3_business_search&utm_source=GVWAITeAe13hPk5JlriDSg
burnt-bridge-tavern-conover,"[{'alias': 'bars', 'title': 'Bars'}, {'alias': 'tradamerican', 'title': 'American (Traditional)'}]","{'latitude': 46.04136, 'longitude': -89.33359}",(715) 479-8530,13926.843162306903,UaTiYlweTIk7Jxu4CuONVA,https://s3-media3.fl.yelpcdn.com/bphoto/85GKXywW_clorB_WuQtMJw/o.jpg,False,"{'address1': '5920 County Rd K W', 'address2': '', 'address3': '', 'city': 'Conover', 'zip_code': '54519', 'country': 'US', 'state': 'WI', 'display_address': ['5920 County Rd K W', 'Conover, WI 54519']}",Burnt Bridge Tavern,+17154798530,$$,4.5,20,[],https://www.yelp.com/biz/burnt-bridge-tavern-conover?adjust_creative=GVWAITeAe13hPk5JlriDSg&utm_campaign=yelp_api_v3&utm_medium=api_v3_business_search&utm_source=GVWAITeAe13hPk5JlriDSg
bucktale-inn-eagle-river-2,"[{'alias': 'diners', 'title': 'Diners'}, {'alias': 'seafood', 'title': 'Seafood'}, {'alias': 'german', 'title': 'German'}]","{'latitude': 45.8984191, 'longitude': -89.3026711}",(715) 479-7182,8673.399010751413,DIlB5MkwCo2-_KFk1z7TlA,https://s3-media1.fl.yelpcdn.com/bphoto/TXQgex447yJCmo1gBf7Pjg/o.jpg,False,"{'address1': '9035 Hwy H', 'address2': '', 'address3': '', 'city': 'Eagle River', 'zip_code': '54521', 'country': 'US', 'state': 'WI', 'display_address': ['9035 Hwy H', 'Eagle River, WI 54521']}",Bucktale Inn,+17154797182,$$,4.5,7,[],https://www.yelp.com/biz/bucktale-inn-eagle-river-2?adjust_creative=GVWAITeAe13hPk5JlriDSg&utm_campaign=yelp_api_v3&utm_medium=api_v3_business_search&utm_source=GVWAITeAe13hPk5JlriDSg
kartway-eagle-river,"[{'alias': 'amusementparks', 'title': 'Amusement Parks'}]","{'latitude': 45.9401010450962, 'longitude': -89.2521630368317}",(715) 479-4450,3001.9053126664935,dF_X87w96v0creOcvpXyrg,https://s3-media3.fl.yelpcdn.com/bphoto/aYj40DWmjjeSzqCD401hbQ/o.jpg,False,"{'address1': '1890 Morley Rd', 'address2': '', 'address3': '', 'city': 'Eagle River', 'zip_code': '54521', 'country': 'US', 'state': 'WI', 'display_address': ['1890 Morley Rd', 'Eagle River, WI 54521']}",Kartway,+17154794450,,3.5,7,[],https://www.yelp.com/biz/kartway-eagle-river?adjust_creative=GVWAITeAe13hPk5JlriDSg&utm_campaign=yelp_api_v3&utm_medium=api_v3_business_search&utm_source=GVWAITeAe13hPk5JlriDSg
o-briens-pub-eagle-river,"[{'alias': 'pubs', 'title': 'Pubs'}]","{'latitude': 45.912478, 'longitude': -89.2267938}",(715) 479-4799,3847.0287922295265,Hs4vWGahdubbVTyHbDz7ig,https://s3-media2.fl.yelpcdn.com/bphoto/388E8qEFMp2kp6SBhtCTKg/o.jpg,False,"{'address1': '4331 E Wall St', 'address2': None, 'address3': None, 'city': 'Eagle River', 'zip_code': '54521', 'country': 'US', 'state': 'WI', 'display_address': ['4331 E Wall St', 'Eagle River, WI 54521']}",O'Brien's Pub,+17154794799,,5.0,2,[],https://www.yelp.com/biz/o-briens-pub-eagle-river?adjust_creative=GVWAITeAe13hPk5JlriDSg&utm_campaign=yelp_api_v3&utm_medium=api_v3_business_search&utm_source=GVWAITeAe13hPk5JlriDSg
aromas-three-lakes-2,"[{'alias': 'sandwiches', 'title': 'Sandwiches'}, {'alias': 'italian', 'title': 'Italian'}, {'alias': 'salad', 'title': 'Salad'}]","{'latitude': 45.853361, 'longitude': -89.188218}",(715) 479-9997,10563.869939431164,f-rttUtFecETVj0BJKz2-Q,https://s3-media1.fl.yelpcdn.com/bphoto/9Y_QcmgjKaJCyPYfTa8mkg/o.jpg,False,"{'address1': '8099 Hwy 32/45', 'address2': '', 'address3': '', 'city': 'Three Lakes', 'zip_code': '54562', 'country': 'US', 'state': 'WI', 'display_address': ['8099 Hwy 32/45', 'Three Lakes, WI 54562']}",Aromas,+17154799997,$$,4.0,10,[],https://www.yelp.com/biz/aromas-three-lakes-2?adjust_creative=GVWAITeAe13hPk5JlriDSg&utm_campaign=yelp_api_v3&utm_medium=api_v3_business_search&utm_source=GVWAITeAe13hPk5JlriDSg
eagle-lanes-eagle-river,"[{'alias': 'pizza', 'title': 'Pizza'}, {'alias': 'bowling', 'title': 'Bowling'}]","{'latitude': 45.913621, 'longitude': -89.261117}",(715) 479-4555,5143.017849118281,55pLQxjdM1swXvLB8_mVSA,https://s3-media2.fl.yelpcdn.com/bphoto/cGdTMmAxbzXxPHo-EQBUKg/o.jpg,False,"{'address1': '534 W Pine St', 'address2': '', 'address3': '', 'city': 'Eagle River', 'zip_code': '54521', 'country': 'US', 'state': 'WI', 'display_address': ['534 W Pine St', 'Eagle River, WI 54521']}",Eagle Lanes,+17154794555,,4.0,5,[],https://www.yelp.com/biz/eagle-lanes-eagle-river?adjust_creative=GVWAITeAe13hPk5JlriDSg&utm_campaign=yelp_api_v3&utm_medium=api_v3_business_search&utm_source=GVWAITeAe13hPk5JlriDSg
the-tiny-tap-eagle-river,"[{'alias': 'bars', 'title': 'Bars'}]","{'latitude': 45.91569, 'longitude': -89.25199}",(715) 479-1561,4503.033529567619,xTSvrpxlpsmoCAnSrThQcw,https://s3-media3.fl.yelpcdn.com/bphoto/4enfsABBqIIldfxl5qgJ5Q/o.jpg,False,"{'address1': '127 S Railroad St', 'address2': None, 'address3': None, 'city': 'Eagle River', 'zip_code': '54521', 'country': 'US', 'state': 'WI', 'display_address': ['127 S Railroad St', 'Eagle River, WI 54521']}",The Tiny Tap,+17154791561,,4.0,3,[],https://www.yelp.com/biz/the-tiny-tap-eagle-river?adjust_creative=GVWAITeAe13hPk5JlriDSg&utm_campaign=yelp_api_v3&utm_medium=api_v3_business_search&utm_source=GVWAITeAe13hPk5JlriDSg
smugglers-lounge-eagle-river,"[{'alias': 'newamerican', 'title': 'American (New)'}]","{'latitude': 45.91581, 'longitude': -89.2519499}",(715) 479-3456,4484.465174167477,JcoFqz3iZmOvKSA-KONbcw,https://s3-media3.fl.yelpcdn.com/bphoto/nS_X32gOPaIB3S8E_m2Syw/o.jpg,False,"{'address1': '123 S Railroad St', 'address2': '', 'address3': '', 'city': 'Eagle River', 'zip_code': '54521', 'country': 'US', 'state': 'WI', 'display_address': ['123 S Railroad St', 'Eagle River, WI 54521']}",Smugglers Lounge,+17154793456,$$,2.5,12,[],https://www.yelp.com/biz/smugglers-lounge-eagle-river?adjust_creative=GVWAITeAe13hPk5JlriDSg&utm_campaign=yelp_api_v3&utm_medium=api_v3_business_search&utm_source=GVWAITeAe13hPk5JlriDSg
pine-gables-supper-club-eagle-river,"[{'alias': 'supperclubs', 'title': 'Supper Clubs'}]","{'latitude': 45.9143251, 'longitude': -89.2650974}",(715) 479-4225,5249.631479535886,JlupLtzrM49ZxAIlkVmH1Q,,False,"{'address1': '1002 W Pine St', 'address2': '', 'address3': None, 'city': 'Eagle River', 'zip_code': '54521', 'country': 'US', 'state': 'WI', 'display_address': ['1002 W Pine St', 'Eagle River, WI 54521']}",Pine Gables Supper Club,+17154794225,,3.0,8,[],https://www.yelp.com/biz/pine-gables-supper-club-eagle-river?adjust_creative=GVWAITeAe13hPk5JlriDSg&utm_campaign=yelp_api_v3&utm_medium=api_v3_business_search&utm_source=GVWAITeAe13hPk5JlriDSg
krueger-michael-and-sheila-eagle-river,"[{'alias': 'bakeries', 'title': 'Bakeries'}]","{'latitude': 45.9181355, 'longitude': -89.1858453}",(715) 479-3901,3869.0620203894628,XsEooa4SdsTpFdH1dfY0NQ,,False,"{'address1': '3700 State Highway 70 W', 'address2': None, 'address3': None, 'city': 'Eagle River', 'zip_code': '54521', 'country': 'US', 'state': 'WI', 'display_address': ['3700 State Highway 70 W', 'Eagle River, WI 54521']}",Krueger Michael & Sheila,+17154793901,,5.0,1,[],https://www.yelp.com/biz/krueger-michael-and-sheila-eagle-river?adjust_creative=GVWAITeAe13hPk5JlriDSg&utm_campaign=yelp_api_v3&utm_medium=api_v3_business_search&utm_source=GVWAITeAe13hPk5JlriDSg
28-lakes-ale-house-eagle-river,"[{'alias': 'pubs', 'title': 'Pubs'}]","{'latitude': 45.9320843, 'longitude': -89.2444313}",(715) 479-9005,2904.3386167876943,K8M5IXo19HUUtq-P8SYd5Q,https://s3-media2.fl.yelpcdn.com/bphoto/qQWk4H5IiJXXbMuhGb2kHw/o.jpg,False,"{'address1': '457 McKinley Blvd', 'address2': '', 'address3': None, 'city': 'Eagle River', 'zip_code': '54521', 'country': 'US', 'state': 'WI', 'display_address': ['457 McKinley Blvd', 'Eagle River, WI 54521']}",28 Lakes Ale House,+17154799005,,4.0,1,[],https://www.yelp.com/biz/28-lakes-ale-house-eagle-river?adjust_creative=GVWAITeAe13hPk5JlriDSg&utm_campaign=yelp_api_v3&utm_medium=api_v3_business_search&utm_source=GVWAITeAe13hPk5JlriDSg
eagle-river-beach-eagle-river,"[{'alias': 'beaches', 'title': 'Beaches'}]","{'latitude': 45.9234757, 'longitude': -89.2375167}",(715) 479-9634,3259.7212985387478,OZtTQzmuH77eh0Nz83AC3w,https://s3-media1.fl.yelpcdn.com/bphoto/P1ld4VcFuxfwscwM7cnyhA/o.jpg,False,"{'address1': '932 Silver Lake Rd', 'address2': None, 'address3': None, 'city': 'Eagle River', 'zip_code': '54521', 'country': 'US', 'state': 'WI', 'display_address': ['932 Silver Lake Rd', 'Eagle River, WI 54521']}",Eagle River Beach,+17154799634,,4.0,1,[],https://www.yelp.com/biz/eagle-river-beach-eagle-river?adjust_creative=GVWAITeAe13hPk5JlriDSg&utm_campaign=yelp_api_v3&utm_medium=api_v3_business_search&utm_source=GVWAITeAe13hPk5JlriDSg
bonsons-pick-n-save-eagle-river,"[{'alias': 'bakeries', 'title': 'Bakeries'}, {'alias': 'grocery', 'title': 'Grocery'}]","{'latitude': 45.925398, 'longitude': -89.254154}",(715) 479-4416,3868.723763467621,OrZ8Njr8RRds6OdfeMIQiA,,False,"{'address1': '711 US Highway 45 S', 'address2': '', 'address3': '', 'city': 'Eagle River', 'zip_code': '54521', 'country': 'US', 'state': 'WI', 'display_address': ['711 US Highway 45 S', 'Eagle River, WI 54521']}",Bonson's Pick-N-Save,+17154794416,$$,2.5,3,[],https://www.yelp.com/biz/bonsons-pick-n-save-eagle-river?adjust_creative=GVWAITeAe13hPk5JlriDSg&utm_campaign=yelp_api_v3&utm_medium=api_v3_business_search&utm_source=GVWAITeAe13hPk5JlriDSg
lake-forest-golf-course-eagle-river,"[{'alias': 'golf', 'title': 'Golf'}]","{'latitude': 45.9241186184295, 'longitude': -89.1962126596148}",(715) 479-4211,2870.3044809297107,ucJzet5PAtFZ0SN9Fnjbzw,,False,"{'address1': '3801 Eagle Waters Rd', 'address2': '', 'address3': None, 'city': 'Eagle River', 'zip_code': '54521', 'country': 'US', 'state': 'WI', 'display_address': ['3801 Eagle Waters Rd', 'Eagle River, WI 54521']}",Lake Forest Golf Course,+17154794211,,3.0,1,[],https://www.yelp.com/biz/lake-forest-golf-course-eagle-river?adjust_creative=GVWAITeAe13hPk5JlriDSg&utm_campaign=yelp_api_v3&utm_medium=api_v3_business_search&utm_source=GVWAITeAe13hPk5JlriDSg
dairy-queen-of-eagle-river-eagle-river,"[{'alias': 'hotdogs', 'title': 'Fast Food'}, {'alias': 'burgers', 'title': 'Burgers'}]","{'latitude': 45.913549, 'longitude': -89.252129}",(715) 479-8511,4688.049859055465,DHjB1-FhN61rkfvGl-JJiQ,https://s3-media4.fl.yelpcdn.com/bphoto/4EoGMZaajGeTAEAC3K_oHg/o.jpg,False,"{'address1': '600 W Pine St', 'address2': '', 'address3': '', 'city': 'Eagle River', 'zip_code': '54521', 'country': 'US', 'state': 'WI', 'display_address': ['600 W Pine St', 'Eagle River, WI 54521']}",Dairy Queen of Eagle River,+17154798511,,1.5,6,[],https://www.yelp.com/biz/dairy-queen-of-eagle-river-eagle-river?adjust_creative=GVWAITeAe13hPk5JlriDSg&utm_campaign=yelp_api_v3&utm_medium=api_v3_business_search&utm_source=GVWAITeAe13hPk5JlriDSg
vilas-cinema-5-eagle-river,"[{'alias': 'amusementparks', 'title': 'Amusement Parks'}, {'alias': 'movietheaters', 'title': 'Cinema'}]","{'latitude': 45.91518, 'longitude': -89.24993}",(715) 479-6541,4445.41518334289,4c52H-XepWZUO56gLz8lLg,,False,"{'address1': '216 E Wall', 'address2': '', 'address3': '', 'city': 'Eagle River', 'zip_code': '54521', 'country': 'US', 'state': 'WI', 'display_address': ['216 E Wall', 'Eagle River, WI 54521']}",Vilas Cinema 5,+17154796541,,2.0,3,[],https://www.yelp.com/biz/vilas-cinema-5-eagle-river?adjust_creative=GVWAITeAe13hPk5JlriDSg&utm_campaign=yelp_api_v3&utm_medium=api_v3_business_search&utm_source=GVWAITeAe13hPk5JlriDSg
gee-os-good-time-saloon-eagle-river,"[{'alias': 'bars', 'title': 'Bars'}]","{'latitude': 45.9149088710546, 'longitude': -89.2355509847403}",(715) 479-2222,3761.421464971385,wxqB8NcmEI_hMgFFBnNoCg,,False,"{'address1': '4412 E Wall St', 'address2': '', 'address3': '', 'city': 'Eagle River', 'zip_code': '54521', 'country': 'US', 'state': 'WI', 'display_address': ['4412 E Wall St', 'Eagle River, WI 54521']}",Gee O's Good Time Saloon,+17154792222,,3.0,1,[],https://www.yelp.com/biz/gee-os-good-time-saloon-eagle-river?adjust_creative=GVWAITeAe13hPk5JlriDSg&utm_campaign=yelp_api_v3&utm_medium=api_v3_business_search&utm_source=GVWAITeAe13hPk5JlriDSg
pizza-hut-eagle-river,"[{'alias': 'pizza', 'title': 'Pizza'}, {'alias': 'italian', 'title': 'Italian'}, {'alias': 'chicken_wings', 'title': 'Chicken Wings'}]","{'latitude': 45.91433, 'longitude': -89.2542}",(715) 479-9709,4721.7620140361605,EVgQoQH3wv_9zKjpW8W3Dw,https://s3-media3.fl.yelpcdn.com/bphoto/fwn2uCETmVqniFWDo-77og/o.jpg,False,"{'address1': '205 West Pine St', 'address2': '', 'address3': '', 'city': 'Eagle River', 'zip_code': '54521', 'country': 'US', 'state': 'WI', 'display_address': ['205 West Pine St', 'Eagle River, WI 54521']}",Pizza Hut,+17154799709,$,2.0,5,[],https://www.yelp.com/biz/pizza-hut-eagle-river?adjust_creative=GVWAITeAe13hPk5JlriDSg&utm_campaign=yelp_api_v3&utm_medium=api_v3_business_search&utm_source=GVWAITeAe13hPk5JlriDSg
the-hiker-box-eagle-river,"[{'alias': 'hiking', 'title': 'Hiking'}, {'alias': 'outdoorgear', 'title': 'Outdoor Gear'}]","{'latitude': 45.9155693, 'longitude': -89.2512283}",(715) 337-2161,4453.4708223944635,jiXsWlmPsvynw3BTDqcPaw,,False,"{'address1': '117 E Wall St', 'address2': None, 'address3': '', 'city': 'Eagle River', 'zip_code': '54521', 'country': 'US', 'state': 'WI', 'display_address': ['117 E Wall St', 'Eagle River, WI 54521']}",The Hiker Box,+17153372161,,5.0,1,[],https://www.yelp.com/biz/the-hiker-box-eagle-river?adjust_creative=GVWAITeAe13hPk5JlriDSg&utm_campaign=yelp_api_v3&utm_medium=api_v3_business_search&utm_source=GVWAITeAe13hPk5JlriDSg
mcdonalds-eagle-river-4,"[{'alias': 'coffee', 'title': 'Coffee & Tea'}, {'alias': 'burgers', 'title': 'Burgers'}, {'alias': 'hotdogs', 'title': 'Fast Food'}]","{'latitude': 45.9144593284762, 'longitude': -89.2529858555826}",(715) 479-5222,4651.285612723307,FNRFGkZ-gSiW-JetFMSr1Q,https://s3-media4.fl.yelpcdn.com/bphoto/IM1gjCsIQWrvMWjI61-FDA/o.jpg,False,"{'address1': '119 W Pine St', 'address2': None, 'address3': None, 'city': 'Eagle River', 'zip_code': '54521', 'country': 'US', 'state': 'WI', 'display_address': ['119 W Pine St', 'Eagle River, WI 54521']}",McDonald's,+17154795222,,1.0,5,[],https://www.yelp.com/biz/mcdonalds-eagle-river-4?adjust_creative=GVWAITeAe13hPk5JlriDSg&utm_campaign=yelp_api_v3&utm_medium=api_v3_business_search&utm_source=GVWAITeAe13hPk5JlriDSg
lake-forest-golf-clubhouse-eagle-river,"[{'alias': 'sportsbars', 'title': 'Sports Bars'}, {'alias': 'burgers', 'title': 'Burgers'}, {'alias': 'sandwiches', 'title': 'Sandwiches'}]","{'latitude': 45.9241726055525, 'longitude': -89.1968640378925}",(715) 479-4211,2840.5843300946312,Dh4iGJsk9-mlc-RkPFMlxg,,False,"{'address1': '3801 Eagle Waters Rd', 'address2': '', 'address3': None, 'city': 'Eagle River', 'zip_code': '54521', 'country': 'US', 'state': 'WI', 'display_address': ['3801 Eagle Waters Rd', 'Eagle River, WI 54521']}",Lake Forest Golf Clubhouse,+17154794211,,1.0,1,[],https://www.yelp.com/biz/lake-forest-golf-clubhouse-eagle-river?adjust_creative=GVWAITeAe13hPk5JlriDSg&utm_campaign=yelp_api_v3&utm_medium=api_v3_business_search&utm_source=GVWAITeAe13hPk5JlriDSg
subway-eagle-river,"[{'alias': 'sandwiches', 'title': 'Sandwiches'}, {'alias': 'hotdogs', 'title': 'Fast Food'}]","{'latitude': 45.9135131835938, 'longitude': -89.2546615600586}",(715) 479-9788,4815.305700999894,JwXaFTIyutYgm_ltO1QLsA,,False,"{'address1': '216 W Pine St', 'address2': '', 'address3': '', 'city': 'Eagle River', 'zip_code': '54521', 'country': 'US', 'state': 'WI', 'display_address': ['216 W Pine St', 'Eagle River, WI 54521']}",Subway,+17154799788,,1.5,3,[],https://www.yelp.com/biz/subway-eagle-river?adjust_creative=GVWAITeAe13hPk5JlriDSg&utm_campaign=yelp_api_v3&utm_medium=api_v3_business_search&utm_source=GVWAITeAe13hPk5JlriDSg
eagle-falls-adventure-golf-and-laser-tag-eagle-river-3,"[{'alias': 'mini_golf', 'title': 'Mini Golf'}, {'alias': 'lasertag', 'title': 'Laser Tag'}, {'alias': 'amusementparks', 'title': 'Amusement Parks'}]","{'latitude': 45.913093, 'longitude': -89.237022}",(715) 477-0808,4112.609733527638,RoKLMJ-efgjs34YRDwL-Jw,https://s3-media1.fl.yelpcdn.com/bphoto/Dn3giC0OBsvhiu34gdPRjw/o.jpg,False,"{'address1': '1040 E Pine St', 'address2': None, 'address3': None, 'city': 'Eagle River', 'zip_code': '54521', 'country': 'US', 'state': 'WI', 'display_address': ['1040 E Pine St', 'Eagle River, WI 54521']}",Eagle Falls Adventure Golf & Laser Tag,+17154770808,,4.0,1,[],https://www.yelp.com/biz/eagle-falls-adventure-golf-and-laser-tag-eagle-river-3?adjust_creative=GVWAITeAe13hPk5JlriDSg&utm_campaign=yelp_api_v3&utm_medium=api_v3_business_search&utm_source=GVWAITeAe13hPk5JlriDSg
sundown-tavern-and-restaurant-conover,"[{'alias': 'restaurants', 'title': 'Restaurants'}]","{'latitude': 46.0396499633789, 'longitude': -89.1762313842773}",(715) 479-6224,10765.497419454927,WpWtjgYX8YNsBsNXWjfoTA,,False,"{'address1': '3675 Twin Lake Rd', 'address2': '', 'address3': '', 'city': 'Conover', 'zip_code': '54519', 'country': 'US', 'state': 'WI', 'display_address': ['3675 Twin Lake Rd', 'Conover, WI 54519']}",Sundown Tavern & Restaurant,+17154796224,,5.0,1,[],https://www.yelp.com/biz/sundown-tavern-and-restaurant-conover?adjust_creative=GVWAITeAe13hPk5JlriDSg&utm_campaign=yelp_api_v3&utm_medium=api_v3_business_search&utm_source=GVWAITeAe13hPk5JlriDSg
