alias,categories,coordinates,display_phone,distance,id,image_url,is_closed,location,name,phone,price,rating,review_count,transactions,url
sake-house-beaver-dam,"[{'alias': 'sushi', 'title': 'Sushi Bars'}, {'alias': 'japanese', 'title': 'Japanese'}, {'alias': 'steak', 'title': 'Steakhouses'}]","{'latitude': 43.4583223195248, 'longitude': -88.8173725494865}",(920) 219-9995,10887.887645112962,Kv129K-YU2qV0_sLXs8cmg,https://s3-media3.fl.yelpcdn.com/bphoto/KtOd8W5i_jPqPgx5dpmmNg/o.jpg,False,"{'address1': '820 Park Ave', 'address2': 'Ste H', 'address3': '', 'city': 'Beaver Dam', 'zip_code': '53916', 'country': 'US', 'state': 'WI', 'display_address': ['820 Park Ave', 'Ste H', 'Beaver Dam, WI 53916']}",Sake House,+19202199995,$$,4.5,60,[],https://www.yelp.com/biz/sake-house-beaver-dam?adjust_creative=GVWAITeAe13hPk5JlriDSg&utm_campaign=yelp_api_v3&utm_medium=api_v3_business_search&utm_source=GVWAITeAe13hPk5JlriDSg
palenque-mexican-bar-and-grill-beaver-dam,"[{'alias': 'mexican', 'title': 'Mexican'}, {'alias': 'bars', 'title': 'Bars'}]","{'latitude': 43.4546341054133, 'longitude': -88.8371395729061}",(920) 356-9661,12363.868990275148,jXftETTbTce-ErQYVIdpQg,https://s3-media3.fl.yelpcdn.com/bphoto/Jz5rFYhKS9nPeHIGZe-1yw/o.jpg,False,"{'address1': '210 S Spring St', 'address2': '', 'address3': '', 'city': 'Beaver Dam', 'zip_code': '53916', 'country': 'US', 'state': 'WI', 'display_address': ['210 S Spring St', 'Beaver Dam, WI 53916']}",Palenque Mexican Bar & Grill,+19203569661,$$,4.5,41,[],https://www.yelp.com/biz/palenque-mexican-bar-and-grill-beaver-dam?adjust_creative=GVWAITeAe13hPk5JlriDSg&utm_campaign=yelp_api_v3&utm_medium=api_v3_business_search&utm_source=GVWAITeAe13hPk5JlriDSg
char-house-pub-and-grill-beaver-dam,"[{'alias': 'pubs', 'title': 'Pubs'}, {'alias': 'tradamerican', 'title': 'American (Traditional)'}]","{'latitude': 43.452880859375, 'longitude': -88.8396377563477}",(920) 885-3520,12636.194988452124,KD9kLMomWnf8M8wnaRT80A,https://s3-media2.fl.yelpcdn.com/bphoto/teBdujqp420yw9gIaYdtDw/o.jpg,False,"{'address1': '400 S Center St', 'address2': None, 'address3': None, 'city': 'Beaver Dam', 'zip_code': '53916', 'country': 'US', 'state': 'WI', 'display_address': ['400 S Center St', 'Beaver Dam, WI 53916']}",Char House Pub & Grill,+19208853520,$$,4.0,52,[],https://www.yelp.com/biz/char-house-pub-and-grill-beaver-dam?adjust_creative=GVWAITeAe13hPk5JlriDSg&utm_campaign=yelp_api_v3&utm_medium=api_v3_business_search&utm_source=GVWAITeAe13hPk5JlriDSg
chili-johns-cafe-beaver-dam,"[{'alias': 'cafes', 'title': 'Cafes'}]","{'latitude': 43.4560204, 'longitude': -88.8404388}",(920) 885-4414,12476.627016498316,F7t776QAeo4tjQOIld91Jw,https://s3-media2.fl.yelpcdn.com/bphoto/ROgr-qL_kUU4JmSPSXXEog/o.jpg,False,"{'address1': '223 Front St', 'address2': '', 'address3': '', 'city': 'Beaver Dam', 'zip_code': '53916', 'country': 'US', 'state': 'WI', 'display_address': ['223 Front St', 'Beaver Dam, WI 53916']}",Chili John's Cafe,+19208854414,$,4.5,25,[],https://www.yelp.com/biz/chili-johns-cafe-beaver-dam?adjust_creative=GVWAITeAe13hPk5JlriDSg&utm_campaign=yelp_api_v3&utm_medium=api_v3_business_search&utm_source=GVWAITeAe13hPk5JlriDSg
walkers-restaurant-beaver-dam,"[{'alias': 'bakeries', 'title': 'Bakeries'}]","{'latitude': 43.4559288, 'longitude': -88.8181763}",(920) 885-9041,11124.498537708863,mCp6LW19Z2-fZ8MJo6G0Pw,https://s3-media1.fl.yelpcdn.com/bphoto/M12uN-IEPzeG-GrOMxf5-A/o.jpg,False,"{'address1': '813 Park Ave', 'address2': '', 'address3': '', 'city': 'Beaver Dam', 'zip_code': '53916', 'country': 'US', 'state': 'WI', 'display_address': ['813 Park Ave', 'Beaver Dam, WI 53916']}",Walker's Restaurant,+19208859041,$,3.5,52,[],https://www.yelp.com/biz/walkers-restaurant-beaver-dam?adjust_creative=GVWAITeAe13hPk5JlriDSg&utm_campaign=yelp_api_v3&utm_medium=api_v3_business_search&utm_source=GVWAITeAe13hPk5JlriDSg
la-tapatia-beaver-dam,"[{'alias': 'mexican', 'title': 'Mexican'}]","{'latitude': 43.4664, 'longitude': -88.83057}",(920) 885-2600,11162.635197501402,z-Ydfda8JQ-703cyqNFmjA,https://s3-media3.fl.yelpcdn.com/bphoto/BAZojVsex_nwJd_exmpCRA/o.jpg,False,"{'address1': '1105 N Spring St', 'address2': '', 'address3': '', 'city': 'Beaver Dam', 'zip_code': '53916', 'country': 'US', 'state': 'WI', 'display_address': ['1105 N Spring St', 'Beaver Dam, WI 53916']}",La Tapatia,+19208852600,$$,4.0,38,[],https://www.yelp.com/biz/la-tapatia-beaver-dam?adjust_creative=GVWAITeAe13hPk5JlriDSg&utm_campaign=yelp_api_v3&utm_medium=api_v3_business_search&utm_source=GVWAITeAe13hPk5JlriDSg
the-open-door-coffeehouse-mayville,"[{'alias': 'coffee', 'title': 'Coffee & Tea'}, {'alias': 'internetcafe', 'title': 'Internet Cafes'}]","{'latitude': 43.4942894, 'longitude': -88.544548}",(920) 644-2130,14405.068060099498,yNlvu7NZs-ONV3kvB2Jz1A,https://s3-media1.fl.yelpcdn.com/bphoto/p64grm4g5H4VTqO9oyyc-w/o.jpg,False,"{'address1': '119 S Main St', 'address2': None, 'address3': '', 'city': 'Mayville', 'zip_code': '53050', 'country': 'US', 'state': 'WI', 'display_address': ['119 S Main St', 'Mayville, WI 53050']}",The Open Door Coffeehouse,+19206442130,$$,4.5,12,[],https://www.yelp.com/biz/the-open-door-coffeehouse-mayville?adjust_creative=GVWAITeAe13hPk5JlriDSg&utm_campaign=yelp_api_v3&utm_medium=api_v3_business_search&utm_source=GVWAITeAe13hPk5JlriDSg
benvenutos-italian-grill-beaver-dam,"[{'alias': 'italian', 'title': 'Italian'}]","{'latitude': 43.455072, 'longitude': -88.8169829}",(920) 887-7994,11113.288303756404,8-rUkQHwkV7-WbZ7I_frfg,https://s3-media3.fl.yelpcdn.com/bphoto/1wI-UfU0sO1tS9t8shq34Q/o.jpg,False,"{'address1': '831 Park Ave', 'address2': '', 'address3': '', 'city': 'Beaver Dam', 'zip_code': '53916', 'country': 'US', 'state': 'WI', 'display_address': ['831 Park Ave', 'Beaver Dam, WI 53916']}",Benvenuto's Italian Grill,+19208877994,$$,3.5,51,[],https://www.yelp.com/biz/benvenutos-italian-grill-beaver-dam?adjust_creative=GVWAITeAe13hPk5JlriDSg&utm_campaign=yelp_api_v3&utm_medium=api_v3_business_search&utm_source=GVWAITeAe13hPk5JlriDSg
park-plaza-pizza-beaver-dam,"[{'alias': 'pizza', 'title': 'Pizza'}, {'alias': 'italian', 'title': 'Italian'}]","{'latitude': 43.455978, 'longitude': -88.8409086}",(920) 887-8411,12509.813689068347,CmC1o8hsN0537u9xnQAfQw,https://s3-media2.fl.yelpcdn.com/bphoto/gRO6-cnaJMzFvR-3_VDH6w/o.jpg,False,"{'address1': '233 Front St', 'address2': '', 'address3': '', 'city': 'Beaver Dam', 'zip_code': '53916', 'country': 'US', 'state': 'WI', 'display_address': ['233 Front St', 'Beaver Dam, WI 53916']}",Park Plaza Pizza,+19208878411,$,4.0,24,[],https://www.yelp.com/biz/park-plaza-pizza-beaver-dam?adjust_creative=GVWAITeAe13hPk5JlriDSg&utm_campaign=yelp_api_v3&utm_medium=api_v3_business_search&utm_source=GVWAITeAe13hPk5JlriDSg
brittain-house-supper-club-waupun,"[{'alias': 'tradamerican', 'title': 'American (Traditional)'}]","{'latitude': 43.6225300133431, 'longitude': -88.7243001535535}",(920) 345-1800,10900.031837224142,J5izUTU69C6RmeE_5UP9Jw,https://s3-media4.fl.yelpcdn.com/bphoto/51dQzK9w1yaNPVIcGb3MQw/o.jpg,False,"{'address1': '735 S Watertown St', 'address2': '', 'address3': None, 'city': 'Waupun', 'zip_code': '53963', 'country': 'US', 'state': 'WI', 'display_address': ['735 S Watertown St', 'Waupun, WI 53963']}",Brittain House Supper Club,+19203451800,$$,4.5,11,[],https://www.yelp.com/biz/brittain-house-supper-club-waupun?adjust_creative=GVWAITeAe13hPk5JlriDSg&utm_campaign=yelp_api_v3&utm_medium=api_v3_business_search&utm_source=GVWAITeAe13hPk5JlriDSg
nola-north-grille-mayville,"[{'alias': 'tradamerican', 'title': 'American (Traditional)'}, {'alias': 'cajun', 'title': 'Cajun/Creole'}, {'alias': 'bars', 'title': 'Bars'}]","{'latitude': 43.496558, 'longitude': -88.544893}",(920) 387-5858,14306.783036709418,NLSJECy72Ovou_wrKQXBYA,https://s3-media3.fl.yelpcdn.com/bphoto/84I_7j8R28EkA1-K02wHLw/o.jpg,False,"{'address1': '45 N Main St', 'address2': '', 'address3': '', 'city': 'Mayville', 'zip_code': '53050', 'country': 'US', 'state': 'WI', 'display_address': ['45 N Main St', 'Mayville, WI 53050']}",NOLA North Grille,+19203875858,$$,4.0,35,['restaurant_reservation'],https://www.yelp.com/biz/nola-north-grille-mayville?adjust_creative=GVWAITeAe13hPk5JlriDSg&utm_campaign=yelp_api_v3&utm_medium=api_v3_business_search&utm_source=GVWAITeAe13hPk5JlriDSg
black-waters-coffee-beaver-dam-2,"[{'alias': 'coffee', 'title': 'Coffee & Tea'}]","{'latitude': 43.4532928466797, 'longitude': -88.8396453857422}",(920) 887-8100,12616.652642366738,DHci4H_syHBhqlXC9OnPEA,https://s3-media1.fl.yelpcdn.com/bphoto/eHN0dazwgzanZHt16XCWEg/o.jpg,False,"{'address1': '308 S Center St', 'address2': None, 'address3': None, 'city': 'Beaver Dam', 'zip_code': '53916', 'country': 'US', 'state': 'WI', 'display_address': ['308 S Center St', 'Beaver Dam, WI 53916']}",Black Waters Coffee,+19208878100,$$,4.5,17,[],https://www.yelp.com/biz/black-waters-coffee-beaver-dam-2?adjust_creative=GVWAITeAe13hPk5JlriDSg&utm_campaign=yelp_api_v3&utm_medium=api_v3_business_search&utm_source=GVWAITeAe13hPk5JlriDSg
don-ramon-mayville,"[{'alias': 'mexican', 'title': 'Mexican'}]","{'latitude': 43.49495, 'longitude': -88.54453}",(920) 387-9903,14374.767988929365,dXB3WJShYclqhRbuzhgCcQ,https://s3-media4.fl.yelpcdn.com/bphoto/7ASMB-5liN7OxjlbYNFqnw/o.jpg,False,"{'address1': '39 S Main St', 'address2': None, 'address3': '', 'city': 'Mayville', 'zip_code': '53050', 'country': 'US', 'state': 'WI', 'display_address': ['39 S Main St', 'Mayville, WI 53050']}",Don Ramon,+19203879903,$,4.5,18,[],https://www.yelp.com/biz/don-ramon-mayville?adjust_creative=GVWAITeAe13hPk5JlriDSg&utm_campaign=yelp_api_v3&utm_medium=api_v3_business_search&utm_source=GVWAITeAe13hPk5JlriDSg
china-house-restaurant-horicon,"[{'alias': 'chinese', 'title': 'Chinese'}]","{'latitude': 43.4456939697266, 'longitude': -88.6480407714844}",(920) 643-7738,10406.42574220585,oBLdTizD4UAXC8HpZdQcIQ,https://s3-media4.fl.yelpcdn.com/bphoto/XPQHKYMdnqyHdvtbODocqA/o.jpg,False,"{'address1': '620 Washington St', 'address2': '', 'address3': '', 'city': 'Horicon', 'zip_code': '53032', 'country': 'US', 'state': 'WI', 'display_address': ['620 Washington St', 'Horicon, WI 53032']}",China House Restaurant,+19206437738,$,4.5,7,[],https://www.yelp.com/biz/china-house-restaurant-horicon?adjust_creative=GVWAITeAe13hPk5JlriDSg&utm_campaign=yelp_api_v3&utm_medium=api_v3_business_search&utm_source=GVWAITeAe13hPk5JlriDSg
culvers-beaver-dam-beaver-dam,"[{'alias': 'icecream', 'title': 'Ice Cream & Frozen Yogurt'}, {'alias': 'hotdogs', 'title': 'Fast Food'}, {'alias': 'burgers', 'title': 'Burgers'}]","{'latitude': 43.47273, 'longitude': -88.82541}",(920) 887-3007,10408.44805563779,NCjjtmmUN8OanOsD_qoh6w,https://s3-media2.fl.yelpcdn.com/bphoto/FiGTsfkDEfnJJkncWxXVhw/o.jpg,False,"{'address1': '1601 N Spring St', 'address2': '', 'address3': '', 'city': 'Beaver Dam', 'zip_code': '53916', 'country': 'US', 'state': 'WI', 'display_address': ['1601 N Spring St', 'Beaver Dam, WI 53916']}",Culver's - Beaver Dam,+19208873007,$$,4.5,9,[],https://www.yelp.com/biz/culvers-beaver-dam-beaver-dam?adjust_creative=GVWAITeAe13hPk5JlriDSg&utm_campaign=yelp_api_v3&utm_medium=api_v3_business_search&utm_source=GVWAITeAe13hPk5JlriDSg
helens-kitchen-waupun,"[{'alias': 'diners', 'title': 'Diners'}, {'alias': 'cafes', 'title': 'Cafes'}]","{'latitude': 43.6332249, 'longitude': -88.7616349}",(920) 324-3441,12666.165477613014,B4vpUy6s_xx7Ey3zNsswTQ,https://s3-media1.fl.yelpcdn.com/bphoto/iCBBnUovSN3JiRfEtAQQLw/o.jpg,False,"{'address1': '1116 W Main St', 'address2': '', 'address3': '', 'city': 'Waupun', 'zip_code': '53963', 'country': 'US', 'state': 'WI', 'display_address': ['1116 W Main St', 'Waupun, WI 53963']}",Helen's Kitchen,+19203243441,$,3.5,25,[],https://www.yelp.com/biz/helens-kitchen-waupun?adjust_creative=GVWAITeAe13hPk5JlriDSg&utm_campaign=yelp_api_v3&utm_medium=api_v3_business_search&utm_source=GVWAITeAe13hPk5JlriDSg
sunview-restaurant-beaver-dam,"[{'alias': 'newamerican', 'title': 'American (New)'}]","{'latitude': 43.4554901, 'longitude': -88.8170395}",(920) 885-9850,11084.24723317084,7uh1Ji6Z0RRxkee5-HrROQ,https://s3-media2.fl.yelpcdn.com/bphoto/3cWCpq8nGmFkUvkywwUf5g/o.jpg,False,"{'address1': '827 Park Ave', 'address2': '', 'address3': '', 'city': 'Beaver Dam', 'zip_code': '53916', 'country': 'US', 'state': 'WI', 'display_address': ['827 Park Ave', 'Beaver Dam, WI 53916']}",Sunview Restaurant,+19208859850,$,3.5,26,[],https://www.yelp.com/biz/sunview-restaurant-beaver-dam?adjust_creative=GVWAITeAe13hPk5JlriDSg&utm_campaign=yelp_api_v3&utm_medium=api_v3_business_search&utm_source=GVWAITeAe13hPk5JlriDSg
higher-grounds-coffee-shop-beaver-dam,"[{'alias': 'coffee', 'title': 'Coffee & Tea'}, {'alias': 'bakeries', 'title': 'Bakeries'}]","{'latitude': 43.453597, 'longitude': -88.807729}",(920) 885-4990,10710.219355432355,C53YcfDykJEHrXGmv1kUXw,https://s3-media2.fl.yelpcdn.com/bphoto/nSJy8_sAdFcSYIlioETvkQ/o.jpg,False,"{'address1': 'N7156 E Plaza Dr', 'address2': 'Ste 102', 'address3': '', 'city': 'Beaver Dam', 'zip_code': '53916', 'country': 'US', 'state': 'WI', 'display_address': ['N7156 E Plaza Dr', 'Ste 102', 'Beaver Dam, WI 53916']}",Higher Grounds Coffee Shop,+19208854990,$$$,4.5,6,[],https://www.yelp.com/biz/higher-grounds-coffee-shop-beaver-dam?adjust_creative=GVWAITeAe13hPk5JlriDSg&utm_campaign=yelp_api_v3&utm_medium=api_v3_business_search&utm_source=GVWAITeAe13hPk5JlriDSg
tonys-pizza-waupun,"[{'alias': 'pizza', 'title': 'Pizza'}]","{'latitude': 43.6410484313965, 'longitude': -88.7207183837891}",(920) 324-9162,12944.00965544564,BF7KwRuEYI3D8b5EoHluSQ,https://s3-media1.fl.yelpcdn.com/bphoto/npjk3KydrbmreO7z_pY1hw/o.jpg,False,"{'address1': '420 Fond Du Lac St', 'address2': '', 'address3': '', 'city': 'Waupun', 'zip_code': '53963', 'country': 'US', 'state': 'WI', 'display_address': ['420 Fond Du Lac St', 'Waupun, WI 53963']}",Tony's Pizza,+19203249162,$$,4.5,9,[],https://www.yelp.com/biz/tonys-pizza-waupun?adjust_creative=GVWAITeAe13hPk5JlriDSg&utm_campaign=yelp_api_v3&utm_medium=api_v3_business_search&utm_source=GVWAITeAe13hPk5JlriDSg
mullins-drive-in-fox-lake,"[{'alias': 'burgers', 'title': 'Burgers'}]","{'latitude': 43.5656051635742, 'longitude': -88.9062042236328}",(920) 928-2040,15855.169989931055,wciAXgtpq28NWKRnLGMPoA,https://s3-media2.fl.yelpcdn.com/bphoto/UZqDROk-o514dxgPIefY2A/o.jpg,False,"{'address1': '102 Spring St', 'address2': '', 'address3': '', 'city': 'Fox Lake', 'zip_code': '53933', 'country': 'US', 'state': 'WI', 'display_address': ['102 Spring St', 'Fox Lake, WI 53933']}",Mullin's Drive In,+19209282040,$,4.0,16,[],https://www.yelp.com/biz/mullins-drive-in-fox-lake?adjust_creative=GVWAITeAe13hPk5JlriDSg&utm_campaign=yelp_api_v3&utm_medium=api_v3_business_search&utm_source=GVWAITeAe13hPk5JlriDSg
crystal-creek-dairy-house-beaver-dam,"[{'alias': 'cheese', 'title': 'Cheese Shops'}, {'alias': 'icecream', 'title': 'Ice Cream & Frozen Yogurt'}]","{'latitude': 43.4486416974514, 'longitude': -88.7891873852501}",(920) 887-2806,10213.077076743804,HgfMjqzPGmNhtfHyYoH8og,https://s3-media3.fl.yelpcdn.com/bphoto/KvFJRKkQC8LoLeHx6hngXA/o.jpg,False,"{'address1': 'W7790 State Road 33', 'address2': '', 'address3': '', 'city': 'Beaver Dam', 'zip_code': '53916', 'country': 'US', 'state': 'WI', 'display_address': ['W7790 State Road 33', 'Beaver Dam, WI 53916']}",Crystal Creek Dairy House,+19208872806,$,3.5,14,[],https://www.yelp.com/biz/crystal-creek-dairy-house-beaver-dam?adjust_creative=GVWAITeAe13hPk5JlriDSg&utm_campaign=yelp_api_v3&utm_medium=api_v3_business_search&utm_source=GVWAITeAe13hPk5JlriDSg
statz-ale-house-and-grill-beaver-dam-2,"[{'alias': 'sportsbars', 'title': 'Sports Bars'}, {'alias': 'tradamerican', 'title': 'American (Traditional)'}]","{'latitude': 43.447555, 'longitude': -88.848981}",(920) 219-9840,13602.111697239068,4Z-0BSZN-8TCBsDOcNhKdw,https://s3-media3.fl.yelpcdn.com/bphoto/QRsd2xPmq77dUoQOja-pmg/o.jpg,False,"{'address1': '825 Madison St', 'address2': '', 'address3': '', 'city': 'Beaver Dam', 'zip_code': '53916', 'country': 'US', 'state': 'WI', 'display_address': ['825 Madison St', 'Beaver Dam, WI 53916']}",Statz Ale House & Grill,+19202199840,$,4.5,11,[],https://www.yelp.com/biz/statz-ale-house-and-grill-beaver-dam-2?adjust_creative=GVWAITeAe13hPk5JlriDSg&utm_campaign=yelp_api_v3&utm_medium=api_v3_business_search&utm_source=GVWAITeAe13hPk5JlriDSg
rolling-stone-juneau,"[{'alias': 'pizza', 'title': 'Pizza'}]","{'latitude': 43.4072341918945, 'longitude': -88.7026062011719}",(920) 386-8220,13110.689360575212,QbP8Pasrr3mmGEK2WYvy9Q,https://s3-media1.fl.yelpcdn.com/bphoto/qX6JzGEu5MSc85L-ZbDvEA/o.jpg,False,"{'address1': '153 E Oak St', 'address2': '', 'address3': '', 'city': 'Juneau', 'zip_code': '53039', 'country': 'US', 'state': 'WI', 'display_address': ['153 E Oak St', 'Juneau, WI 53039']}",Rolling Stone,+19203868220,$,4.5,9,[],https://www.yelp.com/biz/rolling-stone-juneau?adjust_creative=GVWAITeAe13hPk5JlriDSg&utm_campaign=yelp_api_v3&utm_medium=api_v3_business_search&utm_source=GVWAITeAe13hPk5JlriDSg
park-avenue-sports-cafe-beaver-dam-2,"[{'alias': 'sportsbars', 'title': 'Sports Bars'}, {'alias': 'cafes', 'title': 'Cafes'}]","{'latitude': 43.45592, 'longitude': -88.82061}",(920) 885-4510,11258.366482502597,xT2n3YAjV6AbScLzUjWf3Q,https://s3-media4.fl.yelpcdn.com/bphoto/EsACdLWE6TfKPchxmGNm4g/o.jpg,False,"{'address1': '709 Park Ave', 'address2': '', 'address3': '', 'city': 'Beaver Dam', 'zip_code': '53916', 'country': 'US', 'state': 'WI', 'display_address': ['709 Park Ave', 'Beaver Dam, WI 53916']}",Park Avenue Sports Cafe,+19208854510,$$,3.0,38,[],https://www.yelp.com/biz/park-avenue-sports-cafe-beaver-dam-2?adjust_creative=GVWAITeAe13hPk5JlriDSg&utm_campaign=yelp_api_v3&utm_medium=api_v3_business_search&utm_source=GVWAITeAe13hPk5JlriDSg
the-goose-shot-waupun,"[{'alias': 'divebars', 'title': 'Dive Bars'}, {'alias': 'sportsbars', 'title': 'Sports Bars'}]","{'latitude': 43.6330251, 'longitude': -88.73506}",(920) 324-2275,12117.027715198154,WGpt_KNVtoD-p4uk3VaMSQ,https://s3-media1.fl.yelpcdn.com/bphoto/skLy9yAJo8MtzZNoz8G54Q/o.jpg,False,"{'address1': '5 W Main St', 'address2': '', 'address3': '', 'city': 'Waupun', 'zip_code': '53963', 'country': 'US', 'state': 'WI', 'display_address': ['5 W Main St', 'Waupun, WI 53963']}",The Goose Shot,+19203242275,$,4.5,8,[],https://www.yelp.com/biz/the-goose-shot-waupun?adjust_creative=GVWAITeAe13hPk5JlriDSg&utm_campaign=yelp_api_v3&utm_medium=api_v3_business_search&utm_source=GVWAITeAe13hPk5JlriDSg
cantafios-buckhorn-steakhouse-beaver-dam-2,"[{'alias': 'steak', 'title': 'Steakhouses'}, {'alias': 'desserts', 'title': 'Desserts'}, {'alias': 'seafood', 'title': 'Seafood'}]","{'latitude': 43.513713, 'longitude': -88.810127}",(920) 885-9984,7528.5243655143,u5YVexQogL_XX7Q4wrDPQw,https://s3-media2.fl.yelpcdn.com/bphoto/F98jnF73n7QhVkm53nxB9w/o.jpg,False,"{'address1': 'N8802 County Rd A', 'address2': '', 'address3': '', 'city': 'Beaver Dam', 'zip_code': '53916', 'country': 'US', 'state': 'WI', 'display_address': ['N8802 County Rd A', 'Beaver Dam, WI 53916']}",Cantafio's Buckhorn Steakhouse,+19208859984,$$,3.0,13,[],https://www.yelp.com/biz/cantafios-buckhorn-steakhouse-beaver-dam-2?adjust_creative=GVWAITeAe13hPk5JlriDSg&utm_campaign=yelp_api_v3&utm_medium=api_v3_business_search&utm_source=GVWAITeAe13hPk5JlriDSg
thirsty-beaver-bar-beaver-dam,"[{'alias': 'bars', 'title': 'Bars'}]","{'latitude': 43.451442, 'longitude': -88.846076}",(920) 219-9283,13148.728032983154,odydNoY5VdCRP0fnkrPvtA,https://s3-media4.fl.yelpcdn.com/bphoto/tskKvxE1n_KSqu9PU7LuMg/o.jpg,False,"{'address1': '500 Madison St', 'address2': '', 'address3': '', 'city': 'Beaver Dam', 'zip_code': '53916', 'country': 'US', 'state': 'WI', 'display_address': ['500 Madison St', 'Beaver Dam, WI 53916']}",Thirsty Beaver Bar,+19202199283,$,4.5,7,[],https://www.yelp.com/biz/thirsty-beaver-bar-beaver-dam?adjust_creative=GVWAITeAe13hPk5JlriDSg&utm_campaign=yelp_api_v3&utm_medium=api_v3_business_search&utm_source=GVWAITeAe13hPk5JlriDSg
back-street-cafe-mayville,"[{'alias': 'tradamerican', 'title': 'American (Traditional)'}]","{'latitude': 43.49595, 'longitude': -88.54592}",(920) 387-7164,14245.88913307752,OFzyqnyCumkIzVtq2bRGtg,https://s3-media4.fl.yelpcdn.com/bphoto/Yu9Sj9CNvzW186VyDD80nQ/o.jpg,False,"{'address1': '11 N School St', 'address2': '', 'address3': '', 'city': 'Mayville', 'zip_code': '53050', 'country': 'US', 'state': 'WI', 'display_address': ['11 N School St', 'Mayville, WI 53050']}",Back Street Cafe,+19203877164,$,4.0,12,[],https://www.yelp.com/biz/back-street-cafe-mayville?adjust_creative=GVWAITeAe13hPk5JlriDSg&utm_campaign=yelp_api_v3&utm_medium=api_v3_business_search&utm_source=GVWAITeAe13hPk5JlriDSg
lupitas-market-beaver-dam,"[{'alias': 'grocery', 'title': 'Grocery'}, {'alias': 'restaurants', 'title': 'Restaurants'}]","{'latitude': 43.4717484, 'longitude': -88.8394928}",(920) 885-0370,11362.226942064355,SbonfRSInSjWiiPLog233A,https://s3-media3.fl.yelpcdn.com/bphoto/2JW1xTm1BHrhtAo0Rd9M6A/o.jpg,False,"{'address1': '1307 N Center St', 'address2': '', 'address3': '', 'city': 'Beaver Dam', 'zip_code': '53916', 'country': 'US', 'state': 'WI', 'display_address': ['1307 N Center St', 'Beaver Dam, WI 53916']}",Lupita's Market,+19208850370,$,4.0,8,[],https://www.yelp.com/biz/lupitas-market-beaver-dam?adjust_creative=GVWAITeAe13hPk5JlriDSg&utm_campaign=yelp_api_v3&utm_medium=api_v3_business_search&utm_source=GVWAITeAe13hPk5JlriDSg
annabelles-ice-cream-parlor-beaver-dam-2,"[{'alias': 'hotdog', 'title': 'Hot Dogs'}, {'alias': 'greek', 'title': 'Greek'}, {'alias': 'icecream', 'title': 'Ice Cream & Frozen Yogurt'}]","{'latitude': 43.4560279846191, 'longitude': -88.8416748046875}",,12555.877591136561,MrudNodys_V-3P6esmnSvg,https://s3-media4.fl.yelpcdn.com/bphoto/DOqSljjgPvt6HbLq663AHA/o.jpg,False,"{'address1': '301 Front St', 'address2': '', 'address3': None, 'city': 'Beaver Dam', 'zip_code': '53916', 'country': 'US', 'state': 'WI', 'display_address': ['301 Front St', 'Beaver Dam, WI 53916']}",Annabelle's Ice Cream Parlor,,$,5.0,5,[],https://www.yelp.com/biz/annabelles-ice-cream-parlor-beaver-dam-2?adjust_creative=GVWAITeAe13hPk5JlriDSg&utm_campaign=yelp_api_v3&utm_medium=api_v3_business_search&utm_source=GVWAITeAe13hPk5JlriDSg
chang-jiang-buffet-beaver-dam,"[{'alias': 'chinese', 'title': 'Chinese'}, {'alias': 'buffets', 'title': 'Buffets'}]","{'latitude': 43.48705, 'longitude': -88.81187}",(920) 887-8889,8677.5664060371,OBkXDji8PNPBT3MMoya36w,https://s3-media3.fl.yelpcdn.com/bphoto/qd1tF0iBuoNk0Tf-0ykTAQ/o.jpg,False,"{'address1': '106 Frances Ln', 'address2': None, 'address3': None, 'city': 'Beaver Dam', 'zip_code': '53916', 'country': 'US', 'state': 'WI', 'display_address': ['106 Frances Ln', 'Beaver Dam, WI 53916']}",Chang Jiang Buffet,+19208878889,$,3.5,8,[],https://www.yelp.com/biz/chang-jiang-buffet-beaver-dam?adjust_creative=GVWAITeAe13hPk5JlriDSg&utm_campaign=yelp_api_v3&utm_medium=api_v3_business_search&utm_source=GVWAITeAe13hPk5JlriDSg
noras-restaurant-horicon,"[{'alias': 'diners', 'title': 'Diners'}]","{'latitude': 43.4513397216797, 'longitude': -88.6301879882812}",(920) 485-4493,10789.2603156775,O2nz0OvPKrIRrEgjRsQbOg,https://s3-media4.fl.yelpcdn.com/bphoto/h-aKnBkWWizTQScLo6To7A/o.jpg,False,"{'address1': '417 East Lake St', 'address2': '', 'address3': None, 'city': 'Horicon', 'zip_code': '53032', 'country': 'US', 'state': 'WI', 'display_address': ['417 East Lake St', 'Horicon, WI 53032']}",Nora's Restaurant,+19204854493,$$,4.0,9,[],https://www.yelp.com/biz/noras-restaurant-horicon?adjust_creative=GVWAITeAe13hPk5JlriDSg&utm_campaign=yelp_api_v3&utm_medium=api_v3_business_search&utm_source=GVWAITeAe13hPk5JlriDSg
gingers-hideaway-horicon,"[{'alias': 'tradamerican', 'title': 'American (Traditional)'}]","{'latitude': 43.4517784, 'longitude': -88.6322327}",(920) 485-4856,10652.14756612442,PLeljVpCrmhr6MPpOTxqKA,https://s3-media1.fl.yelpcdn.com/bphoto/U9x05ClaaaIiVui1LWVL4A/o.jpg,False,"{'address1': '302 E Lake St', 'address2': '', 'address3': '', 'city': 'Horicon', 'zip_code': '53032', 'country': 'US', 'state': 'WI', 'display_address': ['302 E Lake St', 'Horicon, WI 53032']}",Ginger's Hideaway,+19204854856,$$,3.5,12,[],https://www.yelp.com/biz/gingers-hideaway-horicon?adjust_creative=GVWAITeAe13hPk5JlriDSg&utm_campaign=yelp_api_v3&utm_medium=api_v3_business_search&utm_source=GVWAITeAe13hPk5JlriDSg
the-other-bar-waupun,"[{'alias': 'bars', 'title': 'Bars'}, {'alias': 'tradamerican', 'title': 'American (Traditional)'}, {'alias': 'sandwiches', 'title': 'Sandwiches'}]","{'latitude': 43.6329574584961, 'longitude': -88.7331771850586}",(920) 324-5505,12109.17336343554,6wwbPHZBK3MrUaJDTHE5hg,https://s3-media1.fl.yelpcdn.com/bphoto/5OT8Uikwv1J7ruttGPLBcw/o.jpg,False,"{'address1': '105 E Main St', 'address2': '', 'address3': '', 'city': 'Waupun', 'zip_code': '53963', 'country': 'US', 'state': 'WI', 'display_address': ['105 E Main St', 'Waupun, WI 53963']}",The Other Bar,+19203245505,$,4.5,5,[],https://www.yelp.com/biz/the-other-bar-waupun?adjust_creative=GVWAITeAe13hPk5JlriDSg&utm_campaign=yelp_api_v3&utm_medium=api_v3_business_search&utm_source=GVWAITeAe13hPk5JlriDSg
el-guacamole-beaver-dam,"[{'alias': 'mexican', 'title': 'Mexican'}]","{'latitude': 43.4775832556213, 'longitude': -88.8202047527913}",(920) 631-7022,9759.78718386523,AhXVHtQktCIQxoro-EM2ow,https://s3-media3.fl.yelpcdn.com/bphoto/YkKLHT07Kr4OVwSn5VbZKA/o.jpg,False,"{'address1': '114 E Industrial Dr', 'address2': '', 'address3': None, 'city': 'Beaver Dam', 'zip_code': '53916', 'country': 'US', 'state': 'WI', 'display_address': ['114 E Industrial Dr', 'Beaver Dam, WI 53916']}",El Guacamole,+19206317022,$,4.0,4,[],https://www.yelp.com/biz/el-guacamole-beaver-dam?adjust_creative=GVWAITeAe13hPk5JlriDSg&utm_campaign=yelp_api_v3&utm_medium=api_v3_business_search&utm_source=GVWAITeAe13hPk5JlriDSg
ice-cream-station-horicon,"[{'alias': 'icecream', 'title': 'Ice Cream & Frozen Yogurt'}]","{'latitude': 43.45174, 'longitude': -88.62886}",(920) 485-2311,10833.693130047624,y--takD25kIAwzscl_2pdw,https://s3-media1.fl.yelpcdn.com/bphoto/c2JdyFKfJkkibvpFagIsRw/o.jpg,False,"{'address1': '518 E Lake St', 'address2': '', 'address3': '', 'city': 'Horicon', 'zip_code': '53032', 'country': 'US', 'state': 'WI', 'display_address': ['518 E Lake St', 'Horicon, WI 53032']}",Ice Cream Station,+19204852311,$,4.0,6,[],https://www.yelp.com/biz/ice-cream-station-horicon?adjust_creative=GVWAITeAe13hPk5JlriDSg&utm_campaign=yelp_api_v3&utm_medium=api_v3_business_search&utm_source=GVWAITeAe13hPk5JlriDSg
mings-garden-chinese-restaurant-beaver-dam,"[{'alias': 'chinese', 'title': 'Chinese'}]","{'latitude': 43.45637, 'longitude': -88.83815}",(920) 887-3838,12355.638347467786,4ZRT7vFbE38NMU6xcStHMQ,https://s3-media4.fl.yelpcdn.com/bphoto/WNM_UVQcjsMaXuWtS1-0fA/o.jpg,False,"{'address1': '150 Front St', 'address2': '', 'address3': '', 'city': 'Beaver Dam', 'zip_code': '53916', 'country': 'US', 'state': 'WI', 'display_address': ['150 Front St', 'Beaver Dam, WI 53916']}",Ming's Garden Chinese Restaurant,+19208873838,$$,3.0,22,[],https://www.yelp.com/biz/mings-garden-chinese-restaurant-beaver-dam?adjust_creative=GVWAITeAe13hPk5JlriDSg&utm_campaign=yelp_api_v3&utm_medium=api_v3_business_search&utm_source=GVWAITeAe13hPk5JlriDSg
nunatak-coffee-beaver-dam,"[{'alias': 'coffee', 'title': 'Coffee & Tea'}]","{'latitude': 43.4846709, 'longitude': -88.8096782}",(920) 356-5080,8622.848202680543,D9tvwEiA8Jntkw36DCxR3g,https://s3-media1.fl.yelpcdn.com/bphoto/2siSUfAlElGDEqghkNjQxg/o.jpg,False,"{'address1': '201 Gateway Dr', 'address2': 'Ste 100', 'address3': None, 'city': 'Beaver Dam', 'zip_code': '53916', 'country': 'US', 'state': 'WI', 'display_address': ['201 Gateway Dr', 'Ste 100', 'Beaver Dam, WI 53916']}",Nunatak Coffee,+19203565080,,5.0,2,[],https://www.yelp.com/biz/nunatak-coffee-beaver-dam?adjust_creative=GVWAITeAe13hPk5JlriDSg&utm_campaign=yelp_api_v3&utm_medium=api_v3_business_search&utm_source=GVWAITeAe13hPk5JlriDSg
the-pub-mayville,"[{'alias': 'pubs', 'title': 'Pubs'}]","{'latitude': 43.49732, 'longitude': -88.54815}",(920) 387-9951,14028.794554176786,jUghQKd_rHHU90Bwe7TfkQ,https://s3-media2.fl.yelpcdn.com/bphoto/J4gRA6zHlVmwX2l2sHGiaA/o.jpg,False,"{'address1': '333 Dayton St', 'address2': '', 'address3': '', 'city': 'Mayville', 'zip_code': '53050', 'country': 'US', 'state': 'WI', 'display_address': ['333 Dayton St', 'Mayville, WI 53050']}",The Pub,+19203879951,,4.5,6,[],https://www.yelp.com/biz/the-pub-mayville?adjust_creative=GVWAITeAe13hPk5JlriDSg&utm_campaign=yelp_api_v3&utm_medium=api_v3_business_search&utm_source=GVWAITeAe13hPk5JlriDSg
a-and-w-restaurant-waupun,"[{'alias': 'burgers', 'title': 'Burgers'}, {'alias': 'hotdogs', 'title': 'Fast Food'}, {'alias': 'chicken_wings', 'title': 'Chicken Wings'}]","{'latitude': 43.63296, 'longitude': -88.74732}",(920) 324-5615,12258.818434347946,_xQ40nvOhlhZaKdcWt-JDA,https://s3-media2.fl.yelpcdn.com/bphoto/DZMdas6EzWQUuLtUWN8fEQ/o.jpg,False,"{'address1': '715 W Main St', 'address2': None, 'address3': None, 'city': 'Waupun', 'zip_code': '53963', 'country': 'US', 'state': 'WI', 'display_address': ['715 W Main St', 'Waupun, WI 53963']}",A & W Restaurant,+19203245615,$,4.0,6,[],https://www.yelp.com/biz/a-and-w-restaurant-waupun?adjust_creative=GVWAITeAe13hPk5JlriDSg&utm_campaign=yelp_api_v3&utm_medium=api_v3_business_search&utm_source=GVWAITeAe13hPk5JlriDSg
lees-chinese-restaurant-mayville,"[{'alias': 'chinese', 'title': 'Chinese'}]","{'latitude': 43.4946899, 'longitude': -88.5444717}",(920) 387-0288,14390.49207310935,234KJvTJ6Qy--UiDJgif0A,,False,"{'address1': '101 S Main St', 'address2': '', 'address3': '', 'city': 'Mayville', 'zip_code': '53050', 'country': 'US', 'state': 'WI', 'display_address': ['101 S Main St', 'Mayville, WI 53050']}",Lee's Chinese Restaurant,+19203870288,,4.5,4,[],https://www.yelp.com/biz/lees-chinese-restaurant-mayville?adjust_creative=GVWAITeAe13hPk5JlriDSg&utm_campaign=yelp_api_v3&utm_medium=api_v3_business_search&utm_source=GVWAITeAe13hPk5JlriDSg
the-stand-iron-ridge-2,"[{'alias': 'pizza', 'title': 'Pizza'}, {'alias': 'sandwiches', 'title': 'Sandwiches'}]","{'latitude': 43.39888, 'longitude': -88.53215}",(920) 387-9999,20508.557572425874,e1EUmze-0sc5tMuH5LWzuw,https://s3-media3.fl.yelpcdn.com/bphoto/oM8yCNz7gFtTc3Gt4-e-Hw/o.jpg,False,"{'address1': '119 S Main St', 'address2': '', 'address3': None, 'city': 'Iron Ridge', 'zip_code': '53035', 'country': 'US', 'state': 'WI', 'display_address': ['119 S Main St', 'Iron Ridge, WI 53035']}",The Stand,+19203879999,,5.0,4,[],https://www.yelp.com/biz/the-stand-iron-ridge-2?adjust_creative=GVWAITeAe13hPk5JlriDSg&utm_campaign=yelp_api_v3&utm_medium=api_v3_business_search&utm_source=GVWAITeAe13hPk5JlriDSg
cucos-mexican-restaurant-waupun,"[{'alias': 'mexican', 'title': 'Mexican'}]","{'latitude': 43.63291, 'longitude': -88.72947}",(920) 324-5008,12065.799403065961,HKf2HmW5mFiODbXr7Mt2VA,https://s3-media3.fl.yelpcdn.com/bphoto/mTJZT3QMlwec1GZO0N5NpA/o.jpg,False,"{'address1': '405 E Main St', 'address2': '', 'address3': '', 'city': 'Waupun', 'zip_code': '53963', 'country': 'US', 'state': 'WI', 'display_address': ['405 E Main St', 'Waupun, WI 53963']}",Cuco's Mexican Restaurant,+19203245008,$,3.0,12,[],https://www.yelp.com/biz/cucos-mexican-restaurant-waupun?adjust_creative=GVWAITeAe13hPk5JlriDSg&utm_campaign=yelp_api_v3&utm_medium=api_v3_business_search&utm_source=GVWAITeAe13hPk5JlriDSg
taco-bell-beaver-dam-2,"[{'alias': 'mexican', 'title': 'Mexican'}, {'alias': 'tex-mex', 'title': 'Tex-Mex'}, {'alias': 'hotdogs', 'title': 'Fast Food'}]","{'latitude': 43.48319, 'longitude': -88.818937}",(920) 887-1739,9351.000447820406,ssslLZ_LeWmKrS82c2mLeA,https://s3-media3.fl.yelpcdn.com/bphoto/mNY6LxPiYxccnJcfonLjgg/o.jpg,False,"{'address1': '1739 North Spring Street', 'address2': '', 'address3': '', 'city': 'Beaver Dam', 'zip_code': '53916', 'country': 'US', 'state': 'WI', 'display_address': ['1739 North Spring Street', 'Beaver Dam, WI 53916']}",Taco Bell,+19208871739,$,4.5,3,[],https://www.yelp.com/biz/taco-bell-beaver-dam-2?adjust_creative=GVWAITeAe13hPk5JlriDSg&utm_campaign=yelp_api_v3&utm_medium=api_v3_business_search&utm_source=GVWAITeAe13hPk5JlriDSg
jimmy-johns-beaver-dam,"[{'alias': 'delis', 'title': 'Delis'}, {'alias': 'sandwiches', 'title': 'Sandwiches'}, {'alias': 'hotdogs', 'title': 'Fast Food'}]","{'latitude': 43.4560203552246, 'longitude': -88.8194122314453}",(920) 887-7822,11173.978712054695,U6SXUzfB6I1VV1Kc5vdaBw,https://s3-media2.fl.yelpcdn.com/bphoto/tL05cVubcXO7WrdNmOutwA/o.jpg,False,"{'address1': '803 Park Ave', 'address2': '', 'address3': '', 'city': 'Beaver Dam', 'zip_code': '53916', 'country': 'US', 'state': 'WI', 'display_address': ['803 Park Ave', 'Beaver Dam, WI 53916']}",Jimmy John's,+19208877822,$,4.0,5,[],https://www.yelp.com/biz/jimmy-johns-beaver-dam?adjust_creative=GVWAITeAe13hPk5JlriDSg&utm_campaign=yelp_api_v3&utm_medium=api_v3_business_search&utm_source=GVWAITeAe13hPk5JlriDSg
voelkers-steak-house-beaver-dam,"[{'alias': 'steak', 'title': 'Steakhouses'}]","{'latitude': 43.4509239196777, 'longitude': -88.8290023803711}",(920) 885-9924,12132.05442468421,e2opejOMmsZ2vjB9pd2Bcg,https://s3-media3.fl.yelpcdn.com/bphoto/MIApnuV6OUfi6xG6CAPx7Q/o.jpg,False,"{'address1': '415 E South St', 'address2': '', 'address3': '', 'city': 'Beaver Dam', 'zip_code': '53916', 'country': 'US', 'state': 'WI', 'display_address': ['415 E South St', 'Beaver Dam, WI 53916']}",Voelker's Steak House,+19208859924,$$,3.0,11,[],https://www.yelp.com/biz/voelkers-steak-house-beaver-dam?adjust_creative=GVWAITeAe13hPk5JlriDSg&utm_campaign=yelp_api_v3&utm_medium=api_v3_business_search&utm_source=GVWAITeAe13hPk5JlriDSg
state-street-pizza-fox-lake,"[{'alias': 'pizza', 'title': 'Pizza'}]","{'latitude': 43.56618, 'longitude': -88.91031}",(920) 928-2929,16173.991626351311,dqxYSwdQX-DMOaXMq6Pq9w,https://s3-media3.fl.yelpcdn.com/bphoto/-kuu28rC6wZwZwxQHXbtcA/o.jpg,False,"{'address1': '319 W State St', 'address2': None, 'address3': None, 'city': 'Fox Lake', 'zip_code': '53933', 'country': 'US', 'state': 'WI', 'display_address': ['319 W State St', 'Fox Lake, WI 53933']}",State Street Pizza,+19209282929,,4.5,3,[],https://www.yelp.com/biz/state-street-pizza-fox-lake?adjust_creative=GVWAITeAe13hPk5JlriDSg&utm_campaign=yelp_api_v3&utm_medium=api_v3_business_search&utm_source=GVWAITeAe13hPk5JlriDSg
applebees-grill-bar-beaver-dam,"[{'alias': 'tradamerican', 'title': 'American (Traditional)'}, {'alias': 'sportsbars', 'title': 'Sports Bars'}, {'alias': 'burgers', 'title': 'Burgers'}]","{'latitude': 43.47684, 'longitude': -88.81997}",(920) 356-9175,9794.905708464521,YJ56nK5npTaCqSKlOYXv3A,https://s3-media1.fl.yelpcdn.com/bphoto/B9D5G7NGhfHdBo-FaLqfgA/o.jpg,False,"{'address1': '115 E Industrial Dr', 'address2': None, 'address3': None, 'city': 'Beaver Dam', 'zip_code': '53916', 'country': 'US', 'state': 'WI', 'display_address': ['115 E Industrial Dr', 'Beaver Dam, WI 53916']}",Applebee's Grill + Bar,+19203569175,$$,2.0,24,[],https://www.yelp.com/biz/applebees-grill-bar-beaver-dam?adjust_creative=GVWAITeAe13hPk5JlriDSg&utm_campaign=yelp_api_v3&utm_medium=api_v3_business_search&utm_source=GVWAITeAe13hPk5JlriDSg
old-hickory-golf-club-beaver-dam-2,"[{'alias': 'golf', 'title': 'Golf'}, {'alias': 'venues', 'title': 'Venues & Event Spaces'}, {'alias': 'golflessons', 'title': 'Golf Lessons'}]","{'latitude': 43.4481447140773, 'longitude': -88.7788456164246}",(920) 887-7179,9816.367524322726,3_UbIb4eovUxZufbpY4mTg,https://s3-media1.fl.yelpcdn.com/bphoto/uFByz0KqKHZKfRQFTSgrPA/o.jpg,False,"{'address1': 'W7596 State Rd 33', 'address2': '', 'address3': '', 'city': 'Beaver Dam', 'zip_code': '53916', 'country': 'US', 'state': 'WI', 'display_address': ['W7596 State Rd 33', 'Beaver Dam, WI 53916']}",Old Hickory Golf Club,+19208877179,,3.5,5,[],https://www.yelp.com/biz/old-hickory-golf-club-beaver-dam-2?adjust_creative=GVWAITeAe13hPk5JlriDSg&utm_campaign=yelp_api_v3&utm_medium=api_v3_business_search&utm_source=GVWAITeAe13hPk5JlriDSg
the-barrel-house-saloon-and-eatery-juneau,"[{'alias': 'bars', 'title': 'Bars'}, {'alias': 'steak', 'title': 'Steakhouses'}, {'alias': 'burgers', 'title': 'Burgers'}]","{'latitude': 43.406599, 'longitude': -88.703555}",(920) 386-2599,13173.9906720315,Tzi3sZ0uhe1-A0JsjtFwqg,https://s3-media3.fl.yelpcdn.com/bphoto/02L-dfOjDLQf0C0aOUlfKw/o.jpg,False,"{'address1': '124 E Oak St', 'address2': '', 'address3': '', 'city': 'Juneau', 'zip_code': '53039', 'country': 'US', 'state': 'WI', 'display_address': ['124 E Oak St', 'Juneau, WI 53039']}",The Barrel House Saloon & Eatery,+19203862599,,3.5,7,[],https://www.yelp.com/biz/the-barrel-house-saloon-and-eatery-juneau?adjust_creative=GVWAITeAe13hPk5JlriDSg&utm_campaign=yelp_api_v3&utm_medium=api_v3_business_search&utm_source=GVWAITeAe13hPk5JlriDSg
village-garden-restaurant-juneau,"[{'alias': 'tradamerican', 'title': 'American (Traditional)'}]","{'latitude': 43.405489102006, 'longitude': -88.7078297138214}",(920) 386-5691,13237.646047108874,oBdWnLOxLiMTU1R2ouQ1GA,https://s3-media2.fl.yelpcdn.com/bphoto/5HgK4a7jGblX0fuP6E-QzA/o.jpg,False,"{'address1': '225 W Oak Grove St', 'address2': '', 'address3': '', 'city': 'Juneau', 'zip_code': '53039', 'country': 'US', 'state': 'WI', 'display_address': ['225 W Oak Grove St', 'Juneau, WI 53039']}",Village Garden Restaurant,+19203865691,$$,4.0,5,[],https://www.yelp.com/biz/village-garden-restaurant-juneau?adjust_creative=GVWAITeAe13hPk5JlriDSg&utm_campaign=yelp_api_v3&utm_medium=api_v3_business_search&utm_source=GVWAITeAe13hPk5JlriDSg
taco-bell-waupun,"[{'alias': 'tex-mex', 'title': 'Tex-Mex'}, {'alias': 'hotdogs', 'title': 'Fast Food'}, {'alias': 'mexican', 'title': 'Mexican'}]","{'latitude': 43.63243, 'longitude': -88.71723}",(920) 324-3070,11989.333701333677,HLteB5f6Y-1owm45wmyJoQ,https://s3-media1.fl.yelpcdn.com/bphoto/J1v-Rx2HTcsqgdf3VAtPXQ/o.jpg,False,"{'address1': '114 Shaler', 'address2': None, 'address3': None, 'city': 'Waupun', 'zip_code': '53963', 'country': 'US', 'state': 'WI', 'display_address': ['114 Shaler', 'Waupun, WI 53963']}",Taco Bell,+19203243070,,3.5,7,[],https://www.yelp.com/biz/taco-bell-waupun?adjust_creative=GVWAITeAe13hPk5JlriDSg&utm_campaign=yelp_api_v3&utm_medium=api_v3_business_search&utm_source=GVWAITeAe13hPk5JlriDSg
kekoskee-cooper-shop-mayville,"[{'alias': 'pubs', 'title': 'Pubs'}, {'alias': 'tradamerican', 'title': 'American (Traditional)'}]","{'latitude': 43.528706, 'longitude': -88.564369}",(920) 602-8660,12397.095211183781,iTMV1AD7lt4QUilg0WNDKw,https://s3-media3.fl.yelpcdn.com/bphoto/JHBTkTl5SBIk2FWcNJVpTQ/o.jpg,False,"{'address1': '30 Main St', 'address2': '', 'address3': None, 'city': 'Mayville', 'zip_code': '53050', 'country': 'US', 'state': 'WI', 'display_address': ['30 Main St', 'Mayville, WI 53050']}",Kekoskee Cooper Shop,+19206028660,,3.5,7,[],https://www.yelp.com/biz/kekoskee-cooper-shop-mayville?adjust_creative=GVWAITeAe13hPk5JlriDSg&utm_campaign=yelp_api_v3&utm_medium=api_v3_business_search&utm_source=GVWAITeAe13hPk5JlriDSg
papa-murphys-beaver-dam,"[{'alias': 'pizza', 'title': 'Pizza'}]","{'latitude': 43.48705, 'longitude': -88.81187}",(920) 887-7700,8677.5664060371,T7oOsM_MK7GQKgxK8uUYMw,,False,"{'address1': '106 Frances Lane', 'address2': None, 'address3': None, 'city': 'Beaver Dam', 'zip_code': '53916', 'country': 'US', 'state': 'WI', 'display_address': ['106 Frances Lane', 'Beaver Dam, WI 53916']}",Papa Murphy's,+19208877700,$,3.0,6,[],https://www.yelp.com/biz/papa-murphys-beaver-dam?adjust_creative=GVWAITeAe13hPk5JlriDSg&utm_campaign=yelp_api_v3&utm_medium=api_v3_business_search&utm_source=GVWAITeAe13hPk5JlriDSg
jamaican-oasis-horicon,"[{'alias': 'restaurants', 'title': 'Restaurants'}]","{'latitude': 43.44363, 'longitude': -88.596365}",(920) 382-7635,13320.446619228589,_MrBwK4iK1CCFejNn7CO2g,,False,"{'address1': 'W3997 State Rd 33', 'address2': '', 'address3': '', 'city': 'Horicon', 'zip_code': '53032', 'country': 'US', 'state': 'WI', 'display_address': ['W3997 State Rd 33', 'Horicon, WI 53032']}",Jamaican Oasis,+19203827635,,4.5,3,[],https://www.yelp.com/biz/jamaican-oasis-horicon?adjust_creative=GVWAITeAe13hPk5JlriDSg&utm_campaign=yelp_api_v3&utm_medium=api_v3_business_search&utm_source=GVWAITeAe13hPk5JlriDSg
chang-jiang-waupun,"[{'alias': 'chinese', 'title': 'Chinese'}]","{'latitude': 43.6332249, 'longitude': -88.7618232}",(920) 324-0888,12671.576463773059,4GXSsRk1ausq4oHqsRDkPg,https://s3-media3.fl.yelpcdn.com/bphoto/Gs2VWWDBVdPIPSvxe8Yc0Q/o.jpg,False,"{'address1': '1118 W Main St', 'address2': None, 'address3': None, 'city': 'Waupun', 'zip_code': '53963', 'country': 'US', 'state': 'WI', 'display_address': ['1118 W Main St', 'Waupun, WI 53963']}",Chang Jiang,+19203240888,$,4.0,4,[],https://www.yelp.com/biz/chang-jiang-waupun?adjust_creative=GVWAITeAe13hPk5JlriDSg&utm_campaign=yelp_api_v3&utm_medium=api_v3_business_search&utm_source=GVWAITeAe13hPk5JlriDSg
pizza-ranch-waupun,"[{'alias': 'pizza', 'title': 'Pizza'}]","{'latitude': 43.63358, 'longitude': -88.7519}",(920) 324-9000,12432.100419409033,GVkZ_EElIHtrWta2rlyNJw,https://s3-media2.fl.yelpcdn.com/bphoto/drjT_HA10up8CBnnFQ2Eqw/o.jpg,False,"{'address1': '900 W Main St', 'address2': None, 'address3': None, 'city': 'Waupun', 'zip_code': '53963', 'country': 'US', 'state': 'WI', 'display_address': ['900 W Main St', 'Waupun, WI 53963']}",Pizza Ranch,+19203249000,$,3.5,6,[],https://www.yelp.com/biz/pizza-ranch-waupun?adjust_creative=GVWAITeAe13hPk5JlriDSg&utm_campaign=yelp_api_v3&utm_medium=api_v3_business_search&utm_source=GVWAITeAe13hPk5JlriDSg
iron-ridge-inn-restaurant-iron-ridge,"[{'alias': 'seafood', 'title': 'Seafood'}, {'alias': 'steak', 'title': 'Steakhouses'}, {'alias': 'buffets', 'title': 'Buffets'}]","{'latitude': 43.39798, 'longitude': -88.5319}",(920) 387-3348,20589.350056688774,8mSQrEm2_kg6-TvKAOzmdw,https://s3-media1.fl.yelpcdn.com/bphoto/3apWsEXmyNTO6gDXccUWDw/o.jpg,False,"{'address1': '131 S Main St', 'address2': '', 'address3': '', 'city': 'Iron Ridge', 'zip_code': '53035', 'country': 'US', 'state': 'WI', 'display_address': ['131 S Main St', 'Iron Ridge, WI 53035']}",Iron Ridge Inn Restaurant,+19203873348,$$,3.5,11,[],https://www.yelp.com/biz/iron-ridge-inn-restaurant-iron-ridge?adjust_creative=GVWAITeAe13hPk5JlriDSg&utm_campaign=yelp_api_v3&utm_medium=api_v3_business_search&utm_source=GVWAITeAe13hPk5JlriDSg
johns-beaver-dam,"[{'alias': 'restaurants', 'title': 'Restaurants'}]","{'latitude': 43.44081, 'longitude': -88.85657}",(920) 885-2121,14559.651910117402,YJezj93l6SJXqqSkNV__dA,,False,"{'address1': '1201 Madison St', 'address2': None, 'address3': None, 'city': 'Beaver Dam', 'zip_code': '53916', 'country': 'US', 'state': 'WI', 'display_address': ['1201 Madison St', 'Beaver Dam, WI 53916']}",John's,+19208852121,$$,4.5,4,[],https://www.yelp.com/biz/johns-beaver-dam?adjust_creative=GVWAITeAe13hPk5JlriDSg&utm_campaign=yelp_api_v3&utm_medium=api_v3_business_search&utm_source=GVWAITeAe13hPk5JlriDSg
piggly-wiggly-beaver-dam-beaver-dam,"[{'alias': 'grocery', 'title': 'Grocery'}, {'alias': 'beer_and_wine', 'title': 'Beer, Wine & Spirits'}, {'alias': 'delis', 'title': 'Delis'}]","{'latitude': 43.45709, 'longitude': -88.81855}",(920) 885-5843,11058.534791440567,DodLCH9j7jLW4wdZodParw,https://s3-media4.fl.yelpcdn.com/bphoto/47SM0kBQhnbKIj8XZSWcjQ/o.jpg,False,"{'address1': '810 Park Ave', 'address2': '', 'address3': '', 'city': 'Beaver Dam', 'zip_code': '53916', 'country': 'US', 'state': 'WI', 'display_address': ['810 Park Ave', 'Beaver Dam, WI 53916']}",Piggly Wiggly-Beaver Dam,+19208855843,$$,3.0,5,[],https://www.yelp.com/biz/piggly-wiggly-beaver-dam-beaver-dam?adjust_creative=GVWAITeAe13hPk5JlriDSg&utm_campaign=yelp_api_v3&utm_medium=api_v3_business_search&utm_source=GVWAITeAe13hPk5JlriDSg
subway-horicon,"[{'alias': 'sandwiches', 'title': 'Sandwiches'}, {'alias': 'hotdogs', 'title': 'Fast Food'}]","{'latitude': 43.4477767944336, 'longitude': -88.6361999511719}",(920) 485-6767,10803.510539179193,yPTFAYsq5YpL0RpzX7roIg,https://s3-media3.fl.yelpcdn.com/bphoto/x34crS3FxnLLDRlvXgq0Ng/o.jpg,False,"{'address1': '309 Barstow St', 'address2': '', 'address3': '', 'city': 'Horicon', 'zip_code': '53032', 'country': 'US', 'state': 'WI', 'display_address': ['309 Barstow St', 'Horicon, WI 53032']}",Subway,+19204856767,$$,4.0,5,[],https://www.yelp.com/biz/subway-horicon?adjust_creative=GVWAITeAe13hPk5JlriDSg&utm_campaign=yelp_api_v3&utm_medium=api_v3_business_search&utm_source=GVWAITeAe13hPk5JlriDSg
culvers-waupun,"[{'alias': 'hotdogs', 'title': 'Fast Food'}, {'alias': 'burgers', 'title': 'Burgers'}]","{'latitude': 43.63511, 'longitude': -88.71775}",(920) 324-5224,12297.219532532221,VxCsvVU1K_XFkuEBslW3bQ,https://s3-media2.fl.yelpcdn.com/bphoto/NSLnjGuwOkgv95-_2HUpAw/o.jpg,False,"{'address1': '900 Kelly Ave', 'address2': '', 'address3': '', 'city': 'Waupun', 'zip_code': '53963', 'country': 'US', 'state': 'WI', 'display_address': ['900 Kelly Ave', 'Waupun, WI 53963']}",Culver's,+19203245224,$,3.5,6,[],https://www.yelp.com/biz/culvers-waupun?adjust_creative=GVWAITeAe13hPk5JlriDSg&utm_campaign=yelp_api_v3&utm_medium=api_v3_business_search&utm_source=GVWAITeAe13hPk5JlriDSg
ponderosa-steak-house-beaver-dam,"[{'alias': 'steak', 'title': 'Steakhouses'}]","{'latitude': 43.4723701, 'longitude': -88.8270111}",(920) 885-2755,10512.266779608304,IuNaYB7emS96pwOmsoil3Q,https://s3-media4.fl.yelpcdn.com/bphoto/P_jXCOIWe3-_NiY-6iJ63g/o.jpg,False,"{'address1': '1520 N Spring St', 'address2': '', 'address3': '', 'city': 'Beaver Dam', 'zip_code': '53916', 'country': 'US', 'state': 'WI', 'display_address': ['1520 N Spring St', 'Beaver Dam, WI 53916']}",Ponderosa Steak House,+19208852755,$,2.0,12,[],https://www.yelp.com/biz/ponderosa-steak-house-beaver-dam?adjust_creative=GVWAITeAe13hPk5JlriDSg&utm_campaign=yelp_api_v3&utm_medium=api_v3_business_search&utm_source=GVWAITeAe13hPk5JlriDSg
heines-famous-pizza-horicon,"[{'alias': 'pizza', 'title': 'Pizza'}]","{'latitude': 43.4527283, 'longitude': -88.6962738}",(920) 386-2181,8171.214385031358,3GPjJstti9-aYCn_OU3aPA,https://s3-media1.fl.yelpcdn.com/bphoto/j0k2nqDzkehuIL1l9PGbaw/o.jpg,False,"{'address1': 'N7115 Center St', 'address2': '', 'address3': '', 'city': 'Horicon', 'zip_code': '53032', 'country': 'US', 'state': 'WI', 'display_address': ['N7115 Center St', 'Horicon, WI 53032']}",Heine's Famous Pizza,+19203862181,$,3.0,5,[],https://www.yelp.com/biz/heines-famous-pizza-horicon?adjust_creative=GVWAITeAe13hPk5JlriDSg&utm_campaign=yelp_api_v3&utm_medium=api_v3_business_search&utm_source=GVWAITeAe13hPk5JlriDSg
bell-beaver-dam,"[{'alias': 'restaurants', 'title': 'Restaurants'}]","{'latitude': 43.440662, 'longitude': -88.886528}",(920) 885-6792,16485.785356604625,1GDuT-1KStzdMsVkXHmWLw,,False,"{'address1': 'W9735 County Road D', 'address2': '', 'address3': '', 'city': 'Beaver Dam', 'zip_code': '53916', 'country': 'US', 'state': 'WI', 'display_address': ['W9735 County Road D', 'Beaver Dam, WI 53916']}",Bell,+19208856792,$$,4.0,4,[],https://www.yelp.com/biz/bell-beaver-dam?adjust_creative=GVWAITeAe13hPk5JlriDSg&utm_campaign=yelp_api_v3&utm_medium=api_v3_business_search&utm_source=GVWAITeAe13hPk5JlriDSg
the-marsh-inn-mayville,"[{'alias': 'bars', 'title': 'Bars'}, {'alias': 'burgers', 'title': 'Burgers'}, {'alias': 'pizza', 'title': 'Pizza'}]","{'latitude': 43.5302478926264, 'longitude': -88.5614249656067}",(920) 387-2555,12641.474891504104,piPTDhGI4KmEr-EVyUijfQ,https://s3-media3.fl.yelpcdn.com/bphoto/Cct_UXBeQFqGFoeG3ILosA/o.jpg,False,"{'address1': '23 County Rd', 'address2': '', 'address3': '', 'city': 'Mayville', 'zip_code': '53050', 'country': 'US', 'state': 'WI', 'display_address': ['23 County Rd', 'Mayville, WI 53050']}",The Marsh Inn,+19203872555,$,4.5,3,[],https://www.yelp.com/biz/the-marsh-inn-mayville?adjust_creative=GVWAITeAe13hPk5JlriDSg&utm_campaign=yelp_api_v3&utm_medium=api_v3_business_search&utm_source=GVWAITeAe13hPk5JlriDSg
budahns-mayville,"[{'alias': 'bars', 'title': 'Bars'}]","{'latitude': 43.4941635131836, 'longitude': -88.544548034668}",(920) 387-5560,14407.172609137846,G7XkmzO5DgA0VKSPKNSQtw,,False,"{'address1': '121 S Main St', 'address2': None, 'address3': None, 'city': 'Mayville', 'zip_code': '53050', 'country': 'US', 'state': 'WI', 'display_address': ['121 S Main St', 'Mayville, WI 53050']}",Budahns,+19203875560,,4.5,2,[],https://www.yelp.com/biz/budahns-mayville?adjust_creative=GVWAITeAe13hPk5JlriDSg&utm_campaign=yelp_api_v3&utm_medium=api_v3_business_search&utm_source=GVWAITeAe13hPk5JlriDSg
old-hickory-dining-beaver-dam-2,"[{'alias': 'tradamerican', 'title': 'American (Traditional)'}, {'alias': 'seafood', 'title': 'Seafood'}]","{'latitude': 43.451381, 'longitude': -88.775863}",(920) 887-7179,10513.971496740554,KTUuMs-5WhiNU0eDba6u9A,https://s3-media1.fl.yelpcdn.com/bphoto/rLqNgtK7aEURqJsFHnJixw/o.jpg,False,"{'address1': 'W7596 State Rd 33', 'address2': '', 'address3': '', 'city': 'Beaver Dam', 'zip_code': '53916', 'country': 'US', 'state': 'WI', 'display_address': ['W7596 State Rd 33', 'Beaver Dam, WI 53916']}",Old Hickory Dining,+19208877179,$$,5.0,1,[],https://www.yelp.com/biz/old-hickory-dining-beaver-dam-2?adjust_creative=GVWAITeAe13hPk5JlriDSg&utm_campaign=yelp_api_v3&utm_medium=api_v3_business_search&utm_source=GVWAITeAe13hPk5JlriDSg
ediths-cakes-and-catering-beaver-dam-2,"[{'alias': 'cupcakes', 'title': 'Cupcakes'}, {'alias': 'cafes', 'title': 'Cafes'}]","{'latitude': 43.4560165405273, 'longitude': -88.8371124267578}",(920) 887-8861,12261.908188159117,sDYSNdYuiCSfzXWywTxf9g,https://s3-media4.fl.yelpcdn.com/bphoto/uLzncXJH0vtedHpEhg01YQ/o.jpg,False,"{'address1': '103 Front St', 'address2': '', 'address3': '', 'city': 'Beaver Dam', 'zip_code': '53916', 'country': 'US', 'state': 'WI', 'display_address': ['103 Front St', 'Beaver Dam, WI 53916']}",Edith's Cakes & Catering,+19208878861,,2.5,7,[],https://www.yelp.com/biz/ediths-cakes-and-catering-beaver-dam-2?adjust_creative=GVWAITeAe13hPk5JlriDSg&utm_campaign=yelp_api_v3&utm_medium=api_v3_business_search&utm_source=GVWAITeAe13hPk5JlriDSg
boy-blue-dairy-treat-store-beaver-dam,"[{'alias': 'icecream', 'title': 'Ice Cream & Frozen Yogurt'}]","{'latitude': 43.4586334228516, 'longitude': -88.8366165161133}",(920) 885-6934,12053.401423376194,xnVVxGuhxSmhTdd6aBB4OA,https://s3-media1.fl.yelpcdn.com/bphoto/3PIJMENcJFgtLJIJGPX-vg/o.jpg,False,"{'address1': '301 N Spring St', 'address2': '', 'address3': '', 'city': 'Beaver Dam', 'zip_code': '53916', 'country': 'US', 'state': 'WI', 'display_address': ['301 N Spring St', 'Beaver Dam, WI 53916']}",Boy Blue Dairy Treat Store,+19208856934,$,5.0,1,[],https://www.yelp.com/biz/boy-blue-dairy-treat-store-beaver-dam?adjust_creative=GVWAITeAe13hPk5JlriDSg&utm_campaign=yelp_api_v3&utm_medium=api_v3_business_search&utm_source=GVWAITeAe13hPk5JlriDSg
rock-river-tap-horicon,"[{'alias': 'tradamerican', 'title': 'American (Traditional)'}]","{'latitude': 43.45174, 'longitude': -88.63554}",(920) 485-4241,10488.192985793043,jO-Smqu0eRMLk8r64ccM8g,https://s3-media2.fl.yelpcdn.com/bphoto/K6-1DmWtw1kLMoxqe6cMKA/o.jpg,False,"{'address1': '110 W Lake St', 'address2': '', 'address3': '', 'city': 'Horicon', 'zip_code': '53032', 'country': 'US', 'state': 'WI', 'display_address': ['110 W Lake St', 'Horicon, WI 53032']}",Rock River Tap,+19204854241,$$,3.0,5,[],https://www.yelp.com/biz/rock-river-tap-horicon?adjust_creative=GVWAITeAe13hPk5JlriDSg&utm_campaign=yelp_api_v3&utm_medium=api_v3_business_search&utm_source=GVWAITeAe13hPk5JlriDSg
marsh-haven-nature-center-waupun,"[{'alias': 'parks', 'title': 'Parks'}]","{'latitude': 43.634335, 'longitude': -88.667144}",(920) 324-5818,12871.180425823188,EsYMHvfUScbKyio5B9VGCQ,https://s3-media1.fl.yelpcdn.com/bphoto/XdNqa5tnEJ11209KcorsqQ/o.jpg,False,"{'address1': 'W10145 State Rd 49', 'address2': '', 'address3': '', 'city': 'Waupun', 'zip_code': '53963', 'country': 'US', 'state': 'WI', 'display_address': ['W10145 State Rd 49', 'Waupun, WI 53963']}",Marsh Haven Nature Center,+19203245818,,4.0,2,[],https://www.yelp.com/biz/marsh-haven-nature-center-waupun?adjust_creative=GVWAITeAe13hPk5JlriDSg&utm_campaign=yelp_api_v3&utm_medium=api_v3_business_search&utm_source=GVWAITeAe13hPk5JlriDSg
horicon-ledge-park-horicon,"[{'alias': 'parks', 'title': 'Parks'}]","{'latitude': 43.466281, 'longitude': -88.584442}",(920) 387-5450,12577.179986699652,_cK4HbiDBZ7emfGwCt8Flw,https://s3-media4.fl.yelpcdn.com/bphoto/IwdtW2znbprp74udjyvMTQ/o.jpg,False,"{'address1': 'N7403 Park Rd', 'address2': '', 'address3': '', 'city': 'Horicon', 'zip_code': '53032', 'country': 'US', 'state': 'WI', 'display_address': ['N7403 Park Rd', 'Horicon, WI 53032']}",Horicon Ledge Park,+19203875450,,5.0,1,[],https://www.yelp.com/biz/horicon-ledge-park-horicon?adjust_creative=GVWAITeAe13hPk5JlriDSg&utm_campaign=yelp_api_v3&utm_medium=api_v3_business_search&utm_source=GVWAITeAe13hPk5JlriDSg
mcdonalds-waupun-3,"[{'alias': 'burgers', 'title': 'Burgers'}, {'alias': 'coffee', 'title': 'Coffee & Tea'}, {'alias': 'hotdogs', 'title': 'Fast Food'}]","{'latitude': 43.6336233510494, 'longitude': -88.7176117300987}",(920) 324-4937,12121.901178353435,oE4oh_vFYcTE3wR0DMZ42w,https://s3-media1.fl.yelpcdn.com/bphoto/6rN_dK6JiOxC-aeK4mMvDQ/o.jpg,False,"{'address1': '932 E Main St', 'address2': '', 'address3': '', 'city': 'Waupun', 'zip_code': '53963', 'country': 'US', 'state': 'WI', 'display_address': ['932 E Main St', 'Waupun, WI 53963']}",McDonald's,+19203244937,$,2.0,14,[],https://www.yelp.com/biz/mcdonalds-waupun-3?adjust_creative=GVWAITeAe13hPk5JlriDSg&utm_campaign=yelp_api_v3&utm_medium=api_v3_business_search&utm_source=GVWAITeAe13hPk5JlriDSg
the-wisco-an-old-fashioned-supper-club-mayville,"[{'alias': 'tradamerican', 'title': 'American (Traditional)'}]","{'latitude': 43.57343, 'longitude': -88.56084}",(920) 583-4351,13782.482352001556,uCfjD5q4dVdtJmJo-yB4FQ,https://s3-media3.fl.yelpcdn.com/bphoto/NxAUav7xhyVgusB2aoTA4Q/o.jpg,False,"{'address1': 'W3295 County Rd Y', 'address2': None, 'address3': '', 'city': 'Mayville', 'zip_code': '53050', 'country': 'US', 'state': 'WI', 'display_address': ['W3295 County Rd Y', 'Mayville, WI 53050']}",The Wisco An Old Fashioned Supper Club,+19205834351,,3.0,3,[],https://www.yelp.com/biz/the-wisco-an-old-fashioned-supper-club-mayville?adjust_creative=GVWAITeAe13hPk5JlriDSg&utm_campaign=yelp_api_v3&utm_medium=api_v3_business_search&utm_source=GVWAITeAe13hPk5JlriDSg
dodge-county-state-of-wisconsin-ixonia,"[{'alias': 'parks', 'title': 'Parks'}]","{'latitude': 43.399422, 'longitude': -88.710897}",(920) 474-7178,13932.02830392872,ojYaOAv1E3tL1IbN7nqnJg,https://s3-media4.fl.yelpcdn.com/bphoto/DRfozTe7-X25GcjXhX5-jw/o.jpg,False,"{'address1': 'W3048 Crawfish Rd', 'address2': None, 'address3': None, 'city': 'Ixonia', 'zip_code': '53036', 'country': 'US', 'state': 'WI', 'display_address': ['W3048 Crawfish Rd', 'Ixonia, WI 53036']}",Dodge County State of Wisconsin,+19204747178,,5.0,1,[],https://www.yelp.com/biz/dodge-county-state-of-wisconsin-ixonia?adjust_creative=GVWAITeAe13hPk5JlriDSg&utm_campaign=yelp_api_v3&utm_medium=api_v3_business_search&utm_source=GVWAITeAe13hPk5JlriDSg
quit-n-time-fox-lake,"[{'alias': 'bars', 'title': 'Bars'}, {'alias': 'tradamerican', 'title': 'American (Traditional)'}]","{'latitude': 43.566192, 'longitude': -88.910179}",(920) 928-2808,16165.907510889281,5wW39Y_lGtqFBceXpnhSVg,https://s3-media2.fl.yelpcdn.com/bphoto/MWcg9CPiVGf2nGm7nr4CjA/o.jpg,False,"{'address1': '317 W State St', 'address2': None, 'address3': None, 'city': 'Fox Lake', 'zip_code': '53933', 'country': 'US', 'state': 'WI', 'display_address': ['317 W State St', 'Fox Lake, WI 53933']}",Quit N Time,+19209282808,,5.0,1,[],https://www.yelp.com/biz/quit-n-time-fox-lake?adjust_creative=GVWAITeAe13hPk5JlriDSg&utm_campaign=yelp_api_v3&utm_medium=api_v3_business_search&utm_source=GVWAITeAe13hPk5JlriDSg
pizza-hut-beaver-dam,"[{'alias': 'pizza', 'title': 'Pizza'}, {'alias': 'italian', 'title': 'Italian'}, {'alias': 'chicken_wings', 'title': 'Chicken Wings'}]","{'latitude': 43.4802132, 'longitude': -88.8209839}",(920) 887-3176,9710.737469795391,0esWOFoDXPl-vrJ0GegoGQ,https://s3-media4.fl.yelpcdn.com/bphoto/PgmRHLQ0dSPeV2ceHYfUxg/o.jpg,False,"{'address1': '1742 N Spring St', 'address2': '', 'address3': '', 'city': 'Beaver Dam', 'zip_code': '53916', 'country': 'US', 'state': 'WI', 'display_address': ['1742 N Spring St', 'Beaver Dam, WI 53916']}",Pizza Hut,+19208873176,$$,2.0,5,[],https://www.yelp.com/biz/pizza-hut-beaver-dam?adjust_creative=GVWAITeAe13hPk5JlriDSg&utm_campaign=yelp_api_v3&utm_medium=api_v3_business_search&utm_source=GVWAITeAe13hPk5JlriDSg
cousins-subs-beaver-dam,"[{'alias': 'sandwiches', 'title': 'Sandwiches'}, {'alias': 'delis', 'title': 'Delis'}]","{'latitude': 43.45778391933, 'longitude': -88.8185616005591}",(920) 885-3333,10999.060626852857,xjpeduIN7jq9hu07tAf5mg,https://s3-media2.fl.yelpcdn.com/bphoto/KTl7-nqwP66zFVQ8RRdWiQ/o.jpg,False,"{'address1': '820 A Park Ave', 'address2': '', 'address3': '', 'city': 'Beaver Dam', 'zip_code': '53916', 'country': 'US', 'state': 'WI', 'display_address': ['820 A Park Ave', 'Beaver Dam, WI 53916']}",Cousins Subs,+19208853333,$,2.5,5,[],https://www.yelp.com/biz/cousins-subs-beaver-dam?adjust_creative=GVWAITeAe13hPk5JlriDSg&utm_campaign=yelp_api_v3&utm_medium=api_v3_business_search&utm_source=GVWAITeAe13hPk5JlriDSg
charlie-browns-beaver-dam,"[{'alias': 'divebars', 'title': 'Dive Bars'}, {'alias': 'sportsbars', 'title': 'Sports Bars'}]","{'latitude': 43.4660263061523, 'longitude': -88.8309478759766}",(920) 885-4000,11198.023423280043,JOXPLQmtgXAkJQdX1W_-uQ,https://s3-media2.fl.yelpcdn.com/bphoto/bTgYckjcxtNnfnvK-FEbrg/o.jpg,False,"{'address1': '1019 N Spring St', 'address2': '', 'address3': '', 'city': 'Beaver Dam', 'zip_code': '53916', 'country': 'US', 'state': 'WI', 'display_address': ['1019 N Spring St', 'Beaver Dam, WI 53916']}",Charlie Brown's,+19208854000,,3.0,2,[],https://www.yelp.com/biz/charlie-browns-beaver-dam?adjust_creative=GVWAITeAe13hPk5JlriDSg&utm_campaign=yelp_api_v3&utm_medium=api_v3_business_search&utm_source=GVWAITeAe13hPk5JlriDSg
golden-cup-cafe-waupun,"[{'alias': 'coffee', 'title': 'Coffee & Tea'}, {'alias': 'breakfast_brunch', 'title': 'Breakfast & Brunch'}, {'alias': 'sandwiches', 'title': 'Sandwiches'}]","{'latitude': 43.63338, 'longitude': -88.72959}",(920) 324-6135,12131.12320699519,Dedpl-qY0uCwIakg1-O6Tw,https://s3-media3.fl.yelpcdn.com/bphoto/ky5cwyN2Y5xJNrvxkNqxyA/o.jpg,False,"{'address1': '400 E Main St', 'address2': None, 'address3': None, 'city': 'Waupun', 'zip_code': '53963', 'country': 'US', 'state': 'WI', 'display_address': ['400 E Main St', 'Waupun, WI 53963']}",Golden Cup Cafe,+19203246135,,3.0,3,[],https://www.yelp.com/biz/golden-cup-cafe-waupun?adjust_creative=GVWAITeAe13hPk5JlriDSg&utm_campaign=yelp_api_v3&utm_medium=api_v3_business_search&utm_source=GVWAITeAe13hPk5JlriDSg
bayside-supper-club-beaver-dam,"[{'alias': 'supperclubs', 'title': 'Supper Clubs'}]","{'latitude': 43.44333, 'longitude': -88.86073}",(920) 887-0505,14636.349579290694,mfCEJevsAO7vGDMD5wIefQ,https://s3-media2.fl.yelpcdn.com/bphoto/iTeqd-wJnYSwk0Ddib15gA/o.jpg,False,"{'address1': 'W9231 County Rd G', 'address2': '', 'address3': '', 'city': 'Beaver Dam', 'zip_code': '53916', 'country': 'US', 'state': 'WI', 'display_address': ['W9231 County Rd G', 'Beaver Dam, WI 53916']}",Bayside Supper Club,+19208870505,$$,3.0,4,[],https://www.yelp.com/biz/bayside-supper-club-beaver-dam?adjust_creative=GVWAITeAe13hPk5JlriDSg&utm_campaign=yelp_api_v3&utm_medium=api_v3_business_search&utm_source=GVWAITeAe13hPk5JlriDSg
kfc-beaver-dam-2,"[{'alias': 'hotdogs', 'title': 'Fast Food'}, {'alias': 'chicken_wings', 'title': 'Chicken Wings'}, {'alias': 'chickenshop', 'title': 'Chicken Shop'}]","{'latitude': 43.477, 'longitude': -88.8186}",(920) 887-2090,9686.073344560005,f_acg25jxSLyatjySGoTPg,https://s3-media1.fl.yelpcdn.com/bphoto/DE_CO8w-Mf8OigeazhKKCw/o.jpg,False,"{'address1': '203 Industrial Dr E', 'address2': '', 'address3': '', 'city': 'Beaver Dam', 'zip_code': '53916', 'country': 'US', 'state': 'WI', 'display_address': ['203 Industrial Dr E', 'Beaver Dam, WI 53916']}",KFC,+19208872090,,1.5,5,[],https://www.yelp.com/biz/kfc-beaver-dam-2?adjust_creative=GVWAITeAe13hPk5JlriDSg&utm_campaign=yelp_api_v3&utm_medium=api_v3_business_search&utm_source=GVWAITeAe13hPk5JlriDSg
arbys-beaver-dam-3,"[{'alias': 'hotdogs', 'title': 'Fast Food'}, {'alias': 'sandwiches', 'title': 'Sandwiches'}]","{'latitude': 43.4883499, 'longitude': -88.80707}",(920) 356-0855,8198.335548228242,VSRh3mO3Q8yG3SIv6ChxDg,,False,"{'address1': '121 Frances Ln', 'address2': None, 'address3': None, 'city': 'Beaver Dam', 'zip_code': '53916', 'country': 'US', 'state': 'WI', 'display_address': ['121 Frances Ln', 'Beaver Dam, WI 53916']}",Arby's,+19203560855,,3.0,1,[],https://www.yelp.com/biz/arbys-beaver-dam-3?adjust_creative=GVWAITeAe13hPk5JlriDSg&utm_campaign=yelp_api_v3&utm_medium=api_v3_business_search&utm_source=GVWAITeAe13hPk5JlriDSg
cherry-berry-beaver-dam,"[{'alias': 'icecream', 'title': 'Ice Cream & Frozen Yogurt'}]","{'latitude': 43.4579900459627, 'longitude': -88.8185153997075}",(920) 219-4477,10980.82783311586,FQf8pZr3DncBujMsGixOAA,https://s3-media3.fl.yelpcdn.com/bphoto/IKrDKrNuWMU2jrOkd3Yn1w/o.jpg,False,"{'address1': '820 Park Ave', 'address2': '', 'address3': '', 'city': 'Beaver Dam', 'zip_code': '53916', 'country': 'US', 'state': 'WI', 'display_address': ['820 Park Ave', 'Beaver Dam, WI 53916']}",Cherry Berry,+19202194477,$$,4.0,1,[],https://www.yelp.com/biz/cherry-berry-beaver-dam?adjust_creative=GVWAITeAe13hPk5JlriDSg&utm_campaign=yelp_api_v3&utm_medium=api_v3_business_search&utm_source=GVWAITeAe13hPk5JlriDSg
new-china-restaurant-mayville,"[{'alias': 'chinese', 'title': 'Chinese'}]","{'latitude': 43.4946899, 'longitude': -88.5444717}",(920) 387-0288,14390.49207310935,hpcEu74gT0SRniSo9VO2Fw,https://s3-media1.fl.yelpcdn.com/bphoto/pGka_6mf98OIykiZadQyPw/o.jpg,False,"{'address1': '101 S Main St', 'address2': '', 'address3': '', 'city': 'Mayville', 'zip_code': '53050', 'country': 'US', 'state': 'WI', 'display_address': ['101 S Main St', 'Mayville, WI 53050']}",New China Restaurant,+19203870288,,3.0,5,[],https://www.yelp.com/biz/new-china-restaurant-mayville?adjust_creative=GVWAITeAe13hPk5JlriDSg&utm_campaign=yelp_api_v3&utm_medium=api_v3_business_search&utm_source=GVWAITeAe13hPk5JlriDSg
wendys-beaver-dam-2,"[{'alias': 'hotdogs', 'title': 'Fast Food'}, {'alias': 'burgers', 'title': 'Burgers'}]","{'latitude': 43.48725, 'longitude': -88.80999}",(920) 885-5237,8501.896322804781,xKirpbXxqRwrNosHoKRk5Q,https://s3-media2.fl.yelpcdn.com/bphoto/p1TLFPsQUR_DjjJLj2Kzpw/o.jpg,False,"{'address1': '102 Frances Ln', 'address2': None, 'address3': None, 'city': 'Beaver Dam', 'zip_code': '53916', 'country': 'US', 'state': 'WI', 'display_address': ['102 Frances Ln', 'Beaver Dam, WI 53916']}",Wendy's,+19208855237,,3.0,1,[],https://www.yelp.com/biz/wendys-beaver-dam-2?adjust_creative=GVWAITeAe13hPk5JlriDSg&utm_campaign=yelp_api_v3&utm_medium=api_v3_business_search&utm_source=GVWAITeAe13hPk5JlriDSg
fox-lake-golf-club-fox-lake,"[{'alias': 'restaurants', 'title': 'Restaurants'}, {'alias': 'golf', 'title': 'Golf'}]","{'latitude': 43.57488, 'longitude': -88.9080199}",(920) 928-2508,15987.614242165064,dc-QGzpF-W0SmBHNNGGwYw,https://s3-media3.fl.yelpcdn.com/bphoto/EGCxC8ifp5jQ_-L29BHeBw/o.jpg,False,"{'address1': 'N10500 Indian Point Rd', 'address2': '', 'address3': '', 'city': 'Fox Lake', 'zip_code': '53933', 'country': 'US', 'state': 'WI', 'display_address': ['N10500 Indian Point Rd', 'Fox Lake, WI 53933']}",Fox Lake Golf Club,+19209282508,$$,3.0,3,[],https://www.yelp.com/biz/fox-lake-golf-club-fox-lake?adjust_creative=GVWAITeAe13hPk5JlriDSg&utm_campaign=yelp_api_v3&utm_medium=api_v3_business_search&utm_source=GVWAITeAe13hPk5JlriDSg
holliday-food-and-sport-waupun,"[{'alias': 'coffee', 'title': 'Coffee & Tea'}, {'alias': 'huntingfishingsupplies', 'title': 'Hunting & Fishing Supplies'}, {'alias': 'guns_and_ammo', 'title': 'Guns & Ammo'}]","{'latitude': 43.63296, 'longitude': -88.74732}",(920) 324-4062,12258.818434347946,PHM_AzakUmea83lWGPGRHg,https://s3-media4.fl.yelpcdn.com/bphoto/-fAlFkuFdAMbPSVucsf1gQ/o.jpg,False,"{'address1': '715 W Main St', 'address2': '', 'address3': '', 'city': 'Waupun', 'zip_code': '53963', 'country': 'US', 'state': 'WI', 'display_address': ['715 W Main St', 'Waupun, WI 53963']}",Holliday Food & Sport,+19203244062,$$,4.0,1,[],https://www.yelp.com/biz/holliday-food-and-sport-waupun?adjust_creative=GVWAITeAe13hPk5JlriDSg&utm_campaign=yelp_api_v3&utm_medium=api_v3_business_search&utm_source=GVWAITeAe13hPk5JlriDSg
mcdonalds-mayville,"[{'alias': 'hotdogs', 'title': 'Fast Food'}, {'alias': 'burgers', 'title': 'Burgers'}, {'alias': 'coffee', 'title': 'Coffee & Tea'}]","{'latitude': 43.4935494163388, 'longitude': -88.5596703691476}",(920) 387-3023,13229.987461773744,4ZuFQYT2OUw37klXHXxQ7w,https://s3-media1.fl.yelpcdn.com/bphoto/rGsLPi6QEhngFxONPI7xxQ/o.jpg,False,"{'address1': '1157 Horicon St', 'address2': '', 'address3': '', 'city': 'Mayville', 'zip_code': '53050', 'country': 'US', 'state': 'WI', 'display_address': ['1157 Horicon St', 'Mayville, WI 53050']}",McDonald's,+19203873023,,3.5,2,[],https://www.yelp.com/biz/mcdonalds-mayville?adjust_creative=GVWAITeAe13hPk5JlriDSg&utm_campaign=yelp_api_v3&utm_medium=api_v3_business_search&utm_source=GVWAITeAe13hPk5JlriDSg
mcdonalds-beaver-dam-3,"[{'alias': 'hotdogs', 'title': 'Fast Food'}, {'alias': 'burgers', 'title': 'Burgers'}, {'alias': 'coffee', 'title': 'Coffee & Tea'}]","{'latitude': 43.4756842064425, 'longitude': -88.823411981582}",(920) 885-3104,10091.53630952558,ngIezZKlzhGrgZ5eWWE50w,https://s3-media4.fl.yelpcdn.com/bphoto/Sf1h6FreKOQVQV1gwJywgw/o.jpg,False,"{'address1': '1639 N Spring St', 'address2': '', 'address3': '', 'city': 'Beaver Dam', 'zip_code': '53916', 'country': 'US', 'state': 'WI', 'display_address': ['1639 N Spring St', 'Beaver Dam, WI 53916']}",McDonald's,+19208853104,$,1.5,5,[],https://www.yelp.com/biz/mcdonalds-beaver-dam-3?adjust_creative=GVWAITeAe13hPk5JlriDSg&utm_campaign=yelp_api_v3&utm_medium=api_v3_business_search&utm_source=GVWAITeAe13hPk5JlriDSg
mcdonalds-beaver-dam,"[{'alias': 'hotdogs', 'title': 'Fast Food'}, {'alias': 'burgers', 'title': 'Burgers'}, {'alias': 'coffee', 'title': 'Coffee & Tea'}]","{'latitude': 43.4568176269531, 'longitude': -88.8168029785156}",(920) 885-9744,10955.770201844698,yI5g0YFBrjyeZzLkYMJsuA,https://s3-media3.fl.yelpcdn.com/bphoto/Q3xy0c-1VlpnrK2cdvD3kQ/o.jpg,False,"{'address1': '840 Park Ave', 'address2': None, 'address3': None, 'city': 'Beaver Dam', 'zip_code': '53916', 'country': 'US', 'state': 'WI', 'display_address': ['840 Park Ave', 'Beaver Dam, WI 53916']}",McDonald's,+19208859744,$,2.0,3,[],https://www.yelp.com/biz/mcdonalds-beaver-dam?adjust_creative=GVWAITeAe13hPk5JlriDSg&utm_campaign=yelp_api_v3&utm_medium=api_v3_business_search&utm_source=GVWAITeAe13hPk5JlriDSg
bridge-street-eatery-mayville,"[{'alias': 'sandwiches', 'title': 'Sandwiches'}, {'alias': 'icecream', 'title': 'Ice Cream & Frozen Yogurt'}, {'alias': 'hotdog', 'title': 'Hot Dogs'}]","{'latitude': 43.49589, 'longitude': -88.54448}",(920) 644-2254,14355.374021397345,fwAzwreCAIBFz7sdY1cUCQ,,False,"{'address1': '1 N Main St', 'address2': '', 'address3': None, 'city': 'Mayville', 'zip_code': '53050', 'country': 'US', 'state': 'WI', 'display_address': ['1 N Main St', 'Mayville, WI 53050']}",Bridge Street Eatery,+19206442254,,4.0,1,[],https://www.yelp.com/biz/bridge-street-eatery-mayville?adjust_creative=GVWAITeAe13hPk5JlriDSg&utm_campaign=yelp_api_v3&utm_medium=api_v3_business_search&utm_source=GVWAITeAe13hPk5JlriDSg
city-of-mayville-mayville,"[{'alias': 'localflavor', 'title': 'Local Flavor'}]","{'latitude': 43.49632, 'longitude': -88.54438}",,14372.944691064284,pKRtl8ojlQNHDVhe06DjDw,,False,"{'address1': '', 'address2': '', 'address3': '', 'city': 'Mayville', 'zip_code': '53050', 'country': 'US', 'state': 'WI', 'display_address': ['Mayville, WI 53050']}",City of Mayville,,,4.0,1,[],https://www.yelp.com/biz/city-of-mayville-mayville?adjust_creative=GVWAITeAe13hPk5JlriDSg&utm_campaign=yelp_api_v3&utm_medium=api_v3_business_search&utm_source=GVWAITeAe13hPk5JlriDSg
dominos-pizza-horicon,"[{'alias': 'pizza', 'title': 'Pizza'}, {'alias': 'chicken_wings', 'title': 'Chicken Wings'}, {'alias': 'sandwiches', 'title': 'Sandwiches'}]","{'latitude': 43.4444274902344, 'longitude': -88.6467742919922}",(920) 485-4555,10598.540419634985,SYiuLJ1SWwDebOye9RGo9Q,,False,"{'address1': '602 Washington St', 'address2': '', 'address3': '', 'city': 'Horicon', 'zip_code': '53032', 'country': 'US', 'state': 'WI', 'display_address': ['602 Washington St', 'Horicon, WI 53032']}",Domino's Pizza,+19204854555,,2.0,3,[],https://www.yelp.com/biz/dominos-pizza-horicon?adjust_creative=GVWAITeAe13hPk5JlriDSg&utm_campaign=yelp_api_v3&utm_medium=api_v3_business_search&utm_source=GVWAITeAe13hPk5JlriDSg
dominos-pizza-beaver-dam,"[{'alias': 'pizza', 'title': 'Pizza'}, {'alias': 'chicken_wings', 'title': 'Chicken Wings'}, {'alias': 'sandwiches', 'title': 'Sandwiches'}]","{'latitude': 43.4619598, 'longitude': -88.8335495}",(920) 356-0551,11643.627838689512,3O7ElcEtIf0QkQS7V7bBuw,,False,"{'address1': '711 N Spring St', 'address2': '', 'address3': '', 'city': 'Beaver Dam', 'zip_code': '53916', 'country': 'US', 'state': 'WI', 'display_address': ['711 N Spring St', 'Beaver Dam, WI 53916']}",Domino's Pizza,+19203560551,,2.5,2,[],https://www.yelp.com/biz/dominos-pizza-beaver-dam?adjust_creative=GVWAITeAe13hPk5JlriDSg&utm_campaign=yelp_api_v3&utm_medium=api_v3_business_search&utm_source=GVWAITeAe13hPk5JlriDSg
dominos-pizza-waupun,"[{'alias': 'pizza', 'title': 'Pizza'}, {'alias': 'chicken_wings', 'title': 'Chicken Wings'}, {'alias': 'sandwiches', 'title': 'Sandwiches'}]","{'latitude': 43.6334066323562, 'longitude': -88.7282714205764}",(920) 324-6111,12125.835651202922,azM4281i40ZQTnqm8vULgQ,,False,"{'address1': '106 Shaler Dr', 'address2': '', 'address3': '', 'city': 'Waupun', 'zip_code': '53963', 'country': 'US', 'state': 'WI', 'display_address': ['106 Shaler Dr', 'Waupun, WI 53963']}",Domino's Pizza,+19203246111,$$,2.0,3,[],https://www.yelp.com/biz/dominos-pizza-waupun?adjust_creative=GVWAITeAe13hPk5JlriDSg&utm_campaign=yelp_api_v3&utm_medium=api_v3_business_search&utm_source=GVWAITeAe13hPk5JlriDSg
the-coffee-cup-iron-ridge,"[{'alias': 'coffee', 'title': 'Coffee & Tea'}]","{'latitude': 43.441757, 'longitude': -88.542648}",,16884.939151734296,dTcMbjtkJZiMqsSa-YV45g,https://s3-media2.fl.yelpcdn.com/bphoto/hO4He-JKLSwJze_CzhuuZQ/o.jpg,False,"{'address1': 'N6869 State Rd 67', 'address2': '', 'address3': '', 'city': 'Iron Ridge', 'zip_code': '53035', 'country': 'US', 'state': 'WI', 'display_address': ['N6869 State Rd 67', 'Iron Ridge, WI 53035']}",The Coffee Cup,,$,4.0,1,[],https://www.yelp.com/biz/the-coffee-cup-iron-ridge?adjust_creative=GVWAITeAe13hPk5JlriDSg&utm_campaign=yelp_api_v3&utm_medium=api_v3_business_search&utm_source=GVWAITeAe13hPk5JlriDSg
cocktails-bar-and-grill-beaver-dam,"[{'alias': 'restaurants', 'title': 'Restaurants'}]","{'latitude': 43.4717369, 'longitude': -88.8394928}",(920) 887-3550,11427.473913972766,OicyhPfAwgPKWEseT_izCg,,False,"{'address1': '1305 N Center St', 'address2': '', 'address3': '', 'city': 'Beaver Dam', 'zip_code': '53916', 'country': 'US', 'state': 'WI', 'display_address': ['1305 N Center St', 'Beaver Dam, WI 53916']}",Cocktails Bar and Grill,+19208873550,$,4.5,3,[],https://www.yelp.com/biz/cocktails-bar-and-grill-beaver-dam?adjust_creative=GVWAITeAe13hPk5JlriDSg&utm_campaign=yelp_api_v3&utm_medium=api_v3_business_search&utm_source=GVWAITeAe13hPk5JlriDSg
our-bar-waupun,"[{'alias': 'bars', 'title': 'Bars'}]","{'latitude': 43.63293, 'longitude': -88.72837}",(920) 324-4869,12073.638320485852,pBJsgHqMXusqrhRtTlsXvA,,False,"{'address1': '433 E Main St', 'address2': '', 'address3': '', 'city': 'Waupun', 'zip_code': '53963', 'country': 'US', 'state': 'WI', 'display_address': ['433 E Main St', 'Waupun, WI 53963']}",Our Bar,+19203244869,,3.0,1,[],https://www.yelp.com/biz/our-bar-waupun?adjust_creative=GVWAITeAe13hPk5JlriDSg&utm_campaign=yelp_api_v3&utm_medium=api_v3_business_search&utm_source=GVWAITeAe13hPk5JlriDSg
subway-mayville,"[{'alias': 'sandwiches', 'title': 'Sandwiches'}, {'alias': 'hotdogs', 'title': 'Fast Food'}]","{'latitude': 43.4942932128906, 'longitude': -88.5569305419922}",(920) 387-3400,13420.135891660495,oRN8bmUB0gWE617SCsba1g,,False,"{'address1': '1030 Horicon St', 'address2': '', 'address3': '', 'city': 'Mayville', 'zip_code': '53050', 'country': 'US', 'state': 'WI', 'display_address': ['1030 Horicon St', 'Mayville, WI 53050']}",Subway,+19203873400,,3.0,1,[],https://www.yelp.com/biz/subway-mayville?adjust_creative=GVWAITeAe13hPk5JlriDSg&utm_campaign=yelp_api_v3&utm_medium=api_v3_business_search&utm_source=GVWAITeAe13hPk5JlriDSg
burger-king-beaver-dam-2,"[{'alias': 'burgers', 'title': 'Burgers'}, {'alias': 'hotdogs', 'title': 'Fast Food'}]","{'latitude': 43.48835, 'longitude': -88.80707}",(866) 394-2493,8198.335548228242,MeyDITN0n-bPMp6SJ6ohRg,,False,"{'address1': '121 Frances Ln', 'address2': '', 'address3': None, 'city': 'Beaver Dam', 'zip_code': '53916', 'country': 'US', 'state': 'WI', 'display_address': ['121 Frances Ln', 'Beaver Dam, WI 53916']}",Burger King,+18663942493,,1.0,2,[],https://www.yelp.com/biz/burger-king-beaver-dam-2?adjust_creative=GVWAITeAe13hPk5JlriDSg&utm_campaign=yelp_api_v3&utm_medium=api_v3_business_search&utm_source=GVWAITeAe13hPk5JlriDSg
horicon-hills-golf-club-horicon,"[{'alias': 'golf', 'title': 'Golf'}]","{'latitude': 43.424453, 'longitude': -88.639751}",(920) 643-2000,12803.43621085182,mR0Umex6JvrfoMEf3w4icw,https://s3-media3.fl.yelpcdn.com/bphoto/Ax4k7-jVLO3jP1qU6LY3ww/o.jpg,False,"{'address1': '3000 Main St', 'address2': '', 'address3': '', 'city': 'Horicon', 'zip_code': '53032', 'country': 'US', 'state': 'WI', 'display_address': ['3000 Main St', 'Horicon, WI 53032']}",Horicon  Hills Golf Club,+19206432000,,2.0,2,[],https://www.yelp.com/biz/horicon-hills-golf-club-horicon?adjust_creative=GVWAITeAe13hPk5JlriDSg&utm_campaign=yelp_api_v3&utm_medium=api_v3_business_search&utm_source=GVWAITeAe13hPk5JlriDSg
sherwood-family-restraunt-mayville,"[{'alias': 'restaurants', 'title': 'Restaurants'}]","{'latitude': 43.493579864502, 'longitude': -88.5591735839844}",(920) 387-1228,13271.600645853334,6ADWlApzkKqooUWmZhZWIw,,False,"{'address1': '1145 Horicon St', 'address2': '', 'address3': '', 'city': 'Mayville', 'zip_code': '53050', 'country': 'US', 'state': 'WI', 'display_address': ['1145 Horicon St', 'Mayville, WI 53050']}",Sherwood Family Restraunt,+19203871228,,5.0,1,[],https://www.yelp.com/biz/sherwood-family-restraunt-mayville?adjust_creative=GVWAITeAe13hPk5JlriDSg&utm_campaign=yelp_api_v3&utm_medium=api_v3_business_search&utm_source=GVWAITeAe13hPk5JlriDSg
richies-up-ur-alley-mayville,"[{'alias': 'tradamerican', 'title': 'American (Traditional)'}, {'alias': 'bowling', 'title': 'Bowling'}]","{'latitude': 43.4952714840417, 'longitude': -88.5445053130388}",(920) 644-2545,14369.242308414008,q5CUgk-AiZQfv-0hG-tLvg,,False,"{'address1': '25 S Main St', 'address2': '', 'address3': '', 'city': 'Mayville', 'zip_code': '53050', 'country': 'US', 'state': 'WI', 'display_address': ['25 S Main St', 'Mayville, WI 53050']}",Richies Up Ur Alley,+19206442545,,5.0,1,[],https://www.yelp.com/biz/richies-up-ur-alley-mayville?adjust_creative=GVWAITeAe13hPk5JlriDSg&utm_campaign=yelp_api_v3&utm_medium=api_v3_business_search&utm_source=GVWAITeAe13hPk5JlriDSg
beaver-dam-country-club-beaver-dam,"[{'alias': 'golf', 'title': 'Golf'}]","{'latitude': 43.5166775, 'longitude': -88.8659297}",(920) 885-4106,10513.971496740554,7bk1mi36D2nSRILxE9iNwQ,,False,"{'address1': 'N8884 State Rd 33', 'address2': '', 'address3': '', 'city': 'Beaver Dam', 'zip_code': '53916', 'country': 'US', 'state': 'WI', 'display_address': ['N8884 State Rd 33', 'Beaver Dam, WI 53916']}",Beaver Dam Country Club,+19208854106,,4.0,1,[],https://www.yelp.com/biz/beaver-dam-country-club-beaver-dam?adjust_creative=GVWAITeAe13hPk5JlriDSg&utm_campaign=yelp_api_v3&utm_medium=api_v3_business_search&utm_source=GVWAITeAe13hPk5JlriDSg
pjs-family-restaurant-juneau,"[{'alias': 'newamerican', 'title': 'American (New)'}]","{'latitude': 43.4057273864746, 'longitude': -88.7092895507812}",(920) 386-5691,13233.763539300367,XLUsInvThQK6ASVNUNv3_Q,,False,"{'address1': '255 W Oak Grove St', 'address2': '', 'address3': '', 'city': 'Juneau', 'zip_code': '53039', 'country': 'US', 'state': 'WI', 'display_address': ['255 W Oak Grove St', 'Juneau, WI 53039']}",Pj's Family Restaurant,+19203865691,$$,1.0,1,[],https://www.yelp.com/biz/pjs-family-restaurant-juneau?adjust_creative=GVWAITeAe13hPk5JlriDSg&utm_campaign=yelp_api_v3&utm_medium=api_v3_business_search&utm_source=GVWAITeAe13hPk5JlriDSg
subway-beaver-dam-2,"[{'alias': 'sandwiches', 'title': 'Sandwiches'}, {'alias': 'hotdogs', 'title': 'Fast Food'}]","{'latitude': 43.4708786, 'longitude': -88.8268738}",(920) 885-2424,10619.885981476287,Q2cLWXbRQ3BbA5_winMxrA,,False,"{'address1': '1511 N Spring St', 'address2': '', 'address3': '', 'city': 'Beaver Dam', 'zip_code': '53916', 'country': 'US', 'state': 'WI', 'display_address': ['1511 N Spring St', 'Beaver Dam, WI 53916']}",Subway,+19208852424,,2.5,2,[],https://www.yelp.com/biz/subway-beaver-dam-2?adjust_creative=GVWAITeAe13hPk5JlriDSg&utm_campaign=yelp_api_v3&utm_medium=api_v3_business_search&utm_source=GVWAITeAe13hPk5JlriDSg
marcos-pizza-beaver-dam,"[{'alias': 'pizza', 'title': 'Pizza'}]","{'latitude': 43.4578285217285, 'longitude': -88.8378753662109}",(920) 319-8101,12186.899680860666,gMmo3LdWJ-rceOT5fJbwXA,,False,"{'address1': '112 W Maple Ave', 'address2': None, 'address3': '', 'city': 'Beaver Dam', 'zip_code': '53916', 'country': 'US', 'state': 'WI', 'display_address': ['112 W Maple Ave', 'Beaver Dam, WI 53916']}",Marco's Pizza,+19203198101,,3.0,2,[],https://www.yelp.com/biz/marcos-pizza-beaver-dam?adjust_creative=GVWAITeAe13hPk5JlriDSg&utm_campaign=yelp_api_v3&utm_medium=api_v3_business_search&utm_source=GVWAITeAe13hPk5JlriDSg
danny-boys-irish-pub-horicon,"[{'alias': 'burgers', 'title': 'Burgers'}, {'alias': 'pubs', 'title': 'Pubs'}]","{'latitude': 43.451343536377, 'longitude': -88.631706237793}",(920) 485-0823,10713.265145360421,qEGtlKChU_yIUTHrK2AyRg,https://s3-media3.fl.yelpcdn.com/bphoto/GGVIv6RQ-1sCh1-Xag_-dQ/o.jpg,False,"{'address1': '315 E Lake St', 'address2': None, 'address3': None, 'city': 'Horicon', 'zip_code': '53032', 'country': 'US', 'state': 'WI', 'display_address': ['315 E Lake St', 'Horicon, WI 53032']}",Danny Boys Irish Pub,+19204850823,$$,3.0,1,[],https://www.yelp.com/biz/danny-boys-irish-pub-horicon?adjust_creative=GVWAITeAe13hPk5JlriDSg&utm_campaign=yelp_api_v3&utm_medium=api_v3_business_search&utm_source=GVWAITeAe13hPk5JlriDSg
morrys-bar-beaver-dam,"[{'alias': 'bars', 'title': 'Bars'}]","{'latitude': 43.451931, 'longitude': -88.8454208}",(920) 885-9750,13061.776261405555,yWm3jAmjGR6ehVr8ILFyUA,https://s3-media3.fl.yelpcdn.com/bphoto/V_n_h963QM381WHowHxp-Q/o.jpg,False,"{'address1': '430 Madison St', 'address2': '', 'address3': '', 'city': 'Beaver Dam', 'zip_code': '53916', 'country': 'US', 'state': 'WI', 'display_address': ['430 Madison St', 'Beaver Dam, WI 53916']}",Morry's Bar,+19208859750,,2.5,2,[],https://www.yelp.com/biz/morrys-bar-beaver-dam?adjust_creative=GVWAITeAe13hPk5JlriDSg&utm_campaign=yelp_api_v3&utm_medium=api_v3_business_search&utm_source=GVWAITeAe13hPk5JlriDSg
piggly-wiggly-waupun-3,"[{'alias': 'grocery', 'title': 'Grocery'}, {'alias': 'beer_and_wine', 'title': 'Beer, Wine & Spirits'}, {'alias': 'delis', 'title': 'Delis'}]","{'latitude': 43.6354217529297, 'longitude': -88.7169570922852}",(920) 324-5526,12334.104687982088,4KPCY9AmPZyCLc0mLqHchw,https://s3-media1.fl.yelpcdn.com/bphoto/THyOz6W4JfVRTb9KZA5UDQ/o.jpg,False,"{'address1': '100 Gateway Dr', 'address2': '', 'address3': '', 'city': 'Waupun', 'zip_code': '53963', 'country': 'US', 'state': 'WI', 'display_address': ['100 Gateway Dr', 'Waupun, WI 53963']}",Piggly Wiggly,+19203245526,,2.5,2,[],https://www.yelp.com/biz/piggly-wiggly-waupun-3?adjust_creative=GVWAITeAe13hPk5JlriDSg&utm_campaign=yelp_api_v3&utm_medium=api_v3_business_search&utm_source=GVWAITeAe13hPk5JlriDSg
from-scratch-kitchen-and-bakery-waupun,"[{'alias': 'bbq', 'title': 'Barbeque'}, {'alias': 'bakeries', 'title': 'Bakeries'}, {'alias': 'fishnchips', 'title': 'Fish & Chips'}]","{'latitude': 43.63277, 'longitude': -88.75083}",(920) 345-1238,12332.752157251693,4fokSVyZKDIZjUStmIfNeQ,https://s3-media3.fl.yelpcdn.com/bphoto/TwflBXjYiOcUw9lSyxLV3Q/o.jpg,False,"{'address1': '815 W Main St', 'address2': None, 'address3': '', 'city': 'Waupun', 'zip_code': '53963', 'country': 'US', 'state': 'WI', 'display_address': ['815 W Main St', 'Waupun, WI 53963']}",From Scratch Kitchen And Bakery,+19203451238,,3.0,1,[],https://www.yelp.com/biz/from-scratch-kitchen-and-bakery-waupun?adjust_creative=GVWAITeAe13hPk5JlriDSg&utm_campaign=yelp_api_v3&utm_medium=api_v3_business_search&utm_source=GVWAITeAe13hPk5JlriDSg
