alias,categories,coordinates,display_phone,distance,id,image_url,is_closed,location,name,phone,price,rating,review_count,transactions,url
twisted-willow-port-washington-2,"[{'alias': 'newamerican', 'title': 'American (New)'}, {'alias': 'bars', 'title': 'Bars'}]","{'latitude': 43.389777, 'longitude': -87.869128}",(262) 268-7600,12234.868925905512,_JxVTsGXObBySb8wvHp73g,https://s3-media2.fl.yelpcdn.com/bphoto/-fVWa3U0-mVNS8vhNs27YA/o.jpg,False,"{'address1': '308 N Franklin St', 'address2': '', 'address3': '', 'city': 'Port Washington', 'zip_code': '53074', 'country': 'US', 'state': 'WI', 'display_address': ['308 N Franklin St', 'Port Washington, WI 53074']}",Twisted Willow,+12622687600,$$,4.5,160,[],https://www.yelp.com/biz/twisted-willow-port-washington-2?adjust_creative=GVWAITeAe13hPk5JlriDSg&utm_campaign=yelp_api_v3&utm_medium=api_v3_business_search&utm_source=GVWAITeAe13hPk5JlriDSg
daily-baking-company-port-washington,"[{'alias': 'bakeries', 'title': 'Bakeries'}, {'alias': 'cafes', 'title': 'Cafes'}, {'alias': 'breakfast_brunch', 'title': 'Breakfast & Brunch'}]","{'latitude': 43.3888847, 'longitude': -87.8694329}",(262) 268-9994,12332.99550104825,cl8IWmLWSUuUIMNzkzwSCA,https://s3-media4.fl.yelpcdn.com/bphoto/R0uSf90ZB7PQfwS-lFJKCw/o.jpg,False,"{'address1': '211 N Franklin St', 'address2': None, 'address3': '', 'city': 'Port Washington', 'zip_code': '53074', 'country': 'US', 'state': 'WI', 'display_address': ['211 N Franklin St', 'Port Washington, WI 53074']}",Daily Baking Company,+12622689994,$$,4.5,73,[],https://www.yelp.com/biz/daily-baking-company-port-washington?adjust_creative=GVWAITeAe13hPk5JlriDSg&utm_campaign=yelp_api_v3&utm_medium=api_v3_business_search&utm_source=GVWAITeAe13hPk5JlriDSg
hobos-korner-kitchen-belgium-2,"[{'alias': 'tradamerican', 'title': 'American (Traditional)'}, {'alias': 'convenience', 'title': 'Convenience Stores'}]","{'latitude': 43.4999060255037, 'longitude': -87.8340445469512}",(262) 285-3417,3345.3059882755456,nkbFy557MZDLabIn6q9k0A,https://s3-media2.fl.yelpcdn.com/bphoto/dx_URyFW5KlwLY685kNlag/o.jpg,False,"{'address1': '100 Main St', 'address2': '', 'address3': '', 'city': 'Belgium', 'zip_code': '53004', 'country': 'US', 'state': 'WI', 'display_address': ['100 Main St', 'Belgium, WI 53004']}",Hobo's Korner Kitchen,+12622853417,$$,4.0,28,[],https://www.yelp.com/biz/hobos-korner-kitchen-belgium-2?adjust_creative=GVWAITeAe13hPk5JlriDSg&utm_campaign=yelp_api_v3&utm_medium=api_v3_business_search&utm_source=GVWAITeAe13hPk5JlriDSg
random-lake-pizzeria-random-lake,"[{'alias': 'pizza', 'title': 'Pizza'}]","{'latitude': 43.551589, 'longitude': -87.96265}",(920) 994-4414,9089.870674123777,K8JtFJAxHZKHWojhZhXGfg,https://s3-media3.fl.yelpcdn.com/bphoto/OsliBis0F0GevmTS8jf3Lg/o.jpg,False,"{'address1': '435 2nd St', 'address2': '', 'address3': '', 'city': 'Random Lake', 'zip_code': '53075', 'country': 'US', 'state': 'WI', 'display_address': ['435 2nd St', 'Random Lake, WI 53075']}",Random Lake Pizzeria,+19209944414,$$,5.0,20,[],https://www.yelp.com/biz/random-lake-pizzeria-random-lake?adjust_creative=GVWAITeAe13hPk5JlriDSg&utm_campaign=yelp_api_v3&utm_medium=api_v3_business_search&utm_source=GVWAITeAe13hPk5JlriDSg
harrington-beach-state-park-belgium,"[{'alias': 'parks', 'title': 'Parks'}]","{'latitude': 43.4928724385831, 'longitude': -87.8036724531133}",(262) 285-3015,5844.98923461089,0OT_pYQxuJSeHJ-7FZ8m_w,https://s3-media2.fl.yelpcdn.com/bphoto/dHoQ5OveOxnBBN2GdK6dLA/o.jpg,False,"{'address1': '531 County Rd D', 'address2': '', 'address3': '', 'city': 'Belgium', 'zip_code': '53004', 'country': 'US', 'state': 'WI', 'display_address': ['531 County Rd D', 'Belgium, WI 53004']}",Harrington Beach State Park,+12622853015,,4.5,23,[],https://www.yelp.com/biz/harrington-beach-state-park-belgium?adjust_creative=GVWAITeAe13hPk5JlriDSg&utm_campaign=yelp_api_v3&utm_medium=api_v3_business_search&utm_source=GVWAITeAe13hPk5JlriDSg
tellos-grille-and-cafe-port-washington,"[{'alias': 'mexican', 'title': 'Mexican'}, {'alias': 'greek', 'title': 'Greek'}]","{'latitude': 43.38777, 'longitude': -87.87296}",(262) 268-1133,12452.655555331292,4cugt4xsGsvFJwtnz4kO5A,https://s3-media1.fl.yelpcdn.com/bphoto/3SeT7lQGA6LunHmFLT9PwA/o.jpg,False,"{'address1': '200 W Grand Ave', 'address2': '', 'address3': '', 'city': 'Port Washington', 'zip_code': '53074', 'country': 'US', 'state': 'WI', 'display_address': ['200 W Grand Ave', 'Port Washington, WI 53074']}",Tello's Grille & Cafe,+12622681133,$$,3.5,108,[],https://www.yelp.com/biz/tellos-grille-and-cafe-port-washington?adjust_creative=GVWAITeAe13hPk5JlriDSg&utm_campaign=yelp_api_v3&utm_medium=api_v3_business_search&utm_source=GVWAITeAe13hPk5JlriDSg
the-chocolate-chisel-port-washington,"[{'alias': 'desserts', 'title': 'Desserts'}, {'alias': 'icecream', 'title': 'Ice Cream & Frozen Yogurt'}, {'alias': 'chocolate', 'title': 'Chocolatiers & Shops'}]","{'latitude': 43.38732, 'longitude': -87.872}",(262) 261-0200,12491.560333157377,PwzCKwYub9grDRUOIYZlbA,https://s3-media3.fl.yelpcdn.com/bphoto/p6CQ6_6JXZauNnF1rDpVmA/o.jpg,False,"{'address1': '125 W Grand Ave', 'address2': '', 'address3': '', 'city': 'Port Washington', 'zip_code': '53074', 'country': 'US', 'state': 'WI', 'display_address': ['125 W Grand Ave', 'Port Washington, WI 53074']}",The Chocolate Chisel,+12622610200,$$,4.5,42,[],https://www.yelp.com/biz/the-chocolate-chisel-port-washington?adjust_creative=GVWAITeAe13hPk5JlriDSg&utm_campaign=yelp_api_v3&utm_medium=api_v3_business_search&utm_source=GVWAITeAe13hPk5JlriDSg
yummy-bones-port-washington,"[{'alias': 'bbq', 'title': 'Barbeque'}]","{'latitude': 43.3886642456055, 'longitude': -87.8696365356445}",(262) 268-9221,12358.425422351507,p_z8AZ1sjDCxNL80nevWqA,https://s3-media2.fl.yelpcdn.com/bphoto/Z_Ijses0JZDdL2quEnuwNA/o.jpg,False,"{'address1': '201 Franklin St', 'address2': '', 'address3': '', 'city': 'Port Washington', 'zip_code': '53074', 'country': 'US', 'state': 'WI', 'display_address': ['201 Franklin St', 'Port Washington, WI 53074']}",Yummy Bones,+12622689221,$$,4.0,61,[],https://www.yelp.com/biz/yummy-bones-port-washington?adjust_creative=GVWAITeAe13hPk5JlriDSg&utm_campaign=yelp_api_v3&utm_medium=api_v3_business_search&utm_source=GVWAITeAe13hPk5JlriDSg
baltica-tea-room-and-bistro-port-washington,"[{'alias': 'modern_european', 'title': 'Modern European'}, {'alias': 'tea', 'title': 'Tea Rooms'}, {'alias': 'breakfast_brunch', 'title': 'Breakfast & Brunch'}]","{'latitude': 43.3892135620117, 'longitude': -87.8696441650391}",(262) 268-8832,12296.001624166596,0x6fpijv5embfcFJQz4ezQ,https://s3-media2.fl.yelpcdn.com/bphoto/JCwfWVoYQQIJgqozS89s4A/o.jpg,False,"{'address1': '223 N Franklin St', 'address2': '', 'address3': '', 'city': 'Port Washington', 'zip_code': '53074', 'country': 'US', 'state': 'WI', 'display_address': ['223 N Franklin St', 'Port Washington, WI 53074']}",Baltica Tea Room & Bistro,+12622688832,$$,4.5,24,[],https://www.yelp.com/biz/baltica-tea-room-and-bistro-port-washington?adjust_creative=GVWAITeAe13hPk5JlriDSg&utm_campaign=yelp_api_v3&utm_medium=api_v3_business_search&utm_source=GVWAITeAe13hPk5JlriDSg
judis-place-oostburg,"[{'alias': 'breakfast_brunch', 'title': 'Breakfast & Brunch'}, {'alias': 'diners', 'title': 'Diners'}, {'alias': 'newamerican', 'title': 'American (New)'}]","{'latitude': 43.6232795715332, 'longitude': -87.7980041503906}",(920) 564-3535,15091.779044406814,5vtWdz999A4RHrLNsUxqmQ,https://s3-media3.fl.yelpcdn.com/bphoto/EHrOPVLLdie6p-MwaNOTsw/o.jpg,False,"{'address1': '930 Center Ave', 'address2': '', 'address3': '', 'city': 'Oostburg', 'zip_code': '53070', 'country': 'US', 'state': 'WI', 'display_address': ['930 Center Ave', 'Oostburg, WI 53070']}",Judi's Place,+19205643535,$,4.5,44,[],https://www.yelp.com/biz/judis-place-oostburg?adjust_creative=GVWAITeAe13hPk5JlriDSg&utm_campaign=yelp_api_v3&utm_medium=api_v3_business_search&utm_source=GVWAITeAe13hPk5JlriDSg
sir-james-pub-port-washington,"[{'alias': 'pubs', 'title': 'Pubs'}]","{'latitude': 43.390140447175, 'longitude': -87.8691426246628}",(262) 284-6856,12194.441595462778,K0puoqbLzsTIMBjJmVPf3g,https://s3-media1.fl.yelpcdn.com/bphoto/0Wo2VQyeblWJ0TIvRsq-QA/o.jpg,False,"{'address1': '316 N Franklin St', 'address2': '', 'address3': '', 'city': 'Port Washington', 'zip_code': '53074', 'country': 'US', 'state': 'WI', 'display_address': ['316 N Franklin St', 'Port Washington, WI 53074']}",Sir James Pub,+12622846856,$$,4.5,24,[],https://www.yelp.com/biz/sir-james-pub-port-washington?adjust_creative=GVWAITeAe13hPk5JlriDSg&utm_campaign=yelp_api_v3&utm_medium=api_v3_business_search&utm_source=GVWAITeAe13hPk5JlriDSg
rivers-edge-saukville,"[{'alias': 'breakfast_brunch', 'title': 'Breakfast & Brunch'}, {'alias': 'salad', 'title': 'Salad'}]","{'latitude': 43.379402, 'longitude': -87.93251}",(262) 284-9918,14118.215879415455,Dlhy5zzGeATM5Is3A2oU_g,https://s3-media2.fl.yelpcdn.com/bphoto/auzHQKI_pLqlXJ-Sjmh5DQ/o.jpg,False,"{'address1': '283 S Riverside Dr', 'address2': '', 'address3': '', 'city': 'Saukville', 'zip_code': '53080', 'country': 'US', 'state': 'WI', 'display_address': ['283 S Riverside Dr', 'Saukville, WI 53080']}",Rivers Edge,+12622849918,$,4.5,23,[],https://www.yelp.com/biz/rivers-edge-saukville?adjust_creative=GVWAITeAe13hPk5JlriDSg&utm_campaign=yelp_api_v3&utm_medium=api_v3_business_search&utm_source=GVWAITeAe13hPk5JlriDSg
lake-church-pub-and-grill-cedar-grove,"[{'alias': 'tradamerican', 'title': 'American (Traditional)'}, {'alias': 'pubs', 'title': 'Pubs'}, {'alias': 'sportsbars', 'title': 'Sports Bars'}]","{'latitude': 43.4997697992868, 'longitude': -87.8203733710966}",(262) 285-3475,4447.936254862913,RWxhmiU_oAZOs_ztSXUPTQ,https://s3-media2.fl.yelpcdn.com/bphoto/wKQCeyseCn72AwaJ3s-k2Q/o.jpg,False,"{'address1': '690 County Hwy D', 'address2': '', 'address3': '', 'city': 'Cedar Grove', 'zip_code': '53013', 'country': 'US', 'state': 'WI', 'display_address': ['690 County Hwy D', 'Cedar Grove, WI 53013']}",Lake Church Pub & Grill,+12622853475,$$,4.0,9,[],https://www.yelp.com/biz/lake-church-pub-and-grill-cedar-grove?adjust_creative=GVWAITeAe13hPk5JlriDSg&utm_campaign=yelp_api_v3&utm_medium=api_v3_business_search&utm_source=GVWAITeAe13hPk5JlriDSg
smith-bros-port-washington,"[{'alias': 'coffee', 'title': 'Coffee & Tea'}, {'alias': 'newamerican', 'title': 'American (New)'}, {'alias': 'vegan', 'title': 'Vegan'}]","{'latitude': 43.38782, 'longitude': -87.86893}",(262) 268-2767,12459.496876692618,5edSCH87XD2D6yP_HrtE_A,https://s3-media2.fl.yelpcdn.com/bphoto/1wN34U3uZ0YaeKR1lhqt5Q/o.jpg,False,"{'address1': '100 N Franklin St', 'address2': '', 'address3': '', 'city': 'Port Washington', 'zip_code': '53074', 'country': 'US', 'state': 'WI', 'display_address': ['100 N Franklin St', 'Port Washington, WI 53074']}",Smith Bros,+12622682767,$,4.0,40,[],https://www.yelp.com/biz/smith-bros-port-washington?adjust_creative=GVWAITeAe13hPk5JlriDSg&utm_campaign=yelp_api_v3&utm_medium=api_v3_business_search&utm_source=GVWAITeAe13hPk5JlriDSg
homefront-random-lake,"[{'alias': 'seafood', 'title': 'Seafood'}, {'alias': 'tradamerican', 'title': 'American (Traditional)'}, {'alias': 'steak', 'title': 'Steakhouses'}]","{'latitude': 43.5512009, 'longitude': -87.9616928}",(920) 994-9033,8998.929322897595,JiPjDGZ8ZG_ENir-zh5LMQ,https://s3-media1.fl.yelpcdn.com/bphoto/vLsmIFVkwzbjktnfLxYdoA/o.jpg,False,"{'address1': '417 2nd St', 'address2': '', 'address3': '', 'city': 'Random Lake', 'zip_code': '53075', 'country': 'US', 'state': 'WI', 'display_address': ['417 2nd St', 'Random Lake, WI 53075']}",Homefront,+19209949033,$$,5.0,10,[],https://www.yelp.com/biz/homefront-random-lake?adjust_creative=GVWAITeAe13hPk5JlriDSg&utm_campaign=yelp_api_v3&utm_medium=api_v3_business_search&utm_source=GVWAITeAe13hPk5JlriDSg
beanies-mexican-restaurant-port-washington,"[{'alias': 'mexican', 'title': 'Mexican'}]","{'latitude': 43.3876158, 'longitude': -87.8693528}",(262) 284-7200,12474.236434035503,A8p580Oo5Mrr_cPiEFtHfA,https://s3-media1.fl.yelpcdn.com/bphoto/J2GfLdjooKFLSe-CmBHXbA/o.jpg,False,"{'address1': '102 E Grand Ave', 'address2': '', 'address3': '', 'city': 'Port Washington', 'zip_code': '53074', 'country': 'US', 'state': 'WI', 'display_address': ['102 E Grand Ave', 'Port Washington, WI 53074']}",Beanies Mexican Restaurant,+12622847200,$$,3.0,86,[],https://www.yelp.com/biz/beanies-mexican-restaurant-port-washington?adjust_creative=GVWAITeAe13hPk5JlriDSg&utm_campaign=yelp_api_v3&utm_medium=api_v3_business_search&utm_source=GVWAITeAe13hPk5JlriDSg
johns-pizzaria-port-washington,"[{'alias': 'pizza', 'title': 'Pizza'}]","{'latitude': 43.389157, 'longitude': -87.869639}",(262) 284-5581,12302.087946480162,40UN0XrrNjZTsX5U8bUP4g,https://s3-media1.fl.yelpcdn.com/bphoto/9gmAE_039wcu2TzVmaWd5Q/o.jpg,False,"{'address1': '221 N Franklin St', 'address2': '', 'address3': '', 'city': 'Port Washington', 'zip_code': '53074', 'country': 'US', 'state': 'WI', 'display_address': ['221 N Franklin St', 'Port Washington, WI 53074']}",John's Pizzaria,+12622845581,$$,4.0,38,[],https://www.yelp.com/biz/johns-pizzaria-port-washington?adjust_creative=GVWAITeAe13hPk5JlriDSg&utm_campaign=yelp_api_v3&utm_medium=api_v3_business_search&utm_source=GVWAITeAe13hPk5JlriDSg
newport-shores-port-washington-2,"[{'alias': 'seafood', 'title': 'Seafood'}, {'alias': 'pubs', 'title': 'Pubs'}]","{'latitude': 43.39013, 'longitude': -87.86581}",(262) 284-6838,12199.606525283407,nSLLHMOPK-bpNKJD8dhjjw,https://s3-media2.fl.yelpcdn.com/bphoto/D6hzkoWahD4Ie6ditSVoPQ/o.jpg,False,"{'address1': '407 E Jackson St', 'address2': '', 'address3': '', 'city': 'Port Washington', 'zip_code': '53074', 'country': 'US', 'state': 'WI', 'display_address': ['407 E Jackson St', 'Port Washington, WI 53074']}",Newport Shores,+12622846838,$$,3.0,94,[],https://www.yelp.com/biz/newport-shores-port-washington-2?adjust_creative=GVWAITeAe13hPk5JlriDSg&utm_campaign=yelp_api_v3&utm_medium=api_v3_business_search&utm_source=GVWAITeAe13hPk5JlriDSg
wingit-port-washington,"[{'alias': 'newamerican', 'title': 'American (New)'}, {'alias': 'chicken_wings', 'title': 'Chicken Wings'}]","{'latitude': 43.3871849, 'longitude': -87.8826025}",(414) 979-1155,12519.627167693548,F-xnHRPMC8ufYktgdFV4lw,https://s3-media3.fl.yelpcdn.com/bphoto/3OIOwMhTp5b_HVbiJrrmrA/o.jpg,False,"{'address1': '620 W Grand Ave', 'address2': '', 'address3': '', 'city': 'Port Washington', 'zip_code': '53074', 'country': 'US', 'state': 'WI', 'display_address': ['620 W Grand Ave', 'Port Washington, WI 53074']}",WingIt,+14149791155,$$,3.5,37,['pickup'],https://www.yelp.com/biz/wingit-port-washington?adjust_creative=GVWAITeAe13hPk5JlriDSg&utm_campaign=yelp_api_v3&utm_medium=api_v3_business_search&utm_source=GVWAITeAe13hPk5JlriDSg
dockside-deli-port-washington,"[{'alias': 'delis', 'title': 'Delis'}, {'alias': 'breakfast_brunch', 'title': 'Breakfast & Brunch'}, {'alias': 'sandwiches', 'title': 'Sandwiches'}]","{'latitude': 43.3887072646139, 'longitude': -87.8682357559353}",(262) 284-9440,12356.931332673792,5kx4zqoYkMN7BTjr7Fme5w,https://s3-media4.fl.yelpcdn.com/bphoto/qCWNunqvyR8at9Q14VWdFQ/o.jpg,False,"{'address1': '218 E Main St', 'address2': '', 'address3': '', 'city': 'Port Washington', 'zip_code': '53074', 'country': 'US', 'state': 'WI', 'display_address': ['218 E Main St', 'Port Washington, WI 53074']}",Dockside Deli,+12622849440,$$,3.5,46,[],https://www.yelp.com/biz/dockside-deli-port-washington?adjust_creative=GVWAITeAe13hPk5JlriDSg&utm_campaign=yelp_api_v3&utm_medium=api_v3_business_search&utm_source=GVWAITeAe13hPk5JlriDSg
the-pasta-shoppe-port-washington,"[{'alias': 'pizza', 'title': 'Pizza'}, {'alias': 'italian', 'title': 'Italian'}, {'alias': 'pastashops', 'title': 'Pasta Shops'}]","{'latitude': 43.3900955102803, 'longitude': -87.8695341595245}",(262) 284-9311,12198.141028475202,C-g6um-3VuXpkf3bSZGWGg,https://s3-media1.fl.yelpcdn.com/bphoto/Kp1RmRG1WYw5OTx1eBdZdQ/o.jpg,False,"{'address1': '323 N Franklin St', 'address2': '', 'address3': '', 'city': 'Port Washington', 'zip_code': '53074', 'country': 'US', 'state': 'WI', 'display_address': ['323 N Franklin St', 'Port Washington, WI 53074']}",The Pasta Shoppe,+12622849311,$$,3.5,42,['pickup'],https://www.yelp.com/biz/the-pasta-shoppe-port-washington?adjust_creative=GVWAITeAe13hPk5JlriDSg&utm_campaign=yelp_api_v3&utm_medium=api_v3_business_search&utm_source=GVWAITeAe13hPk5JlriDSg
inventors-brewpub-port-washington,"[{'alias': 'burgers', 'title': 'Burgers'}, {'alias': 'brewpubs', 'title': 'Brewpubs'}]","{'latitude': 43.3917759, 'longitude': -87.866867}",(262) 284-4690,12053.621471131966,VlU6P5e6SsIylLPgAPVcBA,https://s3-media1.fl.yelpcdn.com/bphoto/rjBAdM_-9NAE_RGUcGwniA/o.jpg,False,"{'address1': '435 N Lake St', 'address2': None, 'address3': '', 'city': 'Port Washington', 'zip_code': '53074', 'country': 'US', 'state': 'WI', 'display_address': ['435 N Lake St', 'Port Washington, WI 53074']}",Inventors Brewpub,+12622844690,$$,4.0,17,[],https://www.yelp.com/biz/inventors-brewpub-port-washington?adjust_creative=GVWAITeAe13hPk5JlriDSg&utm_campaign=yelp_api_v3&utm_medium=api_v3_business_search&utm_source=GVWAITeAe13hPk5JlriDSg
messina-restaurant-saukville,"[{'alias': 'pizza', 'title': 'Pizza'}, {'alias': 'italian', 'title': 'Italian'}, {'alias': 'steak', 'title': 'Steakhouses'}]","{'latitude': 43.3834915, 'longitude': -87.9475021}",(262) 284-6764,14175.128402216153,a8z6oS7lNS4kF-avT-GptQ,https://s3-media2.fl.yelpcdn.com/bphoto/BqwTQwZR4MvIKv_VY5YU4w/o.jpg,False,"{'address1': '151 N Progress Dr', 'address2': '', 'address3': '', 'city': 'Saukville', 'zip_code': '53080', 'country': 'US', 'state': 'WI', 'display_address': ['151 N Progress Dr', 'Saukville, WI 53080']}",Messina Restaurant,+12622846764,$$,4.0,23,[],https://www.yelp.com/biz/messina-restaurant-saukville?adjust_creative=GVWAITeAe13hPk5JlriDSg&utm_campaign=yelp_api_v3&utm_medium=api_v3_business_search&utm_source=GVWAITeAe13hPk5JlriDSg
bada-bing-pizza-cedar-grove,"[{'alias': 'pizza', 'title': 'Pizza'}]","{'latitude': 43.570658, 'longitude': -87.820516}",(920) 668-8488,9049.62677754372,bBYSGodyaSluFzWyykRrJA,https://s3-media4.fl.yelpcdn.com/bphoto/vZUANZUNPoqpS9ZPhYd3YQ/o.jpg,False,"{'address1': '213 S Main St', 'address2': None, 'address3': None, 'city': 'Cedar Grove', 'zip_code': '53013', 'country': 'US', 'state': 'WI', 'display_address': ['213 S Main St', 'Cedar Grove, WI 53013']}",Bada Bing Pizza,+19206688488,$$,4.5,8,"['delivery', 'pickup']",https://www.yelp.com/biz/bada-bing-pizza-cedar-grove?adjust_creative=GVWAITeAe13hPk5JlriDSg&utm_campaign=yelp_api_v3&utm_medium=api_v3_business_search&utm_source=GVWAITeAe13hPk5JlriDSg
ozaukee-interurban-trail-port-washington,"[{'alias': 'hiking', 'title': 'Hiking'}]","{'latitude': 43.3883307, 'longitude': -87.8713694}",(877) 875-7795,12403.647953375192,a7J5aYyJdcnZBHcrir5t-A,https://s3-media2.fl.yelpcdn.com/bphoto/rNo3pTaMjrjabJjO8UrrqA/o.jpg,False,"{'address1': '121 W Main St', 'address2': '', 'address3': '', 'city': 'Port Washington', 'zip_code': '53074', 'country': 'US', 'state': 'WI', 'display_address': ['121 W Main St', 'Port Washington, WI 53074']}",Ozaukee Interurban Trail,+18778757795,,4.0,14,[],https://www.yelp.com/biz/ozaukee-interurban-trail-port-washington?adjust_creative=GVWAITeAe13hPk5JlriDSg&utm_campaign=yelp_api_v3&utm_medium=api_v3_business_search&utm_source=GVWAITeAe13hPk5JlriDSg
vines-to-cellar-port-washington,"[{'alias': 'wineries', 'title': 'Wineries'}, {'alias': 'wine_bars', 'title': 'Wine Bars'}]","{'latitude': 43.3887568, 'longitude': -87.8701476}",(262) 536-4544,12345.0446749928,4dNIgcVH4_NlCh3o_6w8Bg,https://s3-media2.fl.yelpcdn.com/bphoto/e7HPxEfdfIJ4e_sDfVXvXA/o.jpg,False,"{'address1': '114 E Main St', 'address2': None, 'address3': None, 'city': 'Port Washington', 'zip_code': '53074', 'country': 'US', 'state': 'WI', 'display_address': ['114 E Main St', 'Port Washington, WI 53074']}",Vines To Cellar,+12625364544,$$,4.0,15,[],https://www.yelp.com/biz/vines-to-cellar-port-washington?adjust_creative=GVWAITeAe13hPk5JlriDSg&utm_campaign=yelp_api_v3&utm_medium=api_v3_business_search&utm_source=GVWAITeAe13hPk5JlriDSg
oostburg-bakery-oostburg,"[{'alias': 'bakeries', 'title': 'Bakeries'}]","{'latitude': 43.623661, 'longitude': -87.7992401}",(920) 564-2221,15079.638422923497,heFHWFkr5B5OZF2QAmX6CA,https://s3-media4.fl.yelpcdn.com/bphoto/YU4Y_lEQWpiI8nzeOjxlhQ/o.jpg,False,"{'address1': '16 N 10th St', 'address2': '', 'address3': '', 'city': 'Oostburg', 'zip_code': '53070', 'country': 'US', 'state': 'WI', 'display_address': ['16 N 10th St', 'Oostburg, WI 53070']}",Oostburg Bakery,+19205642221,$,5.0,6,[],https://www.yelp.com/biz/oostburg-bakery-oostburg?adjust_creative=GVWAITeAe13hPk5JlriDSg&utm_campaign=yelp_api_v3&utm_medium=api_v3_business_search&utm_source=GVWAITeAe13hPk5JlriDSg
java-dock-cafe-port-washington,"[{'alias': 'coffee', 'title': 'Coffee & Tea'}, {'alias': 'cafes', 'title': 'Cafes'}, {'alias': 'newamerican', 'title': 'American (New)'}]","{'latitude': 43.387842, 'longitude': -87.871684}",(262) 284-1600,12442.999660519772,hmPh3i_YES3UH__sJE6Iww,https://s3-media1.fl.yelpcdn.com/bphoto/vMO81kgHXcGoeoQ7JFILFw/o.jpg,False,"{'address1': '116 W Grand Ave', 'address2': 'Ste 101', 'address3': '', 'city': 'Port Washington', 'zip_code': '53074', 'country': 'US', 'state': 'WI', 'display_address': ['116 W Grand Ave', 'Ste 101', 'Port Washington, WI 53074']}",Java Dock Cafe,+12622841600,$$,3.5,21,[],https://www.yelp.com/biz/java-dock-cafe-port-washington?adjust_creative=GVWAITeAe13hPk5JlriDSg&utm_campaign=yelp_api_v3&utm_medium=api_v3_business_search&utm_source=GVWAITeAe13hPk5JlriDSg
the-wicked-grille-port-washington-2,"[{'alias': 'gastropubs', 'title': 'Gastropubs'}, {'alias': 'burgers', 'title': 'Burgers'}]","{'latitude': 43.38908, 'longitude': -87.86968}",(262) 235-4808,12308.068241552197,HqP3ZfFtAVxqtl1S8sPAWg,https://s3-media4.fl.yelpcdn.com/bphoto/o6Se3-M4pM8bRtD-c_WvZQ/o.jpg,False,"{'address1': '219 N Franklin St', 'address2': None, 'address3': '', 'city': 'Port Washington', 'zip_code': '53074', 'country': 'US', 'state': 'WI', 'display_address': ['219 N Franklin St', 'Port Washington, WI 53074']}",The Wicked Grille,+12622354808,$$,3.5,25,[],https://www.yelp.com/biz/the-wicked-grille-port-washington-2?adjust_creative=GVWAITeAe13hPk5JlriDSg&utm_campaign=yelp_api_v3&utm_medium=api_v3_business_search&utm_source=GVWAITeAe13hPk5JlriDSg
fredonia-family-restaurant-fredonia,"[{'alias': 'tradamerican', 'title': 'American (Traditional)'}, {'alias': 'mexican', 'title': 'Mexican'}, {'alias': 'breakfast_brunch', 'title': 'Breakfast & Brunch'}]","{'latitude': 43.4716417640448, 'longitude': -87.9424660652876}",(262) 692-2302,6240.641509043038,Vghf8UYuq_GHgDJQ67Vdmw,https://s3-media1.fl.yelpcdn.com/bphoto/46tK1f5z4Hl4C7230UtEwQ/o.jpg,False,"{'address1': '217 Highland Dr', 'address2': '', 'address3': '', 'city': 'Fredonia', 'zip_code': '53021', 'country': 'US', 'state': 'WI', 'display_address': ['217 Highland Dr', 'Fredonia, WI 53021']}",Fredonia Family Restaurant,+12626922302,$$,3.0,12,[],https://www.yelp.com/biz/fredonia-family-restaurant-fredonia?adjust_creative=GVWAITeAe13hPk5JlriDSg&utm_campaign=yelp_api_v3&utm_medium=api_v3_business_search&utm_source=GVWAITeAe13hPk5JlriDSg
bada-bing-pizza-fredonia,"[{'alias': 'pizza', 'title': 'Pizza'}]","{'latitude': 43.4720001, 'longitude': -87.9425964}",(262) 692-2556,6259.845194302824,XuSzccJPV6R41uUfbsQRHw,https://s3-media3.fl.yelpcdn.com/bphoto/OhBVG6sm9_wqsmruFbVRkw/o.jpg,False,"{'address1': '221 Highland Dr', 'address2': None, 'address3': None, 'city': 'Fredonia', 'zip_code': '53021', 'country': 'US', 'state': 'WI', 'display_address': ['221 Highland Dr', 'Fredonia, WI 53021']}",Bada Bing Pizza,+12626922556,$,4.5,3,[],https://www.yelp.com/biz/bada-bing-pizza-fredonia?adjust_creative=GVWAITeAe13hPk5JlriDSg&utm_campaign=yelp_api_v3&utm_medium=api_v3_business_search&utm_source=GVWAITeAe13hPk5JlriDSg
schooner-pub-port-washington,"[{'alias': 'bars', 'title': 'Bars'}, {'alias': 'tradamerican', 'title': 'American (Traditional)'}, {'alias': 'pizza', 'title': 'Pizza'}]","{'latitude': 43.38801, 'longitude': -87.86896}",(262) 284-2258,12431.32402247473,0hSRy7UZpAPTB0B3HuVytQ,https://s3-media3.fl.yelpcdn.com/bphoto/znPdHZgTpwsLyoCN3MuPig/o.jpg,False,"{'address1': '114 N Franklin St', 'address2': '', 'address3': '', 'city': 'Port Washington', 'zip_code': '53074', 'country': 'US', 'state': 'WI', 'display_address': ['114 N Franklin St', 'Port Washington, WI 53074']}",Schooner Pub,+12622842258,$,3.5,20,[],https://www.yelp.com/biz/schooner-pub-port-washington?adjust_creative=GVWAITeAe13hPk5JlriDSg&utm_campaign=yelp_api_v3&utm_medium=api_v3_business_search&utm_source=GVWAITeAe13hPk5JlriDSg
miriams-bakery-fredonia,"[{'alias': 'bakeries', 'title': 'Bakeries'}]","{'latitude': 43.47187, 'longitude': -87.94323}",,6259.845194302824,i1fxIGvPBiltIVASZslLAw,https://s3-media1.fl.yelpcdn.com/bphoto/afaFer1HQlD3Ow_SnuKMsQ/o.jpg,False,"{'address1': '225 Highland Dr', 'address2': '', 'address3': None, 'city': 'Fredonia', 'zip_code': '53021', 'country': 'US', 'state': 'WI', 'display_address': ['225 Highland Dr', 'Fredonia, WI 53021']}",Miriams Bakery,,,5.0,2,[],https://www.yelp.com/biz/miriams-bakery-fredonia?adjust_creative=GVWAITeAe13hPk5JlriDSg&utm_campaign=yelp_api_v3&utm_medium=api_v3_business_search&utm_source=GVWAITeAe13hPk5JlriDSg
stony-hill-grill-waubeka,"[{'alias': 'pubs', 'title': 'Pubs'}, {'alias': 'tradamerican', 'title': 'American (Traditional)'}]","{'latitude': 43.473777, 'longitude': -87.990913}",(262) 692-9592,9745.602207204365,G7MBE1i3H6Ls-QMMHXEpeQ,https://s3-media2.fl.yelpcdn.com/bphoto/eDKki69IOpg97lA0q31LvA/o.jpg,False,"{'address1': 'N5423 Cigrand Dr', 'address2': None, 'address3': None, 'city': 'Waubeka', 'zip_code': '53021', 'country': 'US', 'state': 'WI', 'display_address': ['N5423 Cigrand Dr', 'Waubeka, WI 53021']}",Stony Hill Grill,+12626929592,,4.0,7,[],https://www.yelp.com/biz/stony-hill-grill-waubeka?adjust_creative=GVWAITeAe13hPk5JlriDSg&utm_campaign=yelp_api_v3&utm_medium=api_v3_business_search&utm_source=GVWAITeAe13hPk5JlriDSg
riverview-inn-the-next-generation-saukville,"[{'alias': 'pizza', 'title': 'Pizza'}]","{'latitude': 43.392249, 'longitude': -87.937958}",(262) 284-0411,12968.811406431165,REvHe0G-k4AS6nREe1YCBg,https://s3-media2.fl.yelpcdn.com/bphoto/Li2ABkDe4pSnzqnzWtIszA/o.jpg,False,"{'address1': '3172 County Rd W', 'address2': '', 'address3': '', 'city': 'Saukville', 'zip_code': '53080', 'country': 'US', 'state': 'WI', 'display_address': ['3172 County Rd W', 'Saukville, WI 53080']}",Riverview Inn-the Next Generation,+12622840411,$$,4.0,12,[],https://www.yelp.com/biz/riverview-inn-the-next-generation-saukville?adjust_creative=GVWAITeAe13hPk5JlriDSg&utm_campaign=yelp_api_v3&utm_medium=api_v3_business_search&utm_source=GVWAITeAe13hPk5JlriDSg
china-king-port-washington,"[{'alias': 'chinese', 'title': 'Chinese'}]","{'latitude': 43.3886449, 'longitude': -87.8689204}",(262) 284-7388,12334.166046435486,zxmuRXMs5WAIkcVPfs5UCA,https://s3-media4.fl.yelpcdn.com/bphoto/L2YB6qhhvip63jzb5SNKbg/o.jpg,False,"{'address1': '228 E Main St', 'address2': '', 'address3': None, 'city': 'Port Washington', 'zip_code': '53074', 'country': 'US', 'state': 'WI', 'display_address': ['228 E Main St', 'Port Washington, WI 53074']}",China King,+12622847388,$,3.5,13,[],https://www.yelp.com/biz/china-king-port-washington?adjust_creative=GVWAITeAe13hPk5JlriDSg&utm_campaign=yelp_api_v3&utm_medium=api_v3_business_search&utm_source=GVWAITeAe13hPk5JlriDSg
the-cedar-beach-inn-belgium,"[{'alias': 'venues', 'title': 'Venues & Event Spaces'}, {'alias': 'tradamerican', 'title': 'American (Traditional)'}]","{'latitude': 43.484126, 'longitude': -87.797482}",(262) 285-3389,6509.05133274575,j6mEzC7uIIknSIomAlpzEw,https://s3-media2.fl.yelpcdn.com/bphoto/MQqjBJszRu7yLhz94yZv9Q/o.jpg,False,"{'address1': '231 Cedar Beach Rd', 'address2': '', 'address3': '', 'city': 'Belgium', 'zip_code': '53004', 'country': 'US', 'state': 'WI', 'display_address': ['231 Cedar Beach Rd', 'Belgium, WI 53004']}",The Cedar Beach Inn,+12622853389,$$,3.5,5,[],https://www.yelp.com/biz/the-cedar-beach-inn-belgium?adjust_creative=GVWAITeAe13hPk5JlriDSg&utm_campaign=yelp_api_v3&utm_medium=api_v3_business_search&utm_source=GVWAITeAe13hPk5JlriDSg
gregs-tap-adell,"[{'alias': 'diners', 'title': 'Diners'}, {'alias': 'beer_and_wine', 'title': 'Beer, Wine & Spirits'}]","{'latitude': 43.61858, 'longitude': -87.95229}",(920) 994-4053,14592.637190870459,V5llJYuIc7VlgiF8_IqHDA,https://s3-media3.fl.yelpcdn.com/bphoto/yNIap6rnS1AXUl62ZHchbA/o.jpg,False,"{'address1': '409 Wisconsin St', 'address2': '', 'address3': '', 'city': 'Adell', 'zip_code': '53001', 'country': 'US', 'state': 'WI', 'display_address': ['409 Wisconsin St', 'Adell, WI 53001']}",Greg's Tap,+19209944053,$$,4.5,6,[],https://www.yelp.com/biz/gregs-tap-adell?adjust_creative=GVWAITeAe13hPk5JlriDSg&utm_campaign=yelp_api_v3&utm_medium=api_v3_business_search&utm_source=GVWAITeAe13hPk5JlriDSg
subway-saukville,"[{'alias': 'sandwiches', 'title': 'Sandwiches'}, {'alias': 'hotdogs', 'title': 'Fast Food'}]","{'latitude': 43.3836217224598, 'longitude': -87.9304175823927}",(262) 284-2410,13662.266182310846,prqL0bcq_GrxJjieqz_j2g,https://s3-media3.fl.yelpcdn.com/bphoto/RVR_zz4_-B012tl0YGCirg/o.jpg,False,"{'address1': '130 S Foster Dr', 'address2': '', 'address3': '', 'city': 'Saukville', 'zip_code': '53080', 'country': 'US', 'state': 'WI', 'display_address': ['130 S Foster Dr', 'Saukville, WI 53080']}",Subway,+12622842410,$,4.5,5,[],https://www.yelp.com/biz/subway-saukville?adjust_creative=GVWAITeAe13hPk5JlriDSg&utm_campaign=yelp_api_v3&utm_medium=api_v3_business_search&utm_source=GVWAITeAe13hPk5JlriDSg
between-the-greens-saukville,"[{'alias': 'tradamerican', 'title': 'American (Traditional)'}, {'alias': 'burgers', 'title': 'Burgers'}, {'alias': 'sandwiches', 'title': 'Sandwiches'}]","{'latitude': 43.3974723815918, 'longitude': -87.9792938232422}",(262) 284-9808,14123.66439867065,xXImCcbpb__ZyRCQcl7PXA,https://s3-media1.fl.yelpcdn.com/bphoto/wrpGJMQ6YUvWL8ZPiCP7ew/o.jpg,False,"{'address1': '3315 County Rd I', 'address2': '', 'address3': '', 'city': 'Saukville', 'zip_code': '53080', 'country': 'US', 'state': 'WI', 'display_address': ['3315 County Rd I', 'Saukville, WI 53080']}",Between the Greens,+12622849808,$,4.5,5,[],https://www.yelp.com/biz/between-the-greens-saukville?adjust_creative=GVWAITeAe13hPk5JlriDSg&utm_campaign=yelp_api_v3&utm_medium=api_v3_business_search&utm_source=GVWAITeAe13hPk5JlriDSg
firehouse-restaurant-saukville,"[{'alias': 'tradamerican', 'title': 'American (Traditional)'}]","{'latitude': 43.38151, 'longitude': -87.94112}",(262) 284-8886,14178.924714603701,P0P65Dkx_KjA2cu6VWWEBA,https://s3-media3.fl.yelpcdn.com/bphoto/5pH9wObSPMnMZDMpqWzw6g/o.jpg,False,"{'address1': '100 S Main St', 'address2': '', 'address3': '', 'city': 'Saukville', 'zip_code': '53080', 'country': 'US', 'state': 'WI', 'display_address': ['100 S Main St', 'Saukville, WI 53080']}",Firehouse Restaurant,+12622848886,$$,2.5,44,[],https://www.yelp.com/biz/firehouse-restaurant-saukville?adjust_creative=GVWAITeAe13hPk5JlriDSg&utm_campaign=yelp_api_v3&utm_medium=api_v3_business_search&utm_source=GVWAITeAe13hPk5JlriDSg
lutzens-saloon-port-washington-2,"[{'alias': 'pubs', 'title': 'Pubs'}, {'alias': 'sandwiches', 'title': 'Sandwiches'}, {'alias': 'beer_and_wine', 'title': 'Beer, Wine & Spirits'}]","{'latitude': 43.3873291, 'longitude': -87.8727722}",,12486.692852733055,SEVHAp8si-JjqfqyK94vfA,https://s3-media3.fl.yelpcdn.com/bphoto/akpcwGkbr_7exFpROtWTEg/o.jpg,False,"{'address1': '201 W Grand Ave', 'address2': '', 'address3': '', 'city': 'Port Washington', 'zip_code': '53074', 'country': 'US', 'state': 'WI', 'display_address': ['201 W Grand Ave', 'Port Washington, WI 53074']}",Lutzen's Saloon,,$,4.0,5,[],https://www.yelp.com/biz/lutzens-saloon-port-washington-2?adjust_creative=GVWAITeAe13hPk5JlriDSg&utm_campaign=yelp_api_v3&utm_medium=api_v3_business_search&utm_source=GVWAITeAe13hPk5JlriDSg
mr-tonys-bbq-fredonia,"[{'alias': 'bbq', 'title': 'Barbeque'}, {'alias': 'foodstands', 'title': 'Food Stands'}]","{'latitude': 43.491222, 'longitude': -87.963806}",(262) 692-6057,7184.8346918350235,6J2q0U5TCRtza6-jUJ_6nA,https://s3-media1.fl.yelpcdn.com/bphoto/WXYqsR55tMDCUS3PXC0UIg/o.jpg,False,"{'address1': 'W3565 Belgium Kohler Rd', 'address2': '', 'address3': '', 'city': 'Fredonia', 'zip_code': '53021', 'country': 'US', 'state': 'WI', 'display_address': ['W3565 Belgium Kohler Rd', 'Fredonia, WI 53021']}",Mr Tonys BBQ,+12626926057,$$,4.5,3,[],https://www.yelp.com/biz/mr-tonys-bbq-fredonia?adjust_creative=GVWAITeAe13hPk5JlriDSg&utm_campaign=yelp_api_v3&utm_medium=api_v3_business_search&utm_source=GVWAITeAe13hPk5JlriDSg
pizza-ranch-oostburg,"[{'alias': 'pizza', 'title': 'Pizza'}, {'alias': 'buffets', 'title': 'Buffets'}]","{'latitude': 43.6234169006348, 'longitude': -87.7986145019531}",(920) 564-6333,15080.137636384314,GMnAdue1BT-HB9-7q_0HmA,https://s3-media2.fl.yelpcdn.com/bphoto/FlaUNIFViXfQLmMd5yK-hg/o.jpg,False,"{'address1': '944 Center Ave', 'address2': None, 'address3': None, 'city': 'Oostburg', 'zip_code': '53070', 'country': 'US', 'state': 'WI', 'display_address': ['944 Center Ave', 'Oostburg, WI 53070']}",Pizza Ranch,+19205646333,$,4.0,8,[],https://www.yelp.com/biz/pizza-ranch-oostburg?adjust_creative=GVWAITeAe13hPk5JlriDSg&utm_campaign=yelp_api_v3&utm_medium=api_v3_business_search&utm_source=GVWAITeAe13hPk5JlriDSg
luxembourg-cultural-society-belgium,"[{'alias': 'museums', 'title': 'Museums'}]","{'latitude': 43.503649, 'longitude': -87.838851}",(262) 476-5086,2989.7202447972372,J_C5rY7aFeCfXfpHJevNSg,https://s3-media4.fl.yelpcdn.com/bphoto/5Ai8XG7a0xqB78Cz1KikXg/o.jpg,False,"{'address1': '100 Grand Ave', 'address2': None, 'address3': None, 'city': 'Belgium', 'zip_code': '53004', 'country': 'US', 'state': 'WI', 'display_address': ['100 Grand Ave', 'Belgium, WI 53004']}",Luxembourg Cultural Society,+12624765086,,4.0,1,[],https://www.yelp.com/biz/luxembourg-cultural-society-belgium?adjust_creative=GVWAITeAe13hPk5JlriDSg&utm_campaign=yelp_api_v3&utm_medium=api_v3_business_search&utm_source=GVWAITeAe13hPk5JlriDSg
wading-bear-bakery-cedar-grove,"[{'alias': 'bakeries', 'title': 'Bakeries'}, {'alias': 'sandwiches', 'title': 'Sandwiches'}, {'alias': 'salad', 'title': 'Salad'}]","{'latitude': 43.5704663313717, 'longitude': -87.8204933665474}",(920) 917-4190,9031.952873099495,WGO1Xrz1Eb81yguTibK6fQ,https://s3-media1.fl.yelpcdn.com/bphoto/zotEO9s3_qo3xW8freWJyg/o.jpg,False,"{'address1': '221 S Main St', 'address2': '', 'address3': None, 'city': 'Cedar Grove', 'zip_code': '53013', 'country': 'US', 'state': 'WI', 'display_address': ['221 S Main St', 'Cedar Grove, WI 53013']}",Wading Bear Bakery,+19209174190,,4.5,3,[],https://www.yelp.com/biz/wading-bear-bakery-cedar-grove?adjust_creative=GVWAITeAe13hPk5JlriDSg&utm_campaign=yelp_api_v3&utm_medium=api_v3_business_search&utm_source=GVWAITeAe13hPk5JlriDSg
port-washington-light-station-and-museum-port-washington,"[{'alias': 'landmarks', 'title': 'Landmarks & Historical Buildings'}]","{'latitude': 43.3909919419629, 'longitude': -87.8674737147752}",,12106.324898657615,MV8EVFSAELMmHJ40sZuwLg,https://s3-media3.fl.yelpcdn.com/bphoto/ZxEmqUia70apD1_enhDC5w/o.jpg,False,"{'address1': '311 Johnson St', 'address2': '', 'address3': '', 'city': 'Port Washington', 'zip_code': '53074', 'country': 'US', 'state': 'WI', 'display_address': ['311 Johnson St', 'Port Washington, WI 53074']}",Port Washington Light Station & Museum,,,5.0,2,[],https://www.yelp.com/biz/port-washington-light-station-and-museum-port-washington?adjust_creative=GVWAITeAe13hPk5JlriDSg&utm_campaign=yelp_api_v3&utm_medium=api_v3_business_search&utm_source=GVWAITeAe13hPk5JlriDSg
five-pillars-supper-club-random-lake,"[{'alias': 'venues', 'title': 'Venues & Event Spaces'}, {'alias': 'buffets', 'title': 'Buffets'}]","{'latitude': 43.553840637207, 'longitude': -87.9639663696289}",(920) 994-4336,6918.023300286662,kq5a8grDNsDvtEVcamGzHQ,https://s3-media1.fl.yelpcdn.com/bphoto/D6MyPsMi9Tc-fBAvBJeaaw/o.jpg,False,"{'address1': 'W2290 Hwy K', 'address2': '', 'address3': '', 'city': 'Random Lake', 'zip_code': '53075', 'country': 'US', 'state': 'WI', 'display_address': ['W2290 Hwy K', 'Random Lake, WI 53075']}",Five Pillars Supper Club,+19209944336,,2.5,6,[],https://www.yelp.com/biz/five-pillars-supper-club-random-lake?adjust_creative=GVWAITeAe13hPk5JlriDSg&utm_campaign=yelp_api_v3&utm_medium=api_v3_business_search&utm_source=GVWAITeAe13hPk5JlriDSg
mcdonalds-fredonia,"[{'alias': 'hotdogs', 'title': 'Fast Food'}, {'alias': 'burgers', 'title': 'Burgers'}, {'alias': 'coffee', 'title': 'Coffee & Tea'}]","{'latitude': 43.4708218836719, 'longitude': -87.9418669548022}",(262) 692-6515,6242.664407039512,Rd4QmBUzJy87_BoI6_WkFA,https://s3-media4.fl.yelpcdn.com/bphoto/r7Hs8cjybrb-V1X9zoRcrA/o.jpg,False,"{'address1': '108 Highland Dr', 'address2': '', 'address3': '', 'city': 'Fredonia', 'zip_code': '53021', 'country': 'US', 'state': 'WI', 'display_address': ['108 Highland Dr', 'Fredonia, WI 53021']}",McDonald's,+12626926515,$,3.0,4,[],https://www.yelp.com/biz/mcdonalds-fredonia?adjust_creative=GVWAITeAe13hPk5JlriDSg&utm_campaign=yelp_api_v3&utm_medium=api_v3_business_search&utm_source=GVWAITeAe13hPk5JlriDSg
papa-murphys-saukville-2,"[{'alias': 'pizza', 'title': 'Pizza'}]","{'latitude': 43.38451, 'longitude': -87.933}",(262) 268-1700,13594.43226016828,8heoAa3DeA-SB2CVbCulVQ,https://s3-media4.fl.yelpcdn.com/bphoto/xq5B0v-rxbqGTr0YexUyPg/o.jpg,False,"{'address1': '620 East Green Bay Avenue', 'address2': None, 'address3': None, 'city': 'Saukville', 'zip_code': '53080', 'country': 'US', 'state': 'WI', 'display_address': ['620 East Green Bay Avenue', 'Saukville, WI 53080']}",Papa Murphy's,+12622681700,$$,4.5,3,[],https://www.yelp.com/biz/papa-murphys-saukville-2?adjust_creative=GVWAITeAe13hPk5JlriDSg&utm_campaign=yelp_api_v3&utm_medium=api_v3_business_search&utm_source=GVWAITeAe13hPk5JlriDSg
parkside-inn-newburg,"[{'alias': 'fishnchips', 'title': 'Fish & Chips'}, {'alias': 'bars', 'title': 'Bars'}]","{'latitude': 43.4321, 'longitude': -88.04539}",(262) 675-6016,15651.765946915435,NjSAwodwGetnkwfwXKF7Zg,https://s3-media3.fl.yelpcdn.com/bphoto/O2mq3Whzcc9HYCoHvvyaKw/o.jpg,False,"{'address1': '453 Main St', 'address2': '', 'address3': '', 'city': 'Newburg', 'zip_code': '53090', 'country': 'US', 'state': 'WI', 'display_address': ['453 Main St', 'Newburg, WI 53090']}",Parkside Inn,+12626756016,,5.0,2,[],https://www.yelp.com/biz/parkside-inn-newburg?adjust_creative=GVWAITeAe13hPk5JlriDSg&utm_campaign=yelp_api_v3&utm_medium=api_v3_business_search&utm_source=GVWAITeAe13hPk5JlriDSg
mcdonalds-belgium-2,"[{'alias': 'hotdogs', 'title': 'Fast Food'}, {'alias': 'burgers', 'title': 'Burgers'}, {'alias': 'coffee', 'title': 'Coffee & Tea'}]","{'latitude': 43.4992523737733, 'longitude': -87.8344595432281}",(262) 285-4123,3312.171152332162,I53anbfoljibjm4WuP2qHw,https://s3-media1.fl.yelpcdn.com/bphoto/1tbuEDdfkmbyq90JuRg1Fg/o.jpg,False,"{'address1': '107 Lakeview Dr', 'address2': '', 'address3': None, 'city': 'Belgium', 'zip_code': '53004', 'country': 'US', 'state': 'WI', 'display_address': ['107 Lakeview Dr', 'Belgium, WI 53004']}",McDonald's,+12622854123,$,2.0,4,[],https://www.yelp.com/biz/mcdonalds-belgium-2?adjust_creative=GVWAITeAe13hPk5JlriDSg&utm_campaign=yelp_api_v3&utm_medium=api_v3_business_search&utm_source=GVWAITeAe13hPk5JlriDSg
luiges-pizza-factory-belgium,"[{'alias': 'pizza', 'title': 'Pizza'}]","{'latitude': 43.5445213, 'longitude': -87.8874435}",(920) 994-4884,5074.977491618764,YR7rVuoQ9sKdCyn1RACFUA,,False,"{'address1': 'W3830 County Road K', 'address2': '', 'address3': '', 'city': 'Belgium', 'zip_code': '53004', 'country': 'US', 'state': 'WI', 'display_address': ['W3830 County Road K', 'Belgium, WI 53004']}",Luige's Pizza Factory,+19209944884,,2.5,3,[],https://www.yelp.com/biz/luiges-pizza-factory-belgium?adjust_creative=GVWAITeAe13hPk5JlriDSg&utm_campaign=yelp_api_v3&utm_medium=api_v3_business_search&utm_source=GVWAITeAe13hPk5JlriDSg
the-bog-saukville-4,"[{'alias': 'golf', 'title': 'Golf'}, {'alias': 'venues', 'title': 'Venues & Event Spaces'}]","{'latitude': 43.3925836, 'longitude': -87.9845229}",(262) 284-7075,14809.835569393514,AdLiWFj9lnE3j80W1BofVw,https://s3-media3.fl.yelpcdn.com/bphoto/398z_Iugsdeq2kp7ve1YHw/o.jpg,False,"{'address1': '3121 County Rd I', 'address2': None, 'address3': '', 'city': 'Saukville', 'zip_code': '53080', 'country': 'US', 'state': 'WI', 'display_address': ['3121 County Rd I', 'Saukville, WI 53080']}",The Bog,+12622847075,,4.0,5,[],https://www.yelp.com/biz/the-bog-saukville-4?adjust_creative=GVWAITeAe13hPk5JlriDSg&utm_campaign=yelp_api_v3&utm_medium=api_v3_business_search&utm_source=GVWAITeAe13hPk5JlriDSg
culvers-port-washington,"[{'alias': 'burgers', 'title': 'Burgers'}, {'alias': 'hotdogs', 'title': 'Fast Food'}, {'alias': 'icecream', 'title': 'Ice Cream & Frozen Yogurt'}]","{'latitude': 43.38617, 'longitude': -87.89716}",(262) 268-6888,12747.87503887543,GLzgrJjdRKy1YYyJRJROqQ,https://s3-media4.fl.yelpcdn.com/bphoto/Hqcb0FPXzorzryB3doJvOA/o.jpg,False,"{'address1': '1407 W Grand Ave', 'address2': '', 'address3': '', 'city': 'Port Washington', 'zip_code': '53074', 'country': 'US', 'state': 'WI', 'display_address': ['1407 W Grand Ave', 'Port Washington, WI 53074']}",Culver's,+12622686888,$,3.0,11,[],https://www.yelp.com/biz/culvers-port-washington?adjust_creative=GVWAITeAe13hPk5JlriDSg&utm_campaign=yelp_api_v3&utm_medium=api_v3_business_search&utm_source=GVWAITeAe13hPk5JlriDSg
patio-bar-and-grill-port-washington,"[{'alias': 'bars', 'title': 'Bars'}, {'alias': 'tradamerican', 'title': 'American (Traditional)'}]","{'latitude': 43.3939969451934, 'longitude': -87.8710989602522}",(262) 268-3808,11760.163733617395,23ncKA8E7IScBsJnkUp8lQ,,False,"{'address1': '601 N Wisconsin St', 'address2': None, 'address3': None, 'city': 'Port Washington', 'zip_code': '53074', 'country': 'US', 'state': 'WI', 'display_address': ['601 N Wisconsin St', 'Port Washington, WI 53074']}",Patio Bar & Grill,+12622683808,$$,2.5,10,[],https://www.yelp.com/biz/patio-bar-and-grill-port-washington?adjust_creative=GVWAITeAe13hPk5JlriDSg&utm_campaign=yelp_api_v3&utm_medium=api_v3_business_search&utm_source=GVWAITeAe13hPk5JlriDSg
cousins-subs-port-washington,"[{'alias': 'sandwiches', 'title': 'Sandwiches'}, {'alias': 'delis', 'title': 'Delis'}, {'alias': 'cheesesteaks', 'title': 'Cheesesteaks'}]","{'latitude': 43.3872, 'longitude': -87.87044}",(262) 268-9803,12508.174878567666,H9hOL71g2OQAmLKJEV1HUw,https://s3-media1.fl.yelpcdn.com/bphoto/mnp91cPlEs580xLtdTTBkA/o.jpg,False,"{'address1': '101 E Grand Ave', 'address2': '', 'address3': '', 'city': 'Port Washington', 'zip_code': '53074', 'country': 'US', 'state': 'WI', 'display_address': ['101 E Grand Ave', 'Port Washington, WI 53074']}",Cousins Subs,+12622689803,$,3.0,7,[],https://www.yelp.com/biz/cousins-subs-port-washington?adjust_creative=GVWAITeAe13hPk5JlriDSg&utm_campaign=yelp_api_v3&utm_medium=api_v3_business_search&utm_source=GVWAITeAe13hPk5JlriDSg
sundance-port-washington,"[{'alias': 'pubs', 'title': 'Pubs'}]","{'latitude': 43.3934631347656, 'longitude': -87.8713531494141}",(262) 284-9932,11814.582485557985,cF_9vTsZKRghy31nTPuRLQ,https://s3-media2.fl.yelpcdn.com/bphoto/L0KfMqQho-xmviJ9GNQACQ/o.jpg,False,"{'address1': '551 N Wisconsin St', 'address2': '', 'address3': '', 'city': 'Port Washington', 'zip_code': '53074', 'country': 'US', 'state': 'WI', 'display_address': ['551 N Wisconsin St', 'Port Washington, WI 53074']}",Sundance,+12622849932,$,4.0,3,[],https://www.yelp.com/biz/sundance-port-washington?adjust_creative=GVWAITeAe13hPk5JlriDSg&utm_campaign=yelp_api_v3&utm_medium=api_v3_business_search&utm_source=GVWAITeAe13hPk5JlriDSg
leonards-silver-creek-inn-random-lake,"[{'alias': 'supperclubs', 'title': 'Supper Clubs'}, {'alias': 'cocktailbars', 'title': 'Cocktail Bars'}]","{'latitude': 43.5571, 'longitude': -88.02074}",(920) 447-3012,13349.315601883885,b1Hw4vjgDfB0Cag3bzmXBQ,https://s3-media1.fl.yelpcdn.com/bphoto/OV2i7ngRV2uqxi9K2BoLEQ/o.jpg,False,"{'address1': 'W6498 State Hwy 144', 'address2': '', 'address3': None, 'city': 'Random Lake', 'zip_code': '53075', 'country': 'US', 'state': 'WI', 'display_address': ['W6498 State Hwy 144', 'Random Lake, WI 53075']}",Leonard's Silver Creek Inn,+19204473012,,5.0,2,[],https://www.yelp.com/biz/leonards-silver-creek-inn-random-lake?adjust_creative=GVWAITeAe13hPk5JlriDSg&utm_campaign=yelp_api_v3&utm_medium=api_v3_business_search&utm_source=GVWAITeAe13hPk5JlriDSg
lams-chinese-saukville,"[{'alias': 'chinese', 'title': 'Chinese'}]","{'latitude': 43.3829498, 'longitude': -87.935257}",(262) 284-1118,13852.751824214683,gyqMZDpnLmKodTPsgKnuWQ,https://s3-media1.fl.yelpcdn.com/bphoto/SXokE8omUn-nVzI9TKY6kg/o.jpg,False,"{'address1': '470 E Green Bay Ave', 'address2': '', 'address3': '', 'city': 'Saukville', 'zip_code': '53080', 'country': 'US', 'state': 'WI', 'display_address': ['470 E Green Bay Ave', 'Saukville, WI 53080']}",Lam's Chinese ,+12622841118,$$,2.5,11,[],https://www.yelp.com/biz/lams-chinese-saukville?adjust_creative=GVWAITeAe13hPk5JlriDSg&utm_campaign=yelp_api_v3&utm_medium=api_v3_business_search&utm_source=GVWAITeAe13hPk5JlriDSg
flannerys-grafton,"[{'alias': 'tradamerican', 'title': 'American (Traditional)'}, {'alias': 'irish_pubs', 'title': 'Irish Pub'}]","{'latitude': 43.356079, 'longitude': -87.928929}",(262) 375-2977,16543.170219556552,nw6uEiQDoz2mq3RVv4WP5Q,https://s3-media1.fl.yelpcdn.com/bphoto/4qoJIwuGEQCbeKRjnlF5BA/o.jpg,False,"{'address1': '2241 County Rd W', 'address2': '', 'address3': 'Fire Ridge Golf Club', 'city': 'Grafton', 'zip_code': '53024', 'country': 'US', 'state': 'WI', 'display_address': ['2241 County Rd W', 'Fire Ridge Golf Club', 'Grafton, WI 53024']}",Flannery's,+12623752977,$$,3.0,10,[],https://www.yelp.com/biz/flannerys-grafton?adjust_creative=GVWAITeAe13hPk5JlriDSg&utm_campaign=yelp_api_v3&utm_medium=api_v3_business_search&utm_source=GVWAITeAe13hPk5JlriDSg
riveredge-nature-center-newburg,"[{'alias': 'parks', 'title': 'Parks'}]","{'latitude': 43.4326782226562, 'longitude': -88.0346527099609}",(262) 375-2715,13720.576616782517,xLaRnxP8dKudPRXYlTH1aQ,https://s3-media2.fl.yelpcdn.com/bphoto/lzCMkQLVHxUL0mNyjAlI2g/o.jpg,False,"{'address1': '4458 W Hawthorne Dr', 'address2': '', 'address3': '', 'city': 'Newburg', 'zip_code': '53060', 'country': 'US', 'state': 'WI', 'display_address': ['4458 W Hawthorne Dr', 'Newburg, WI 53060']}",Riveredge Nature Center,+12623752715,,4.5,2,[],https://www.yelp.com/biz/riveredge-nature-center-newburg?adjust_creative=GVWAITeAe13hPk5JlriDSg&utm_campaign=yelp_api_v3&utm_medium=api_v3_business_search&utm_source=GVWAITeAe13hPk5JlriDSg
possibility-playground-port-washington,"[{'alias': 'playgrounds', 'title': 'Playgrounds'}, {'alias': 'parks', 'title': 'Parks'}]","{'latitude': 43.393597, 'longitude': -87.865951}",(262) 284-5881,11824.475792307752,k8jz2eBdSTckckABADBlqA,https://s3-media3.fl.yelpcdn.com/bphoto/icsVoFphxdQVkjfAHz9U_w/o.jpg,False,"{'address1': '499 N Lake St Port', 'address2': '', 'address3': None, 'city': 'Port Washington', 'zip_code': '53074', 'country': 'US', 'state': 'WI', 'display_address': ['499 N Lake St Port', 'Port Washington, WI 53074']}",Possibility Playground,+12622845881,,4.5,2,[],https://www.yelp.com/biz/possibility-playground-port-washington?adjust_creative=GVWAITeAe13hPk5JlriDSg&utm_campaign=yelp_api_v3&utm_medium=api_v3_business_search&utm_source=GVWAITeAe13hPk5JlriDSg
mcdonalds-port-washington,"[{'alias': 'burgers', 'title': 'Burgers'}, {'alias': 'hotdogs', 'title': 'Fast Food'}, {'alias': 'coffee', 'title': 'Coffee & Tea'}]","{'latitude': 43.4084945268855, 'longitude': -87.8707248671049}",(262) 284-3880,10150.072850703142,0iFA-O8Yn6sVMBmBuYjcFg,https://s3-media2.fl.yelpcdn.com/bphoto/ag2ej_rhLlWQRiAhYHRBvA/o.jpg,False,"{'address1': '1700 N Wisconsin Rd', 'address2': '', 'address3': '', 'city': 'Port Washington', 'zip_code': '53074', 'country': 'US', 'state': 'WI', 'display_address': ['1700 N Wisconsin Rd', 'Port Washington, WI 53074']}",McDonald's,+12622843880,,2.0,12,[],https://www.yelp.com/biz/mcdonalds-port-washington?adjust_creative=GVWAITeAe13hPk5JlriDSg&utm_campaign=yelp_api_v3&utm_medium=api_v3_business_search&utm_source=GVWAITeAe13hPk5JlriDSg
grand-avenue-saloon-port-washington,"[{'alias': 'bars', 'title': 'Bars'}]","{'latitude': 43.38722, 'longitude': -87.88122}",(262) 284-2103,12515.3513007211,0GsKvwyazWu3zT-U2VPscA,https://s3-media2.fl.yelpcdn.com/bphoto/MonCBo-2MaT72056Z9ZGbA/o.jpg,False,"{'address1': '550 W Grand Ave', 'address2': '', 'address3': '', 'city': 'Port Washington', 'zip_code': '53074', 'country': 'US', 'state': 'WI', 'display_address': ['550 W Grand Ave', 'Port Washington, WI 53074']}",Grand Avenue Saloon,+12622842103,$,3.5,3,[],https://www.yelp.com/biz/grand-avenue-saloon-port-washington?adjust_creative=GVWAITeAe13hPk5JlriDSg&utm_campaign=yelp_api_v3&utm_medium=api_v3_business_search&utm_source=GVWAITeAe13hPk5JlriDSg
city-of-port-washington-port-washington,"[{'alias': 'localflavor', 'title': 'Local Flavor'}]","{'latitude': 43.4248657226562, 'longitude': -87.8774108886719}",,9327.47440599612,xyzjy0k6GL5fn-3mazSSWA,https://s3-media3.fl.yelpcdn.com/bphoto/BdwXZkQtMAn5AJO70SKLvQ/o.jpg,False,"{'address1': '', 'address2': None, 'address3': None, 'city': 'Port Washington', 'zip_code': '53074', 'country': 'US', 'state': 'WI', 'display_address': ['Port Washington, WI 53074']}",City of Port Washington,,,3.5,3,[],https://www.yelp.com/biz/city-of-port-washington-port-washington?adjust_creative=GVWAITeAe13hPk5JlriDSg&utm_campaign=yelp_api_v3&utm_medium=api_v3_business_search&utm_source=GVWAITeAe13hPk5JlriDSg
taco-bell-saukville,"[{'alias': 'hotdogs', 'title': 'Fast Food'}, {'alias': 'mexican', 'title': 'Mexican'}, {'alias': 'tex-mex', 'title': 'Tex-Mex'}]","{'latitude': 43.380279, 'longitude': -87.930619}",(262) 268-6997,14005.432513321413,9LyHTWIrkJdaznwfCpjsHg,https://s3-media2.fl.yelpcdn.com/bphoto/fza7XFZ9TeAGplAdV38WIA/o.jpg,False,"{'address1': '250 S. Foster Dr.', 'address2': None, 'address3': None, 'city': 'Saukville', 'zip_code': '53080', 'country': 'US', 'state': 'WI', 'display_address': ['250 S. Foster Dr.', 'Saukville, WI 53080']}",Taco Bell,+12622686997,$,2.5,12,['delivery'],https://www.yelp.com/biz/taco-bell-saukville?adjust_creative=GVWAITeAe13hPk5JlriDSg&utm_campaign=yelp_api_v3&utm_medium=api_v3_business_search&utm_source=GVWAITeAe13hPk5JlriDSg
waubedonia-park-fredonia,"[{'alias': 'parks', 'title': 'Parks'}]","{'latitude': 43.4685020446777, 'longitude': -87.9690246582031}",(262) 692-2825,8303.69751801022,NYOdacCU_mIe6toQxLwofw,https://s3-media4.fl.yelpcdn.com/bphoto/cbj3aH1yvzl-U6WSQfnV5A/o.jpg,False,"{'address1': '1155 Fredonia Ave', 'address2': '', 'address3': '', 'city': 'Fredonia', 'zip_code': '53021', 'country': 'US', 'state': 'WI', 'display_address': ['1155 Fredonia Ave', 'Fredonia, WI 53021']}",Waubedonia Park,+12626922825,,4.0,1,[],https://www.yelp.com/biz/waubedonia-park-fredonia?adjust_creative=GVWAITeAe13hPk5JlriDSg&utm_campaign=yelp_api_v3&utm_medium=api_v3_business_search&utm_source=GVWAITeAe13hPk5JlriDSg
pizza-hut-port-washington,"[{'alias': 'pizza', 'title': 'Pizza'}, {'alias': 'italian', 'title': 'Italian'}, {'alias': 'chicken_wings', 'title': 'Chicken Wings'}]","{'latitude': 43.4014893, 'longitude': -87.8713989}",(262) 284-5834,10928.663281408046,xvl2WGBl4bc555cwOkfCFw,https://s3-media1.fl.yelpcdn.com/bphoto/xP98paCD3Ty6uCLW5wBRUw/o.jpg,False,"{'address1': '1021 N Wisconsin St', 'address2': '', 'address3': 'Pizza Hut  446', 'city': 'Port Washington', 'zip_code': '53074', 'country': 'US', 'state': 'WI', 'display_address': ['1021 N Wisconsin St', 'Pizza Hut  446', 'Port Washington, WI 53074']}",Pizza Hut,+12622845834,$,2.0,9,[],https://www.yelp.com/biz/pizza-hut-port-washington?adjust_creative=GVWAITeAe13hPk5JlriDSg&utm_campaign=yelp_api_v3&utm_medium=api_v3_business_search&utm_source=GVWAITeAe13hPk5JlriDSg
pleasant-valley-nature-park-grafton,"[{'alias': 'parks', 'title': 'Parks'}]","{'latitude': 43.355808, 'longitude': -87.973099}",,17836.320606576974,1eBLkFsY0_9SPxweuUVqwg,https://s3-media1.fl.yelpcdn.com/bphoto/OC5RAixJuNJ60vARKke2bw/o.jpg,False,"{'address1': '5100 Pleasant Valley Rd', 'address2': '', 'address3': '', 'city': 'Grafton', 'zip_code': '53024', 'country': 'US', 'state': 'WI', 'display_address': ['5100 Pleasant Valley Rd', 'Grafton, WI 53024']}",Pleasant Valley Nature Park,,,4.5,2,[],https://www.yelp.com/biz/pleasant-valley-nature-park-grafton?adjust_creative=GVWAITeAe13hPk5JlriDSg&utm_campaign=yelp_api_v3&utm_medium=api_v3_business_search&utm_source=GVWAITeAe13hPk5JlriDSg
wach-this-way-fredonia,"[{'alias': 'sandwiches', 'title': 'Sandwiches'}]","{'latitude': 43.4701450914145, 'longitude': -87.9517270624638}",(262) 692-9293,6951.132542722076,4sE_3bh9Xm-IAlMp95xoeA,,False,"{'address1': '412 Fredonia Ave', 'address2': '', 'address3': '', 'city': 'Fredonia', 'zip_code': '53021', 'country': 'US', 'state': 'WI', 'display_address': ['412 Fredonia Ave', 'Fredonia, WI 53021']}",Wach This Way,+12626929293,$$,3.0,2,[],https://www.yelp.com/biz/wach-this-way-fredonia?adjust_creative=GVWAITeAe13hPk5JlriDSg&utm_campaign=yelp_api_v3&utm_medium=api_v3_business_search&utm_source=GVWAITeAe13hPk5JlriDSg
huiras-lake-fredonia,"[{'alias': 'hiking', 'title': 'Hiking'}]","{'latitude': 43.5185717349752, 'longitude': -87.9787321338262}",,8583.87004365279,nMPYLWFM5GlmOLp1YkgrrQ,https://s3-media3.fl.yelpcdn.com/bphoto/Qa688kX6wWeeh3TSyOe8RQ/o.jpg,False,"{'address1': 'N6625 Clover Valley Rd', 'address2': '', 'address3': '', 'city': 'Fredonia', 'zip_code': '53021', 'country': 'US', 'state': 'WI', 'display_address': ['N6625 Clover Valley Rd', 'Fredonia, WI 53021']}",Huiras Lake,,,4.0,1,[],https://www.yelp.com/biz/huiras-lake-fredonia?adjust_creative=GVWAITeAe13hPk5JlriDSg&utm_campaign=yelp_api_v3&utm_medium=api_v3_business_search&utm_source=GVWAITeAe13hPk5JlriDSg
arbys-port-washington,"[{'alias': 'hotdogs', 'title': 'Fast Food'}, {'alias': 'sandwiches', 'title': 'Sandwiches'}]","{'latitude': 43.4091644, 'longitude': -87.8712997}",(262) 284-5206,10038.527017472357,HCb9dU8SsmgtkgV1CfBipg,https://s3-media2.fl.yelpcdn.com/bphoto/B0F1YlWFBYo8ex3RYv9Adg/o.jpg,False,"{'address1': '100 Thomas Dr', 'address2': '', 'address3': '', 'city': 'Port Washington', 'zip_code': '53074', 'country': 'US', 'state': 'WI', 'display_address': ['100 Thomas Dr', 'Port Washington, WI 53074']}",Arby's,+12622845206,$,2.5,4,[],https://www.yelp.com/biz/arbys-port-washington?adjust_creative=GVWAITeAe13hPk5JlriDSg&utm_campaign=yelp_api_v3&utm_medium=api_v3_business_search&utm_source=GVWAITeAe13hPk5JlriDSg
dairy-queen-saukville,"[{'alias': 'icecream', 'title': 'Ice Cream & Frozen Yogurt'}]","{'latitude': 43.3841896, 'longitude': -87.929863}",(262) 284-9912,13581.427133648345,JtyHrdF-hay2Pc1HVd0bHQ,https://s3-media2.fl.yelpcdn.com/bphoto/SALY9npgrGywWRf3HjKt4w/o.jpg,False,"{'address1': '100 S Foster Dr', 'address2': '', 'address3': '', 'city': 'Saukville', 'zip_code': '53080', 'country': 'US', 'state': 'WI', 'display_address': ['100 S Foster Dr', 'Saukville, WI 53080']}",Dairy Queen,+12622849912,$,2.5,7,[],https://www.yelp.com/biz/dairy-queen-saukville?adjust_creative=GVWAITeAe13hPk5JlriDSg&utm_campaign=yelp_api_v3&utm_medium=api_v3_business_search&utm_source=GVWAITeAe13hPk5JlriDSg
wis-state-of-saukville,"[{'alias': 'parks', 'title': 'Parks'}]","{'latitude': 43.3899002, 'longitude': -87.9543304}",(262) 268-5200,13738.121046039289,SNLmoFwvzGrHUfSuV6LWtA,https://s3-media4.fl.yelpcdn.com/bphoto/517qZPC1ws63MQTXLYcrYQ/o.jpg,False,"{'address1': '501 N Dekora Woods Blvd', 'address2': '', 'address3': '', 'city': 'Saukville', 'zip_code': '53080', 'country': 'US', 'state': 'WI', 'display_address': ['501 N Dekora Woods Blvd', 'Saukville, WI 53080']}",Wis State of,+12622685200,,5.0,1,[],https://www.yelp.com/biz/wis-state-of-saukville?adjust_creative=GVWAITeAe13hPk5JlriDSg&utm_campaign=yelp_api_v3&utm_medium=api_v3_business_search&utm_source=GVWAITeAe13hPk5JlriDSg
myras-country-cakes-oostburg,"[{'alias': 'bakeries', 'title': 'Bakeries'}, {'alias': 'catering', 'title': 'Caterers'}]","{'latitude': 43.6240005, 'longitude': -87.8901672}",(920) 564-2997,13871.327214996554,aCy0XTJmJLnKP1W8g_ycBw,,False,"{'address1': 'N2320 County Road Gw', 'address2': '', 'address3': '', 'city': 'Oostburg', 'zip_code': '53070', 'country': 'US', 'state': 'WI', 'display_address': ['N2320 County Road Gw', 'Oostburg, WI 53070']}",Myra's Country Cakes,+19205642997,,5.0,1,[],https://www.yelp.com/biz/myras-country-cakes-oostburg?adjust_creative=GVWAITeAe13hPk5JlriDSg&utm_campaign=yelp_api_v3&utm_medium=api_v3_business_search&utm_source=GVWAITeAe13hPk5JlriDSg
no-nos-newburg,"[{'alias': 'diners', 'title': 'Diners'}]","{'latitude': 43.4291878, 'longitude': -88.0505219}",(262) 675-6960,15473.639885259196,qEfeZrkeBxJBOsTAexUPEw,https://s3-media2.fl.yelpcdn.com/bphoto/CGfM5JRYlD3x594ZWTbdTA/o.jpg,False,"{'address1': '3498 Highway 33 E', 'address2': '', 'address3': '', 'city': 'Newburg', 'zip_code': '53060', 'country': 'US', 'state': 'WI', 'display_address': ['3498 Highway 33 E', 'Newburg, WI 53060']}",No No's,+12626756960,$$,3.5,5,[],https://www.yelp.com/biz/no-nos-newburg?adjust_creative=GVWAITeAe13hPk5JlriDSg&utm_campaign=yelp_api_v3&utm_medium=api_v3_business_search&utm_source=GVWAITeAe13hPk5JlriDSg
ruby-fish-and-chip-shop-chester,"[{'alias': 'fishnchips', 'title': 'Fish & Chips'}]","{'latitude': 53.202899, 'longitude': -2.859389}",+44 1244 324238,9226.848748196999,pkZPICPx-lAPY49SQFvYsg,,False,"{'address1': '7 Cedar Grove', 'address2': '', 'address3': 'Hoole', 'city': 'Chester', 'zip_code': 'CH2 3LQ', 'country': 'GB', 'state': 'CHW', 'display_address': ['7 Cedar Grove', 'Hoole', 'Chester CH2 3LQ', 'United Kingdom']}",Ruby Fish & Chip Shop,+441244324238,,4.0,1,[],https://www.yelp.com/biz/ruby-fish-and-chip-shop-chester?adjust_creative=GVWAITeAe13hPk5JlriDSg&utm_campaign=yelp_api_v3&utm_medium=api_v3_business_search&utm_source=GVWAITeAe13hPk5JlriDSg
fire-ridge-golf-club-grafton,"[{'alias': 'golf', 'title': 'Golf'}]","{'latitude': 43.356107, 'longitude': -87.928969}",(262) 375-2252,16541.00680888584,R_3XLH5uCgbpaZ-oC7W6rw,https://s3-media3.fl.yelpcdn.com/bphoto/GAtdcSRKEzFVAk7mRHAFUQ/o.jpg,False,"{'address1': '2241 County Rd W', 'address2': '', 'address3': '', 'city': 'Grafton', 'zip_code': '53024', 'country': 'US', 'state': 'WI', 'display_address': ['2241 County Rd W', 'Grafton, WI 53024']}",Fire Ridge Golf Club,+12623752252,,3.5,4,[],https://www.yelp.com/biz/fire-ridge-golf-club-grafton?adjust_creative=GVWAITeAe13hPk5JlriDSg&utm_campaign=yelp_api_v3&utm_medium=api_v3_business_search&utm_source=GVWAITeAe13hPk5JlriDSg
fredonia-firemans-park-fredonia,"[{'alias': 'parks', 'title': 'Parks'}]","{'latitude': 43.4689621452736, 'longitude': -87.9518984491628}",,7047.165200631945,lSrYuL977UAIuKxSarNXPQ,https://s3-media1.fl.yelpcdn.com/bphoto/iw7z41XWPCtV10cFdb57pQ/o.jpg,False,"{'address1': '415 Park Ave', 'address2': '', 'address3': '', 'city': 'Fredonia', 'zip_code': '53021', 'country': 'US', 'state': 'WI', 'display_address': ['415 Park Ave', 'Fredonia, WI 53021']}",Fredonia Firemans Park,,,3.0,1,[],https://www.yelp.com/biz/fredonia-firemans-park-fredonia?adjust_creative=GVWAITeAe13hPk5JlriDSg&utm_campaign=yelp_api_v3&utm_medium=api_v3_business_search&utm_source=GVWAITeAe13hPk5JlriDSg
hawthorn-hills-county-park-saukville,"[{'alias': 'hiking', 'title': 'Hiking'}]","{'latitude': 43.4525142032049, 'longitude': -87.9767997981602}",,9712.25709845568,ihuCZYpkfNEwIDzwTs4aSQ,https://s3-media3.fl.yelpcdn.com/bphoto/wt6msSVvRRbUac0F-zwg0A/o.jpg,False,"{'address1': '4880 Highway I', 'address2': '', 'address3': '', 'city': 'Saukville', 'zip_code': '53080', 'country': 'US', 'state': 'WI', 'display_address': ['4880 Highway I', 'Saukville, WI 53080']}",Hawthorn Hills County Park,,,4.0,1,[],https://www.yelp.com/biz/hawthorn-hills-county-park-saukville?adjust_creative=GVWAITeAe13hPk5JlriDSg&utm_campaign=yelp_api_v3&utm_medium=api_v3_business_search&utm_source=GVWAITeAe13hPk5JlriDSg
dawg-house-waubeka-2,"[{'alias': 'bars', 'title': 'Bars'}, {'alias': 'burgers', 'title': 'Burgers'}]","{'latitude': 43.472958, 'longitude': -87.990695}",(262) 692-2011,9756.507667360582,zVRcdFZw8MQ8qxnEKCSDLw,https://s3-media4.fl.yelpcdn.com/bphoto/NAqDwzrO7kieKG3c4LyKtg/o.jpg,False,"{'address1': 'W4101 River Rd', 'address2': '', 'address3': '', 'city': 'Waubeka', 'zip_code': '53021', 'country': 'US', 'state': 'WI', 'display_address': ['W4101 River Rd', 'Waubeka, WI 53021']}",Dawg House,+12626922011,,4.0,1,[],https://www.yelp.com/biz/dawg-house-waubeka-2?adjust_creative=GVWAITeAe13hPk5JlriDSg&utm_campaign=yelp_api_v3&utm_medium=api_v3_business_search&utm_source=GVWAITeAe13hPk5JlriDSg
sportsmans-bar-and-grill-cedar-grove,"[{'alias': 'bars', 'title': 'Bars'}]","{'latitude': 43.5795785486698, 'longitude': -87.8202418237925}",(920) 668-6534,9944.593444330403,w3ivzZDM71x4J4zSwW_nGw,https://s3-media2.fl.yelpcdn.com/bphoto/4HUKA6FMLI1Va-uCjKpJJw/o.jpg,False,"{'address1': '436 N Main St', 'address2': '', 'address3': '', 'city': 'Cedar Grove', 'zip_code': '53013', 'country': 'US', 'state': 'WI', 'display_address': ['436 N Main St', 'Cedar Grove, WI 53013']}",Sportsman's Bar & Grill,+19206686534,,4.0,1,[],https://www.yelp.com/biz/sportsmans-bar-and-grill-cedar-grove?adjust_creative=GVWAITeAe13hPk5JlriDSg&utm_campaign=yelp_api_v3&utm_medium=api_v3_business_search&utm_source=GVWAITeAe13hPk5JlriDSg
hawthorne-hills-golf-course-saukville,"[{'alias': 'golf', 'title': 'Golf'}]","{'latitude': 43.4094200134277, 'longitude': -87.9866485595703}",(262) 692-2151,10058.379658615171,KfxJWVFIX3xsDvKY_NVSXw,,False,"{'address1': '4720 Cty Tk Hwy I', 'address2': '', 'address3': '', 'city': 'Saukville', 'zip_code': '53080', 'country': 'US', 'state': 'WI', 'display_address': ['4720 Cty Tk Hwy I', 'Saukville, WI 53080']}",Hawthorne Hills Golf Course,+12626922151,,4.0,1,[],https://www.yelp.com/biz/hawthorne-hills-golf-course-saukville?adjust_creative=GVWAITeAe13hPk5JlriDSg&utm_campaign=yelp_api_v3&utm_medium=api_v3_business_search&utm_source=GVWAITeAe13hPk5JlriDSg
mcdonalds-saukville,"[{'alias': 'hotdogs', 'title': 'Fast Food'}, {'alias': 'burgers', 'title': 'Burgers'}, {'alias': 'coffee', 'title': 'Coffee & Tea'}]","{'latitude': 43.3852193232151, 'longitude': -87.9311464726925}",(262) 268-1184,13499.720131762082,nxfNc1DcOYUtgNLwNhAuZA,https://s3-media1.fl.yelpcdn.com/bphoto/k1mRExdt7pmphqy6CN7WYA/o.jpg,False,"{'address1': '656 E Green Bay Ave', 'address2': None, 'address3': None, 'city': 'Saukville', 'zip_code': '53080', 'country': 'US', 'state': 'WI', 'display_address': ['656 E Green Bay Ave', 'Saukville, WI 53080']}",McDonald's,+12622681184,$,1.5,11,[],https://www.yelp.com/biz/mcdonalds-saukville?adjust_creative=GVWAITeAe13hPk5JlriDSg&utm_campaign=yelp_api_v3&utm_medium=api_v3_business_search&utm_source=GVWAITeAe13hPk5JlriDSg
no-where-pub-fredonia,"[{'alias': 'bars', 'title': 'Bars'}]","{'latitude': 43.499519, 'longitude': -87.94176}",(920) 994-4867,5342.94977416594,y_T9umijbz4g1tPL9or0CA,https://s3-media4.fl.yelpcdn.com/bphoto/qilGCaX4UoYxsKBVvUzLnA/o.jpg,False,"{'address1': 'W-3116 Belgium Kohler Rd', 'address2': None, 'address3': None, 'city': 'Fredonia', 'zip_code': '53021', 'country': 'US', 'state': 'WI', 'display_address': ['W-3116 Belgium Kohler Rd', 'Fredonia, WI 53021']}",No Where Pub,+19209944867,,5.0,1,[],https://www.yelp.com/biz/no-where-pub-fredonia?adjust_creative=GVWAITeAe13hPk5JlriDSg&utm_campaign=yelp_api_v3&utm_medium=api_v3_business_search&utm_source=GVWAITeAe13hPk5JlriDSg
j-w-creekside-adell,"[{'alias': 'bars', 'title': 'Bars'}, {'alias': 'tradamerican', 'title': 'American (Traditional)'}]","{'latitude': 43.59098, 'longitude': -88.0504}",(920) 994-4582,17309.654507469757,YaBru4xOPc5yTtG-r0ve2g,https://s3-media1.fl.yelpcdn.com/bphoto/LHkCObaPoDoS44aLvfH7wA/o.jpg,False,"{'address1': 'N1439 State Rd 28', 'address2': '', 'address3': '', 'city': 'Adell', 'zip_code': '53001', 'country': 'US', 'state': 'WI', 'display_address': ['N1439 State Rd 28', 'Adell, WI 53001']}",J W Creekside,+19209944582,$,4.0,2,[],https://www.yelp.com/biz/j-w-creekside-adell?adjust_creative=GVWAITeAe13hPk5JlriDSg&utm_campaign=yelp_api_v3&utm_medium=api_v3_business_search&utm_source=GVWAITeAe13hPk5JlriDSg
diegos-mexican-restaurant-and-cantina-random-lake,"[{'alias': 'mexican', 'title': 'Mexican'}]","{'latitude': 43.5931967157599, 'longitude': -87.940026824398}",(920) 994-9999,11622.8719085422,WBSf-lTE0hIc6ioxUKWO-A,https://s3-media4.fl.yelpcdn.com/bphoto/BjoKPANgA7-bYivQ6UaHbA/o.jpg,False,"{'address1': 'N1481 State Highway 57', 'address2': None, 'address3': None, 'city': 'Random Lake', 'zip_code': '53075', 'country': 'US', 'state': 'WI', 'display_address': ['N1481 State Highway 57', 'Random Lake, WI 53075']}",Diego's Mexican Restaurant & Cantina,+19209949999,,4.0,1,[],https://www.yelp.com/biz/diegos-mexican-restaurant-and-cantina-random-lake?adjust_creative=GVWAITeAe13hPk5JlriDSg&utm_campaign=yelp_api_v3&utm_medium=api_v3_business_search&utm_source=GVWAITeAe13hPk5JlriDSg
port-washington-south-beach-port-washington,"[{'alias': 'beaches', 'title': 'Beaches'}]","{'latitude': 43.3790141554634, 'longitude': -87.8728631780876}",,13422.470613521447,qn8mJNGty19g_ccGgP193Q,https://s3-media1.fl.yelpcdn.com/bphoto/oVgjPYNw-4oQJ7_sY2Y_EQ/o.jpg,False,"{'address1': 'S Beach Rd Wisconsin', 'address2': '', 'address3': '', 'city': 'Port Washington', 'zip_code': '53074', 'country': 'US', 'state': 'WI', 'display_address': ['S Beach Rd Wisconsin', 'Port Washington, WI 53074']}",Port Washington South Beach,,,4.0,1,[],https://www.yelp.com/biz/port-washington-south-beach-port-washington?adjust_creative=GVWAITeAe13hPk5JlriDSg&utm_campaign=yelp_api_v3&utm_medium=api_v3_business_search&utm_source=GVWAITeAe13hPk5JlriDSg
coal-dock-park-port-washington,"[{'alias': 'parks', 'title': 'Parks'}]","{'latitude': 43.386815, 'longitude': -87.8706926}",,12702.562287705212,Q1YIiEohQLvs9JM-rILqEw,https://s3-media4.fl.yelpcdn.com/bphoto/4jDSCtxGjZhFSkPxP1GYmg/o.jpg,False,"{'address1': '146 S Wisconsin St', 'address2': '', 'address3': '', 'city': 'Port Washington', 'zip_code': '53074', 'country': 'US', 'state': 'WI', 'display_address': ['146 S Wisconsin St', 'Port Washington, WI 53074']}",Coal Dock Park,,,4.0,1,[],https://www.yelp.com/biz/coal-dock-park-port-washington?adjust_creative=GVWAITeAe13hPk5JlriDSg&utm_campaign=yelp_api_v3&utm_medium=api_v3_business_search&utm_source=GVWAITeAe13hPk5JlriDSg
town-of-port-washington-port-washington,"[{'alias': 'localflavor', 'title': 'Local Flavor'}]","{'latitude': 43.4248657226562, 'longitude': -87.8774108886719}",,9327.47440599612,aghjz33FETvZtFpidnhbuQ,,False,"{'address1': '', 'address2': '', 'address3': '', 'city': 'Port Washington', 'zip_code': '53074', 'country': 'US', 'state': 'WI', 'display_address': ['Port Washington, WI 53074']}",Town of Port Washington,,,3.0,2,[],https://www.yelp.com/biz/town-of-port-washington-port-washington?adjust_creative=GVWAITeAe13hPk5JlriDSg&utm_campaign=yelp_api_v3&utm_medium=api_v3_business_search&utm_source=GVWAITeAe13hPk5JlriDSg
dominos-pizza-saukville,"[{'alias': 'pizza', 'title': 'Pizza'}, {'alias': 'chicken_wings', 'title': 'Chicken Wings'}, {'alias': 'sandwiches', 'title': 'Sandwiches'}]","{'latitude': 43.3831346, 'longitude': -87.930291}",(262) 284-5522,13672.943375856043,Zz__B8_Nm35Z0PUw_nuRcw,,False,"{'address1': '148 S Foster Dr', 'address2': None, 'address3': None, 'city': 'Saukville', 'zip_code': '53080', 'country': 'US', 'state': 'WI', 'display_address': ['148 S Foster Dr', 'Saukville, WI 53080']}",Domino's Pizza,+12622845522,$,2.0,5,[],https://www.yelp.com/biz/dominos-pizza-saukville?adjust_creative=GVWAITeAe13hPk5JlriDSg&utm_campaign=yelp_api_v3&utm_medium=api_v3_business_search&utm_source=GVWAITeAe13hPk5JlriDSg
mr-fritzs-fredonia,"[{'alias': 'bars', 'title': 'Bars'}]","{'latitude': 43.4702072143555, 'longitude': -87.9539642333984}",(262) 692-9203,7128.575566936961,LV6ODFh1X-bqN8fF2MNmnA,,False,"{'address1': '504 Fredonia Ave', 'address2': None, 'address3': None, 'city': 'Fredonia', 'zip_code': '53021', 'country': 'US', 'state': 'WI', 'display_address': ['504 Fredonia Ave', 'Fredonia, WI 53021']}",Mr Fritz's,+12626929203,,5.0,1,[],https://www.yelp.com/biz/mr-fritzs-fredonia?adjust_creative=GVWAITeAe13hPk5JlriDSg&utm_campaign=yelp_api_v3&utm_medium=api_v3_business_search&utm_source=GVWAITeAe13hPk5JlriDSg
town-of-port-washington-port-washington-2,"[{'alias': 'localflavor', 'title': 'Local Flavor'}]","{'latitude': 43.3939743041992, 'longitude': -87.8725051879883}",(262) 284-5235,9327.47440599612,2vbx4fAmeUtOIHG8xzDGDw,,False,"{'address1': '', 'address2': None, 'address3': None, 'city': 'Port Washington', 'zip_code': '53074', 'country': 'US', 'state': 'WI', 'display_address': ['Port Washington, WI 53074']}",Town of Port Washington,+12622845235,,2.0,1,[],https://www.yelp.com/biz/town-of-port-washington-port-washington-2?adjust_creative=GVWAITeAe13hPk5JlriDSg&utm_campaign=yelp_api_v3&utm_medium=api_v3_business_search&utm_source=GVWAITeAe13hPk5JlriDSg
columbia-st-marys-ozaukee-campus-cafeteria-port-washington,"[{'alias': 'cafeteria', 'title': 'Cafeteria'}]","{'latitude': 43.3863716, 'longitude': -87.8952179}",(262) 284-7409,12685.422366172688,SyWpWzNmXwssJEYZKDK86A,,False,"{'address1': '1317 W Grand Ave', 'address2': '', 'address3': '', 'city': 'Port Washington', 'zip_code': '53074', 'country': 'US', 'state': 'WI', 'display_address': ['1317 W Grand Ave', 'Port Washington, WI 53074']}",Columbia St Mary's Ozaukee Campus Cafeteria,+12622847409,,3.0,1,[],https://www.yelp.com/biz/columbia-st-marys-ozaukee-campus-cafeteria-port-washington?adjust_creative=GVWAITeAe13hPk5JlriDSg&utm_campaign=yelp_api_v3&utm_medium=api_v3_business_search&utm_source=GVWAITeAe13hPk5JlriDSg
tri-par-saukville-2,"[{'alias': 'restaurants', 'title': 'Restaurants'}]","{'latitude': 43.38182, 'longitude': -87.94657}",(262) 284-6100,14302.845419451596,qLkwxsI_O4-fgBVwtuNg9Q,,False,"{'address1': '305 W Dekora St', 'address2': None, 'address3': None, 'city': 'Saukville', 'zip_code': '53080', 'country': 'US', 'state': 'WI', 'display_address': ['305 W Dekora St', 'Saukville, WI 53080']}",Tri-Par,+12622846100,,3.0,1,[],https://www.yelp.com/biz/tri-par-saukville-2?adjust_creative=GVWAITeAe13hPk5JlriDSg&utm_campaign=yelp_api_v3&utm_medium=api_v3_business_search&utm_source=GVWAITeAe13hPk5JlriDSg
country-grove-cedar-grove,"[{'alias': 'diners', 'title': 'Diners'}, {'alias': 'burgers', 'title': 'Burgers'}, {'alias': 'tradamerican', 'title': 'American (Traditional)'}]","{'latitude': 43.55779, 'longitude': -87.81626}",(920) 668-6280,8033.170539747856,E4yqSnd19Sd0cjAVQO1AWA,,False,"{'address1': '322 County Road Ll', 'address2': '', 'address3': None, 'city': 'Cedar Grove', 'zip_code': '53013', 'country': 'US', 'state': 'WI', 'display_address': ['322 County Road Ll', 'Cedar Grove, WI 53013']}",Country Grove,+19206686280,$,4.0,1,[],https://www.yelp.com/biz/country-grove-cedar-grove?adjust_creative=GVWAITeAe13hPk5JlriDSg&utm_campaign=yelp_api_v3&utm_medium=api_v3_business_search&utm_source=GVWAITeAe13hPk5JlriDSg
eagles-nest-random-lake,"[{'alias': 'restaurants', 'title': 'Restaurants'}]","{'latitude': 43.5511207580566, 'longitude': -87.9622344970703}",(920) 994-2285,9030.682574110522,T2GzKRf2688aIW8u8DAv3w,,False,"{'address1': '201 Carroll St', 'address2': '', 'address3': '', 'city': 'Random Lake', 'zip_code': '53075', 'country': 'US', 'state': 'WI', 'display_address': ['201 Carroll St', 'Random Lake, WI 53075']}",Eagle's Nest,+19209942285,$$$$,3.0,2,[],https://www.yelp.com/biz/eagles-nest-random-lake?adjust_creative=GVWAITeAe13hPk5JlriDSg&utm_campaign=yelp_api_v3&utm_medium=api_v3_business_search&utm_source=GVWAITeAe13hPk5JlriDSg
city-of-port-washington-port-washington-2,"[{'alias': 'localflavor', 'title': 'Local Flavor'}]","{'latitude': 43.3916207402945, 'longitude': -87.8664334863424}",(262) 284-5051,12043.5619389276,-GwP0ipoPSdCbm2NFMZHZg,,False,"{'address1': '450 N Lake St', 'address2': None, 'address3': None, 'city': 'Port Washington', 'zip_code': '53074', 'country': 'US', 'state': 'WI', 'display_address': ['450 N Lake St', 'Port Washington, WI 53074']}",City of Port Washington,+12622845051,,2.0,1,[],https://www.yelp.com/biz/city-of-port-washington-port-washington-2?adjust_creative=GVWAITeAe13hPk5JlriDSg&utm_campaign=yelp_api_v3&utm_medium=api_v3_business_search&utm_source=GVWAITeAe13hPk5JlriDSg
port-washington-city-of-port-washington-4,"[{'alias': 'landmarks', 'title': 'Landmarks & Historical Buildings'}]","{'latitude': 43.390975, 'longitude': -87.865816}",(262) 284-2172,12116.121635696074,H-ffnBf7e_5eX8S-HJcZVQ,,False,"{'address1': '408 N Lake St', 'address2': None, 'address3': None, 'city': 'Port Washington', 'zip_code': '53074', 'country': 'US', 'state': 'WI', 'display_address': ['408 N Lake St', 'Port Washington, WI 53074']}",Port Washington City of,+12622842172,,2.0,1,[],https://www.yelp.com/biz/port-washington-city-of-port-washington-4?adjust_creative=GVWAITeAe13hPk5JlriDSg&utm_campaign=yelp_api_v3&utm_medium=api_v3_business_search&utm_source=GVWAITeAe13hPk5JlriDSg
traditions-pub-fillmore,"[{'alias': 'comfortfood', 'title': 'Comfort Food'}, {'alias': 'pubs', 'title': 'Pubs'}]","{'latitude': 43.497992, 'longitude': -88.060895}",(262) 692-3554,14953.549588179476,880FPVHqUpOi3fjw7lYpWA,https://s3-media4.fl.yelpcdn.com/bphoto/dy7pZo-lvJOX0eV4FFl79w/o.jpg,False,"{'address1': '501 County Rd H', 'address2': '', 'address3': None, 'city': 'Fillmore', 'zip_code': '53021', 'country': 'US', 'state': 'WI', 'display_address': ['501 County Rd H', 'Fillmore, WI 53021']}",Traditions Pub,+12626923554,$,5.0,1,[],https://www.yelp.com/biz/traditions-pub-fillmore?adjust_creative=GVWAITeAe13hPk5JlriDSg&utm_campaign=yelp_api_v3&utm_medium=api_v3_business_search&utm_source=GVWAITeAe13hPk5JlriDSg
burger-king-saukville-2,"[{'alias': 'hotdogs', 'title': 'Fast Food'}, {'alias': 'burgers', 'title': 'Burgers'}]","{'latitude': 43.3844868133494, 'longitude': -87.9291020917594}",(866) 394-2493,13522.865686051284,8pSs_4SLJTobccYhliF9kA,,False,"{'address1': '100 S Foster Dr', 'address2': '', 'address3': None, 'city': 'Saukville', 'zip_code': '53080', 'country': 'US', 'state': 'WI', 'display_address': ['100 S Foster Dr', 'Saukville, WI 53080']}",Burger King,+18663942493,,2.5,7,[],https://www.yelp.com/biz/burger-king-saukville-2?adjust_creative=GVWAITeAe13hPk5JlriDSg&utm_campaign=yelp_api_v3&utm_medium=api_v3_business_search&utm_source=GVWAITeAe13hPk5JlriDSg
adell-mini-mart-adell,"[{'alias': 'convenience', 'title': 'Convenience Stores'}, {'alias': 'pizza', 'title': 'Pizza'}]","{'latitude': 43.6150512695312, 'longitude': -87.9421691894531}",(920) 994-2668,13910.687650905296,luhiE1EWX4PW93Q6ofQORA,,False,"{'address1': '127 Edgewood Ave', 'address2': '', 'address3': '', 'city': 'Adell', 'zip_code': '53001', 'country': 'US', 'state': 'WI', 'display_address': ['127 Edgewood Ave', 'Adell, WI 53001']}",Adell Mini-Mart,+19209942668,,4.0,1,[],https://www.yelp.com/biz/adell-mini-mart-adell?adjust_creative=GVWAITeAe13hPk5JlriDSg&utm_campaign=yelp_api_v3&utm_medium=api_v3_business_search&utm_source=GVWAITeAe13hPk5JlriDSg
long-john-silvers-saukville,"[{'alias': 'seafood', 'title': 'Seafood'}, {'alias': 'hotdogs', 'title': 'Fast Food'}]","{'latitude': 43.3847622, 'longitude': -87.9215112}",(262) 268-8232,13392.580653543586,34vDkBtczd8uJmbJSlcvcg,https://s3-media4.fl.yelpcdn.com/bphoto/zCsB4W95_uuZJssjT-6zvw/o.jpg,False,"{'address1': '847 E Green Bay Ave', 'address2': '', 'address3': '', 'city': 'Saukville', 'zip_code': '53080', 'country': 'US', 'state': 'WI', 'display_address': ['847 E Green Bay Ave', 'Saukville, WI 53080']}",Long John Silver's,+12622688232,,2.0,3,[],https://www.yelp.com/biz/long-john-silvers-saukville?adjust_creative=GVWAITeAe13hPk5JlriDSg&utm_campaign=yelp_api_v3&utm_medium=api_v3_business_search&utm_source=GVWAITeAe13hPk5JlriDSg
mels-club-33-saukville,"[{'alias': 'bars', 'title': 'Bars'}]","{'latitude': 43.381252, 'longitude': -87.938039}",(262) 268-1255,14105.987842719334,sQm27CAduVFFOg_7hxzZeQ,,False,"{'address1': '301 E Green Bay Ave', 'address2': '', 'address3': '', 'city': 'Saukville', 'zip_code': '53080', 'country': 'US', 'state': 'WI', 'display_address': ['301 E Green Bay Ave', 'Saukville, WI 53080']}",Mel's Club 33,+12622681255,$$,1.0,2,[],https://www.yelp.com/biz/mels-club-33-saukville?adjust_creative=GVWAITeAe13hPk5JlriDSg&utm_campaign=yelp_api_v3&utm_medium=api_v3_business_search&utm_source=GVWAITeAe13hPk5JlriDSg
rally-time-sports-bar-saukville,"[{'alias': 'sportsbars', 'title': 'Sports Bars'}]","{'latitude': 43.3821853124709, 'longitude': -87.9450706478332}",(262) 268-0446,14223.53193655861,MsCNrc2t_IjVS4Ta2ZuYCw,https://s3-media2.fl.yelpcdn.com/bphoto/keAYRE6Tg6Jt1BEOrtYeYw/o.jpg,False,"{'address1': '289 W Dekora St', 'address2': '', 'address3': '', 'city': 'Saukville', 'zip_code': '53080', 'country': 'US', 'state': 'WI', 'display_address': ['289 W Dekora St', 'Saukville, WI 53080']}",Rally Time Sports Bar,+12622680446,$$,1.0,1,[],https://www.yelp.com/biz/rally-time-sports-bar-saukville?adjust_creative=GVWAITeAe13hPk5JlriDSg&utm_campaign=yelp_api_v3&utm_medium=api_v3_business_search&utm_source=GVWAITeAe13hPk5JlriDSg
carols-coffee-and-cafe-saukville,"[{'alias': 'coffee', 'title': 'Coffee & Tea'}]","{'latitude': 43.381493, 'longitude': -87.940168}",(262) 268-1998,14132.72403308077,VpxJaL2Zggz119SDKmI4Lg,,False,"{'address1': '103 S Mill St', 'address2': None, 'address3': None, 'city': 'Saukville', 'zip_code': '53080', 'country': 'US', 'state': 'WI', 'display_address': ['103 S Mill St', 'Saukville, WI 53080']}",Carol's Coffee & Cafe,+12622681998,,1.0,1,[],https://www.yelp.com/biz/carols-coffee-and-cafe-saukville?adjust_creative=GVWAITeAe13hPk5JlriDSg&utm_campaign=yelp_api_v3&utm_medium=api_v3_business_search&utm_source=GVWAITeAe13hPk5JlriDSg
cottonwood-trailer-pie-milwaukee,"[{'alias': 'pizza', 'title': 'Pizza'}, {'alias': 'foodtrucks', 'title': 'Food Trucks'}]","{'latitude': 43.0675048828125, 'longitude': -87.8844299316406}",(202) 714-7722,46400.19527640064,yOk3mEmcuWsUMceH1gSacQ,https://s3-media1.fl.yelpcdn.com/bphoto/MuHoWK8uWDFGOG6Tc6D2_g/o.jpg,False,"{'address1': '', 'address2': '', 'address3': None, 'city': 'Milwaukee', 'zip_code': '53211', 'country': 'US', 'state': 'WI', 'display_address': ['Milwaukee, WI 53211']}",Cottonwood Trailer Pie,+12027147722,,5.0,1,[],https://www.yelp.com/biz/cottonwood-trailer-pie-milwaukee?adjust_creative=GVWAITeAe13hPk5JlriDSg&utm_campaign=yelp_api_v3&utm_medium=api_v3_business_search&utm_source=GVWAITeAe13hPk5JlriDSg
