zipcode,name,price,rating,review_count,categories
53065,The Green Dragon,$$,4.0,88,"[{'alias': 'newamerican', 'title': 'American (New)'}, {'alias': 'salad', 'title': 'Salad'}, {'alias': 'sandwiches', 'title': 'Sandwiches'}]"
53065,Ang an Eddies,$$,4.5,40,"[{'alias': 'pizza', 'title': 'Pizza'}, {'alias': 'italian', 'title': 'Italian'}]"
53065,Trepanier's Backyard Grill & Bar,$$,4.5,66,"[{'alias': 'newamerican', 'title': 'American (New)'}, {'alias': 'sandwiches', 'title': 'Sandwiches'}, {'alias': 'tradamerican', 'title': 'American (Traditional)'}]"
53065,Gilles Frozen Custard,$,4.5,32,"[{'alias': 'burgers', 'title': 'Burgers'}, {'alias': 'tradamerican', 'title': 'American (Traditional)'}, {'alias': 'icecream', 'title': 'Ice Cream & Frozen Yogurt'}]"
53065,11:11 Burgers & Beignets ,$,4.5,44,"[{'alias': 'burgers', 'title': 'Burgers'}]"
53065,Ala Roma Pizzeria & Pub,$$,4.0,83,"[{'alias': 'pizza', 'title': 'Pizza'}, {'alias': 'pubs', 'title': 'Pubs'}, {'alias': 'italian', 'title': 'Italian'}]"
53065,Casa Del Tequila,$$,4.0,69,"[{'alias': 'mexican', 'title': 'Mexican'}]"
53065,The Sweet & Salty Pig,$$,4.5,31,"[{'alias': 'cuban', 'title': 'Cuban'}, {'alias': 'newamerican', 'title': 'American (New)'}, {'alias': 'breakfast_brunch', 'title': 'Breakfast & Brunch'}]"
53065,Bryanna's Bakery,$$,5.0,16,"[{'alias': 'bakeries', 'title': 'Bakeries'}, {'alias': 'desserts', 'title': 'Desserts'}, {'alias': 'importedfood', 'title': 'Imported Food'}]"
53065,Urban Fuel,$,5.0,17,"[{'alias': 'coffee', 'title': 'Coffee & Tea'}, {'alias': 'wine_bars', 'title': 'Wine Bars'}]"
53065,Schreiner's Restaurant,$$,3.5,80,"[{'alias': 'bakeries', 'title': 'Bakeries'}, {'alias': 'tradamerican', 'title': 'American (Traditional)'}]"
53065,Diner 67,$,4.0,33,"[{'alias': 'burgers', 'title': 'Burgers'}, {'alias': 'breakfast_brunch', 'title': 'Breakfast & Brunch'}]"
53065,Fat Joes,$$,4.0,46,"[{'alias': 'burgers', 'title': 'Burgers'}, {'alias': 'sportsbars', 'title': 'Sports Bars'}]"
53065,Connie's Diner,$,4.5,20,"[{'alias': 'diners', 'title': 'Diners'}, {'alias': 'burgers', 'title': 'Burgers'}, {'alias': 'breakfast_brunch', 'title': 'Breakfast & Brunch'}]"
53065,Schmitty's Bar & Grill,$$,4.5,32,"[{'alias': 'tradamerican', 'title': 'American (Traditional)'}, {'alias': 'pizza', 'title': 'Pizza'}]"
53065,Rock the House Pub & Grill,$,4.5,21,"[{'alias': 'sportsbars', 'title': 'Sports Bars'}, {'alias': 'tradamerican', 'title': 'American (Traditional)'}]"
53065,Annie's Fountain City Cafe,,4.5,18,"[{'alias': 'tradamerican', 'title': 'American (Traditional)'}, {'alias': 'coffee', 'title': 'Coffee & Tea'}, {'alias': 'breakfast_brunch', 'title': 'Breakfast & Brunch'}]"
53065,Sebastian's Steak House,$$,4.0,29,"[{'alias': 'steak', 'title': 'Steakhouses'}, {'alias': 'lounges', 'title': 'Lounges'}]"
53065,Salty's Seafood & Spirits,$$,4.0,36,"[{'alias': 'seafood', 'title': 'Seafood'}]"
53065,Joe's Fox Hut,$,4.0,25,"[{'alias': 'pizza', 'title': 'Pizza'}, {'alias': 'burgers', 'title': 'Burgers'}, {'alias': 'chicken_wings', 'title': 'Chicken Wings'}]"
53065,Brittain House Supper Club,$$,4.5,11,"[{'alias': 'tradamerican', 'title': 'American (Traditional)'}]"
53065,Theo's 24 Prime Steak's Seafood And Wine Bar,$$$,4.0,20,"[{'alias': 'steak', 'title': 'Steakhouses'}, {'alias': 'wine_bars', 'title': 'Wine Bars'}, {'alias': 'seafood', 'title': 'Seafood'}]"
53065,Guido's Spirits & Sandwich,$,5.0,6,"[{'alias': 'tradamerican', 'title': 'American (Traditional)'}, {'alias': 'bars', 'title': 'Bars'}, {'alias': 'sandwiches', 'title': 'Sandwiches'}]"
53065,Coliseum,$,3.5,32,"[{'alias': 'tradamerican', 'title': 'American (Traditional)'}, {'alias': 'sportsbars', 'title': 'Sports Bars'}]"
53065,Friar Tuck's,$,3.5,38,"[{'alias': 'burgers', 'title': 'Burgers'}, {'alias': 'sandwiches', 'title': 'Sandwiches'}, {'alias': 'soup', 'title': 'Soup'}]"
53065,Helen's Kitchen,$,3.5,25,"[{'alias': 'diners', 'title': 'Diners'}, {'alias': 'cafes', 'title': 'Cafes'}]"
53065,Kelley Country Creamery,$,4.5,43,"[{'alias': 'icecream', 'title': 'Ice Cream & Frozen Yogurt'}]"
53065,Tony's Pizza,$$,4.5,9,"[{'alias': 'pizza', 'title': 'Pizza'}]"
53065,Lori's Bar & Grill,$$,4.0,5,"[{'alias': 'bars', 'title': 'Bars'}, {'alias': 'burgers', 'title': 'Burgers'}]"
53065,Sunset On the Water,$$,4.0,22,"[{'alias': 'steak', 'title': 'Steakhouses'}, {'alias': 'burgers', 'title': 'Burgers'}, {'alias': 'sandwiches', 'title': 'Sandwiches'}]"
53065,The Bagelmeister,$,4.5,11,"[{'alias': 'bagels', 'title': 'Bagels'}, {'alias': 'breakfast_brunch', 'title': 'Breakfast & Brunch'}, {'alias': 'sandwiches', 'title': 'Sandwiches'}]"
53065,King's Chef,$,4.0,14,"[{'alias': 'chinese', 'title': 'Chinese'}, {'alias': 'seafood', 'title': 'Seafood'}]"
53065,Ziggy's Pub,,4.5,11,"[{'alias': 'pubs', 'title': 'Pubs'}, {'alias': 'comedyclubs', 'title': 'Comedy Clubs'}, {'alias': 'burgers', 'title': 'Burgers'}]"
53065,Gino's Italian Restaurant,$$,3.5,28,"[{'alias': 'italian', 'title': 'Italian'}]"
53065,Bublitz's Restaurant & Alehouse,$$,3.0,49,"[{'alias': 'tradamerican', 'title': 'American (Traditional)'}, {'alias': 'salad', 'title': 'Salad'}, {'alias': 'pizza', 'title': 'Pizza'}]"
53065,Fuji Yummy,$$,3.5,30,"[{'alias': 'japanese', 'title': 'Japanese'}, {'alias': 'steak', 'title': 'Steakhouses'}, {'alias': 'salad', 'title': 'Salad'}]"
53065,Tabbert's,$,3.5,16,"[{'alias': 'newamerican', 'title': 'American (New)'}]"
53065,The Goose Shot,$,4.5,8,"[{'alias': 'divebars', 'title': 'Dive Bars'}, {'alias': 'sportsbars', 'title': 'Sports Bars'}]"
53065,Pizza Ranch,$$,3.5,18,"[{'alias': 'pizza', 'title': 'Pizza'}]"
53065,Solid Grounds Coffee,$,4.0,8,"[{'alias': 'coffee', 'title': 'Coffee & Tea'}]"
53065,Sal's Pizza,$,3.5,15,"[{'alias': 'pizza', 'title': 'Pizza'}]"
53065,Rolling Meadows Restaurant,$$,3.5,15,"[{'alias': 'seafood', 'title': 'Seafood'}, {'alias': 'italian', 'title': 'Italian'}, {'alias': 'tradamerican', 'title': 'American (Traditional)'}]"
53065,Press Box,,4.0,8,"[{'alias': 'sportsbars', 'title': 'Sports Bars'}, {'alias': 'sandwiches', 'title': 'Sandwiches'}]"
53065,The Other Bar,$,4.5,5,"[{'alias': 'bars', 'title': 'Bars'}, {'alias': 'tradamerican', 'title': 'American (Traditional)'}, {'alias': 'sandwiches', 'title': 'Sandwiches'}]"
53065,The Uba,$$,5.0,3,"[{'alias': 'coffee', 'title': 'Coffee & Tea'}, {'alias': 'juicebars', 'title': 'Juice Bars & Smoothies'}]"
53065,Mancino's Pizza & Grinders,$$,3.0,13,"[{'alias': 'pizza', 'title': 'Pizza'}, {'alias': 'sandwiches', 'title': 'Sandwiches'}, {'alias': 'food', 'title': 'Food'}]"
53065,Benvenuto's Italian Grill,$$$,3.0,22,"[{'alias': 'italian', 'title': 'Italian'}, {'alias': 'wine_bars', 'title': 'Wine Bars'}]"
53065,Las Islas Restaurant & Bar,,3.5,11,"[{'alias': 'caribbean', 'title': 'Caribbean'}, {'alias': 'bars', 'title': 'Bars'}, {'alias': 'latin', 'title': 'Latin American'}]"
53065,Faros Family Restaurant,$$,3.0,20,"[{'alias': 'newamerican', 'title': 'American (New)'}, {'alias': 'greek', 'title': 'Greek'}, {'alias': 'mexican', 'title': 'Mexican'}]"
53065,Oasis Family Restaurant,$,3.5,11,"[{'alias': 'newamerican', 'title': 'American (New)'}, {'alias': 'tradamerican', 'title': 'American (Traditional)'}, {'alias': 'mexican', 'title': 'Mexican'}]"
53065,Downtown Deli To Go,$,4.5,5,"[{'alias': 'delis', 'title': 'Delis'}, {'alias': 'breakfast_brunch', 'title': 'Breakfast & Brunch'}, {'alias': 'sandwiches', 'title': 'Sandwiches'}]"
53065,Faris Gourmet Popcorn,$,5.0,3,"[{'alias': 'desserts', 'title': 'Desserts'}, {'alias': 'popcorn', 'title': 'Popcorn Shops'}]"
53065,Culvers Restaurant,$,4.0,6,"[{'alias': 'burgers', 'title': 'Burgers'}, {'alias': 'hotdogs', 'title': 'Fast Food'}, {'alias': 'icecream', 'title': 'Ice Cream & Frozen Yogurt'}]"
53065,Lakeside Park,,4.5,4,"[{'alias': 'parks', 'title': 'Parks'}]"
53065,Irish's Bar,$,4.0,7,"[{'alias': 'bars', 'title': 'Bars'}]"
53065,Slim and Chubbys,$,4.5,4,"[{'alias': 'bars', 'title': 'Bars'}, {'alias': 'danceclubs', 'title': 'Dance Clubs'}]"
53065,Riviera Maya Mexican Bar & Grill,$$,3.0,14,"[{'alias': 'newamerican', 'title': 'American (New)'}, {'alias': 'mexican', 'title': 'Mexican'}]"
53065,A&W Drive In,,4.0,7,"[{'alias': 'tradamerican', 'title': 'American (Traditional)'}]"
53065,Panera Bread,$$,3.0,14,"[{'alias': 'salad', 'title': 'Salad'}, {'alias': 'soup', 'title': 'Soup'}, {'alias': 'sandwiches', 'title': 'Sandwiches'}]"
53065,Mix It Up Bakery,$,5.0,3,"[{'alias': 'cupcakes', 'title': 'Cupcakes'}, {'alias': 'donuts', 'title': 'Donuts'}, {'alias': 'bakeries', 'title': 'Bakeries'}]"
53065,Yummy Chinese Restaurant,$$,3.0,15,"[{'alias': 'chinese', 'title': 'Chinese'}]"
53065,Buffalo Wild Wings,$$,2.5,17,"[{'alias': 'tradamerican', 'title': 'American (Traditional)'}, {'alias': 'chicken_wings', 'title': 'Chicken Wings'}, {'alias': 'sportsbars', 'title': 'Sports Bars'}]"
53065,A & W Restaurant,$,4.0,6,"[{'alias': 'burgers', 'title': 'Burgers'}, {'alias': 'hotdogs', 'title': 'Fast Food'}, {'alias': 'chicken_wings', 'title': 'Chicken Wings'}]"
53065,Chinatown Kitchen,$,3.0,19,"[{'alias': 'chinese', 'title': 'Chinese'}]"
53065,Cuco's Mexican Restaurant,$,3.0,12,"[{'alias': 'mexican', 'title': 'Mexican'}]"
53065,Applebee's Grill + Bar,$$,2.5,24,"[{'alias': 'sportsbars', 'title': 'Sports Bars'}, {'alias': 'burgers', 'title': 'Burgers'}, {'alias': 'tradamerican', 'title': 'American (Traditional)'}]"
53065,Tucker's Hamburgers,$,3.5,7,"[{'alias': 'hotdog', 'title': 'Hot Dogs'}, {'alias': 'burgers', 'title': 'Burgers'}]"
53065,521 Pub and Grub,,5.0,2,"[{'alias': 'burgers', 'title': 'Burgers'}, {'alias': 'sandwiches', 'title': 'Sandwiches'}, {'alias': 'bbq', 'title': 'Barbeque'}]"
53065,Rocky Rococo Pan Style Pizza,$,3.5,8,"[{'alias': 'pizza', 'title': 'Pizza'}]"
53065,McDonald's,$,3.5,7,"[{'alias': 'burgers', 'title': 'Burgers'}, {'alias': 'hotdogs', 'title': 'Fast Food'}, {'alias': 'coffee', 'title': 'Coffee & Tea'}]"
53065,Paddy's Pizza Pub'n'restaurant,$,4.0,7,"[{'alias': 'pizza', 'title': 'Pizza'}]"
53065,Starbucks,$$,3.0,11,"[{'alias': 'coffee', 'title': 'Coffee & Tea'}]"
53065,Fondy Sports Park,,4.0,4,"[{'alias': 'amusementparks', 'title': 'Amusement Parks'}, {'alias': 'mini_golf', 'title': 'Mini Golf'}]"
53065,Dairy Queen,$,3.5,7,"[{'alias': 'restaurants', 'title': 'Restaurants'}]"
53065,Taco Bell,,3.5,7,"[{'alias': 'tex-mex', 'title': 'Tex-Mex'}, {'alias': 'hotdogs', 'title': 'Fast Food'}, {'alias': 'mexican', 'title': 'Mexican'}]"
53065,Christianos Brick Oven Pizza,,4.5,4,"[{'alias': 'pizza', 'title': 'Pizza'}, {'alias': 'sandwiches', 'title': 'Sandwiches'}]"
53065,Yummy Bones Barbecue,,3.0,8,"[{'alias': 'bbq', 'title': 'Barbeque'}, {'alias': 'southern', 'title': 'Southern'}, {'alias': 'sandwiches', 'title': 'Sandwiches'}]"
53065,Kekoskee Cooper Shop,,3.5,7,"[{'alias': 'pubs', 'title': 'Pubs'}, {'alias': 'tradamerican', 'title': 'American (Traditional)'}]"
53065,Pizza Ranch,$,3.5,6,"[{'alias': 'pizza', 'title': 'Pizza'}]"
53065,Chang Jiang,$,4.0,4,"[{'alias': 'chinese', 'title': 'Chinese'}]"
53065,Cousins Subs,,5.0,2,"[{'alias': 'sandwiches', 'title': 'Sandwiches'}, {'alias': 'delis', 'title': 'Delis'}]"
53065,Jet's Pizza,$$,4.0,6,"[{'alias': 'pizza', 'title': 'Pizza'}]"
53065,Eden Grill,$,3.5,11,"[{'alias': 'tradamerican', 'title': 'American (Traditional)'}, {'alias': 'burgers', 'title': 'Burgers'}, {'alias': 'salad', 'title': 'Salad'}]"
53065,Fazoli's,$,3.0,8,"[{'alias': 'italian', 'title': 'Italian'}]"
53065,2.0 Ale House,$,3.5,5,"[{'alias': 'tradamerican', 'title': 'American (Traditional)'}, {'alias': 'beerbar', 'title': 'Beer Bar'}, {'alias': 'karaoke', 'title': 'Karaoke'}]"
53065,Blue Goose Coffee House,$$,4.5,3,"[{'alias': 'coffee', 'title': 'Coffee & Tea'}]"
53065,Panda Express,$$,2.5,13,"[{'alias': 'chinese', 'title': 'Chinese'}, {'alias': 'hotdogs', 'title': 'Fast Food'}]"
53065,Culver's,$,3.5,6,"[{'alias': 'hotdogs', 'title': 'Fast Food'}, {'alias': 'burgers', 'title': 'Burgers'}]"
53065,Marsh Haven Nature Center,,4.0,2,"[{'alias': 'parks', 'title': 'Parks'}]"
53065,Boda's Restaurant,,4.5,2,"[{'alias': 'newamerican', 'title': 'American (New)'}]"
53065,Culver's,$,3.0,6,"[{'alias': 'hotdogs', 'title': 'Fast Food'}, {'alias': 'icecream', 'title': 'Ice Cream & Frozen Yogurt'}, {'alias': 'burgers', 'title': 'Burgers'}]"
53065,Anita's Log Cabin Restaurant & Bar,,5.0,1,"[{'alias': 'tradamerican', 'title': 'American (Traditional)'}, {'alias': 'bars', 'title': 'Bars'}]"
53065,Eden Cafe,$$,3.5,4,"[{'alias': 'tradamerican', 'title': 'American (Traditional)'}, {'alias': 'breakfast_brunch', 'title': 'Breakfast & Brunch'}, {'alias': 'pizza', 'title': 'Pizza'}]"
53065,Taco Bell,,3.5,6,"[{'alias': 'mexican', 'title': 'Mexican'}, {'alias': 'tex-mex', 'title': 'Tex-Mex'}, {'alias': 'hotdogs', 'title': 'Fast Food'}]"
53065,Taco John's,$,3.0,10,"[{'alias': 'mexican', 'title': 'Mexican'}, {'alias': 'hotdogs', 'title': 'Fast Food'}]"
53065,Tucker's Hamburgers,$$,3.0,6,"[{'alias': 'burgers', 'title': 'Burgers'}, {'alias': 'tradamerican', 'title': 'American (Traditional)'}]"
53065,Children's Museum of Fond Du Lac,,4.5,2,"[{'alias': 'childrensmuseums', 'title': ""Children's Museums""}]"
53065,Eaton's Fresh Pizza & Catering,$,4.0,3,"[{'alias': 'pizza', 'title': 'Pizza'}, {'alias': 'delis', 'title': 'Delis'}]"
53065,Back Stage Bar and Grill,,4.0,3,"[{'alias': 'bars', 'title': 'Bars'}, {'alias': 'tradamerican', 'title': 'American (Traditional)'}]"
53065,The Marsh Inn,$,4.5,3,"[{'alias': 'bars', 'title': 'Bars'}, {'alias': 'burgers', 'title': 'Burgers'}, {'alias': 'pizza', 'title': 'Pizza'}]"
53065,Domino's Pizza,,3.5,6,"[{'alias': 'pizza', 'title': 'Pizza'}, {'alias': 'chicken_wings', 'title': 'Chicken Wings'}, {'alias': 'sandwiches', 'title': 'Sandwiches'}]"
53065,Sombrero's Restaurant,$$,2.5,14,"[{'alias': 'mexican', 'title': 'Mexican'}, {'alias': 'tradamerican', 'title': 'American (Traditional)'}]"
53065,Whispering Springs Golf Club,,4.5,3,"[{'alias': 'golf', 'title': 'Golf'}, {'alias': 'venues', 'title': 'Venues & Event Spaces'}, {'alias': 'wedding_planning', 'title': 'Wedding Planning'}]"
53065,Eaton's Fresh Pizza,$,3.5,3,"[{'alias': 'pizza', 'title': 'Pizza'}]"
53065,Donny Du's,,5.0,1,"[{'alias': 'sportsbars', 'title': 'Sports Bars'}, {'alias': 'tradamerican', 'title': 'American (Traditional)'}]"
53065,The Golf Club at Camelot,,4.5,2,"[{'alias': 'golf', 'title': 'Golf'}, {'alias': 'venues', 'title': 'Venues & Event Spaces'}]"
53065,The Wisco An Old Fashioned Supper Club,,3.0,3,"[{'alias': 'tradamerican', 'title': 'American (Traditional)'}]"
53065,The Nuthouse,,4.0,1,"[{'alias': 'pubs', 'title': 'Pubs'}]"
53065,QDOBA Mexican Eats,$,2.5,7,"[{'alias': 'mexican', 'title': 'Mexican'}, {'alias': 'hotdogs', 'title': 'Fast Food'}]"
53065,Noodles & Company,,3.5,6,"[{'alias': 'noodles', 'title': 'Noodles'}, {'alias': 'salad', 'title': 'Salad'}, {'alias': 'soup', 'title': 'Soup'}]"
53065,Brick House,,3.0,7,"[{'alias': 'cocktailbars', 'title': 'Cocktail Bars'}, {'alias': 'diners', 'title': 'Diners'}]"
53065,McDonald's,$,2.0,14,"[{'alias': 'burgers', 'title': 'Burgers'}, {'alias': 'coffee', 'title': 'Coffee & Tea'}, {'alias': 'hotdogs', 'title': 'Fast Food'}]"
53065,Galloway House & Village Tours,,5.0,1,"[{'alias': 'museums', 'title': 'Museums'}]"
53065,Quitting Time Pub & Grill,$$,5.0,1,"[{'alias': 'pubs', 'title': 'Pubs'}, {'alias': 'tradamerican', 'title': 'American (Traditional)'}]"
53065,Pamela's Bar & Grille,$$,3.0,9,"[{'alias': 'bars', 'title': 'Bars'}, {'alias': 'newamerican', 'title': 'American (New)'}]"
53065,La Mexicana Minimart & Restaurant,,5.0,1,"[{'alias': 'mexican', 'title': 'Mexican'}, {'alias': 'bakeries', 'title': 'Bakeries'}, {'alias': 'breakfast_brunch', 'title': 'Breakfast & Brunch'}]"
53065,Jimmy John's,,3.5,3,"[{'alias': 'sandwiches', 'title': 'Sandwiches'}, {'alias': 'delis', 'title': 'Delis'}, {'alias': 'hotdogs', 'title': 'Fast Food'}]"
53065,Player's Bar & Grill,,4.5,2,"[{'alias': 'restaurants', 'title': 'Restaurants'}]"
53065,Pizza Hut,,2.5,7,"[{'alias': 'pizza', 'title': 'Pizza'}, {'alias': 'italian', 'title': 'Italian'}, {'alias': 'chicken_wings', 'title': 'Chicken Wings'}]"
53065,Culver's,,3.0,5,"[{'alias': 'icecream', 'title': 'Ice Cream & Frozen Yogurt'}, {'alias': 'burgers', 'title': 'Burgers'}, {'alias': 'hotdogs', 'title': 'Fast Food'}]"
53065,Dunkin' Donuts,,3.5,4,"[{'alias': 'coffee', 'title': 'Coffee & Tea'}, {'alias': 'donuts', 'title': 'Donuts'}]"
53065,M J's Food & Spirits,$$,4.0,1,"[{'alias': 'bars', 'title': 'Bars'}, {'alias': 'burgers', 'title': 'Burgers'}, {'alias': 'pizza', 'title': 'Pizza'}]"
53065,Three Sheets Bar,$,4.0,2,"[{'alias': 'bars', 'title': 'Bars'}]"
53065,Golden Cup Cafe,,3.0,3,"[{'alias': 'coffee', 'title': 'Coffee & Tea'}, {'alias': 'breakfast_brunch', 'title': 'Breakfast & Brunch'}, {'alias': 'sandwiches', 'title': 'Sandwiches'}]"
53065,Rolling Meadows Golf Course,,4.0,1,"[{'alias': 'golf', 'title': 'Golf'}]"
53065,Subway,,2.5,3,"[{'alias': 'sandwiches', 'title': 'Sandwiches'}, {'alias': 'hotdogs', 'title': 'Fast Food'}]"
53065,Holliday Food & Sport,$$,4.0,1,"[{'alias': 'coffee', 'title': 'Coffee & Tea'}, {'alias': 'huntingfishingsupplies', 'title': 'Hunting & Fishing Supplies'}, {'alias': 'guns_and_ammo', 'title': 'Guns & Ammo'}]"
53065,The Ol' Bread Box,,4.0,1,"[{'alias': 'bakeries', 'title': 'Bakeries'}]"
53065,KFC,,2.0,8,"[{'alias': 'hotdogs', 'title': 'Fast Food'}, {'alias': 'chicken_wings', 'title': 'Chicken Wings'}, {'alias': 'chickenshop', 'title': 'Chicken Shop'}]"
53065,Main Pub,$$,4.0,1,"[{'alias': 'bars', 'title': 'Bars'}]"
53065,Paddys North Pizza Pub,,2.0,5,"[{'alias': 'pizza', 'title': 'Pizza'}]"
53065,McDonald's,$,1.5,8,"[{'alias': 'burgers', 'title': 'Burgers'}, {'alias': 'hotdogs', 'title': 'Fast Food'}, {'alias': 'coffee', 'title': 'Coffee & Tea'}]"
53065,Domino's Pizza,$$,2.0,3,"[{'alias': 'pizza', 'title': 'Pizza'}, {'alias': 'chicken_wings', 'title': 'Chicken Wings'}, {'alias': 'sandwiches', 'title': 'Sandwiches'}]"
53065,McDonald's,$,2.5,3,"[{'alias': 'hotdogs', 'title': 'Fast Food'}, {'alias': 'burgers', 'title': 'Burgers'}, {'alias': 'coffee', 'title': 'Coffee & Tea'}]"
53065,Dairy Queen,,2.5,3,"[{'alias': 'hotdogs', 'title': 'Fast Food'}, {'alias': 'icecream', 'title': 'Ice Cream & Frozen Yogurt'}]"
53065,D & D Tavern,,3.0,1,"[{'alias': 'bars', 'title': 'Bars'}]"
53065,Papa Murphy's,,2.5,3,"[{'alias': 'pizza', 'title': 'Pizza'}]"
53065,Subway,,3.0,1,"[{'alias': 'sandwiches', 'title': 'Sandwiches'}, {'alias': 'hotdogs', 'title': 'Fast Food'}]"
53065,The Banquets At Camelot,,5.0,2,"[{'alias': 'tradamerican', 'title': 'American (Traditional)'}, {'alias': 'pubs', 'title': 'Pubs'}, {'alias': 'beer_and_wine', 'title': 'Beer, Wine & Spirits'}]"
53065,Arby's,,3.0,1,"[{'alias': 'hotdogs', 'title': 'Fast Food'}, {'alias': 'sandwiches', 'title': 'Sandwiches'}]"
53065,Our Bar,,3.0,1,"[{'alias': 'bars', 'title': 'Bars'}]"
53065,Sully's of Fond Du Lac,,3.0,1,"[{'alias': 'bars', 'title': 'Bars'}, {'alias': 'burgers', 'title': 'Burgers'}]"
53065,Ramjets Tavern,,3.0,1,"[{'alias': 'bars', 'title': 'Bars'}]"
53065,Millers Pub,,3.0,1,"[{'alias': 'bars', 'title': 'Bars'}]"
53065,Little Caesar's Pizza,$$,3.0,1,"[{'alias': 'pizza', 'title': 'Pizza'}]"
53065,Burger King Restaurants,$,1.0,5,"[{'alias': 'restaurants', 'title': 'Restaurants'}]"
53065,Roosevelt Park,,3.0,1,"[{'alias': 'parks', 'title': 'Parks'}]"
53065,Fishy's Bakery & Candyman On Pioneer,$$,2.0,1,"[{'alias': 'bakeries', 'title': 'Bakeries'}, {'alias': 'desserts', 'title': 'Desserts'}, {'alias': 'cupcakes', 'title': 'Cupcakes'}]"
53065,Subway,,2.0,2,"[{'alias': 'sandwiches', 'title': 'Sandwiches'}, {'alias': 'hotdogs', 'title': 'Fast Food'}]"
53065,Bob's Pizza,,3.5,3,"[{'alias': 'pizza', 'title': 'Pizza'}, {'alias': 'sandwiches', 'title': 'Sandwiches'}]"
53065,Philly's Grocery & Deli,,5.0,1,"[{'alias': 'grocery', 'title': 'Grocery'}, {'alias': 'delis', 'title': 'Delis'}]"
53065,The American Legion,,5.0,1,"[{'alias': 'venues', 'title': 'Venues & Event Spaces'}, {'alias': 'pubs', 'title': 'Pubs'}, {'alias': 'eventplanning', 'title': 'Party & Event Planning'}]"
53065,Three Aces North,,5.0,1,"[{'alias': 'bars', 'title': 'Bars'}]"
53065,Village Grounds,,5.0,1,"[{'alias': 'coffee', 'title': 'Coffee & Tea'}, {'alias': 'wraps', 'title': 'Wraps'}, {'alias': 'sandwiches', 'title': 'Sandwiches'}]"
53065,Subway,,5.0,1,"[{'alias': 'sandwiches', 'title': 'Sandwiches'}, {'alias': 'hotdogs', 'title': 'Fast Food'}]"
53065,O'Davey's Pub,$,1.0,2,"[{'alias': 'beer_and_wine', 'title': 'Beer, Wine & Spirits'}, {'alias': 'pubs', 'title': 'Pubs'}]"
53065,FreshFit Cafe,,5.0,1,"[{'alias': 'cafes', 'title': 'Cafes'}]"
53065,Frenchie's Sports Page,,1.0,1,"[{'alias': 'pubs', 'title': 'Pubs'}]"
53065,Piggly Wiggly,,2.5,2,"[{'alias': 'grocery', 'title': 'Grocery'}, {'alias': 'beer_and_wine', 'title': 'Beer, Wine & Spirits'}, {'alias': 'delis', 'title': 'Delis'}]"
53065,From Scratch Kitchen And Bakery,,3.0,1,"[{'alias': 'bbq', 'title': 'Barbeque'}, {'alias': 'bakeries', 'title': 'Bakeries'}, {'alias': 'fishnchips', 'title': 'Fish & Chips'}]"
53065,McDonald's,$$,1.0,2,"[{'alias': 'burgers', 'title': 'Burgers'}, {'alias': 'coffee', 'title': 'Coffee & Tea'}, {'alias': 'hotdogs', 'title': 'Fast Food'}]"
53065,Starbucks,,2.0,1,"[{'alias': 'coffee', 'title': 'Coffee & Tea'}]"
53065,Subway,$,1.5,2,"[{'alias': 'sandwiches', 'title': 'Sandwiches'}, {'alias': 'hotdogs', 'title': 'Fast Food'}]"
53065,Subway,,1.0,1,"[{'alias': 'sandwiches', 'title': 'Sandwiches'}, {'alias': 'hotdogs', 'title': 'Fast Food'}]"
53065,Taco Bell,,1.5,2,"[{'alias': 'mexican', 'title': 'Mexican'}, {'alias': 'tex-mex', 'title': 'Tex-Mex'}, {'alias': 'hotdogs', 'title': 'Fast Food'}]"
53065,Oakgreen Golf Course & Driving Range,,1.0,1,"[{'alias': 'golf', 'title': 'Golf'}]"
53065,Entrees On-Trays,,1.0,1,"[{'alias': 'restaurants', 'title': 'Restaurants'}]"
53065,Starbucks,,1.0,2,"[{'alias': 'coffee', 'title': 'Coffee & Tea'}]"
