alias,categories,coordinates,display_phone,distance,id,image_url,is_closed,location,name,phone,price,rating,review_count,transactions,url
perc-place-hartford-2,"[{'alias': 'coffee', 'title': 'Coffee & Tea'}, {'alias': 'breakfast_brunch', 'title': 'Breakfast & Brunch'}, {'alias': 'tradamerican', 'title': 'American (Traditional)'}]","{'latitude': 43.31845, 'longitude': -88.37908}",(262) 670-6950,972.5027535295429,iePUts8UQCS5YWpNTtduNw,https://s3-media4.fl.yelpcdn.com/bphoto/5WxXZ_Vk38XQYK0k9Lvsrg/o.jpg,False,"{'address1': '39 43 North Main St', 'address2': '', 'address3': '', 'city': 'Hartford', 'zip_code': '53027', 'country': 'US', 'state': 'WI', 'display_address': ['39 43 North Main St', 'Hartford, WI 53027']}",Perc Place,+12626706950,$$,4.0,72,[],https://www.yelp.com/biz/perc-place-hartford-2?adjust_creative=GVWAITeAe13hPk5JlriDSg&utm_campaign=yelp_api_v3&utm_medium=api_v3_business_search&utm_source=GVWAITeAe13hPk5JlriDSg
scoop-deville-hartford,"[{'alias': 'icecream', 'title': 'Ice Cream & Frozen Yogurt'}, {'alias': 'sandwiches', 'title': 'Sandwiches'}]","{'latitude': 43.31884, 'longitude': -88.37924}",(262) 673-1957,987.4658362926564,7Op0QFEMpzHC3-5V3TYb9Q,https://s3-media1.fl.yelpcdn.com/bphoto/3nnlankGcNY2OKLRF91MuQ/o.jpg,False,"{'address1': '65 N Main St', 'address2': '', 'address3': '', 'city': 'Hartford', 'zip_code': '53027', 'country': 'US', 'state': 'WI', 'display_address': ['65 N Main St', 'Hartford, WI 53027']}",Scoop Deville,+12626731957,$$,5.0,19,[],https://www.yelp.com/biz/scoop-deville-hartford?adjust_creative=GVWAITeAe13hPk5JlriDSg&utm_campaign=yelp_api_v3&utm_medium=api_v3_business_search&utm_source=GVWAITeAe13hPk5JlriDSg
mineshaft-restaurant-and-bar-hartford,"[{'alias': 'pizza', 'title': 'Pizza'}, {'alias': 'bars', 'title': 'Bars'}]","{'latitude': 43.3180389404297, 'longitude': -88.3785858154297}",(262) 673-5416,925.4460662797327,i_LmppMRxLd-FtR2fOQOqA,https://s3-media4.fl.yelpcdn.com/bphoto/_DIgJcVD1KbY7KERI5I5yg/o.jpg,False,"{'address1': '22 N Main St', 'address2': '', 'address3': '', 'city': 'Hartford', 'zip_code': '53027', 'country': 'US', 'state': 'WI', 'display_address': ['22 N Main St', 'Hartford, WI 53027']}",Mineshaft Restaurant & Bar,+12626735416,$$,3.0,166,[],https://www.yelp.com/biz/mineshaft-restaurant-and-bar-hartford?adjust_creative=GVWAITeAe13hPk5JlriDSg&utm_campaign=yelp_api_v3&utm_medium=api_v3_business_search&utm_source=GVWAITeAe13hPk5JlriDSg
pueblas-kitchen-hartford,"[{'alias': 'mexican', 'title': 'Mexican'}]","{'latitude': 43.31919, 'longitude': -88.37822}",(262) 397-8503,905.5218376509509,8_MQbhPmt6W9NBdpPt49EQ,https://s3-media2.fl.yelpcdn.com/bphoto/7VQH8fYJZEQSWfXO97hZkA/o.jpg,False,"{'address1': '28 E Jackson St', 'address2': None, 'address3': None, 'city': 'Hartford', 'zip_code': '53027', 'country': 'US', 'state': 'WI', 'display_address': ['28 E Jackson St', 'Hartford, WI 53027']}",Puebla's Kitchen,+12623978503,$$,4.5,25,[],https://www.yelp.com/biz/pueblas-kitchen-hartford?adjust_creative=GVWAITeAe13hPk5JlriDSg&utm_campaign=yelp_api_v3&utm_medium=api_v3_business_search&utm_source=GVWAITeAe13hPk5JlriDSg
the-coffee-trader-hartford-2,"[{'alias': 'cafes', 'title': 'Cafes'}]","{'latitude': 43.31805, 'longitude': -88.3448499}",(262) 670-9901,1768.6482938107658,A0P7WJCsZiRYkJ_x0aCkmQ,https://s3-media4.fl.yelpcdn.com/bphoto/vUNh8RheJnlgR-gBG3FoMw/o.jpg,False,"{'address1': '30 S Pike Lake Dr', 'address2': None, 'address3': None, 'city': 'Hartford', 'zip_code': '53027', 'country': 'US', 'state': 'WI', 'display_address': ['30 S Pike Lake Dr', 'Hartford, WI 53027']}",The Coffee Trader,+12626709901,$,5.0,13,[],https://www.yelp.com/biz/the-coffee-trader-hartford-2?adjust_creative=GVWAITeAe13hPk5JlriDSg&utm_campaign=yelp_api_v3&utm_medium=api_v3_business_search&utm_source=GVWAITeAe13hPk5JlriDSg
ichiban-japanese-sushi-and-steak-house-hartford-5,"[{'alias': 'japanese', 'title': 'Japanese'}, {'alias': 'sushi', 'title': 'Sushi Bars'}]","{'latitude': 43.31705, 'longitude': -88.34943}",(262) 457-2288,1432.586549825501,DuacQG0H89uqdJ2ZDniimg,https://s3-media4.fl.yelpcdn.com/bphoto/TWtOuHod-9RlgRbKaosHCQ/o.jpg,False,"{'address1': '1595 E Sumner St', 'address2': 'Ste 103', 'address3': None, 'city': 'Hartford', 'zip_code': '53027', 'country': 'US', 'state': 'WI', 'display_address': ['1595 E Sumner St', 'Ste 103', 'Hartford, WI 53027']}",Ichiban Japanese Sushi&Steak House,+12624572288,$$,4.0,19,[],https://www.yelp.com/biz/ichiban-japanese-sushi-and-steak-house-hartford-5?adjust_creative=GVWAITeAe13hPk5JlriDSg&utm_campaign=yelp_api_v3&utm_medium=api_v3_business_search&utm_source=GVWAITeAe13hPk5JlriDSg
m-j-stevens-pub-n-restaurant-hartford,"[{'alias': 'tradamerican', 'title': 'American (Traditional)'}, {'alias': 'bars', 'title': 'Bars'}]","{'latitude': 43.38219, 'longitude': -88.30811}",(262) 644-6037,8586.61050912287,AvV1d_RYshEAW3FdPzN7IQ,https://s3-media1.fl.yelpcdn.com/bphoto/D3JOSGd79lQsCDxoJs5Rlw/o.jpg,False,"{'address1': '5260 Aurora Rd', 'address2': '', 'address3': '', 'city': 'Hartford', 'zip_code': '53027', 'country': 'US', 'state': 'WI', 'display_address': ['5260 Aurora Rd', 'Hartford, WI 53027']}",M J Stevens Pub-N-Restaurant,+12626446037,$$,4.0,62,[],https://www.yelp.com/biz/m-j-stevens-pub-n-restaurant-hartford?adjust_creative=GVWAITeAe13hPk5JlriDSg&utm_campaign=yelp_api_v3&utm_medium=api_v3_business_search&utm_source=GVWAITeAe13hPk5JlriDSg
angee-bz-subs-hartford-2,"[{'alias': 'wraps', 'title': 'Wraps'}]","{'latitude': 43.31746, 'longitude': -88.38839}",(262) 670-6996,1714.5468424841229,g8g3CYBVMTuLFpWgqIqoIw,https://s3-media1.fl.yelpcdn.com/bphoto/atTQsCFF58d__cg01N22Rg/o.jpg,False,"{'address1': '625 W Sumner St', 'address2': 'Ste 700', 'address3': '', 'city': 'Hartford', 'zip_code': '53027', 'country': 'US', 'state': 'WI', 'display_address': ['625 W Sumner St', 'Ste 700', 'Hartford, WI 53027']}",Angee B'z Subs,+12626706996,$,4.5,18,[],https://www.yelp.com/biz/angee-bz-subs-hartford-2?adjust_creative=GVWAITeAe13hPk5JlriDSg&utm_campaign=yelp_api_v3&utm_medium=api_v3_business_search&utm_source=GVWAITeAe13hPk5JlriDSg
the-slinger-house-pub-and-grille-slinger,"[{'alias': 'burgers', 'title': 'Burgers'}, {'alias': 'sandwiches', 'title': 'Sandwiches'}, {'alias': 'pubs', 'title': 'Pubs'}]","{'latitude': 43.3345486968756, 'longitude': -88.2851531356573}",(262) 644-8518,6880.046753115999,ThyBSJa19anhWabhDmwgUA,https://s3-media1.fl.yelpcdn.com/bphoto/1FgSynkfyvX5cbxtvtG67A/o.jpg,False,"{'address1': '100 W Washington St', 'address2': None, 'address3': '', 'city': 'Slinger', 'zip_code': '53086', 'country': 'US', 'state': 'WI', 'display_address': ['100 W Washington St', 'Slinger, WI 53086']}",The Slinger House Pub & Grille,+12626448518,$$,4.0,46,[],https://www.yelp.com/biz/the-slinger-house-pub-and-grille-slinger?adjust_creative=GVWAITeAe13hPk5JlriDSg&utm_campaign=yelp_api_v3&utm_medium=api_v3_business_search&utm_source=GVWAITeAe13hPk5JlriDSg
casa-tequila-hartford,"[{'alias': 'mexican', 'title': 'Mexican'}]","{'latitude': 43.3174971527565, 'longitude': -88.3447390794754}",(262) 673-9999,1814.4881152296018,J5OU1Z9IgtWOc6v-utGDYQ,https://s3-media3.fl.yelpcdn.com/bphoto/k-vax9gBKR0f491OKw5WZg/o.jpg,False,"{'address1': '3461 High Rd', 'address2': '', 'address3': '', 'city': 'Hartford', 'zip_code': '53027', 'country': 'US', 'state': 'WI', 'display_address': ['3461 High Rd', 'Hartford, WI 53027']}",Casa Tequila,+12626739999,$$,3.5,36,[],https://www.yelp.com/biz/casa-tequila-hartford?adjust_creative=GVWAITeAe13hPk5JlriDSg&utm_campaign=yelp_api_v3&utm_medium=api_v3_business_search&utm_source=GVWAITeAe13hPk5JlriDSg
wisconsin-automotive-museum-hartford,"[{'alias': 'museums', 'title': 'Museums'}]","{'latitude': 43.32016, 'longitude': -88.38173}",(262) 673-7999,1234.1401784308705,n6jxu-ju95VoW16GWW_Aiw,https://s3-media4.fl.yelpcdn.com/bphoto/37RNNuyndizHcf7HpASD9A/o.jpg,False,"{'address1': '147 N Rural St', 'address2': '', 'address3': '', 'city': 'Hartford', 'zip_code': '53027', 'country': 'US', 'state': 'WI', 'display_address': ['147 N Rural St', 'Hartford, WI 53027']}",Wisconsin Automotive Museum,+12626737999,,4.5,7,[],https://www.yelp.com/biz/wisconsin-automotive-museum-hartford?adjust_creative=GVWAITeAe13hPk5JlriDSg&utm_campaign=yelp_api_v3&utm_medium=api_v3_business_search&utm_source=GVWAITeAe13hPk5JlriDSg
mickeys-fresh-frozen-custard-hartford,"[{'alias': 'icecream', 'title': 'Ice Cream & Frozen Yogurt'}]","{'latitude': 43.3093681335449, 'longitude': -88.3744812011719}",(262) 670-2663,1129.5153025964903,Gngwoc4R0kQKZ3WbyP7dKQ,https://s3-media3.fl.yelpcdn.com/bphoto/6xzOe2S1EFYAmlyam0ENuA/o.jpg,False,"{'address1': '675 Grand Ave', 'address2': '', 'address3': '', 'city': 'Hartford', 'zip_code': '53027', 'country': 'US', 'state': 'WI', 'display_address': ['675 Grand Ave', 'Hartford, WI 53027']}",Mickey's Fresh Frozen Custard,+12626702663,$,4.0,12,[],https://www.yelp.com/biz/mickeys-fresh-frozen-custard-hartford?adjust_creative=GVWAITeAe13hPk5JlriDSg&utm_campaign=yelp_api_v3&utm_medium=api_v3_business_search&utm_source=GVWAITeAe13hPk5JlriDSg
fox-and-hounds-restaurant-hubertus,"[{'alias': 'german', 'title': 'German'}, {'alias': 'tradamerican', 'title': 'American (Traditional)'}, {'alias': 'steak', 'title': 'Steakhouses'}]","{'latitude': 43.236017, 'longitude': -88.2879}",(262) 628-1111,11147.774193223846,4-BI6JHWFsNuK6NhLDHs1A,https://s3-media4.fl.yelpcdn.com/bphoto/a-Y9g7aYkwzN1Qh8a_hWyQ/o.jpg,False,"{'address1': '1298 Friess Lake Rd', 'address2': '', 'address3': '', 'city': 'Hubertus', 'zip_code': '53033', 'country': 'US', 'state': 'WI', 'display_address': ['1298 Friess Lake Rd', 'Hubertus, WI 53033']}",Fox & Hounds Restaurant,+12626281111,$$,3.5,188,[],https://www.yelp.com/biz/fox-and-hounds-restaurant-hubertus?adjust_creative=GVWAITeAe13hPk5JlriDSg&utm_campaign=yelp_api_v3&utm_medium=api_v3_business_search&utm_source=GVWAITeAe13hPk5JlriDSg
copper-dock-restaurant-hubertus,"[{'alias': 'newamerican', 'title': 'American (New)'}]","{'latitude': 43.240795135498, 'longitude': -88.2709350585938}",(262) 628-3718,11601.07838550439,LmEGhn-x2Ua3x6t6wXh0PQ,https://s3-media1.fl.yelpcdn.com/bphoto/V4jm9nrecaSNQe5LHpNt8w/o.jpg,False,"{'address1': '1474 E Friess Lake Dr', 'address2': '', 'address3': '', 'city': 'Hubertus', 'zip_code': '53033', 'country': 'US', 'state': 'WI', 'display_address': ['1474 E Friess Lake Dr', 'Hubertus, WI 53033']}",Copper Dock Restaurant,+12626283718,$$,4.0,82,[],https://www.yelp.com/biz/copper-dock-restaurant-hubertus?adjust_creative=GVWAITeAe13hPk5JlriDSg&utm_campaign=yelp_api_v3&utm_medium=api_v3_business_search&utm_source=GVWAITeAe13hPk5JlriDSg
bildas-friess-lake-pub-hubertus,"[{'alias': 'burgers', 'title': 'Burgers'}]","{'latitude': 43.2510735646301, 'longitude': -88.2613825807649}",(262) 628-3454,11344.014699467833,8aeJrknntck2MReegchayA,https://s3-media4.fl.yelpcdn.com/bphoto/Ny3e0UV_c5mNxwGW_UnxaQ/o.jpg,False,"{'address1': '4493 Holy Hill Rd', 'address2': '', 'address3': '', 'city': 'Hubertus', 'zip_code': '53033', 'country': 'US', 'state': 'WI', 'display_address': ['4493 Holy Hill Rd', 'Hubertus, WI 53033']}",Bildas Friess Lake Pub,+12626283454,$$,4.0,58,[],https://www.yelp.com/biz/bildas-friess-lake-pub-hubertus?adjust_creative=GVWAITeAe13hPk5JlriDSg&utm_campaign=yelp_api_v3&utm_medium=api_v3_business_search&utm_source=GVWAITeAe13hPk5JlriDSg
timmers-restaurant-west-bend,"[{'alias': 'venues', 'title': 'Venues & Event Spaces'}, {'alias': 'bars', 'title': 'Bars'}, {'alias': 'newamerican', 'title': 'American (New)'}]","{'latitude': 43.37708, 'longitude': -88.2546}",(262) 338-7710,11187.297492131158,5PqYEhXY9njKYXqcOVfdFA,https://s3-media2.fl.yelpcdn.com/bphoto/jGKs-n7lenbrZlIIpXtEOA/o.jpg,False,"{'address1': '5151 Timmer Bay Rd', 'address2': '', 'address3': '', 'city': 'West Bend', 'zip_code': '53095', 'country': 'US', 'state': 'WI', 'display_address': ['5151 Timmer Bay Rd', 'West Bend, WI 53095']}",Timmer's Restaurant,+12623387710,$$,4.0,52,[],https://www.yelp.com/biz/timmers-restaurant-west-bend?adjust_creative=GVWAITeAe13hPk5JlriDSg&utm_campaign=yelp_api_v3&utm_medium=api_v3_business_search&utm_source=GVWAITeAe13hPk5JlriDSg
china-garden-hartford,"[{'alias': 'chinese', 'title': 'Chinese'}]","{'latitude': 43.31909, 'longitude': -88.37781}",(262) 673-5020,879.2561951246405,iSV3rz0OZdqcwcpP48RJrw,https://s3-media3.fl.yelpcdn.com/bphoto/AtNSxATT3yLIO984IiH2pA/o.jpg,False,"{'address1': '46 E Jackson St', 'address2': '', 'address3': '', 'city': 'Hartford', 'zip_code': '53027', 'country': 'US', 'state': 'WI', 'display_address': ['46 E Jackson St', 'Hartford, WI 53027']}",China Garden,+12626735020,$$,3.5,14,[],https://www.yelp.com/biz/china-garden-hartford?adjust_creative=GVWAITeAe13hPk5JlriDSg&utm_campaign=yelp_api_v3&utm_medium=api_v3_business_search&utm_source=GVWAITeAe13hPk5JlriDSg
little-red-inn-hartford,"[{'alias': 'tradamerican', 'title': 'American (Traditional)'}, {'alias': 'bars', 'title': 'Bars'}]","{'latitude': 43.36999, 'longitude': -88.333198}",(262) 644-8181,6400.183859865734,7U7-1rrh6TWCldgrd_blGQ,https://s3-media2.fl.yelpcdn.com/bphoto/UpmYVFoCFBAb42bKzOYLsg/o.jpg,False,"{'address1': '4900 State Rd 175', 'address2': '', 'address3': '', 'city': 'Hartford', 'zip_code': '53027', 'country': 'US', 'state': 'WI', 'display_address': ['4900 State Rd 175', 'Hartford, WI 53027']}",Little Red Inn,+12626448181,$$,4.0,33,[],https://www.yelp.com/biz/little-red-inn-hartford?adjust_creative=GVWAITeAe13hPk5JlriDSg&utm_campaign=yelp_api_v3&utm_medium=api_v3_business_search&utm_source=GVWAITeAe13hPk5JlriDSg
sals-pizza-hartford-hartford,"[{'alias': 'pizza', 'title': 'Pizza'}]","{'latitude': 43.31922, 'longitude': -88.35173}",(262) 670-8532,1261.8826127988016,ZLyDnx_3UWpJss4DQbQdvg,https://s3-media1.fl.yelpcdn.com/bphoto/m-WQpp1-9zKsG3cNxz_t7A/o.jpg,False,"{'address1': '1524 E Sumner St', 'address2': None, 'address3': None, 'city': 'Hartford', 'zip_code': '53027', 'country': 'US', 'state': 'WI', 'display_address': ['1524 E Sumner St', 'Hartford, WI 53027']}",Sal's Pizza-Hartford,+12626708532,$,3.5,15,[],https://www.yelp.com/biz/sals-pizza-hartford-hartford?adjust_creative=GVWAITeAe13hPk5JlriDSg&utm_campaign=yelp_api_v3&utm_medium=api_v3_business_search&utm_source=GVWAITeAe13hPk5JlriDSg
polanco-mexican-restaurant-and-cantina-slinger,"[{'alias': 'mexican', 'title': 'Mexican'}]","{'latitude': 43.32522, 'longitude': -88.2675299}",(262) 297-1788,8099.153475202416,8giAv69ZAvD9qs1sbYNSFg,https://s3-media4.fl.yelpcdn.com/bphoto/Lv6nMf_6_BtkAJc7hz1MpQ/o.jpg,False,"{'address1': '1058 E Commerce Blvd', 'address2': '', 'address3': None, 'city': 'Slinger', 'zip_code': '53086', 'country': 'US', 'state': 'WI', 'display_address': ['1058 E Commerce Blvd', 'Slinger, WI 53086']}",Polanco Mexican Restaurant & Cantina,+12622971788,$$,4.0,27,[],https://www.yelp.com/biz/polanco-mexican-restaurant-and-cantina-slinger?adjust_creative=GVWAITeAe13hPk5JlriDSg&utm_campaign=yelp_api_v3&utm_medium=api_v3_business_search&utm_source=GVWAITeAe13hPk5JlriDSg
red-apple-cafe-hartford,"[{'alias': 'tradamerican', 'title': 'American (Traditional)'}, {'alias': 'cafes', 'title': 'Cafes'}]","{'latitude': 43.3175142281779, 'longitude': -88.3881140872836}",(262) 670-0100,1696.3063903510151,bhTyQuZcVeBltxwqwUZ2OA,https://s3-media3.fl.yelpcdn.com/bphoto/8JAYAyPYP8UDk9R396Dd_w/o.jpg,False,"{'address1': '625 W Sumner St', 'address2': 'Ste 200', 'address3': '', 'city': 'Hartford', 'zip_code': '53027', 'country': 'US', 'state': 'WI', 'display_address': ['625 W Sumner St', 'Ste 200', 'Hartford, WI 53027']}",Red Apple Cafe,+12626700100,$,3.5,12,[],https://www.yelp.com/biz/red-apple-cafe-hartford?adjust_creative=GVWAITeAe13hPk5JlriDSg&utm_campaign=yelp_api_v3&utm_medium=api_v3_business_search&utm_source=GVWAITeAe13hPk5JlriDSg
jims-place-slinger,"[{'alias': 'icecream', 'title': 'Ice Cream & Frozen Yogurt'}]","{'latitude': 43.333438873291, 'longitude': -88.2869415283203}",(262) 644-7411,6720.465789338552,HVwpjng5Sy0vdtiYxNAg3g,https://s3-media2.fl.yelpcdn.com/bphoto/PeQqVU3vr3N_0x81CkWxAw/o.jpg,False,"{'address1': '201 Kettle Moraine Dr S', 'address2': '', 'address3': '', 'city': 'Slinger', 'zip_code': '53086', 'country': 'US', 'state': 'WI', 'display_address': ['201 Kettle Moraine Dr S', 'Slinger, WI 53086']}",Jim's Place,+12626447411,$,4.5,10,[],https://www.yelp.com/biz/jims-place-slinger?adjust_creative=GVWAITeAe13hPk5JlriDSg&utm_campaign=yelp_api_v3&utm_medium=api_v3_business_search&utm_source=GVWAITeAe13hPk5JlriDSg
erin-hills-golf-course-erin,"[{'alias': 'golf', 'title': 'Golf'}]","{'latitude': 43.25006, 'longitude': -88.39427}",(262) 670-8600,7670.372660317324,bIBlHxOBnL9xGdk3LnoOtQ,https://s3-media3.fl.yelpcdn.com/bphoto/2npYqd9J2ZJ1jIsSVdxqlA/o.jpg,False,"{'address1': '7169 County Rd O', 'address2': None, 'address3': None, 'city': 'Erin', 'zip_code': '53027', 'country': 'US', 'state': 'WI', 'display_address': ['7169 County Rd O', 'Erin, WI 53027']}",Erin Hills Golf Course,+12626708600,,4.0,16,[],https://www.yelp.com/biz/erin-hills-golf-course-erin?adjust_creative=GVWAITeAe13hPk5JlriDSg&utm_campaign=yelp_api_v3&utm_medium=api_v3_business_search&utm_source=GVWAITeAe13hPk5JlriDSg
big-guys-hartford,"[{'alias': 'bars', 'title': 'Bars'}, {'alias': 'pizza', 'title': 'Pizza'}, {'alias': 'burgers', 'title': 'Burgers'}]","{'latitude': 43.3192623592527, 'longitude': -88.3256095387918}",(262) 457-2200,3364.110896672628,g1LnRFJ8jPS-QyRod8JNWg,,False,"{'address1': '5869 Franklin Dr', 'address2': '', 'address3': None, 'city': 'Hartford', 'zip_code': '53027', 'country': 'US', 'state': 'WI', 'display_address': ['5869 Franklin Dr', 'Hartford, WI 53027']}",Big Guys,+12624572200,,5.0,5,[],https://www.yelp.com/biz/big-guys-hartford?adjust_creative=GVWAITeAe13hPk5JlriDSg&utm_campaign=yelp_api_v3&utm_medium=api_v3_business_search&utm_source=GVWAITeAe13hPk5JlriDSg
hanks-restaurant-and-drinkery-hartford,"[{'alias': 'beer_and_wine', 'title': 'Beer, Wine & Spirits'}, {'alias': 'newamerican', 'title': 'American (New)'}]","{'latitude': 43.317554473877, 'longitude': -88.3792953491211}",(262) 673-4265,974.3290984218003,gDkGTzb283nZmMDZRicdhQ,https://s3-media2.fl.yelpcdn.com/bphoto/sLAqvLMgb9QjxVFD3hok8g/o.jpg,False,"{'address1': '11 S Main St', 'address2': '', 'address3': '', 'city': 'Hartford', 'zip_code': '53027', 'country': 'US', 'state': 'WI', 'display_address': ['11 S Main St', 'Hartford, WI 53027']}",Hank's Restaurant & Drinkery,+12626734265,$,3.0,17,[],https://www.yelp.com/biz/hanks-restaurant-and-drinkery-hartford?adjust_creative=GVWAITeAe13hPk5JlriDSg&utm_campaign=yelp_api_v3&utm_medium=api_v3_business_search&utm_source=GVWAITeAe13hPk5JlriDSg
bank-shot-sports-bar-hartford-2,"[{'alias': 'pizza', 'title': 'Pizza'}, {'alias': 'sportsbars', 'title': 'Sports Bars'}]","{'latitude': 43.3183, 'longitude': -88.3787}",(262) 673-9998,924.8899281024846,mcyObqb3d_ONPMWoWObeEg,https://s3-media2.fl.yelpcdn.com/bphoto/Zi_2M5qSeTE7tZvEVB0UKQ/o.jpg,False,"{'address1': '34 N Main St', 'address2': '', 'address3': '', 'city': 'Hartford', 'zip_code': '53027', 'country': 'US', 'state': 'WI', 'display_address': ['34 N Main St', 'Hartford, WI 53027']}",Bank Shot Sports Bar,+12626739998,$,4.0,5,[],https://www.yelp.com/biz/bank-shot-sports-bar-hartford-2?adjust_creative=GVWAITeAe13hPk5JlriDSg&utm_campaign=yelp_api_v3&utm_medium=api_v3_business_search&utm_source=GVWAITeAe13hPk5JlriDSg
washington-county-golf-course-hartford,"[{'alias': 'golf', 'title': 'Golf'}]","{'latitude': 43.338027, 'longitude': -88.35536}",(262) 670-6616,2422.808300337313,riIpGfUrqVeqWmLz7fq_Pw,https://s3-media3.fl.yelpcdn.com/bphoto/_1Yt6UkMn2T0siiZbk031g/o.jpg,False,"{'address1': '6439 Clover Rd', 'address2': '', 'address3': '', 'city': 'Hartford', 'zip_code': '53027', 'country': 'US', 'state': 'WI', 'display_address': ['6439 Clover Rd', 'Hartford, WI 53027']}",Washington County Golf Course,+12626706616,,4.5,6,[],https://www.yelp.com/biz/washington-county-golf-course-hartford?adjust_creative=GVWAITeAe13hPk5JlriDSg&utm_campaign=yelp_api_v3&utm_medium=api_v3_business_search&utm_source=GVWAITeAe13hPk5JlriDSg
poads-pizza-hartford,"[{'alias': 'pizza', 'title': 'Pizza'}]","{'latitude': 43.30727, 'longitude': -88.37365}",(262) 673-0777,1296.6847193836063,Vhr6WGdt5ZIXdbXRqDvBew,https://s3-media1.fl.yelpcdn.com/bphoto/JLoddYvyC69TY6knxpwk_w/o.jpg,False,"{'address1': '752 Grand Ave', 'address2': '', 'address3': '', 'city': 'Hartford', 'zip_code': '53027', 'country': 'US', 'state': 'WI', 'display_address': ['752 Grand Ave', 'Hartford, WI 53027']}",Poad's Pizza,+12626730777,$$,3.5,10,[],https://www.yelp.com/biz/poads-pizza-hartford?adjust_creative=GVWAITeAe13hPk5JlriDSg&utm_campaign=yelp_api_v3&utm_medium=api_v3_business_search&utm_source=GVWAITeAe13hPk5JlriDSg
barbecue-company-grill-and-catering-hartford-hartford,"[{'alias': 'bbq', 'title': 'Barbeque'}]","{'latitude': 43.25111, 'longitude': -88.3714}",(262) 751-4777,7426.246513956593,xN3_j27zJzxvJlmGeVZXzA,https://s3-media1.fl.yelpcdn.com/bphoto/R_E9FxRNWCJqhtGA71MFjw/o.jpg,False,"{'address1': '1699 State Rd 83', 'address2': '', 'address3': '', 'city': 'Hartford', 'zip_code': '53027', 'country': 'US', 'state': 'WI', 'display_address': ['1699 State Rd 83', 'Hartford, WI 53027']}",Barbecue Company Grill and Catering- Hartford,+12627514777,$,4.0,14,[],https://www.yelp.com/biz/barbecue-company-grill-and-catering-hartford-hartford?adjust_creative=GVWAITeAe13hPk5JlriDSg&utm_campaign=yelp_api_v3&utm_medium=api_v3_business_search&utm_source=GVWAITeAe13hPk5JlriDSg
ever-green-chinese-buffet-hartford,"[{'alias': 'chinese', 'title': 'Chinese'}, {'alias': 'buffets', 'title': 'Buffets'}]","{'latitude': 43.31922, 'longitude': -88.3516099}",(262) 673-0333,1273.5718911627303,mk9lUJpHCwpADoXWOPjScQ,https://s3-media3.fl.yelpcdn.com/bphoto/mIGwklXm9F9C6Zd78_SGBg/o.jpg,False,"{'address1': '1528 E Sumner St', 'address2': None, 'address3': None, 'city': 'Hartford', 'zip_code': '53027', 'country': 'US', 'state': 'WI', 'display_address': ['1528 E Sumner St', 'Hartford, WI 53027']}",Ever Green Chinese Buffet,+12626730333,$,3.5,12,[],https://www.yelp.com/biz/ever-green-chinese-buffet-hartford?adjust_creative=GVWAITeAe13hPk5JlriDSg&utm_campaign=yelp_api_v3&utm_medium=api_v3_business_search&utm_source=GVWAITeAe13hPk5JlriDSg
karinas-cafe-slinger,"[{'alias': 'breakfast_brunch', 'title': 'Breakfast & Brunch'}]","{'latitude': 43.3233964588365, 'longitude': -88.2696049286941}",(262) 644-6656,7914.454381681343,fwa3Ou-iVe_YtSoKs_2bfA,https://s3-media2.fl.yelpcdn.com/bphoto/0tOK03YYdNpwphNXEVEI6g/o.jpg,False,"{'address1': '3670 State Road 175', 'address2': '', 'address3': '', 'city': 'Slinger', 'zip_code': '53086', 'country': 'US', 'state': 'WI', 'display_address': ['3670 State Road 175', 'Slinger, WI 53086']}",Karina's Cafe,+12626446656,$,4.5,12,[],https://www.yelp.com/biz/karinas-cafe-slinger?adjust_creative=GVWAITeAe13hPk5JlriDSg&utm_campaign=yelp_api_v3&utm_medium=api_v3_business_search&utm_source=GVWAITeAe13hPk5JlriDSg
tally-ho-pub-hartford,"[{'alias': 'burgers', 'title': 'Burgers'}, {'alias': 'tradamerican', 'title': 'American (Traditional)'}, {'alias': 'chicken_wings', 'title': 'Chicken Wings'}]","{'latitude': 43.25745, 'longitude': -88.37132}",(262) 223-0049,6721.847145028802,xTk5eFZpomw_az4slnd8KQ,https://s3-media2.fl.yelpcdn.com/bphoto/qe5e8QP_sQpLdd0Zbta7UA/o.jpg,False,"{'address1': '1855 State Road 83', 'address2': '', 'address3': '', 'city': 'Hartford', 'zip_code': '53027', 'country': 'US', 'state': 'WI', 'display_address': ['1855 State Road 83', 'Hartford, WI 53027']}",Tally Ho Pub,+12622230049,$$,3.5,23,[],https://www.yelp.com/biz/tally-ho-pub-hartford?adjust_creative=GVWAITeAe13hPk5JlriDSg&utm_campaign=yelp_api_v3&utm_medium=api_v3_business_search&utm_source=GVWAITeAe13hPk5JlriDSg
alpine-retreat-hubertus,"[{'alias': 'tradamerican', 'title': 'American (Traditional)'}]","{'latitude': 43.238968, 'longitude': -88.287739}",(262) 628-3995,10888.541069716091,zFBBVqHVmUdnXQuA06GIBQ,https://s3-media4.fl.yelpcdn.com/bphoto/mh_MwiI2eTF1b_R5NbgMKQ/o.jpg,False,"{'address1': '1380 Friess Lake Rd', 'address2': '', 'address3': '', 'city': 'Hubertus', 'zip_code': '53033', 'country': 'US', 'state': 'WI', 'display_address': ['1380 Friess Lake Rd', 'Hubertus, WI 53033']}",Alpine Retreat,+12626283995,$$,4.5,15,[],https://www.yelp.com/biz/alpine-retreat-hubertus?adjust_creative=GVWAITeAe13hPk5JlriDSg&utm_campaign=yelp_api_v3&utm_medium=api_v3_business_search&utm_source=GVWAITeAe13hPk5JlriDSg
culvers-hartford,"[{'alias': 'hotdogs', 'title': 'Fast Food'}, {'alias': 'burgers', 'title': 'Burgers'}, {'alias': 'icecream', 'title': 'Ice Cream & Frozen Yogurt'}]","{'latitude': 43.31795, 'longitude': -88.35043}",(262) 670-6093,1349.923964637735,E5Efcl_09y3DHjgXguLMfQ,https://s3-media4.fl.yelpcdn.com/bphoto/GwjJhSxgDbotHS5E5FeZwQ/o.jpg,False,"{'address1': '1570 E Sumner St', 'address2': '', 'address3': '', 'city': 'Hartford', 'zip_code': '53027', 'country': 'US', 'state': 'WI', 'display_address': ['1570 E Sumner St', 'Hartford, WI 53027']}",Culver's,+12626706093,$,3.5,7,[],https://www.yelp.com/biz/culvers-hartford?adjust_creative=GVWAITeAe13hPk5JlriDSg&utm_campaign=yelp_api_v3&utm_medium=api_v3_business_search&utm_source=GVWAITeAe13hPk5JlriDSg
ponderosa-hartford-2,"[{'alias': 'steak', 'title': 'Steakhouses'}]","{'latitude': 43.31722, 'longitude': -88.35764}",(262) 673-2248,792.2981144482446,KZ0q11MAvhNwktNGfgCHfQ,https://s3-media1.fl.yelpcdn.com/bphoto/kiiCT6yTUQ_Q3_iT1b47Ew/o.jpg,False,"{'address1': '1285 E Sumner St', 'address2': '', 'address3': '', 'city': 'Hartford', 'zip_code': '53027', 'country': 'US', 'state': 'WI', 'display_address': ['1285 E Sumner St', 'Hartford, WI 53027']}",Ponderosa,+12626732248,$$,3.0,10,[],https://www.yelp.com/biz/ponderosa-hartford-2?adjust_creative=GVWAITeAe13hPk5JlriDSg&utm_campaign=yelp_api_v3&utm_medium=api_v3_business_search&utm_source=GVWAITeAe13hPk5JlriDSg
mcdonalds-hartford-4,"[{'alias': 'hotdogs', 'title': 'Fast Food'}, {'alias': 'burgers', 'title': 'Burgers'}, {'alias': 'coffee', 'title': 'Coffee & Tea'}]","{'latitude': 43.3180728356889, 'longitude': -88.3537593483925}",(262) 673-4141,1083.906708946907,0ImgECil-5ZwRRHsjV336A,https://s3-media3.fl.yelpcdn.com/bphoto/KwXI1sdovkZKcdWgfHJsKQ/o.jpg,False,"{'address1': '1450 E Sumner St', 'address2': '', 'address3': '', 'city': 'Hartford', 'zip_code': '53027', 'country': 'US', 'state': 'WI', 'display_address': ['1450 E Sumner St', 'Hartford, WI 53027']}",McDonald's,+12626734141,$,3.0,10,[],https://www.yelp.com/biz/mcdonalds-hartford-4?adjust_creative=GVWAITeAe13hPk5JlriDSg&utm_campaign=yelp_api_v3&utm_medium=api_v3_business_search&utm_source=GVWAITeAe13hPk5JlriDSg
wissota-chophouse-hartford,"[{'alias': 'steak', 'title': 'Steakhouses'}, {'alias': 'wine_bars', 'title': 'Wine Bars'}, {'alias': 'beerbar', 'title': 'Beer Bar'}]","{'latitude': 43.317781579837, 'longitude': -88.3770727738738}",(262) 673-2467,802.5598089349119,tIcYYpvF7GuAjQVFldTjiw,https://s3-media2.fl.yelpcdn.com/bphoto/cG7I-5bUVDFDUVsC8NDrLw/o.jpg,False,"{'address1': '101 Park Ave', 'address2': '', 'address3': None, 'city': 'Hartford', 'zip_code': '53027', 'country': 'US', 'state': 'WI', 'display_address': ['101 Park Ave', 'Hartford, WI 53027']}",Wissota Chophouse,+12626732467,,3.0,9,[],https://www.yelp.com/biz/wissota-chophouse-hartford?adjust_creative=GVWAITeAe13hPk5JlriDSg&utm_campaign=yelp_api_v3&utm_medium=api_v3_business_search&utm_source=GVWAITeAe13hPk5JlriDSg
dept-of-nat-pike-lake-hartford,"[{'alias': 'parks', 'title': 'Parks'}]","{'latitude': 43.31947, 'longitude': -88.3189699}",(262) 670-3400,3894.5545152943773,qnpB2Qx4h6B3KxXsOhojFg,https://s3-media3.fl.yelpcdn.com/bphoto/dji-E1sqGvCgvOra7-Z2LQ/o.jpg,False,"{'address1': '3544 Kettle Moraine Rd', 'address2': '', 'address3': '', 'city': 'Hartford', 'zip_code': '53027', 'country': 'US', 'state': 'WI', 'display_address': ['3544 Kettle Moraine Rd', 'Hartford, WI 53027']}",Dept of Nat Pike Lake,+12626703400,,4.0,5,[],https://www.yelp.com/biz/dept-of-nat-pike-lake-hartford?adjust_creative=GVWAITeAe13hPk5JlriDSg&utm_campaign=yelp_api_v3&utm_medium=api_v3_business_search&utm_source=GVWAITeAe13hPk5JlriDSg
george-webb-restaurant-hartford,"[{'alias': 'breakfast_brunch', 'title': 'Breakfast & Brunch'}]","{'latitude': 43.3170902884981, 'longitude': -88.3528644158909}",(262) 673-3412,1160.6945382630677,260eY82OdAufl8lFbouGSA,https://s3-media3.fl.yelpcdn.com/bphoto/9fTcnGBLmH7gKYSR6r7V5Q/o.jpg,False,"{'address1': '1481 E Sumner St', 'address2': '', 'address3': '', 'city': 'Hartford', 'zip_code': '53027', 'country': 'US', 'state': 'WI', 'display_address': ['1481 E Sumner St', 'Hartford, WI 53027']}",George Webb Restaurant,+12626733412,$,3.5,6,[],https://www.yelp.com/biz/george-webb-restaurant-hartford?adjust_creative=GVWAITeAe13hPk5JlriDSg&utm_campaign=yelp_api_v3&utm_medium=api_v3_business_search&utm_source=GVWAITeAe13hPk5JlriDSg
angelos-pizzeria-slinger,"[{'alias': 'pizza', 'title': 'Pizza'}]","{'latitude': 43.3356436644331, 'longitude': -88.2822228223085}",(262) 297-5252,7144.8805063929,m2AJ9URK5bIXzmfQfeoL4A,https://s3-media3.fl.yelpcdn.com/bphoto/CYy55RYAJmc1T09GpwapRg/o.jpg,False,"{'address1': '140 Kettle Moraine Dr N', 'address2': '', 'address3': None, 'city': 'Slinger', 'zip_code': '53086', 'country': 'US', 'state': 'WI', 'display_address': ['140 Kettle Moraine Dr N', 'Slinger, WI 53086']}",Angelo's Pizzeria,+12622975252,$$,5.0,5,[],https://www.yelp.com/biz/angelos-pizzeria-slinger?adjust_creative=GVWAITeAe13hPk5JlriDSg&utm_campaign=yelp_api_v3&utm_medium=api_v3_business_search&utm_source=GVWAITeAe13hPk5JlriDSg
noeys-pub-and-grill-hartford,"[{'alias': 'restaurants', 'title': 'Restaurants'}]","{'latitude': 43.3706665039062, 'longitude': -88.3332138061523}",(262) 644-8707,6434.024973557144,Bmh-ByoOboFt8ekGiRLAYA,https://s3-media1.fl.yelpcdn.com/bphoto/MXQa9Nr3aIP0hgumjvxwSw/o.jpg,False,"{'address1': '4920 State Road 175', 'address2': None, 'address3': None, 'city': 'Hartford', 'zip_code': '53027', 'country': 'US', 'state': 'WI', 'display_address': ['4920 State Road 175', 'Hartford, WI 53027']}",Noey's Pub & Grill,+12626448707,,5.0,4,[],https://www.yelp.com/biz/noeys-pub-and-grill-hartford?adjust_creative=GVWAITeAe13hPk5JlriDSg&utm_campaign=yelp_api_v3&utm_medium=api_v3_business_search&utm_source=GVWAITeAe13hPk5JlriDSg
pizza-hut-hartford,"[{'alias': 'pizza', 'title': 'Pizza'}, {'alias': 'italian', 'title': 'Italian'}, {'alias': 'chicken_wings', 'title': 'Chicken Wings'}]","{'latitude': 43.3170563275711, 'longitude': -88.3525351646926}",(262) 673-7206,1187.5602083466476,E3yXTocrYBtgWmwbcXr3kg,https://s3-media1.fl.yelpcdn.com/bphoto/omRL5sS82X6x4B2P-BEu8w/o.jpg,False,"{'address1': '1505 E Sumner St', 'address2': '', 'address3': '', 'city': 'Hartford', 'zip_code': '53027', 'country': 'US', 'state': 'WI', 'display_address': ['1505 E Sumner St', 'Hartford, WI 53027']}",Pizza Hut,+12626737206,$,3.5,3,[],https://www.yelp.com/biz/pizza-hut-hartford?adjust_creative=GVWAITeAe13hPk5JlriDSg&utm_campaign=yelp_api_v3&utm_medium=api_v3_business_search&utm_source=GVWAITeAe13hPk5JlriDSg
china-town-kitchen-slinger,"[{'alias': 'chinese', 'title': 'Chinese'}]","{'latitude': 43.325287, 'longitude': -88.268284}",(262) 644-1888,8039.348463506754,mdMWys0HGizdQk8hx-7zVg,https://s3-media2.fl.yelpcdn.com/bphoto/UcK-LaFcEQhx2reZeo02bA/o.jpg,False,"{'address1': '1036 E Commerce Blvd', 'address2': '', 'address3': '', 'city': 'Slinger', 'zip_code': '53086', 'country': 'US', 'state': 'WI', 'display_address': ['1036 E Commerce Blvd', 'Slinger, WI 53086']}",China Town Kitchen,+12626441888,$,3.5,10,[],https://www.yelp.com/biz/china-town-kitchen-slinger?adjust_creative=GVWAITeAe13hPk5JlriDSg&utm_campaign=yelp_api_v3&utm_medium=api_v3_business_search&utm_source=GVWAITeAe13hPk5JlriDSg
holy-hill-cafe-hubertus,"[{'alias': 'cafes', 'title': 'Cafes'}]","{'latitude': 43.238307, 'longitude': -88.329641}",(262) 628-4417,9367.350026281136,hkxEWsVQ4NB_5K7aYYJBPA,https://s3-media2.fl.yelpcdn.com/bphoto/JcyYq1fHYNy49ij6p5p4NQ/o.jpg,False,"{'address1': '1525 Carmel Rd', 'address2': '', 'address3': '', 'city': 'Hubertus', 'zip_code': '53033', 'country': 'US', 'state': 'WI', 'display_address': ['1525 Carmel Rd', 'Hubertus, WI 53033']}",Holy Hill Cafe,+12626284417,$,4.0,7,[],https://www.yelp.com/biz/holy-hill-cafe-hubertus?adjust_creative=GVWAITeAe13hPk5JlriDSg&utm_campaign=yelp_api_v3&utm_medium=api_v3_business_search&utm_source=GVWAITeAe13hPk5JlriDSg
raceway-bar-and-grill-slinger,"[{'alias': 'bars', 'title': 'Bars'}, {'alias': 'burgers', 'title': 'Burgers'}, {'alias': 'pizza', 'title': 'Pizza'}]","{'latitude': 43.3239135742188, 'longitude': -88.2718734741211}",(262) 297-1700,7710.34797135449,hjuZd4QaWNA9TJWhA81DEg,,False,"{'address1': '711 E Washington St', 'address2': '', 'address3': '', 'city': 'Slinger', 'zip_code': '53086', 'country': 'US', 'state': 'WI', 'display_address': ['711 E Washington St', 'Slinger, WI 53086']}",Raceway Bar & Grill,+12622971700,$,5.0,3,[],https://www.yelp.com/biz/raceway-bar-and-grill-slinger?adjust_creative=GVWAITeAe13hPk5JlriDSg&utm_campaign=yelp_api_v3&utm_medium=api_v3_business_search&utm_source=GVWAITeAe13hPk5JlriDSg
dunkin-donuts-hartford-32,"[{'alias': 'breakfast_brunch', 'title': 'Breakfast & Brunch'}, {'alias': 'sandwiches', 'title': 'Sandwiches'}]","{'latitude': 43.3170509, 'longitude': -88.3494263}",,1432.586549825501,jCdypw8eYNZIDogoT0Kpfw,https://s3-media2.fl.yelpcdn.com/bphoto/xWEjS6JTmPI2YWxiwwD66A/o.jpg,False,"{'address1': '1595 E Sumner St', 'address2': '', 'address3': '', 'city': 'Hartford', 'zip_code': '53027', 'country': 'US', 'state': 'WI', 'display_address': ['1595 E Sumner St', 'Hartford, WI 53027']}",Dunkin' Donuts,,$,3.0,6,[],https://www.yelp.com/biz/dunkin-donuts-hartford-32?adjust_creative=GVWAITeAe13hPk5JlriDSg&utm_campaign=yelp_api_v3&utm_medium=api_v3_business_search&utm_source=GVWAITeAe13hPk5JlriDSg
sheryls-club-175-slinger,"[{'alias': 'bars', 'title': 'Bars'}, {'alias': 'newamerican', 'title': 'American (New)'}, {'alias': 'venues', 'title': 'Venues & Event Spaces'}]","{'latitude': 43.30972, 'longitude': -88.25818}",(262) 644-1750,8830.768546909638,3inrBO3FsG3RsdE7puwjCw,https://s3-media2.fl.yelpcdn.com/bphoto/LB6PcQzH6rSgVOpVi55FvQ/o.jpg,False,"{'address1': '3545 State Rd 175', 'address2': '', 'address3': '', 'city': 'Slinger', 'zip_code': '53086', 'country': 'US', 'state': 'WI', 'display_address': ['3545 State Rd 175', 'Slinger, WI 53086']}",Sheryl's Club 175,+12626441750,$,3.5,8,[],https://www.yelp.com/biz/sheryls-club-175-slinger?adjust_creative=GVWAITeAe13hPk5JlriDSg&utm_campaign=yelp_api_v3&utm_medium=api_v3_business_search&utm_source=GVWAITeAe13hPk5JlriDSg
hartford-parks-and-recreation-hartford,"[{'alias': 'parks', 'title': 'Parks'}, {'alias': 'recreation', 'title': 'Recreation Centers'}]","{'latitude': 43.3194198608398, 'longitude': -88.382453918457}",(262) 670-3730,1261.2444595109444,74KOp49hxKNTnPaMxXbCOw,,False,"{'address1': '125 N Rural St', 'address2': '', 'address3': '', 'city': 'Hartford', 'zip_code': '53027', 'country': 'US', 'state': 'WI', 'display_address': ['125 N Rural St', 'Hartford, WI 53027']}",Hartford Parks and Recreation,+12626703730,,5.0,1,[],https://www.yelp.com/biz/hartford-parks-and-recreation-hartford?adjust_creative=GVWAITeAe13hPk5JlriDSg&utm_campaign=yelp_api_v3&utm_medium=api_v3_business_search&utm_source=GVWAITeAe13hPk5JlriDSg
glacier-hills-park-hubertus,"[{'alias': 'hiking', 'title': 'Hiking'}]","{'latitude': 43.2497825622559, 'longitude': -88.2915954589844}",(262) 628-0103,9744.112835790178,yEL7k4sXQYqMf3MAKfqFxw,https://s3-media4.fl.yelpcdn.com/bphoto/oWmX5rHNbKRF-7lTRXnwog/o.jpg,False,"{'address1': '1664 Friess Lake Rd', 'address2': '', 'address3': '', 'city': 'Hubertus', 'zip_code': '53033', 'country': 'US', 'state': 'WI', 'display_address': ['1664 Friess Lake Rd', 'Hubertus, WI 53033']}",Glacier Hills Park,+12626280103,,5.0,3,[],https://www.yelp.com/biz/glacier-hills-park-hubertus?adjust_creative=GVWAITeAe13hPk5JlriDSg&utm_campaign=yelp_api_v3&utm_medium=api_v3_business_search&utm_source=GVWAITeAe13hPk5JlriDSg
toms-bar-and-grill-slinger,"[{'alias': 'bars', 'title': 'Bars'}, {'alias': 'tradamerican', 'title': 'American (Traditional)'}]","{'latitude': 43.33613, 'longitude': -88.286195}",(262) 644-8086,6840.781149815348,S4ZztGdmPGoitNHYQhYyIw,https://s3-media3.fl.yelpcdn.com/bphoto/qjEndDKBqdKg7rXbQxPxng/o.jpg,False,"{'address1': '200 W Washington St', 'address2': '', 'address3': '', 'city': 'Slinger', 'zip_code': '53086', 'country': 'US', 'state': 'WI', 'display_address': ['200 W Washington St', 'Slinger, WI 53086']}",Tom's Bar and Grill,+12626448086,$$,3.5,7,[],https://www.yelp.com/biz/toms-bar-and-grill-slinger?adjust_creative=GVWAITeAe13hPk5JlriDSg&utm_campaign=yelp_api_v3&utm_medium=api_v3_business_search&utm_source=GVWAITeAe13hPk5JlriDSg
hartford-golf-club-hartford,"[{'alias': 'golf', 'title': 'Golf'}]","{'latitude': 43.2980918884277, 'longitude': -88.3920135498047}",(262) 673-2710,2710.8108402155503,ZtG_aAuCsTLUiP8cvZlXrw,https://s3-media2.fl.yelpcdn.com/bphoto/jt5HnCAsIJsGRxy6HJO7Rg/o.jpg,False,"{'address1': '7072 Lee Rd', 'address2': '', 'address3': '', 'city': 'Hartford', 'zip_code': '53027', 'country': 'US', 'state': 'WI', 'display_address': ['7072 Lee Rd', 'Hartford, WI 53027']}",Hartford Golf Club,+12626732710,,5.0,1,[],https://www.yelp.com/biz/hartford-golf-club-hartford?adjust_creative=GVWAITeAe13hPk5JlriDSg&utm_campaign=yelp_api_v3&utm_medium=api_v3_business_search&utm_source=GVWAITeAe13hPk5JlriDSg
pike-lake-pike-lake,"[{'alias': 'lakes', 'title': 'Lakes'}]","{'latitude': 43.313194635973, 'longitude': -88.3395760484945}",,2294.466026115616,kilVozcjWsnV496AssnEyw,https://s3-media3.fl.yelpcdn.com/bphoto/22tTk0O2jOYa09S0uFe_Ng/o.jpg,False,"{'address1': 'Pike Lake', 'address2': '', 'address3': '', 'city': 'Pike Lake', 'zip_code': '53027', 'country': 'US', 'state': 'WI', 'display_address': ['Pike Lake', 'Pike Lake, WI 53027']}",Pike Lake,,,3.0,3,[],https://www.yelp.com/biz/pike-lake-pike-lake?adjust_creative=GVWAITeAe13hPk5JlriDSg&utm_campaign=yelp_api_v3&utm_medium=api_v3_business_search&utm_source=GVWAITeAe13hPk5JlriDSg
the-olde-cedar-inn-west-bend,"[{'alias': 'newamerican', 'title': 'American (New)'}, {'alias': 'bars', 'title': 'Bars'}]","{'latitude': 43.402646, 'longitude': -88.263553}",(262) 629-4400,12599.392713315332,FKPZfg1rZc-Kv5jImRh3_g,https://s3-media4.fl.yelpcdn.com/bphoto/A-prKho_JTa_PWTXlz3vBg/o.jpg,False,"{'address1': '5802 State Rd 144', 'address2': '', 'address3': '', 'city': 'West Bend', 'zip_code': '53095', 'country': 'US', 'state': 'WI', 'display_address': ['5802 State Rd 144', 'West Bend, WI 53095']}",The Olde Cedar Inn,+12626294400,$$,3.5,10,[],https://www.yelp.com/biz/the-olde-cedar-inn-west-bend?adjust_creative=GVWAITeAe13hPk5JlriDSg&utm_campaign=yelp_api_v3&utm_medium=api_v3_business_search&utm_source=GVWAITeAe13hPk5JlriDSg
cousins-subs-hartford,"[{'alias': 'sandwiches', 'title': 'Sandwiches'}, {'alias': 'delis', 'title': 'Delis'}]","{'latitude': 43.3175, 'longitude': -88.38703}",(262) 670-9945,1595.4846559246712,B-5Ek7MiBmXBOCDOltbMVQ,https://s3-media3.fl.yelpcdn.com/bphoto/XkemxFOlLIKXHiPdpHfsMQ/o.jpg,False,"{'address1': '529 W Sumner St', 'address2': '', 'address3': '', 'city': 'Hartford', 'zip_code': '53027', 'country': 'US', 'state': 'WI', 'display_address': ['529 W Sumner St', 'Hartford, WI 53027']}",Cousins Subs,+12626709945,,2.5,3,[],https://www.yelp.com/biz/cousins-subs-hartford?adjust_creative=GVWAITeAe13hPk5JlriDSg&utm_campaign=yelp_api_v3&utm_medium=api_v3_business_search&utm_source=GVWAITeAe13hPk5JlriDSg
sweet-creations-village-bakery-slinger,"[{'alias': 'bakeries', 'title': 'Bakeries'}]","{'latitude': 43.3311614990234, 'longitude': -88.278923034668}",(262) 644-7949,7287.596873604921,HoKb67pBFqKfMuzKGKw81Q,https://s3-media1.fl.yelpcdn.com/bphoto/G7PedFnIObewceaCt7Vifw/o.jpg,False,"{'address1': '310 E Washington St', 'address2': '', 'address3': '', 'city': 'Slinger', 'zip_code': '53086', 'country': 'US', 'state': 'WI', 'display_address': ['310 E Washington St', 'Slinger, WI 53086']}",Sweet Creations Village Bakery,+12626447949,$,3.0,5,[],https://www.yelp.com/biz/sweet-creations-village-bakery-slinger?adjust_creative=GVWAITeAe13hPk5JlriDSg&utm_campaign=yelp_api_v3&utm_medium=api_v3_business_search&utm_source=GVWAITeAe13hPk5JlriDSg
taco-bell-hartford-2,"[{'alias': 'mexican', 'title': 'Mexican'}, {'alias': 'tex-mex', 'title': 'Tex-Mex'}, {'alias': 'hotdogs', 'title': 'Fast Food'}]","{'latitude': 43.31769, 'longitude': -88.35197}",(262) 673-7993,1229.1200100108242,sM_ZkFotfUew9NlHjOanZQ,https://s3-media3.fl.yelpcdn.com/bphoto/EPUXqKZPviKTIifzJapJog/o.jpg,False,"{'address1': '1516 E Sumner St', 'address2': '', 'address3': '', 'city': 'Hartford', 'zip_code': '53027', 'country': 'US', 'state': 'WI', 'display_address': ['1516 E Sumner St', 'Hartford, WI 53027']}",Taco Bell,+12626737993,$,1.5,11,[],https://www.yelp.com/biz/taco-bell-hartford-2?adjust_creative=GVWAITeAe13hPk5JlriDSg&utm_campaign=yelp_api_v3&utm_medium=api_v3_business_search&utm_source=GVWAITeAe13hPk5JlriDSg
harleys-steak-house-slinger,"[{'alias': 'steak', 'title': 'Steakhouses'}]","{'latitude': 43.35362, 'longitude': -88.26198}",(262) 565-3985,9389.768776560413,n60VxcmtnT61xraFTK5Rrg,https://s3-media2.fl.yelpcdn.com/bphoto/1uXNwTFjXqjn0YMa8x7UOg/o.jpg,False,"{'address1': '4534 Arthur Rd', 'address2': None, 'address3': None, 'city': 'Slinger', 'zip_code': '53086', 'country': 'US', 'state': 'WI', 'display_address': ['4534 Arthur Rd', 'Slinger, WI 53086']}",Harley's Steak House,+12625653985,,4.5,2,[],https://www.yelp.com/biz/harleys-steak-house-slinger?adjust_creative=GVWAITeAe13hPk5JlriDSg&utm_campaign=yelp_api_v3&utm_medium=api_v3_business_search&utm_source=GVWAITeAe13hPk5JlriDSg
muellers-linden-inn-hartford,"[{'alias': 'tradamerican', 'title': 'American (Traditional)'}]","{'latitude': 43.3696325475941, 'longitude': -88.2781043789135}",(262) 297-1660,9209.915102186871,u5x7tV6ADGcq2qQU-QeIcw,https://s3-media2.fl.yelpcdn.com/bphoto/zApLSrVVsPC30TxwbbE-vQ/o.jpg,False,"{'address1': '4919 State Hwy 144', 'address2': '', 'address3': None, 'city': 'Hartford', 'zip_code': '53027', 'country': 'US', 'state': 'WI', 'display_address': ['4919 State Hwy 144', 'Hartford, WI 53027']}",Mueller's Linden Inn,+12622971660,,3.5,5,[],https://www.yelp.com/biz/muellers-linden-inn-hartford?adjust_creative=GVWAITeAe13hPk5JlriDSg&utm_campaign=yelp_api_v3&utm_medium=api_v3_business_search&utm_source=GVWAITeAe13hPk5JlriDSg
tally-ho-erin-hartford,"[{'alias': 'lounges', 'title': 'Lounges'}]","{'latitude': 43.2574501, 'longitude': -88.3713226}",(262) 223-0049,6728.664356192693,lSU9tLVJDtj1n7CLo8I-fw,https://s3-media3.fl.yelpcdn.com/bphoto/SjHQvSFL1HWfrgudVcfQ0Q/o.jpg,False,"{'address1': '1855 State Rd 83', 'address2': '', 'address3': '', 'city': 'Hartford', 'zip_code': '53027', 'country': 'US', 'state': 'WI', 'display_address': ['1855 State Rd 83', 'Hartford, WI 53027']}",Tally Ho Erin,+12622230049,$,3.5,3,[],https://www.yelp.com/biz/tally-ho-erin-hartford?adjust_creative=GVWAITeAe13hPk5JlriDSg&utm_campaign=yelp_api_v3&utm_medium=api_v3_business_search&utm_source=GVWAITeAe13hPk5JlriDSg
jimmy-johns-hartford,"[{'alias': 'sandwiches', 'title': 'Sandwiches'}, {'alias': 'hotdogs', 'title': 'Fast Food'}, {'alias': 'delis', 'title': 'Delis'}]","{'latitude': 43.317614, 'longitude': -88.3522501}",(262) 670-0555,1206.739910766492,NIwP_CQIhjAB8BM0fVPyCA,https://s3-media4.fl.yelpcdn.com/bphoto/seGnnJ9GxRpyj5JqytzjdQ/o.jpg,False,"{'address1': '1540 East Sumner St', 'address2': '', 'address3': '', 'city': 'Hartford', 'zip_code': '53027', 'country': 'US', 'state': 'WI', 'display_address': ['1540 East Sumner St', 'Hartford, WI 53027']}",Jimmy John's,+12626700555,$$,2.0,3,[],https://www.yelp.com/biz/jimmy-johns-hartford?adjust_creative=GVWAITeAe13hPk5JlriDSg&utm_campaign=yelp_api_v3&utm_medium=api_v3_business_search&utm_source=GVWAITeAe13hPk5JlriDSg
dominos-pizza-hartford-3,"[{'alias': 'pizza', 'title': 'Pizza'}, {'alias': 'chicken_wings', 'title': 'Chicken Wings'}, {'alias': 'sandwiches', 'title': 'Sandwiches'}]","{'latitude': 43.31686, 'longitude': -88.37823}",(262) 670-8811,891.059554602267,srVfEhsBpfljAuyaPH-dyg,,False,"{'address1': '46 S Main St', 'address2': None, 'address3': None, 'city': 'Hartford', 'zip_code': '53027', 'country': 'US', 'state': 'WI', 'display_address': ['46 S Main St', 'Hartford, WI 53027']}",Domino's Pizza,+12626708811,,3.5,3,[],https://www.yelp.com/biz/dominos-pizza-hartford-3?adjust_creative=GVWAITeAe13hPk5JlriDSg&utm_campaign=yelp_api_v3&utm_medium=api_v3_business_search&utm_source=GVWAITeAe13hPk5JlriDSg
subway-hartford-20,"[{'alias': 'sandwiches', 'title': 'Sandwiches'}, {'alias': 'hotdogs', 'title': 'Fast Food'}]","{'latitude': 43.317, 'longitude': -88.3522799}",(262) 673-6667,1201.812147014218,zxbCrWzIMJqcuI3MU3SFJg,,False,"{'address1': '1509 E Sumner St', 'address2': '', 'address3': '', 'city': 'Hartford', 'zip_code': '53027', 'country': 'US', 'state': 'WI', 'display_address': ['1509 E Sumner St', 'Hartford, WI 53027']}",Subway,+12626736667,$,3.0,1,[],https://www.yelp.com/biz/subway-hartford-20?adjust_creative=GVWAITeAe13hPk5JlriDSg&utm_campaign=yelp_api_v3&utm_medium=api_v3_business_search&utm_source=GVWAITeAe13hPk5JlriDSg
papa-murphys-hartford,"[{'alias': 'pizza', 'title': 'Pizza'}]","{'latitude': 43.31705, 'longitude': -88.34943}",(262) 397-8600,1432.586549825501,xbSQ411hSrNra91YSmjvcA,,False,"{'address1': '1595 East Sumner Street', 'address2': 'Suite 102', 'address3': None, 'city': 'Hartford', 'zip_code': '53027', 'country': 'US', 'state': 'WI', 'display_address': ['1595 East Sumner Street', 'Suite 102', 'Hartford, WI 53027']}",Papa Murphy's,+12623978600,$,3.0,1,[],https://www.yelp.com/biz/papa-murphys-hartford?adjust_creative=GVWAITeAe13hPk5JlriDSg&utm_campaign=yelp_api_v3&utm_medium=api_v3_business_search&utm_source=GVWAITeAe13hPk5JlriDSg
hausers-hideaway-rubicon,"[{'alias': 'divebars', 'title': 'Dive Bars'}, {'alias': 'tradamerican', 'title': 'American (Traditional)'}]","{'latitude': 43.339897, 'longitude': -88.458465}",(262) 670-9311,7775.091038006508,0TpwR2611MneSypsFidvkw,https://s3-media2.fl.yelpcdn.com/bphoto/WvrNhDa1fKyaHqs-VK-tAA/o.jpg,False,"{'address1': 'N4095 County Road P', 'address2': None, 'address3': None, 'city': 'Rubicon', 'zip_code': '53078', 'country': 'US', 'state': 'WI', 'display_address': ['N4095 County Road P', 'Rubicon, WI 53078']}",Hauser's Hideaway,+12626709311,,5.0,1,[],https://www.yelp.com/biz/hausers-hideaway-rubicon?adjust_creative=GVWAITeAe13hPk5JlriDSg&utm_campaign=yelp_api_v3&utm_medium=api_v3_business_search&utm_source=GVWAITeAe13hPk5JlriDSg
lyle-mormon-lake-trail-1919-washington,"[{'alias': 'hiking', 'title': 'Hiking'}]","{'latitude': 38.887455, 'longitude': -77.0321274}",(800) 832-1355,4312.362556618708,sccyA9x2AtOhi8ZfGRttPQ,,False,"{'address1': '1400 Independence Ave SW', 'address2': '', 'address3': '', 'city': 'Washington', 'zip_code': '20250', 'country': 'US', 'state': 'CO', 'display_address': ['1400 Independence Ave SW', 'Washington, CO 20250']}",Lyle/Mormon Lake Trail #1919,+18008321355,,4.0,1,[],https://www.yelp.com/biz/lyle-mormon-lake-trail-1919-washington?adjust_creative=GVWAITeAe13hPk5JlriDSg&utm_campaign=yelp_api_v3&utm_medium=api_v3_business_search&utm_source=GVWAITeAe13hPk5JlriDSg
dairy-queen-hartford-2,"[{'alias': 'icecream', 'title': 'Ice Cream & Frozen Yogurt'}]","{'latitude': 43.3172302246094, 'longitude': -88.3594131469727}",(262) 673-4233,622.5213275388905,bTP5BpCGtEiPwq8dGsB0sQ,https://s3-media2.fl.yelpcdn.com/bphoto/caOKXrKpejRXlmuE_jRhpw/o.jpg,False,"{'address1': '1225 E Sumner St', 'address2': '', 'address3': '', 'city': 'Hartford', 'zip_code': '53027', 'country': 'US', 'state': 'WI', 'display_address': ['1225 E Sumner St', 'Hartford, WI 53027']}",Dairy Queen,+12626734233,$,2.5,3,[],https://www.yelp.com/biz/dairy-queen-hartford-2?adjust_creative=GVWAITeAe13hPk5JlriDSg&utm_campaign=yelp_api_v3&utm_medium=api_v3_business_search&utm_source=GVWAITeAe13hPk5JlriDSg
the-pour-house-hartford,"[{'alias': 'sportsbars', 'title': 'Sports Bars'}]","{'latitude': 43.3173, 'longitude': -88.37851}",(262) 673-7108,929.8486164089475,OU0aatS2thKKIJKpFyzU3A,https://s3-media2.fl.yelpcdn.com/bphoto/U9QNMwuVpVq3DMPnAMgrig/o.jpg,False,"{'address1': '22 S Main St', 'address2': '', 'address3': '', 'city': 'Hartford', 'zip_code': '53027', 'country': 'US', 'state': 'WI', 'display_address': ['22 S Main St', 'Hartford, WI 53027']}",The Pour House,+12626737108,,2.5,3,[],https://www.yelp.com/biz/the-pour-house-hartford?adjust_creative=GVWAITeAe13hPk5JlriDSg&utm_campaign=yelp_api_v3&utm_medium=api_v3_business_search&utm_source=GVWAITeAe13hPk5JlriDSg
burger-king-slinger,"[{'alias': 'burgers', 'title': 'Burgers'}]","{'latitude': 43.3249588, 'longitude': -88.2703629}",(262) 644-7171,7858.765159508655,DkC7DEG4VU0OaQH0HrEgeg,https://s3-media3.fl.yelpcdn.com/bphoto/0Mt1q7A8QA1uL33v5_kDjg/o.jpg,False,"{'address1': '940 E Commerce Blvd', 'address2': '', 'address3': '', 'city': 'Slinger', 'zip_code': '53086', 'country': 'US', 'state': 'WI', 'display_address': ['940 E Commerce Blvd', 'Slinger, WI 53086']}",Burger King,+12626447171,$,2.5,3,[],https://www.yelp.com/biz/burger-king-slinger?adjust_creative=GVWAITeAe13hPk5JlriDSg&utm_campaign=yelp_api_v3&utm_medium=api_v3_business_search&utm_source=GVWAITeAe13hPk5JlriDSg
big-cedar-lake-west-bend,"[{'alias': 'lakes', 'title': 'Lakes'}]","{'latitude': 43.4039438492495, 'longitude': -88.2542394350274}",,13215.913192631262,pIs-jTpGSgDlqLVWhxTBZQ,https://s3-media4.fl.yelpcdn.com/bphoto/OzlbaEbev4-xe5eCFbNu6A/o.jpg,False,"{'address1': 'Hacker Dr', 'address2': '', 'address3': '', 'city': 'West Bend', 'zip_code': '53095', 'country': 'US', 'state': 'WI', 'display_address': ['Hacker Dr', 'West Bend, WI 53095']}",Big Cedar Lake,,,5.0,1,[],https://www.yelp.com/biz/big-cedar-lake-west-bend?adjust_creative=GVWAITeAe13hPk5JlriDSg&utm_campaign=yelp_api_v3&utm_medium=api_v3_business_search&utm_source=GVWAITeAe13hPk5JlriDSg
subway-hartford-7,"[{'alias': 'sandwiches', 'title': 'Sandwiches'}, {'alias': 'hotdogs', 'title': 'Fast Food'}]","{'latitude': 43.324672, 'longitude': -88.400058}",(262) 670-6686,2763.052661245929,ErgzcqwaSuleWet3fcqKhg,,False,"{'address1': '1220 Theil St', 'address2': None, 'address3': None, 'city': 'Hartford', 'zip_code': '53027', 'country': 'US', 'state': 'WI', 'display_address': ['1220 Theil St', 'Hartford, WI 53027']}",Subway,+12626706686,,5.0,1,[],https://www.yelp.com/biz/subway-hartford-7?adjust_creative=GVWAITeAe13hPk5JlriDSg&utm_campaign=yelp_api_v3&utm_medium=api_v3_business_search&utm_source=GVWAITeAe13hPk5JlriDSg
richfield-historical-society-richfield-2,"[{'alias': 'landmarks', 'title': 'Landmarks & Historical Buildings'}]","{'latitude': 43.2657486945391, 'longitude': -88.2569000869989}",(262) 628-4086,10678.313360575266,bXcnns8NXy6_SNk-e9XVbQ,https://s3-media1.fl.yelpcdn.com/bphoto/gXjyPRNFuz6J3ZlGU3AKHQ/o.jpg,False,"{'address1': '4399 Pleasant Hill Rd', 'address2': '', 'address3': '', 'city': 'Richfield', 'zip_code': '53076', 'country': 'US', 'state': 'WI', 'display_address': ['4399 Pleasant Hill Rd', 'Richfield, WI 53076']}",Richfield Historical Society,+12626284086,,4.0,1,[],https://www.yelp.com/biz/richfield-historical-society-richfield-2?adjust_creative=GVWAITeAe13hPk5JlriDSg&utm_campaign=yelp_api_v3&utm_medium=api_v3_business_search&utm_source=GVWAITeAe13hPk5JlriDSg
cousins-subs-slinger,"[{'alias': 'sandwiches', 'title': 'Sandwiches'}, {'alias': 'delis', 'title': 'Delis'}, {'alias': 'soup', 'title': 'Soup'}]","{'latitude': 43.323924, 'longitude': -88.261555}",(262) 644-1100,8540.290851864776,DuS5HRbOOpAX4I4DNcQHEA,https://s3-media4.fl.yelpcdn.com/bphoto/MDP6l3FzuhVGQuCNb0m9QA/o.jpg,False,"{'address1': '1175 E Commerce Blvd', 'address2': None, 'address3': None, 'city': 'Slinger', 'zip_code': '53086', 'country': 'US', 'state': 'WI', 'display_address': ['1175 E Commerce Blvd', 'Slinger, WI 53086']}",Cousins Subs,+12626441100,,2.0,3,[],https://www.yelp.com/biz/cousins-subs-slinger?adjust_creative=GVWAITeAe13hPk5JlriDSg&utm_campaign=yelp_api_v3&utm_medium=api_v3_business_search&utm_source=GVWAITeAe13hPk5JlriDSg
house-of-heilemans-west-bend,"[{'alias': 'bars', 'title': 'Bars'}]","{'latitude': 43.3975935928222, 'longitude': -88.2630867917892}",(262) 644-8809,12211.606913426163,QNBs08NTASs2fMWeS6iL2g,https://s3-media2.fl.yelpcdn.com/bphoto/Kh8uAz98MGtu13JJHnKq_Q/o.jpg,False,"{'address1': '5723 W Lake Dr', 'address2': '', 'address3': '', 'city': 'West Bend', 'zip_code': '53095', 'country': 'US', 'state': 'WI', 'display_address': ['5723 W Lake Dr', 'West Bend, WI 53095']}",House of Heileman's,+12626448809,$,3.0,2,[],https://www.yelp.com/biz/house-of-heilemans-west-bend?adjust_creative=GVWAITeAe13hPk5JlriDSg&utm_campaign=yelp_api_v3&utm_medium=api_v3_business_search&utm_source=GVWAITeAe13hPk5JlriDSg
the-wedge-on-83-and-175-hartford,"[{'alias': 'sportsbars', 'title': 'Sports Bars'}]","{'latitude': 43.385746276461, 'longitude': -88.3513244470714}",(262) 457-7503,7641.115945341152,Sl-sATsFiE4Bsu0Q-e9gew,https://s3-media2.fl.yelpcdn.com/bphoto/BRIs5w99Y1nwHtI3tc-67A/o.jpg,False,"{'address1': '5327 WI-175', 'address2': '', 'address3': None, 'city': 'Hartford', 'zip_code': '53027', 'country': 'US', 'state': 'WI', 'display_address': ['5327 WI-175', 'Hartford, WI 53027']}",The Wedge On 83 &175,+12624577503,,5.0,1,[],https://www.yelp.com/biz/the-wedge-on-83-and-175-hartford?adjust_creative=GVWAITeAe13hPk5JlriDSg&utm_campaign=yelp_api_v3&utm_medium=api_v3_business_search&utm_source=GVWAITeAe13hPk5JlriDSg
crossroads-inn-rubicon,"[{'alias': 'newamerican', 'title': 'American (New)'}]","{'latitude': 43.32607, 'longitude': -88.458368}",(262) 457-2076,7432.909674120133,HCAB_eV0WM4uVs9MaFHzpA,,False,"{'address1': 'N3706 Cty Tk P', 'address2': None, 'address3': None, 'city': 'Rubicon', 'zip_code': '53078', 'country': 'US', 'state': 'WI', 'display_address': ['N3706 Cty Tk P', 'Rubicon, WI 53078']}",Crossroads Inn,+12624572076,,5.0,1,[],https://www.yelp.com/biz/crossroads-inn-rubicon?adjust_creative=GVWAITeAe13hPk5JlriDSg&utm_campaign=yelp_api_v3&utm_medium=api_v3_business_search&utm_source=GVWAITeAe13hPk5JlriDSg
liskos-tavern-rubicon,"[{'alias': 'bars', 'title': 'Bars'}]","{'latitude': 43.38441, 'longitude': -88.46097}",(262) 673-4535,10583.825687579065,FUMN6Ki0QTyy_irj33NUlA,,False,"{'address1': 'N5281 County Rd P', 'address2': '', 'address3': '', 'city': 'Rubicon', 'zip_code': '53078', 'country': 'US', 'state': 'WI', 'display_address': ['N5281 County Rd P', 'Rubicon, WI 53078']}",Lisko's Tavern,+12626734535,,4.0,1,[],https://www.yelp.com/biz/liskos-tavern-rubicon?adjust_creative=GVWAITeAe13hPk5JlriDSg&utm_campaign=yelp_api_v3&utm_medium=api_v3_business_search&utm_source=GVWAITeAe13hPk5JlriDSg
o-tees-pub-and-grill-oconomowoc,"[{'alias': 'pubs', 'title': 'Pubs'}]","{'latitude': 43.2166939257082, 'longitude': -88.4504077629601}",(920) 474-4400,13127.378243181307,i2RI3Pvyo6h2zQr04NSgBQ,https://s3-media3.fl.yelpcdn.com/bphoto/IaRAtn7YeGFgKSVhdjRbRQ/o.jpg,False,"{'address1': 'W1071 County Rd O', 'address2': '', 'address3': '', 'city': 'Oconomowoc', 'zip_code': '53066', 'country': 'US', 'state': 'WI', 'display_address': ['W1071 County Rd O', 'Oconomowoc, WI 53066']}",O' Tees Pub & Grill,+19204744400,,1.0,1,[],https://www.yelp.com/biz/o-tees-pub-and-grill-oconomowoc?adjust_creative=GVWAITeAe13hPk5JlriDSg&utm_campaign=yelp_api_v3&utm_medium=api_v3_business_search&utm_source=GVWAITeAe13hPk5JlriDSg
