alias,categories,coordinates,display_phone,distance,id,image_url,is_closed,location,name,phone,price,rating,review_count,transactions,url
mama-ds-coffee-wales,"[{'alias': 'cafes', 'title': 'Cafes'}, {'alias': 'sandwiches', 'title': 'Sandwiches'}, {'alias': 'coffee', 'title': 'Coffee & Tea'}]","{'latitude': 43.0049982, 'longitude': -88.3766968}",(262) 968-3500,552.5392559105659,pSea6WGoxxJCR9wvhwwtBA,https://s3-media1.fl.yelpcdn.com/bphoto/Ai9tcnP2SX2hjmh5RhsEWg/o.jpg,False,"{'address1': '104 W Main St', 'address2': '', 'address3': '', 'city': 'Wales', 'zip_code': '53183', 'country': 'US', 'state': 'WI', 'display_address': ['104 W Main St', 'Wales, WI 53183']}",Mama D's Coffee,+12629683500,$,5.0,52,[],https://www.yelp.com/biz/mama-ds-coffee-wales?adjust_creative=GVWAITeAe13hPk5JlriDSg&utm_campaign=yelp_api_v3&utm_medium=api_v3_business_search&utm_source=GVWAITeAe13hPk5JlriDSg
leducs-frozen-custard-wales-3,"[{'alias': 'icecream', 'title': 'Ice Cream & Frozen Yogurt'}, {'alias': 'burgers', 'title': 'Burgers'}, {'alias': 'sandwiches', 'title': 'Sandwiches'}]","{'latitude': 43.012869, 'longitude': -88.382606}",(262) 968-2894,1361.8367486940058,k1-zdIPBlxViepsisKU7PA,https://s3-media4.fl.yelpcdn.com/bphoto/HGXmwj_4w3zGEhGumRb_UA/o.jpg,False,"{'address1': '240 W Summit Ave', 'address2': '', 'address3': '', 'city': 'Wales', 'zip_code': '53183', 'country': 'US', 'state': 'WI', 'display_address': ['240 W Summit Ave', 'Wales, WI 53183']}",Leduc's Frozen Custard,+12629682894,$,4.5,48,[],https://www.yelp.com/biz/leducs-frozen-custard-wales-3?adjust_creative=GVWAITeAe13hPk5JlriDSg&utm_campaign=yelp_api_v3&utm_medium=api_v3_business_search&utm_source=GVWAITeAe13hPk5JlriDSg
grill-junkies-delafield,"[{'alias': 'tradamerican', 'title': 'American (Traditional)'}, {'alias': 'gluten_free', 'title': 'Gluten-Free'}, {'alias': 'thai', 'title': 'Thai'}]","{'latitude': 43.04923, 'longitude': -88.37672}",(262) 646-2725,4944.913690252794,pWnRyC7TQgrLORLcFwksmA,https://s3-media4.fl.yelpcdn.com/bphoto/9mRA2hDGPoLwHh6eluMbqA/o.jpg,False,"{'address1': '2566 Sun Valley Dr', 'address2': '', 'address3': '', 'city': 'Delafield', 'zip_code': '53018', 'country': 'US', 'state': 'WI', 'display_address': ['2566 Sun Valley Dr', 'Delafield, WI 53018']}",Grill Junkies,+12626462725,$$,4.5,95,[],https://www.yelp.com/biz/grill-junkies-delafield?adjust_creative=GVWAITeAe13hPk5JlriDSg&utm_campaign=yelp_api_v3&utm_medium=api_v3_business_search&utm_source=GVWAITeAe13hPk5JlriDSg
the-union-house-genesee-depot,"[{'alias': 'tradamerican', 'title': 'American (Traditional)'}]","{'latitude': 42.966991, 'longitude': -88.371323}",(262) 968-4281,4215.381379536408,FVIuEMX39U8vCvegUrJwSw,https://s3-media3.fl.yelpcdn.com/bphoto/RnyMC5QSN7P4H6sBXo181g/o.jpg,False,"{'address1': 'S42 W31320 Hwy 83', 'address2': '', 'address3': '', 'city': 'Genesee Depot', 'zip_code': '53127', 'country': 'US', 'state': 'WI', 'display_address': ['S42 W31320 Hwy 83', 'Genesee Depot, WI 53127']}",The Union House,+12629684281,$$$,4.5,38,[],https://www.yelp.com/biz/the-union-house-genesee-depot?adjust_creative=GVWAITeAe13hPk5JlriDSg&utm_campaign=yelp_api_v3&utm_medium=api_v3_business_search&utm_source=GVWAITeAe13hPk5JlriDSg
fishbones-cajun-and-creole-restaurant-delafield,"[{'alias': 'seafood', 'title': 'Seafood'}, {'alias': 'bars', 'title': 'Bars'}, {'alias': 'cajun', 'title': 'Cajun/Creole'}]","{'latitude': 43.05856, 'longitude': -88.38647}",(262) 646-4696,6118.101301234245,6fOpn4ZZn5JLqHd6t13BOA,https://s3-media4.fl.yelpcdn.com/bphoto/dV33xa9NnirAPRQXiTFeDg/o.jpg,False,"{'address1': '1704 Milwaukee St', 'address2': '', 'address3': '', 'city': 'Delafield', 'zip_code': '53018', 'country': 'US', 'state': 'WI', 'display_address': ['1704 Milwaukee St', 'Delafield, WI 53018']}",Fishbone's Cajun & Creole Restaurant,+12626464696,$$,4.0,107,[],https://www.yelp.com/biz/fishbones-cajun-and-creole-restaurant-delafield?adjust_creative=GVWAITeAe13hPk5JlriDSg&utm_campaign=yelp_api_v3&utm_medium=api_v3_business_search&utm_source=GVWAITeAe13hPk5JlriDSg
belfre-kitchen-delafield-4,"[{'alias': 'breakfast_brunch', 'title': 'Breakfast & Brunch'}, {'alias': 'newamerican', 'title': 'American (New)'}, {'alias': 'tapasmallplates', 'title': 'Tapas/Small Plates'}]","{'latitude': 43.06022, 'longitude': -88.40383}",(262) 303-5066,6743.071307244976,2T5pD0byPc_EfskjYI_cCg,https://s3-media4.fl.yelpcdn.com/bphoto/DV7Mlhmcj0FYobXqzuhs1Q/o.jpg,False,"{'address1': '606 Genesee St', 'address2': '', 'address3': None, 'city': 'Delafield', 'zip_code': '53018', 'country': 'US', 'state': 'WI', 'display_address': ['606 Genesee St', 'Delafield, WI 53018']}",Belfre Kitchen,+12623035066,$$,4.5,79,[],https://www.yelp.com/biz/belfre-kitchen-delafield-4?adjust_creative=GVWAITeAe13hPk5JlriDSg&utm_campaign=yelp_api_v3&utm_medium=api_v3_business_search&utm_source=GVWAITeAe13hPk5JlriDSg
vittles-and-vines-waukesha,"[{'alias': 'wine_bars', 'title': 'Wine Bars'}, {'alias': 'cocktailbars', 'title': 'Cocktail Bars'}, {'alias': 'tradamerican', 'title': 'American (Traditional)'}]","{'latitude': 42.9668165577573, 'longitude': -88.3734219623591}",(262) 968-9463,4242.860127860751,MPbYBYQ5A9BuwK9LNungfQ,https://s3-media3.fl.yelpcdn.com/bphoto/x2ufHpUmm2ExgSeJ98RNLg/o.jpg,False,"{'address1': 'S42 W31428 Hwy 83', 'address2': '', 'address3': None, 'city': 'Waukesha', 'zip_code': '53127', 'country': 'US', 'state': 'WI', 'display_address': ['S42 W31428 Hwy 83', 'Waukesha, WI 53127']}",Vittles & Vines,+12629689463,$$,4.0,40,[],https://www.yelp.com/biz/vittles-and-vines-waukesha?adjust_creative=GVWAITeAe13hPk5JlriDSg&utm_campaign=yelp_api_v3&utm_medium=api_v3_business_search&utm_source=GVWAITeAe13hPk5JlriDSg
lumber-inn-delafield,"[{'alias': 'breakfast_brunch', 'title': 'Breakfast & Brunch'}, {'alias': 'salad', 'title': 'Salad'}]","{'latitude': 43.06023, 'longitude': -88.40339}",(262) 646-8988,6732.668857480256,n77W9EjbQ5BBt4oG_VblGA,https://s3-media4.fl.yelpcdn.com/bphoto/oaqwfze6FPcQnNMZKtwsLg/o.jpg,False,"{'address1': '617 Wells St', 'address2': '', 'address3': '', 'city': 'Delafield', 'zip_code': '53018', 'country': 'US', 'state': 'WI', 'display_address': ['617 Wells St', 'Delafield, WI 53018']}",Lumber Inn,+12626468988,$,4.0,118,[],https://www.yelp.com/biz/lumber-inn-delafield?adjust_creative=GVWAITeAe13hPk5JlriDSg&utm_campaign=yelp_api_v3&utm_medium=api_v3_business_search&utm_source=GVWAITeAe13hPk5JlriDSg
delafield-brewhaus-delafield,"[{'alias': 'pubs', 'title': 'Pubs'}, {'alias': 'tradamerican', 'title': 'American (Traditional)'}, {'alias': 'breweries', 'title': 'Breweries'}]","{'latitude': 43.0482103, 'longitude': -88.3551855}",(262) 646-7821,4963.704341871791,eYbz-ULiBPku8g_PULfmPw,https://s3-media3.fl.yelpcdn.com/bphoto/Ex1qrdpqaWRaslWvaqhkIA/o.jpg,False,"{'address1': '3832 Hillside Dr', 'address2': '', 'address3': '', 'city': 'Delafield', 'zip_code': '53018', 'country': 'US', 'state': 'WI', 'display_address': ['3832 Hillside Dr', 'Delafield, WI 53018']}",Delafield Brewhaus,+12626467821,$$,3.5,160,[],https://www.yelp.com/biz/delafield-brewhaus-delafield?adjust_creative=GVWAITeAe13hPk5JlriDSg&utm_campaign=yelp_api_v3&utm_medium=api_v3_business_search&utm_source=GVWAITeAe13hPk5JlriDSg
pizza-guy-wales,"[{'alias': 'pizza', 'title': 'Pizza'}]","{'latitude': 43.0082444, 'longitude': -88.3843692}",(262) 968-4900,1262.9660288320968,vBo3KJl1UaqizGvU8ZA-WA,https://s3-media2.fl.yelpcdn.com/bphoto/1ELLKSczFxoDjjTjMggv1A/o.jpg,False,"{'address1': '323 N Wales Rd', 'address2': 'Ste D', 'address3': '', 'city': 'Wales', 'zip_code': '53183', 'country': 'US', 'state': 'WI', 'display_address': ['323 N Wales Rd', 'Ste D', 'Wales, WI 53183']}",Pizza Guy,+12629684900,$,4.0,14,"['pickup', 'delivery']",https://www.yelp.com/biz/pizza-guy-wales?adjust_creative=GVWAITeAe13hPk5JlriDSg&utm_campaign=yelp_api_v3&utm_medium=api_v3_business_search&utm_source=GVWAITeAe13hPk5JlriDSg
lake-country-cigars-delafield,"[{'alias': 'tobaccoshops', 'title': 'Tobacco Shops'}, {'alias': 'cigarbars', 'title': 'Cigar Bars'}]","{'latitude': 43.04923, 'longitude': -88.37672}",(262) 646-7530,4944.913690252794,PagT_Bk8-u-myzMFgLagvA,https://s3-media4.fl.yelpcdn.com/bphoto/LL06iU5FlRWN9x24JvatIw/o.jpg,False,"{'address1': '2566 Sun Valley Dr', 'address2': '', 'address3': '', 'city': 'Delafield', 'zip_code': '53018', 'country': 'US', 'state': 'WI', 'display_address': ['2566 Sun Valley Dr', 'Delafield, WI 53018']}",Lake Country Cigars,+12626467530,$$,5.0,15,[],https://www.yelp.com/biz/lake-country-cigars-delafield?adjust_creative=GVWAITeAe13hPk5JlriDSg&utm_campaign=yelp_api_v3&utm_medium=api_v3_business_search&utm_source=GVWAITeAe13hPk5JlriDSg
cornerstone-restaurant-genesee-depot-2,"[{'alias': 'newamerican', 'title': 'American (New)'}, {'alias': 'gluten_free', 'title': 'Gluten-Free'}, {'alias': 'breakfast_brunch', 'title': 'Breakfast & Brunch'}]","{'latitude': 42.966802, 'longitude': -88.372117}",(262) 968-3093,4238.6412776298075,5L5mUJLGvSaE08nT3osxQg,https://s3-media1.fl.yelpcdn.com/bphoto/zW5z9NB7c_WFXvzE-j-sig/o.jpg,False,"{'address1': 'S43 W31343 Hwy 83', 'address2': '', 'address3': '', 'city': 'Genesee Depot', 'zip_code': '53127', 'country': 'US', 'state': 'WI', 'display_address': ['S43 W31343 Hwy 83', 'Genesee Depot, WI 53127']}",Cornerstone Restaurant,+12629683093,$$,4.0,32,[],https://www.yelp.com/biz/cornerstone-restaurant-genesee-depot-2?adjust_creative=GVWAITeAe13hPk5JlriDSg&utm_campaign=yelp_api_v3&utm_medium=api_v3_business_search&utm_source=GVWAITeAe13hPk5JlriDSg
mama-mias-wales,"[{'alias': 'pizza', 'title': 'Pizza'}, {'alias': 'italian', 'title': 'Italian'}]","{'latitude': 43.01351, 'longitude': -88.38038}",(262) 968-2255,1289.888363040575,bY2alMX0ZAc2b7f5J8T7Wg,https://s3-media1.fl.yelpcdn.com/bphoto/G9j2CXtN7obeGf14QP0iDg/o.jpg,False,"{'address1': '200 W Summit Ave', 'address2': '', 'address3': '', 'city': 'Wales', 'zip_code': '53183', 'country': 'US', 'state': 'WI', 'display_address': ['200 W Summit Ave', 'Wales, WI 53183']}",Mama Mia's,+12629682255,$$,3.5,27,[],https://www.yelp.com/biz/mama-mias-wales?adjust_creative=GVWAITeAe13hPk5JlriDSg&utm_campaign=yelp_api_v3&utm_medium=api_v3_business_search&utm_source=GVWAITeAe13hPk5JlriDSg
i-d-delafield-5,"[{'alias': 'tradamerican', 'title': 'American (Traditional)'}, {'alias': 'bars', 'title': 'Bars'}]","{'latitude': 43.05837, 'longitude': -88.40567}",(262) 646-1620,6651.318441277213,jcvi0_WYNxUQ3eGq3_zr1g,https://s3-media4.fl.yelpcdn.com/bphoto/ZnhG-NLISP_4smWcZ3oSYA/o.jpg,False,"{'address1': '415 Genesee St', 'address2': 'Ste 1', 'address3': '', 'city': 'Delafield', 'zip_code': '53018', 'country': 'US', 'state': 'WI', 'display_address': ['415 Genesee St', 'Ste 1', 'Delafield, WI 53018']}",I.D.,+12626461620,$$$,4.0,66,[],https://www.yelp.com/biz/i-d-delafield-5?adjust_creative=GVWAITeAe13hPk5JlriDSg&utm_campaign=yelp_api_v3&utm_medium=api_v3_business_search&utm_source=GVWAITeAe13hPk5JlriDSg
sideliners-pub-and-grill-north-prairie-2,"[{'alias': 'pizza', 'title': 'Pizza'}, {'alias': 'sportsbars', 'title': 'Sports Bars'}, {'alias': 'tradamerican', 'title': 'American (Traditional)'}]","{'latitude': 42.956419, 'longitude': -88.36357}",(262) 968-1778,5413.923212310842,W-vZtWlq3ykYhCP5crYqxQ,https://s3-media1.fl.yelpcdn.com/bphoto/26BuneqRkC59e0MMC4npDQ/o.jpg,False,"{'address1': 'W309 S4837 Commercial Dr', 'address2': None, 'address3': '', 'city': 'North Prairie', 'zip_code': '53153', 'country': 'US', 'state': 'WI', 'display_address': ['W309 S4837 Commercial Dr', 'North Prairie, WI 53153']}",Sideliners Pub and Grill,+12629681778,$$,4.5,34,[],https://www.yelp.com/biz/sideliners-pub-and-grill-north-prairie-2?adjust_creative=GVWAITeAe13hPk5JlriDSg&utm_campaign=yelp_api_v3&utm_medium=api_v3_business_search&utm_source=GVWAITeAe13hPk5JlriDSg
kettle-moraine-state-forest-lapham-peak-unit-delafield,"[{'alias': 'parks', 'title': 'Parks'}, {'alias': 'hiking', 'title': 'Hiking'}]","{'latitude': 43.040995476202, 'longitude': -88.404213306321}",(262) 646-3025,4888.795717602508,CwNgnPl7iTNRIjlvFadwrg,https://s3-media1.fl.yelpcdn.com/bphoto/zW_kq4pxRTueAVRcB7v7mQ/o.jpg,False,"{'address1': 'W329 N846 County C', 'address2': '', 'address3': '', 'city': 'Delafield', 'zip_code': '53018', 'country': 'US', 'state': 'WI', 'display_address': ['W329 N846 County C', 'Delafield, WI 53018']}",Kettle Moraine State Forest - Lapham Peak Unit,+12626463025,,4.5,21,[],https://www.yelp.com/biz/kettle-moraine-state-forest-lapham-peak-unit-delafield?adjust_creative=GVWAITeAe13hPk5JlriDSg&utm_campaign=yelp_api_v3&utm_medium=api_v3_business_search&utm_source=GVWAITeAe13hPk5JlriDSg
pacific-bistro-delafield,"[{'alias': 'seafood', 'title': 'Seafood'}, {'alias': 'sushi', 'title': 'Sushi Bars'}, {'alias': 'asianfusion', 'title': 'Asian Fusion'}]","{'latitude': 43.048755645752, 'longitude': -88.3671112060547}",(262) 303-4981,4890.307475208147,vKLcdqWN-pqzpaawYxMcYg,https://s3-media4.fl.yelpcdn.com/bphoto/3za_l-6m1bYTmiz6WWTODA/o.jpg,False,"{'address1': '3215 Hillside Dr', 'address2': '', 'address3': '', 'city': 'Delafield', 'zip_code': '53018', 'country': 'US', 'state': 'WI', 'display_address': ['3215 Hillside Dr', 'Delafield, WI 53018']}",Pacific Bistro,+12623034981,$$,3.5,75,[],https://www.yelp.com/biz/pacific-bistro-delafield?adjust_creative=GVWAITeAe13hPk5JlriDSg&utm_campaign=yelp_api_v3&utm_medium=api_v3_business_search&utm_source=GVWAITeAe13hPk5JlriDSg
stone-creek-coffee-delafield,"[{'alias': 'coffee', 'title': 'Coffee & Tea'}]","{'latitude': 43.0469149045468, 'longitude': -88.3729364547023}",(262) 646-2241,4679.821466802223,WRTJNEtb7M_moN_hnvzpig,https://s3-media1.fl.yelpcdn.com/bphoto/v8NM4AEavfcc1xg60jOxmw/o.jpg,False,"{'address1': '2744 Hillside Dr', 'address2': None, 'address3': None, 'city': 'Delafield', 'zip_code': '53018', 'country': 'US', 'state': 'WI', 'display_address': ['2744 Hillside Dr', 'Delafield, WI 53018']}",Stone Creek Coffee,+12626462241,$,4.5,23,[],https://www.yelp.com/biz/stone-creek-coffee-delafield?adjust_creative=GVWAITeAe13hPk5JlriDSg&utm_campaign=yelp_api_v3&utm_medium=api_v3_business_search&utm_source=GVWAITeAe13hPk5JlriDSg
kurts-steak-house-delafield,"[{'alias': 'steak', 'title': 'Steakhouses'}, {'alias': 'bars', 'title': 'Bars'}, {'alias': 'seafood', 'title': 'Seafood'}]","{'latitude': 43.05909, 'longitude': -88.41454}",(262) 646-3333,7036.463061277528,Ed9HajwsRbKAVdoV4n_ObA,https://s3-media1.fl.yelpcdn.com/bphoto/DKbs7BMHNwHMIvVuYPLO_g/o.jpg,False,"{'address1': '22 W Main St', 'address2': '', 'address3': '', 'city': 'Delafield', 'zip_code': '53018', 'country': 'US', 'state': 'WI', 'display_address': ['22 W Main St', 'Delafield, WI 53018']}",Kurt's Steak House,+12626463333,$$$,3.5,79,[],https://www.yelp.com/biz/kurts-steak-house-delafield?adjust_creative=GVWAITeAe13hPk5JlriDSg&utm_campaign=yelp_api_v3&utm_medium=api_v3_business_search&utm_source=GVWAITeAe13hPk5JlriDSg
culvers-wales,"[{'alias': 'hotdogs', 'title': 'Fast Food'}, {'alias': 'icecream', 'title': 'Ice Cream & Frozen Yogurt'}, {'alias': 'burgers', 'title': 'Burgers'}]","{'latitude': 43.015325, 'longitude': -88.374052}",(262) 968-1830,1208.708578384819,EEV9-Vam32p5j11wQDSE4g,https://s3-media2.fl.yelpcdn.com/bphoto/UA4rZX9ob7OJudYxSIEjCg/o.jpg,False,"{'address1': '400 E Summit Ave', 'address2': '', 'address3': '', 'city': 'Wales', 'zip_code': '53183', 'country': 'US', 'state': 'WI', 'display_address': ['400 E Summit Ave', 'Wales, WI 53183']}",Culver's,+12629681830,$,4.5,8,[],https://www.yelp.com/biz/culvers-wales?adjust_creative=GVWAITeAe13hPk5JlriDSg&utm_campaign=yelp_api_v3&utm_medium=api_v3_business_search&utm_source=GVWAITeAe13hPk5JlriDSg
water-street-brewery-lake-country-delafield-2,"[{'alias': 'breweries', 'title': 'Breweries'}, {'alias': 'tradamerican', 'title': 'American (Traditional)'}]","{'latitude': 43.05249, 'longitude': -88.36633}",(262) 646-7878,5296.537286374359,ThzwuQ2Kkb_yJtBFCInHhw,https://s3-media1.fl.yelpcdn.com/bphoto/NF9m-mN9doneVbLHpLE3ng/o.jpg,False,"{'address1': '3191 Golf Rd', 'address2': '', 'address3': '', 'city': 'Delafield', 'zip_code': '53018', 'country': 'US', 'state': 'WI', 'display_address': ['3191 Golf Rd', 'Delafield, WI 53018']}",Water Street Brewery Lake Country,+12626467878,$$,3.0,104,[],https://www.yelp.com/biz/water-street-brewery-lake-country-delafield-2?adjust_creative=GVWAITeAe13hPk5JlriDSg&utm_campaign=yelp_api_v3&utm_medium=api_v3_business_search&utm_source=GVWAITeAe13hPk5JlriDSg
reveres-wells-street-tavern-delafield,"[{'alias': 'tradamerican', 'title': 'American (Traditional)'}]","{'latitude': 43.06024, 'longitude': -88.40535}",(262) 646-4070,6794.594975133364,3jUqL7Tmp1ED-A2_2I0s3g,https://s3-media1.fl.yelpcdn.com/bphoto/jYCNKGhKKHYNSmQLATE6yw/o.jpg,False,"{'address1': '505 Wells St', 'address2': '', 'address3': '', 'city': 'Delafield', 'zip_code': '53018', 'country': 'US', 'state': 'WI', 'display_address': ['505 Wells St', 'Delafield, WI 53018']}",Revere's Wells Street Tavern,+12626464070,$$,3.5,120,[],https://www.yelp.com/biz/reveres-wells-street-tavern-delafield?adjust_creative=GVWAITeAe13hPk5JlriDSg&utm_campaign=yelp_api_v3&utm_medium=api_v3_business_search&utm_source=GVWAITeAe13hPk5JlriDSg
angelinas-ristorante-delafield,"[{'alias': 'italian', 'title': 'Italian'}]","{'latitude': 43.0618236958981, 'longitude': -88.4032286703587}",(262) 303-4926,6894.406925034959,rjWTfU5BxWpxv_wowfdT0Q,https://s3-media2.fl.yelpcdn.com/bphoto/a6VA_hoz_NVmWUonl0-SEg/o.jpg,False,"{'address1': '621 Milwaukee St', 'address2': '', 'address3': '', 'city': 'Delafield', 'zip_code': '53018', 'country': 'US', 'state': 'WI', 'display_address': ['621 Milwaukee St', 'Delafield, WI 53018']}",Angelina's Ristorante,+12623034926,$$,4.0,49,[],https://www.yelp.com/biz/angelinas-ristorante-delafield?adjust_creative=GVWAITeAe13hPk5JlriDSg&utm_campaign=yelp_api_v3&utm_medium=api_v3_business_search&utm_source=GVWAITeAe13hPk5JlriDSg
sallys-sweet-shoppe-genesee-depot,"[{'alias': 'bakeries', 'title': 'Bakeries'}, {'alias': 'desserts', 'title': 'Desserts'}]","{'latitude': 42.9665070047, 'longitude': -88.3728008963591}",(262) 968-1803,4274.120082787792,vgIt0LfrJI2VzslvLxuhrA,https://s3-media1.fl.yelpcdn.com/bphoto/bqPSAWM9yAWZrDzLfH6Rcw/o.jpg,False,"{'address1': 'S42 W31370 Hwy 83', 'address2': 'Ste 3', 'address3': '', 'city': 'Genesee Depot', 'zip_code': '53127', 'country': 'US', 'state': 'WI', 'display_address': ['S42 W31370 Hwy 83', 'Ste 3', 'Genesee Depot, WI 53127']}",Sally's Sweet Shoppe,+12629681803,$$,4.5,13,[],https://www.yelp.com/biz/sallys-sweet-shoppe-genesee-depot?adjust_creative=GVWAITeAe13hPk5JlriDSg&utm_campaign=yelp_api_v3&utm_medium=api_v3_business_search&utm_source=GVWAITeAe13hPk5JlriDSg
black-canyon-coffee-wales,"[{'alias': 'cafes', 'title': 'Cafes'}, {'alias': 'coffee', 'title': 'Coffee & Tea'}]","{'latitude': 43.015167, 'longitude': -88.374756}",(262) 968-9388,1209.294990529171,0qoN2cp3FpdUEzcdCixlGw,https://s3-media1.fl.yelpcdn.com/bphoto/mj6flV-j9M_sNNUJgzTRKg/o.jpg,False,"{'address1': '300 E Summit Ave', 'address2': None, 'address3': None, 'city': 'Wales', 'zip_code': '53183', 'country': 'US', 'state': 'WI', 'display_address': ['300 E Summit Ave', 'Wales, WI 53183']}",Black Canyon Coffee,+12629689388,$,4.0,7,[],https://www.yelp.com/biz/black-canyon-coffee-wales?adjust_creative=GVWAITeAe13hPk5JlriDSg&utm_campaign=yelp_api_v3&utm_medium=api_v3_business_search&utm_source=GVWAITeAe13hPk5JlriDSg
ten-chimneys-genesee-depot,"[{'alias': 'tours', 'title': 'Tours'}, {'alias': 'museums', 'title': 'Museums'}]","{'latitude': 42.96655, 'longitude': -88.3787}",(262) 968-4110,4447.936736563854,Cbi7_3VbsdebR5d6BibVTg,https://s3-media2.fl.yelpcdn.com/bphoto/Zx7oE3mvkR8M6XYZiXrpYA/o.jpg,False,"{'address1': 'S43 W31575 Depot Rd', 'address2': '', 'address3': '', 'city': 'Genesee Depot', 'zip_code': '53127', 'country': 'US', 'state': 'WI', 'display_address': ['S43 W31575 Depot Rd', 'Genesee Depot, WI 53127']}",Ten Chimneys,+12629684110,,4.5,13,[],https://www.yelp.com/biz/ten-chimneys-genesee-depot?adjust_creative=GVWAITeAe13hPk5JlriDSg&utm_campaign=yelp_api_v3&utm_medium=api_v3_business_search&utm_source=GVWAITeAe13hPk5JlriDSg
great-harvest-bread-delafield,"[{'alias': 'coffee', 'title': 'Coffee & Tea'}, {'alias': 'bakeries', 'title': 'Bakeries'}, {'alias': 'sandwiches', 'title': 'Sandwiches'}]","{'latitude': 43.0602, 'longitude': -88.40474}",(262) 337-9023,6764.879152482979,HOH9DmBbSr8EYgf49qMygQ,https://s3-media1.fl.yelpcdn.com/bphoto/s-PC6mORnZuPc7S5psB29g/o.jpg,False,"{'address1': '603 Genesee St', 'address2': '', 'address3': '', 'city': 'Delafield', 'zip_code': '53018', 'country': 'US', 'state': 'WI', 'display_address': ['603 Genesee St', 'Delafield, WI 53018']}",Great Harvest Bread,+12623379023,$$,4.0,34,[],https://www.yelp.com/biz/great-harvest-bread-delafield?adjust_creative=GVWAITeAe13hPk5JlriDSg&utm_campaign=yelp_api_v3&utm_medium=api_v3_business_search&utm_source=GVWAITeAe13hPk5JlriDSg
martys-pizza-delafield,"[{'alias': 'pizza', 'title': 'Pizza'}, {'alias': 'italian', 'title': 'Italian'}, {'alias': 'sandwiches', 'title': 'Sandwiches'}]","{'latitude': 43.0495529174805, 'longitude': -88.3752059936523}",(262) 646-3327,4977.935400155206,bQ50bwxz-ei7gufGQpClpQ,https://s3-media1.fl.yelpcdn.com/bphoto/kCderEv9LEEmkSfJ6hst0Q/o.jpg,False,"{'address1': '2580 Sun Valley Dr', 'address2': '', 'address3': '', 'city': 'Delafield', 'zip_code': '53018', 'country': 'US', 'state': 'WI', 'display_address': ['2580 Sun Valley Dr', 'Delafield, WI 53018']}",Marty's Pizza,+12626463327,$$,3.5,35,[],https://www.yelp.com/biz/martys-pizza-delafield?adjust_creative=GVWAITeAe13hPk5JlriDSg&utm_campaign=yelp_api_v3&utm_medium=api_v3_business_search&utm_source=GVWAITeAe13hPk5JlriDSg
curlys-waterfront-sports-bar-and-grill-pewaukee,"[{'alias': 'sportsbars', 'title': 'Sports Bars'}, {'alias': 'tradamerican', 'title': 'American (Traditional)'}, {'alias': 'pizza', 'title': 'Pizza'}]","{'latitude': 43.0683064643676, 'longitude': -88.2895186348464}",(262) 691-4243,9613.17224559861,C30Zpo4wY5P8CoynA7FdVw,https://s3-media2.fl.yelpcdn.com/bphoto/TXVw1my_m5FWrt67HBXS2w/o.jpg,False,"{'address1': 'W272N2696 Lakeview Blvd', 'address2': '', 'address3': '', 'city': 'Pewaukee', 'zip_code': '53072', 'country': 'US', 'state': 'WI', 'display_address': ['W272N2696 Lakeview Blvd', 'Pewaukee, WI 53072']}",Curly's Waterfront Sports Bar & Grill,+12626914243,$$,3.5,58,[],https://www.yelp.com/biz/curlys-waterfront-sports-bar-and-grill-pewaukee?adjust_creative=GVWAITeAe13hPk5JlriDSg&utm_campaign=yelp_api_v3&utm_medium=api_v3_business_search&utm_source=GVWAITeAe13hPk5JlriDSg
mazatlan-delafield,"[{'alias': 'mexican', 'title': 'Mexican'}]","{'latitude': 43.06198, 'longitude': -88.40385}",(262) 646-9687,6919.864142262735,b_-gfruhwOecFOwyKVCCPg,https://s3-media4.fl.yelpcdn.com/bphoto/ZBN0F2VUBMbZpr3eWIaNxg/o.jpg,False,"{'address1': '601 Milwaukee St', 'address2': '', 'address3': '', 'city': 'Delafield', 'zip_code': '53018', 'country': 'US', 'state': 'WI', 'display_address': ['601 Milwaukee St', 'Delafield, WI 53018']}",Mazatlan,+12626469687,$$,3.5,63,[],https://www.yelp.com/biz/mazatlan-delafield?adjust_creative=GVWAITeAe13hPk5JlriDSg&utm_campaign=yelp_api_v3&utm_medium=api_v3_business_search&utm_source=GVWAITeAe13hPk5JlriDSg
ristorante-lago-pewaukee,"[{'alias': 'italian', 'title': 'Italian'}]","{'latitude': 43.067665, 'longitude': -88.347984}",(262) 361-4235,7213.167130553382,ytFJIPGDRbgHT067HUaAHg,https://s3-media2.fl.yelpcdn.com/bphoto/5MDxvwMMlVt8DswLTtL59g/o.jpg,False,"{'address1': 'N26 W30227 Maple Ave', 'address2': '', 'address3': '', 'city': 'Pewaukee', 'zip_code': '53072', 'country': 'US', 'state': 'WI', 'display_address': ['N26 W30227 Maple Ave', 'Pewaukee, WI 53072']}",Ristorante Lago,+12623614235,$$$,4.0,38,[],https://www.yelp.com/biz/ristorante-lago-pewaukee?adjust_creative=GVWAITeAe13hPk5JlriDSg&utm_campaign=yelp_api_v3&utm_medium=api_v3_business_search&utm_source=GVWAITeAe13hPk5JlriDSg
zin-uncommon-california-italian-delafield,"[{'alias': 'italian', 'title': 'Italian'}, {'alias': 'wine_bars', 'title': 'Wine Bars'}]","{'latitude': 43.06113, 'longitude': -88.40295}",(262) 646-5959,6807.991566844088,aoFhzKnRLTMROkF_4u1-lw,https://s3-media4.fl.yelpcdn.com/bphoto/YOTsWJoGrvePqwNWH2f-dg/o.jpg,False,"{'address1': '629 Main St', 'address2': '', 'address3': '', 'city': 'Delafield', 'zip_code': '53018', 'country': 'US', 'state': 'WI', 'display_address': ['629 Main St', 'Delafield, WI 53018']}",Zin - Uncommon California Italian,+12626465959,$$,3.5,74,[],https://www.yelp.com/biz/zin-uncommon-california-italian-delafield?adjust_creative=GVWAITeAe13hPk5JlriDSg&utm_campaign=yelp_api_v3&utm_medium=api_v3_business_search&utm_source=GVWAITeAe13hPk5JlriDSg
5-o-clock-club-pewaukee,"[{'alias': 'tradamerican', 'title': 'American (Traditional)'}]","{'latitude': 43.0739037422727, 'longitude': -88.2744598388672}",(262) 691-9960,10911.594851476628,ENHWJB8d90feh0I7pd3ZcA,https://s3-media3.fl.yelpcdn.com/bphoto/po_1PfTzS_hJgEAPl-syJA/o.jpg,False,"{'address1': 'N28 W26658 Peterson Dr', 'address2': '', 'address3': '', 'city': 'Pewaukee', 'zip_code': '53072', 'country': 'US', 'state': 'WI', 'display_address': ['N28 W26658 Peterson Dr', 'Pewaukee, WI 53072']}",5 O'Clock Club,+12626919960,$$,3.5,65,[],https://www.yelp.com/biz/5-o-clock-club-pewaukee?adjust_creative=GVWAITeAe13hPk5JlriDSg&utm_campaign=yelp_api_v3&utm_medium=api_v3_business_search&utm_source=GVWAITeAe13hPk5JlriDSg
stolleys-hogg-alley-oconomowoc,"[{'alias': 'sandwiches', 'title': 'Sandwiches'}, {'alias': 'pizza', 'title': 'Pizza'}]","{'latitude': 43.05814, 'longitude': -88.4285}",(262) 646-5652,7599.048437045088,2XnXgrXmWnKcEBLtLl1lKA,https://s3-media4.fl.yelpcdn.com/bphoto/q3svmtpsCN7FeW4RAVcgQw/o.jpg,False,"{'address1': '2008 N Venice Beach Rd', 'address2': '', 'address3': '', 'city': 'Oconomowoc', 'zip_code': '53066', 'country': 'US', 'state': 'WI', 'display_address': ['2008 N Venice Beach Rd', 'Oconomowoc, WI 53066']}",Stolley's Hogg Alley,+12626465652,$$,4.0,32,[],https://www.yelp.com/biz/stolleys-hogg-alley-oconomowoc?adjust_creative=GVWAITeAe13hPk5JlriDSg&utm_campaign=yelp_api_v3&utm_medium=api_v3_business_search&utm_source=GVWAITeAe13hPk5JlriDSg
sunny-side-up-dousman,"[{'alias': 'mexican', 'title': 'Mexican'}]","{'latitude': 43.016347, 'longitude': -88.463167}",(262) 965-5745,7689.455222872249,nwSCwsOA76UAxlKCLNU9OA,https://s3-media2.fl.yelpcdn.com/bphoto/4r5pmqEZoNKfFOMd1Ty3QQ/o.jpg,False,"{'address1': '159 State Rd 67', 'address2': 'Ste B', 'address3': None, 'city': 'Dousman', 'zip_code': '53118', 'country': 'US', 'state': 'WI', 'display_address': ['159 State Rd 67', 'Ste B', 'Dousman, WI 53118']}",Sunny Side Up,+12629655745,$,4.0,23,[],https://www.yelp.com/biz/sunny-side-up-dousman?adjust_creative=GVWAITeAe13hPk5JlriDSg&utm_campaign=yelp_api_v3&utm_medium=api_v3_business_search&utm_source=GVWAITeAe13hPk5JlriDSg
michaels-house-of-prime-pewaukee,"[{'alias': 'seafood', 'title': 'Seafood'}, {'alias': 'steak', 'title': 'Steakhouses'}, {'alias': 'newamerican', 'title': 'American (New)'}]","{'latitude': 43.06111, 'longitude': -88.30264}",(262) 691-1450,8298.991467695816,vSMBlzRjUFrrkHCsdEa5aA,https://s3-media2.fl.yelpcdn.com/bphoto/L0lniej7Z81JsAqYfqs0jg/o.jpg,False,"{'address1': 'W278N2316 Prospect Ave', 'address2': '', 'address3': '', 'city': 'Pewaukee', 'zip_code': '53072', 'country': 'US', 'state': 'WI', 'display_address': ['W278N2316 Prospect Ave', 'Pewaukee, WI 53072']}",Michael's House of Prime,+12626911450,$$$,3.5,41,[],https://www.yelp.com/biz/michaels-house-of-prime-pewaukee?adjust_creative=GVWAITeAe13hPk5JlriDSg&utm_campaign=yelp_api_v3&utm_medium=api_v3_business_search&utm_source=GVWAITeAe13hPk5JlriDSg
milwaukee-street-traders-delafield,"[{'alias': 'cafes', 'title': 'Cafes'}, {'alias': 'coffee', 'title': 'Coffee & Tea'}]","{'latitude': 43.061854502217, 'longitude': -88.405066600444}",(262) 646-9289,6949.418466517546,77BwUsuh_yCQy7JeSDEIHA,https://s3-media1.fl.yelpcdn.com/bphoto/RvrY-wzu3LBZjPQxMxYEFA/o.jpg,False,"{'address1': '523 Milwaukee St', 'address2': '', 'address3': '', 'city': 'Delafield', 'zip_code': '53018', 'country': 'US', 'state': 'WI', 'display_address': ['523 Milwaukee St', 'Delafield, WI 53018']}",Milwaukee Street Traders,+12626469289,$$,3.5,41,[],https://www.yelp.com/biz/milwaukee-street-traders-delafield?adjust_creative=GVWAITeAe13hPk5JlriDSg&utm_campaign=yelp_api_v3&utm_medium=api_v3_business_search&utm_source=GVWAITeAe13hPk5JlriDSg
bennollis-pizza-delafield,"[{'alias': 'pizza', 'title': 'Pizza'}, {'alias': 'gelato', 'title': 'Gelato'}]","{'latitude': 43.0609949, 'longitude': -88.4035095}",(262) 646-1016,6814.667118042886,KDuhLhyxPxlfzzWyqcMEzQ,https://s3-media1.fl.yelpcdn.com/bphoto/3I1kZrNFjg24lHs8w9VsYA/o.jpg,False,"{'address1': '615 Main St', 'address2': None, 'address3': None, 'city': 'Delafield', 'zip_code': '53018', 'country': 'US', 'state': 'WI', 'display_address': ['615 Main St', 'Delafield, WI 53018']}",Bennolli's Pizza,+12626461016,$$,4.0,27,[],https://www.yelp.com/biz/bennollis-pizza-delafield?adjust_creative=GVWAITeAe13hPk5JlriDSg&utm_campaign=yelp_api_v3&utm_medium=api_v3_business_search&utm_source=GVWAITeAe13hPk5JlriDSg
finns-bar-and-grill-wales,"[{'alias': 'tradamerican', 'title': 'American (Traditional)'}]","{'latitude': 43.013027, 'longitude': -88.381401}",(262) 968-9800,1307.7119823637997,-O-9_WciKpLmi_mCUVpAhg,https://s3-media4.fl.yelpcdn.com/bphoto/Uy3mkAYN9nA1XR7nnSx9NA/o.jpg,False,"{'address1': '220 W Summit Ave', 'address2': 'Ste 1', 'address3': '', 'city': 'Wales', 'zip_code': '53183', 'country': 'US', 'state': 'WI', 'display_address': ['220 W Summit Ave', 'Ste 1', 'Wales, WI 53183']}",Finn's Bar & Grill,+12629689800,$$,3.0,12,[],https://www.yelp.com/biz/finns-bar-and-grill-wales?adjust_creative=GVWAITeAe13hPk5JlriDSg&utm_campaign=yelp_api_v3&utm_medium=api_v3_business_search&utm_source=GVWAITeAe13hPk5JlriDSg
five-guys-delafield-2,"[{'alias': 'burgers', 'title': 'Burgers'}, {'alias': 'hotdogs', 'title': 'Fast Food'}]","{'latitude': 43.053277, 'longitude': -88.371555}",(262) 646-4897,5382.429069560247,PkmwgEu75SCHoUrZf2tnpQ,https://s3-media3.fl.yelpcdn.com/bphoto/YTMTzW0aGGnpMaBKsd7QKg/o.jpg,False,"{'address1': '2900 Golf Rd', 'address2': '', 'address3': '', 'city': 'Delafield', 'zip_code': '53018', 'country': 'US', 'state': 'WI', 'display_address': ['2900 Golf Rd', 'Delafield, WI 53018']}",Five Guys,+12626464897,$,4.0,23,[],https://www.yelp.com/biz/five-guys-delafield-2?adjust_creative=GVWAITeAe13hPk5JlriDSg&utm_campaign=yelp_api_v3&utm_medium=api_v3_business_search&utm_source=GVWAITeAe13hPk5JlriDSg
edgewater-supper-club-pewaukee,"[{'alias': 'bars', 'title': 'Bars'}, {'alias': 'cajun', 'title': 'Cajun/Creole'}, {'alias': 'salad', 'title': 'Salad'}]","{'latitude': 43.0611586331061, 'longitude': -88.3034057018842}",(262) 696-6254,8268.292937067554,hSJLvPiZ36W1_wWHg040lw,https://s3-media1.fl.yelpcdn.com/bphoto/zRu7cvX-i19HM2AY_YWfLQ/o.jpg,False,"{'address1': 'W278 N2315 Prospect Ave', 'address2': 'Ste 100', 'address3': None, 'city': 'Pewaukee', 'zip_code': '53072', 'country': 'US', 'state': 'WI', 'display_address': ['W278 N2315 Prospect Ave', 'Ste 100', 'Pewaukee, WI 53072']}",Edgewater Supper Club,+12626966254,$,4.5,13,[],https://www.yelp.com/biz/edgewater-supper-club-pewaukee?adjust_creative=GVWAITeAe13hPk5JlriDSg&utm_campaign=yelp_api_v3&utm_medium=api_v3_business_search&utm_source=GVWAITeAe13hPk5JlriDSg
imperial-garden-oconomowoc,"[{'alias': 'szechuan', 'title': 'Szechuan'}, {'alias': 'taiwanese', 'title': 'Taiwanese'}]","{'latitude': 43.0755367, 'longitude': -88.4675144}",(262) 200-2198,11269.223630749653,CwkQJrRrVvK-9fkutB9nzw,https://s3-media2.fl.yelpcdn.com/bphoto/tBpMP6tZM_kWbTgfzZFhPw/o.jpg,False,"{'address1': '1320 Pabst Farms Cir', 'address2': '', 'address3': '', 'city': 'Oconomowoc', 'zip_code': '53066', 'country': 'US', 'state': 'WI', 'display_address': ['1320 Pabst Farms Cir', 'Oconomowoc, WI 53066']}",Imperial Garden,+12622002198,$$,3.5,35,[],https://www.yelp.com/biz/imperial-garden-oconomowoc?adjust_creative=GVWAITeAe13hPk5JlriDSg&utm_campaign=yelp_api_v3&utm_medium=api_v3_business_search&utm_source=GVWAITeAe13hPk5JlriDSg
coffee-talk-bakery-waukesha,"[{'alias': 'coffee', 'title': 'Coffee & Tea'}, {'alias': 'bakeries', 'title': 'Bakeries'}, {'alias': 'soup', 'title': 'Soup'}]","{'latitude': 42.9481553537361, 'longitude': -88.3225548528872}",(262) 875-3377,7391.3188561946035,HxuAZRgMqxNqR-a1DYSpjQ,https://s3-media3.fl.yelpcdn.com/bphoto/GpZhssRAv7YKEiGgYGTbcQ/o.jpg,False,"{'address1': 'S52W28809 Saylesville Rd', 'address2': '', 'address3': '', 'city': 'Waukesha', 'zip_code': '53189', 'country': 'US', 'state': 'WI', 'display_address': ['S52W28809 Saylesville Rd', 'Waukesha, WI 53189']}",Coffee Talk Bakery,+12628753377,$,4.5,12,[],https://www.yelp.com/biz/coffee-talk-bakery-waukesha?adjust_creative=GVWAITeAe13hPk5JlriDSg&utm_campaign=yelp_api_v3&utm_medium=api_v3_business_search&utm_source=GVWAITeAe13hPk5JlriDSg
retzer-nature-center-waukesha,"[{'alias': 'parks', 'title': 'Parks'}]","{'latitude': 43.01321, 'longitude': -88.2617099}",(262) 896-8007,4919.107763091257,OkoHGvHUWNBnkudIwQnO9Q,https://s3-media3.fl.yelpcdn.com/bphoto/44DNVoPZ9QDWwyZGV_nnoA/o.jpg,False,"{'address1': 'S14 W28167 Madison St', 'address2': '', 'address3': '', 'city': 'Waukesha', 'zip_code': '53188', 'country': 'US', 'state': 'WI', 'display_address': ['S14 W28167 Madison St', 'Waukesha, WI 53188']}",Retzer Nature Center,+12628968007,,5.0,5,[],https://www.yelp.com/biz/retzer-nature-center-waukesha?adjust_creative=GVWAITeAe13hPk5JlriDSg&utm_campaign=yelp_api_v3&utm_medium=api_v3_business_search&utm_source=GVWAITeAe13hPk5JlriDSg
mod-pizza-oconomowoc,"[{'alias': 'hotdogs', 'title': 'Fast Food'}, {'alias': 'pizza', 'title': 'Pizza'}, {'alias': 'salad', 'title': 'Salad'}]","{'latitude': 43.077566, 'longitude': -88.470122}",(262) 295-2770,11473.69254574003,o4n2DPSx1sE9q5_JST81Zg,https://s3-media3.fl.yelpcdn.com/bphoto/96lVsnFdOSgF5wGgX8zT7A/o.jpg,False,"{'address1': '1676 Old School House Rd', 'address2': 'Suite 103', 'address3': None, 'city': 'Oconomowoc', 'zip_code': '50366', 'country': 'US', 'state': 'WI', 'display_address': ['1676 Old School House Rd', 'Suite 103', 'Oconomowoc, WI 50366']}",MOD Pizza,+12622952770,$,3.5,32,[],https://www.yelp.com/biz/mod-pizza-oconomowoc?adjust_creative=GVWAITeAe13hPk5JlriDSg&utm_campaign=yelp_api_v3&utm_medium=api_v3_business_search&utm_source=GVWAITeAe13hPk5JlriDSg
the-beer-depot-pewaukee,"[{'alias': 'beer_and_wine', 'title': 'Beer, Wine & Spirits'}, {'alias': 'convenience', 'title': 'Convenience Stores'}, {'alias': 'delis', 'title': 'Delis'}]","{'latitude': 43.0684273, 'longitude': -88.2840041}",(262) 696-4602,9932.763565048683,-GSqi4-uKZk2_V73LAxyXg,https://s3-media2.fl.yelpcdn.com/bphoto/1VoBLQo23Ue3lPzTcimknA/o.jpg,False,"{'address1': 'N27 W26980 Prospect Ave', 'address2': None, 'address3': None, 'city': 'Pewaukee', 'zip_code': '53072', 'country': 'US', 'state': 'WI', 'display_address': ['N27 W26980 Prospect Ave', 'Pewaukee, WI 53072']}",The Beer Depot,+12626964602,$,5.0,7,[],https://www.yelp.com/biz/the-beer-depot-pewaukee?adjust_creative=GVWAITeAe13hPk5JlriDSg&utm_campaign=yelp_api_v3&utm_medium=api_v3_business_search&utm_source=GVWAITeAe13hPk5JlriDSg
seven-seas-hartland,"[{'alias': 'newamerican', 'title': 'American (New)'}, {'alias': 'venues', 'title': 'Venues & Event Spaces'}]","{'latitude': 43.0709800720215, 'longitude': -88.3779525756836}",(262) 367-3903,7393.436574154435,j5kXh5_rIRUIMjiWazGzWQ,https://s3-media3.fl.yelpcdn.com/bphoto/WcKvi4_KZ3N__qEG8UPFXg/o.jpg,False,"{'address1': '1807 Nagawicka Rd', 'address2': '', 'address3': '', 'city': 'Hartland', 'zip_code': '53029', 'country': 'US', 'state': 'WI', 'display_address': ['1807 Nagawicka Rd', 'Hartland, WI 53029']}",Seven Seas,+12623673903,$$,3.0,48,[],https://www.yelp.com/biz/seven-seas-hartland?adjust_creative=GVWAITeAe13hPk5JlriDSg&utm_campaign=yelp_api_v3&utm_medium=api_v3_business_search&utm_source=GVWAITeAe13hPk5JlriDSg
panera-bread-delafield,"[{'alias': 'sandwiches', 'title': 'Sandwiches'}, {'alias': 'salad', 'title': 'Salad'}, {'alias': 'soup', 'title': 'Soup'}]","{'latitude': 43.051682, 'longitude': -88.367238}",(262) 646-5510,5207.908378692087,h5GAakvmGzR20Rx6HBmfQA,https://s3-media3.fl.yelpcdn.com/bphoto/YX5e0OB3gBn4x3rgOUgyQQ/o.jpg,False,"{'address1': '3200 Golf Rd', 'address2': None, 'address3': None, 'city': 'Delafield', 'zip_code': '53018', 'country': 'US', 'state': 'WI', 'display_address': ['3200 Golf Rd', 'Delafield, WI 53018']}",Panera Bread,+12626465510,$$,3.0,23,[],https://www.yelp.com/biz/panera-bread-delafield?adjust_creative=GVWAITeAe13hPk5JlriDSg&utm_campaign=yelp_api_v3&utm_medium=api_v3_business_search&utm_source=GVWAITeAe13hPk5JlriDSg
jimmy-johns-oconomowoc,"[{'alias': 'sandwiches', 'title': 'Sandwiches'}, {'alias': 'delis', 'title': 'Delis'}, {'alias': 'hotdogs', 'title': 'Fast Food'}]","{'latitude': 43.0765683083551, 'longitude': -88.4683084487915}",(262) 560-4150,11291.006529693177,Hwvgp6buND6b3xIuPssAqw,https://s3-media3.fl.yelpcdn.com/bphoto/114s9LC_u0jpmdu4quiG4Q/o.jpg,False,"{'address1': '1674 Old School House Rd', 'address2': '', 'address3': '', 'city': 'Oconomowoc', 'zip_code': '53066', 'country': 'US', 'state': 'WI', 'display_address': ['1674 Old School House Rd', 'Oconomowoc, WI 53066']}",Jimmy John's,+12625604150,$,4.0,10,[],https://www.yelp.com/biz/jimmy-johns-oconomowoc?adjust_creative=GVWAITeAe13hPk5JlriDSg&utm_campaign=yelp_api_v3&utm_medium=api_v3_business_search&utm_source=GVWAITeAe13hPk5JlriDSg
qdoba-mexican-eats-delafield,"[{'alias': 'mexican', 'title': 'Mexican'}, {'alias': 'hotdogs', 'title': 'Fast Food'}]","{'latitude': 43.0516582, 'longitude': -88.3665272}",(262) 646-4222,5207.989199205249,XetLC_py9-SP3GJuhRbd_Q,https://s3-media4.fl.yelpcdn.com/bphoto/3h4Zrh-4nKT5g6E4O5fywg/o.jpg,False,"{'address1': '3250 Golf Rd', 'address2': 'Ste 100', 'address3': None, 'city': 'Delafield', 'zip_code': '53018', 'country': 'US', 'state': 'WI', 'display_address': ['3250 Golf Rd', 'Ste 100', 'Delafield, WI 53018']}",QDOBA Mexican Eats,+12626464222,$,3.5,14,[],https://www.yelp.com/biz/qdoba-mexican-eats-delafield?adjust_creative=GVWAITeAe13hPk5JlriDSg&utm_campaign=yelp_api_v3&utm_medium=api_v3_business_search&utm_source=GVWAITeAe13hPk5JlriDSg
mama-ds-coffee-genesee-depot,"[{'alias': 'cafes', 'title': 'Cafes'}, {'alias': 'coffee', 'title': 'Coffee & Tea'}, {'alias': 'sandwiches', 'title': 'Sandwiches'}]","{'latitude': 42.96655, 'longitude': -88.37034}",(262) 336-9006,4213.9366187527,bn-gTtz-MVfy3WWXlz6dHw,https://s3-media3.fl.yelpcdn.com/bphoto/i4a0UxiECSM5RNYYnzjJ4w/o.jpg,False,"{'address1': 'S42 W31238 Hwy 83', 'address2': None, 'address3': '', 'city': 'Genesee Depot', 'zip_code': '53127', 'country': 'US', 'state': 'WI', 'display_address': ['S42 W31238 Hwy 83', 'Genesee Depot, WI 53127']}",Mama D's Coffee,+12623369006,$,4.5,3,[],https://www.yelp.com/biz/mama-ds-coffee-genesee-depot?adjust_creative=GVWAITeAe13hPk5JlriDSg&utm_campaign=yelp_api_v3&utm_medium=api_v3_business_search&utm_source=GVWAITeAe13hPk5JlriDSg
applebees-grill-bar-delafield,"[{'alias': 'tradamerican', 'title': 'American (Traditional)'}, {'alias': 'sportsbars', 'title': 'Sports Bars'}, {'alias': 'burgers', 'title': 'Burgers'}]","{'latitude': 43.051953, 'longitude': -88.368831}",(262) 646-2174,5234.259126251386,3430vbT2p0ac4zDFZ8br5g,https://s3-media1.fl.yelpcdn.com/bphoto/6nKUADezfr2ej4WT7um_7Q/o.jpg,False,"{'address1': '3100 Golf Rd', 'address2': None, 'address3': None, 'city': 'Delafield', 'zip_code': '53018', 'country': 'US', 'state': 'WI', 'display_address': ['3100 Golf Rd', 'Delafield, WI 53018']}",Applebee's Grill + Bar,+12626462174,$$,3.0,17,[],https://www.yelp.com/biz/applebees-grill-bar-delafield?adjust_creative=GVWAITeAe13hPk5JlriDSg&utm_campaign=yelp_api_v3&utm_medium=api_v3_business_search&utm_source=GVWAITeAe13hPk5JlriDSg
in-cahoots-co-genesee-depot,"[{'alias': 'bars', 'title': 'Bars'}]","{'latitude': 42.9663742896514, 'longitude': -88.3717516064644}",(262) 968-2399,4285.012427035515,A28HL7WISv-cMmr30x8RtA,https://s3-media2.fl.yelpcdn.com/bphoto/MxdGjmoDEZezbK5MnLwWAA/o.jpg,False,"{'address1': 'S43W31325 State Rd 83', 'address2': '', 'address3': '', 'city': 'Genesee Depot', 'zip_code': '53127', 'country': 'US', 'state': 'WI', 'display_address': ['S43W31325 State Rd 83', 'Genesee Depot, WI 53127']}",In Cahoots Co,+12629682399,$,3.0,14,[],https://www.yelp.com/biz/in-cahoots-co-genesee-depot?adjust_creative=GVWAITeAe13hPk5JlriDSg&utm_campaign=yelp_api_v3&utm_medium=api_v3_business_search&utm_source=GVWAITeAe13hPk5JlriDSg
zazing-primo-pizza-chicken-and-sandwiches-north-prairie,"[{'alias': 'pizza', 'title': 'Pizza'}, {'alias': 'hotdogs', 'title': 'Fast Food'}, {'alias': 'sandwiches', 'title': 'Sandwiches'}]","{'latitude': 42.9352, 'longitude': -88.40582}",(262) 392-8012,8271.622796873777,SRC7JEqALab7OKb9a3kRFg,https://s3-media4.fl.yelpcdn.com/bphoto/fHgPsORuzKfDcOFCvNG6QQ/o.jpg,False,"{'address1': '205 N Main St', 'address2': '', 'address3': '', 'city': 'North Prairie', 'zip_code': '53153', 'country': 'US', 'state': 'WI', 'display_address': ['205 N Main St', 'North Prairie, WI 53153']}","Zazing Primo Pizza, Chicken & Sandwiches",+12623928012,$$,3.5,17,[],https://www.yelp.com/biz/zazing-primo-pizza-chicken-and-sandwiches-north-prairie?adjust_creative=GVWAITeAe13hPk5JlriDSg&utm_campaign=yelp_api_v3&utm_medium=api_v3_business_search&utm_source=GVWAITeAe13hPk5JlriDSg
the-chocolate-factory-delafield,"[{'alias': 'sandwiches', 'title': 'Sandwiches'}, {'alias': 'icecream', 'title': 'Ice Cream & Frozen Yogurt'}]","{'latitude': 43.0519451, 'longitude': -88.3666189}",(262) 337-9479,5206.070448100565,TyOqlngOev7sgWR-CtV9iA,https://s3-media4.fl.yelpcdn.com/bphoto/CcZJZJ4FOrO1HIPm9UIFqA/o.jpg,False,"{'address1': '3230 Golf Rd', 'address2': '', 'address3': None, 'city': 'Delafield', 'zip_code': '53018', 'country': 'US', 'state': 'WI', 'display_address': ['3230 Golf Rd', 'Delafield, WI 53018']}",The Chocolate Factory,+12623379479,,5.0,4,[],https://www.yelp.com/biz/the-chocolate-factory-delafield?adjust_creative=GVWAITeAe13hPk5JlriDSg&utm_campaign=yelp_api_v3&utm_medium=api_v3_business_search&utm_source=GVWAITeAe13hPk5JlriDSg
panga-bar-and-grill-oconomowoc,"[{'alias': 'bars', 'title': 'Bars'}, {'alias': 'tradamerican', 'title': 'American (Traditional)'}]","{'latitude': 43.058966, 'longitude': -88.431361}",(262) 337-9550,7817.492288167505,QfJlLeTPaFFOCFVMUes8_g,https://s3-media3.fl.yelpcdn.com/bphoto/nJqW8WfaTmhvYWUy3VWB5A/o.jpg,False,"{'address1': '34422 Delafield Rd', 'address2': '', 'address3': '', 'city': 'Oconomowoc', 'zip_code': '53066', 'country': 'US', 'state': 'WI', 'display_address': ['34422 Delafield Rd', 'Oconomowoc, WI 53066']}",Panga Bar & Grill,+12623379550,$,4.0,10,[],https://www.yelp.com/biz/panga-bar-and-grill-oconomowoc?adjust_creative=GVWAITeAe13hPk5JlriDSg&utm_campaign=yelp_api_v3&utm_medium=api_v3_business_search&utm_source=GVWAITeAe13hPk5JlriDSg
hardees-delafield,"[{'alias': 'hotdogs', 'title': 'Fast Food'}]","{'latitude': 43.0391, 'longitude': -88.36652}",(262) 646-8898,3814.277013593602,3iDMjJrkMgtLrXRE-dDS5w,https://s3-media2.fl.yelpcdn.com/bphoto/EkA5OiknSK6hx32M-OjgCw/o.jpg,False,"{'address1': 'N101 State Rd 83', 'address2': '', 'address3': '', 'city': 'Delafield', 'zip_code': '53018', 'country': 'US', 'state': 'WI', 'display_address': ['N101 State Rd 83', 'Delafield, WI 53018']}",Hardee's,+12626468898,$,2.5,13,[],https://www.yelp.com/biz/hardees-delafield?adjust_creative=GVWAITeAe13hPk5JlriDSg&utm_campaign=yelp_api_v3&utm_medium=api_v3_business_search&utm_source=GVWAITeAe13hPk5JlriDSg
cafe-buzzz-wales,"[{'alias': 'breakfast_brunch', 'title': 'Breakfast & Brunch'}, {'alias': 'cafes', 'title': 'Cafes'}]","{'latitude': 43.013515, 'longitude': -88.380386}",(262) 968-9000,1289.888363040575,hURhla_qyWo1Ar2UN6FssA,https://s3-media1.fl.yelpcdn.com/bphoto/L7Rkb-geHBB1p-b-mTTQ2A/o.jpg,False,"{'address1': '200 W Summit Ave', 'address2': '', 'address3': '', 'city': 'Wales', 'zip_code': '53183', 'country': 'US', 'state': 'WI', 'display_address': ['200 W Summit Ave', 'Wales, WI 53183']}",Cafe Buzzz,+12629689000,$,3.0,4,[],https://www.yelp.com/biz/cafe-buzzz-wales?adjust_creative=GVWAITeAe13hPk5JlriDSg&utm_campaign=yelp_api_v3&utm_medium=api_v3_business_search&utm_source=GVWAITeAe13hPk5JlriDSg
perkins-restaurant-and-bakery-delafield,"[{'alias': 'hotdogs', 'title': 'Fast Food'}]","{'latitude': 43.0540924, 'longitude': -88.377388}",(262) 646-7915,5345.367684954189,W0twDMwLAYUYn565ebtoWg,https://s3-media1.fl.yelpcdn.com/bphoto/hDeVSKAX4lolTHMMJiw_EQ/o.jpg,False,"{'address1': '2400 Milwaukee St', 'address2': '', 'address3': '', 'city': 'Delafield', 'zip_code': '53018', 'country': 'US', 'state': 'WI', 'display_address': ['2400 Milwaukee St', 'Delafield, WI 53018']}",Perkins Restaurant & Bakery,+12626467915,$,3.0,20,[],https://www.yelp.com/biz/perkins-restaurant-and-bakery-delafield?adjust_creative=GVWAITeAe13hPk5JlriDSg&utm_campaign=yelp_api_v3&utm_medium=api_v3_business_search&utm_source=GVWAITeAe13hPk5JlriDSg
sports-dock-pewaukee,"[{'alias': 'sportsbars', 'title': 'Sports Bars'}, {'alias': 'pizza', 'title': 'Pizza'}, {'alias': 'sandwiches', 'title': 'Sandwiches'}]","{'latitude': 43.0617956509, 'longitude': -88.3032848686}",(262) 695-9600,8328.389323815432,pDxuSrTyYtagfATyHncIew,https://s3-media3.fl.yelpcdn.com/bphoto/19aeSCjXi160nk8bfSG5KQ/o.jpg,False,"{'address1': 'W278N2345 Prospect Ave', 'address2': '', 'address3': '', 'city': 'Pewaukee', 'zip_code': '53072', 'country': 'US', 'state': 'WI', 'display_address': ['W278N2345 Prospect Ave', 'Pewaukee, WI 53072']}",Sports Dock,+12626959600,$$,3.0,15,[],https://www.yelp.com/biz/sports-dock-pewaukee?adjust_creative=GVWAITeAe13hPk5JlriDSg&utm_campaign=yelp_api_v3&utm_medium=api_v3_business_search&utm_source=GVWAITeAe13hPk5JlriDSg
noodles-and-company-delafield,"[{'alias': 'noodles', 'title': 'Noodles'}]","{'latitude': 43.05424, 'longitude': -88.37162}",(262) 646-4811,5190.8916209776235,IVXUiMDvammXtAOwS-vBCg,https://s3-media2.fl.yelpcdn.com/bphoto/QORDzzcTXZHt8_A-3hmt-A/o.jpg,False,"{'address1': '3260 Golf Rd At I-94 And Hwy 83', 'address2': None, 'address3': None, 'city': 'Delafield', 'zip_code': '53018', 'country': 'US', 'state': 'WI', 'display_address': ['3260 Golf Rd At I-94 And Hwy 83', 'Delafield, WI 53018']}",Noodles & Company,+12626464811,$,2.5,16,[],https://www.yelp.com/biz/noodles-and-company-delafield?adjust_creative=GVWAITeAe13hPk5JlriDSg&utm_campaign=yelp_api_v3&utm_medium=api_v3_business_search&utm_source=GVWAITeAe13hPk5JlriDSg
starbucks-delafield,"[{'alias': 'coffee', 'title': 'Coffee & Tea'}]","{'latitude': 43.053834, 'longitude': -88.371238}",(262) 646-2542,5443.771152142835,-eA4q29rUWbo3jyECfrntg,https://s3-media2.fl.yelpcdn.com/bphoto/hzlcA20nLUd6TDUIY0Ronw/o.jpg,False,"{'address1': '2940 Golf Rd.', 'address2': None, 'address3': None, 'city': 'Delafield', 'zip_code': '53018', 'country': 'US', 'state': 'WI', 'display_address': ['2940 Golf Rd.', 'Delafield, WI 53018']}",Starbucks,+12626462542,$$,2.5,15,[],https://www.yelp.com/biz/starbucks-delafield?adjust_creative=GVWAITeAe13hPk5JlriDSg&utm_campaign=yelp_api_v3&utm_medium=api_v3_business_search&utm_source=GVWAITeAe13hPk5JlriDSg
sports-page-bar-and-grill-north-prairie,"[{'alias': 'sportsbars', 'title': 'Sports Bars'}, {'alias': 'tradamerican', 'title': 'American (Traditional)'}]","{'latitude': 42.93367, 'longitude': -88.40585}",(262) 392-9729,8444.212875870548,iE0fCIub-3CYIvA5z3PGVw,https://s3-media4.fl.yelpcdn.com/bphoto/WkDsMZP4EwNrZowfjxejhA/o.jpg,False,"{'address1': '117 N Main St', 'address2': '', 'address3': '', 'city': 'North Prairie', 'zip_code': '53153', 'country': 'US', 'state': 'WI', 'display_address': ['117 N Main St', 'North Prairie, WI 53153']}",Sports Page Bar & Grill,+12623929729,,3.0,9,[],https://www.yelp.com/biz/sports-page-bar-and-grill-north-prairie?adjust_creative=GVWAITeAe13hPk5JlriDSg&utm_campaign=yelp_api_v3&utm_medium=api_v3_business_search&utm_source=GVWAITeAe13hPk5JlriDSg
starbucks-oconomowoc,"[{'alias': 'coffee', 'title': 'Coffee & Tea'}]","{'latitude': 43.074339, 'longitude': -88.468768}",(262) 567-9654,11144.403523143268,aaxKpw-prdLBHDVWK-by5A,https://s3-media3.fl.yelpcdn.com/bphoto/UAi_I_HV5iCkLGkt3mDEOw/o.jpg,False,"{'address1': '1370 Pabst Farms Circle', 'address2': 'Suite 300', 'address3': '', 'city': 'Oconomowoc', 'zip_code': '53066', 'country': 'US', 'state': 'WI', 'display_address': ['1370 Pabst Farms Circle', 'Suite 300', 'Oconomowoc, WI 53066']}",Starbucks,+12625679654,$$,3.0,19,[],https://www.yelp.com/biz/starbucks-oconomowoc?adjust_creative=GVWAITeAe13hPk5JlriDSg&utm_campaign=yelp_api_v3&utm_medium=api_v3_business_search&utm_source=GVWAITeAe13hPk5JlriDSg
american-legion-post-no-196-delafield,"[{'alias': 'venues', 'title': 'Venues & Event Spaces'}, {'alias': 'bars', 'title': 'Bars'}]","{'latitude': 43.0582504272461, 'longitude': -88.3954849243164}",(262) 646-3930,6287.411826499816,Q62J0M50DWRS9Ki1w8TjHg,https://s3-media4.fl.yelpcdn.com/bphoto/63oFUCwyfjav3wVbCailqw/o.jpg,False,"{'address1': '333 N Lapham Peak Rd', 'address2': '', 'address3': '', 'city': 'Delafield', 'zip_code': '53018', 'country': 'US', 'state': 'WI', 'display_address': ['333 N Lapham Peak Rd', 'Delafield, WI 53018']}",American Legion Post No 196,+12626463930,,5.0,2,[],https://www.yelp.com/biz/american-legion-post-no-196-delafield?adjust_creative=GVWAITeAe13hPk5JlriDSg&utm_campaign=yelp_api_v3&utm_medium=api_v3_business_search&utm_source=GVWAITeAe13hPk5JlriDSg
scuppernong-trail-head-dousman,"[{'alias': 'hiking', 'title': 'Hiking'}, {'alias': 'dog_parks', 'title': 'Dog Parks'}]","{'latitude': 42.9409, 'longitude': -88.45956}",(262) 594-6200,10413.406831027143,03hdzkoA_62Pcw9DAEVC7Q,https://s3-media2.fl.yelpcdn.com/bphoto/WWYtbO6lEK9SIikJCu6glw/o.jpg,False,"{'address1': 'S58 W35820 County Road Zz', 'address2': '', 'address3': None, 'city': 'Dousman', 'zip_code': '53118', 'country': 'US', 'state': 'WI', 'display_address': ['S58 W35820 County Road Zz', 'Dousman, WI 53118']}",Scuppernong Trail Head,+12625946200,,5.0,2,[],https://www.yelp.com/biz/scuppernong-trail-head-dousman?adjust_creative=GVWAITeAe13hPk5JlriDSg&utm_campaign=yelp_api_v3&utm_medium=api_v3_business_search&utm_source=GVWAITeAe13hPk5JlriDSg
the-legend-at-brandybrook-wales,"[{'alias': 'golf', 'title': 'Golf'}]","{'latitude': 43.0064202937901, 'longitude': -88.3540570735931}",(262) 968-9717,1299.7967912529082,YaQzONSQDDUiHaTqpLUyGA,https://s3-media1.fl.yelpcdn.com/bphoto/lAcEg7TqPQ2E2vrZYGrJPQ/o.jpg,False,"{'address1': '1 Legend Way', 'address2': '', 'address3': '', 'city': 'Wales', 'zip_code': '53183', 'country': 'US', 'state': 'WI', 'display_address': ['1 Legend Way', 'Wales, WI 53183']}",The Legend at Brandybrook,+12629689717,,2.5,3,[],https://www.yelp.com/biz/the-legend-at-brandybrook-wales?adjust_creative=GVWAITeAe13hPk5JlriDSg&utm_campaign=yelp_api_v3&utm_medium=api_v3_business_search&utm_source=GVWAITeAe13hPk5JlriDSg
chilis-oconomowoc-2,"[{'alias': 'tradamerican', 'title': 'American (Traditional)'}, {'alias': 'bars', 'title': 'Bars'}, {'alias': 'tex-mex', 'title': 'Tex-Mex'}]","{'latitude': 43.0736599, 'longitude': -88.47199}",(262) 567-4233,11275.79272158609,Kpjc-vt_KGPOevo7iYf7GA,https://s3-media2.fl.yelpcdn.com/bphoto/83iKITUC5iZLW138p_a4AQ/o.jpg,False,"{'address1': '1229 Corporate Center Dr', 'address2': None, 'address3': None, 'city': 'Oconomowoc', 'zip_code': '53066', 'country': 'US', 'state': 'WI', 'display_address': ['1229 Corporate Center Dr', 'Oconomowoc, WI 53066']}",Chili's,+12625674233,$,2.5,17,[],https://www.yelp.com/biz/chilis-oconomowoc-2?adjust_creative=GVWAITeAe13hPk5JlriDSg&utm_campaign=yelp_api_v3&utm_medium=api_v3_business_search&utm_source=GVWAITeAe13hPk5JlriDSg
dairy-queen-delafield,"[{'alias': 'hotdogs', 'title': 'Fast Food'}, {'alias': 'icecream', 'title': 'Ice Cream & Frozen Yogurt'}]","{'latitude': 43.0485570672347, 'longitude': -88.3732299618843}",(262) 646-3400,4863.445316699621,PiIr6J35SCgoBL7YIrTfpg,https://s3-media2.fl.yelpcdn.com/bphoto/9k7SFn2QgYD14ij469IHTA/o.jpg,False,"{'address1': '2720 Heritage Dr', 'address2': '', 'address3': '', 'city': 'Delafield', 'zip_code': '53018', 'country': 'US', 'state': 'WI', 'display_address': ['2720 Heritage Dr', 'Delafield, WI 53018']}",Dairy Queen,+12626463400,$,2.5,7,[],https://www.yelp.com/biz/dairy-queen-delafield?adjust_creative=GVWAITeAe13hPk5JlriDSg&utm_campaign=yelp_api_v3&utm_medium=api_v3_business_search&utm_source=GVWAITeAe13hPk5JlriDSg
daybreak-prime-meats-and-deli-delafield,"[{'alias': 'butcher', 'title': 'Butcher'}, {'alias': 'delis', 'title': 'Delis'}]","{'latitude': 43.06059, 'longitude': -88.4037}",(262) 646-1974,6781.191605948569,4SIGqEvDSMJMGjEOFKA65w,https://s3-media1.fl.yelpcdn.com/bphoto/SAS4gkMO5NvrCsnBx4hvhA/o.jpg,False,"{'address1': '622 Genesee St', 'address2': None, 'address3': '', 'city': 'Delafield', 'zip_code': '53018', 'country': 'US', 'state': 'WI', 'display_address': ['622 Genesee St', 'Delafield, WI 53018']}",Daybreak Prime Meats and Deli,+12626461974,,5.0,2,[],https://www.yelp.com/biz/daybreak-prime-meats-and-deli-delafield?adjust_creative=GVWAITeAe13hPk5JlriDSg&utm_campaign=yelp_api_v3&utm_medium=api_v3_business_search&utm_source=GVWAITeAe13hPk5JlriDSg
broadlands-golf-club-north-prairie,"[{'alias': 'venues', 'title': 'Venues & Event Spaces'}, {'alias': 'golf', 'title': 'Golf'}]","{'latitude': 42.934254, 'longitude': -88.418484}",(262) 392-6320,8792.525210896583,4Nt0kgtdOYBlVmVTg8nLgg,https://s3-media1.fl.yelpcdn.com/bphoto/OlQ05SQagRFjm63eNBIsRA/o.jpg,False,"{'address1': '18 Augusta Way', 'address2': '', 'address3': '', 'city': 'North Prairie', 'zip_code': '53153', 'country': 'US', 'state': 'WI', 'display_address': ['18 Augusta Way', 'North Prairie, WI 53153']}",Broadlands Golf Club,+12623926320,,4.0,4,[],https://www.yelp.com/biz/broadlands-golf-club-north-prairie?adjust_creative=GVWAITeAe13hPk5JlriDSg&utm_campaign=yelp_api_v3&utm_medium=api_v3_business_search&utm_source=GVWAITeAe13hPk5JlriDSg
cushing-memorial-park-delafield,"[{'alias': 'hiking', 'title': 'Hiking'}, {'alias': 'fishing', 'title': 'Fishing'}]","{'latitude': 43.060931, 'longitude': -88.4140551}",,7044.792430599922,ixbchwwARjW-HR0R3geSsA,https://s3-media4.fl.yelpcdn.com/bphoto/0wukVXEVGVwd5tBgRsaJeQ/o.jpg,False,"{'address1': '600 N Cushing Park Rd', 'address2': '', 'address3': None, 'city': 'Delafield', 'zip_code': '53018', 'country': 'US', 'state': 'WI', 'display_address': ['600 N Cushing Park Rd', 'Delafield, WI 53018']}",Cushing Memorial Park,,,4.5,2,[],https://www.yelp.com/biz/cushing-memorial-park-delafield?adjust_creative=GVWAITeAe13hPk5JlriDSg&utm_campaign=yelp_api_v3&utm_medium=api_v3_business_search&utm_source=GVWAITeAe13hPk5JlriDSg
mcdonalds-delafield,"[{'alias': 'burgers', 'title': 'Burgers'}, {'alias': 'hotdogs', 'title': 'Fast Food'}, {'alias': 'coffee', 'title': 'Coffee & Tea'}]","{'latitude': 43.0532647, 'longitude': -88.3748597}",(262) 646-8929,5394.4508109690205,I_wkeBAmIEEj1AZMVbRwbw,https://s3-media1.fl.yelpcdn.com/bphoto/6ulbSLw2jPcuuH_IJUSusA/o.jpg,False,"{'address1': '211 Hwy 83', 'address2': '', 'address3': '', 'city': 'Delafield', 'zip_code': '53018', 'country': 'US', 'state': 'WI', 'display_address': ['211 Hwy 83', 'Delafield, WI 53018']}",McDonald's,+12626468929,$,2.0,17,[],https://www.yelp.com/biz/mcdonalds-delafield?adjust_creative=GVWAITeAe13hPk5JlriDSg&utm_campaign=yelp_api_v3&utm_medium=api_v3_business_search&utm_source=GVWAITeAe13hPk5JlriDSg
rocky-rococo-delafield,"[{'alias': 'pizza', 'title': 'Pizza'}]","{'latitude': 43.0499268, 'longitude': -88.3728943}",(262) 646-7625,4911.196497791634,DVg5ymWygFaO1U2cVkdNbg,https://s3-media1.fl.yelpcdn.com/bphoto/ylUZ1LaebNA4J05gDxhJtQ/o.jpg,False,"{'address1': '2798 Heritage Dr', 'address2': '', 'address3': '', 'city': 'Delafield', 'zip_code': '53018', 'country': 'US', 'state': 'WI', 'display_address': ['2798 Heritage Dr', 'Delafield, WI 53018']}",Rocky Rococo,+12626467625,$,3.0,5,[],https://www.yelp.com/biz/rocky-rococo-delafield?adjust_creative=GVWAITeAe13hPk5JlriDSg&utm_campaign=yelp_api_v3&utm_medium=api_v3_business_search&utm_source=GVWAITeAe13hPk5JlriDSg
western-lakes-golf-club-pewaukee,"[{'alias': 'venues', 'title': 'Venues & Event Spaces'}, {'alias': 'golf', 'title': 'Golf'}, {'alias': 'golflessons', 'title': 'Golf Lessons'}]","{'latitude': 43.0566641607119, 'longitude': -88.3205439775238}",(262) 691-0900,7017.409604538095,MNOlZsEwYfJP_a7EIeM6MQ,https://s3-media1.fl.yelpcdn.com/bphoto/SIcEyHo7jfDdJ3b2YEqb0w/o.jpg,False,"{'address1': 'W287 N1963 Oakton Rd', 'address2': '', 'address3': '', 'city': 'Pewaukee', 'zip_code': '53072', 'country': 'US', 'state': 'WI', 'display_address': ['W287 N1963 Oakton Rd', 'Pewaukee, WI 53072']}",Western Lakes Golf Club,+12626910900,,3.0,6,[],https://www.yelp.com/biz/western-lakes-golf-club-pewaukee?adjust_creative=GVWAITeAe13hPk5JlriDSg&utm_campaign=yelp_api_v3&utm_medium=api_v3_business_search&utm_source=GVWAITeAe13hPk5JlriDSg
fox-river-park-waukesha,"[{'alias': 'parks', 'title': 'Parks'}]","{'latitude': 42.9636850208044, 'longitude': -88.2775021344423}",,9735.744567100091,2YJ6jsMDU8w3YsVV2XJFgA,https://s3-media4.fl.yelpcdn.com/bphoto/Zr0vSbq_PgQGbIR9G_a1ow/o.jpg,False,"{'address1': 'W264S4500 River Rd', 'address2': '', 'address3': '', 'city': 'Waukesha', 'zip_code': '53189', 'country': 'US', 'state': 'WI', 'display_address': ['W264S4500 River Rd', 'Waukesha, WI 53189']}",Fox River Park,,,4.5,3,[],https://www.yelp.com/biz/fox-river-park-waukesha?adjust_creative=GVWAITeAe13hPk5JlriDSg&utm_campaign=yelp_api_v3&utm_medium=api_v3_business_search&utm_source=GVWAITeAe13hPk5JlriDSg
old-world-wisconsin-eagle,"[{'alias': 'museums', 'title': 'Museums'}, {'alias': 'tours', 'title': 'Tours'}, {'alias': 'daycamps', 'title': 'Day Camps'}]","{'latitude': 42.89478, 'longitude': -88.47405}",(262) 594-6301,17729.37713882994,GjgU5DFC76tA9yZ7sCsHJw,https://s3-media1.fl.yelpcdn.com/bphoto/6ep8f-2aqr-sqQOleFzylQ/o.jpg,False,"{'address1': 'W372 S9727 Hwy 67', 'address2': '', 'address3': '', 'city': 'Eagle', 'zip_code': '53119', 'country': 'US', 'state': 'WI', 'display_address': ['W372 S9727 Hwy 67', 'Eagle, WI 53119']}",Old World Wisconsin,+12625946301,,4.5,24,[],https://www.yelp.com/biz/old-world-wisconsin-eagle?adjust_creative=GVWAITeAe13hPk5JlriDSg&utm_campaign=yelp_api_v3&utm_medium=api_v3_business_search&utm_source=GVWAITeAe13hPk5JlriDSg
sunset-grill-pewaukee-pewaukee,"[{'alias': 'pizza', 'title': 'Pizza'}, {'alias': 'tradamerican', 'title': 'American (Traditional)'}]","{'latitude': 43.061174, 'longitude': -88.303384}",(262) 696-4578,8270.738639140083,nPwlVCIXzP7Hamh0QMYwSA,https://s3-media2.fl.yelpcdn.com/bphoto/6oB1BL__f9jhMTB5r56gVA/o.jpg,False,"{'address1': 'W278 N2315 Prospect Ave', 'address2': 'Ste 200', 'address3': None, 'city': 'Pewaukee', 'zip_code': '53072', 'country': 'US', 'state': 'WI', 'display_address': ['W278 N2315 Prospect Ave', 'Ste 200', 'Pewaukee, WI 53072']}",Sunset Grill Pewaukee,+12626964578,,4.0,4,[],https://www.yelp.com/biz/sunset-grill-pewaukee-pewaukee?adjust_creative=GVWAITeAe13hPk5JlriDSg&utm_campaign=yelp_api_v3&utm_medium=api_v3_business_search&utm_source=GVWAITeAe13hPk5JlriDSg
burger-king-delafield,"[{'alias': 'hotdogs', 'title': 'Fast Food'}]","{'latitude': 43.0505447387695, 'longitude': -88.3727645874023}",(262) 646-4252,5087.0221280870755,6xmcyRxCRNlpN6QaLEr93g,https://s3-media1.fl.yelpcdn.com/bphoto/rGni8RPNBf0b30kWDvAZYg/o.jpg,False,"{'address1': '2725 Heritage Dr', 'address2': '', 'address3': '', 'city': 'Delafield', 'zip_code': '53018', 'country': 'US', 'state': 'WI', 'display_address': ['2725 Heritage Dr', 'Delafield, WI 53018']}",Burger King,+12626464252,$,1.5,17,[],https://www.yelp.com/biz/burger-king-delafield?adjust_creative=GVWAITeAe13hPk5JlriDSg&utm_campaign=yelp_api_v3&utm_medium=api_v3_business_search&utm_source=GVWAITeAe13hPk5JlriDSg
mcdonalds-waukesha-6,"[{'alias': 'hotdogs', 'title': 'Fast Food'}, {'alias': 'burgers', 'title': 'Burgers'}, {'alias': 'coffee', 'title': 'Coffee & Tea'}]","{'latitude': 43.0227627863207, 'longitude': -88.2851752638816}",(262) 524-0125,7169.829335748689,QQ8rRr4an47OY9TyJaaJsA,https://s3-media1.fl.yelpcdn.com/bphoto/Sfuiagvbj4kvDXrPSQgegA/o.jpg,False,"{'address1': '801 Meadowbrook Rd', 'address2': '', 'address3': '', 'city': 'Waukesha', 'zip_code': '53188', 'country': 'US', 'state': 'WI', 'display_address': ['801 Meadowbrook Rd', 'Waukesha, WI 53188']}",McDonald's,+12625240125,$,2.0,11,[],https://www.yelp.com/biz/mcdonalds-waukesha-6?adjust_creative=GVWAITeAe13hPk5JlriDSg&utm_campaign=yelp_api_v3&utm_medium=api_v3_business_search&utm_source=GVWAITeAe13hPk5JlriDSg
coppers-pub-and-grill-pewaukee-2,"[{'alias': 'tradamerican', 'title': 'American (Traditional)'}, {'alias': 'pubs', 'title': 'Pubs'}]","{'latitude': 43.0497093, 'longitude': -88.279541}",(262) 547-0201,9011.341394666137,ujbWrPs3My05Hm3MWe9gAA,https://s3-media3.fl.yelpcdn.com/bphoto/xi35hShnkSr9DRPk-oImHg/o.jpg,False,"{'address1': '2810 Golf Rd', 'address2': '', 'address3': '', 'city': 'Pewaukee', 'zip_code': '53072', 'country': 'US', 'state': 'WI', 'display_address': ['2810 Golf Rd', 'Pewaukee, WI 53072']}",Coppers Pub & Grill,+12625470201,$$,3.0,7,[],https://www.yelp.com/biz/coppers-pub-and-grill-pewaukee-2?adjust_creative=GVWAITeAe13hPk5JlriDSg&utm_campaign=yelp_api_v3&utm_medium=api_v3_business_search&utm_source=GVWAITeAe13hPk5JlriDSg
lucys-café-north-prairie-2,"[{'alias': 'cafes', 'title': 'Cafes'}, {'alias': 'breakfast_brunch', 'title': 'Breakfast & Brunch'}]","{'latitude': 42.9348658480079, 'longitude': -88.404860123992}",(262) 392-4084,8289.16376159883,Cmc-r22rZCtjltAlJI66Lg,https://s3-media4.fl.yelpcdn.com/bphoto/dH7kzdquDursQ-uTso8Osw/o.jpg,False,"{'address1': '132 N Main St', 'address2': '', 'address3': None, 'city': 'North Prairie', 'zip_code': '53153', 'country': 'US', 'state': 'WI', 'display_address': ['132 N Main St', 'North Prairie, WI 53153']}",Lucy's Café,+12623924084,$,4.0,5,[],https://www.yelp.com/biz/lucys-caf%C3%A9-north-prairie-2?adjust_creative=GVWAITeAe13hPk5JlriDSg&utm_campaign=yelp_api_v3&utm_medium=api_v3_business_search&utm_source=GVWAITeAe13hPk5JlriDSg
jimmy-johns-delafield,"[{'alias': 'sandwiches', 'title': 'Sandwiches'}, {'alias': 'delis', 'title': 'Delis'}, {'alias': 'hotdogs', 'title': 'Fast Food'}]","{'latitude': 43.0472387, 'longitude': -88.3724619}",(262) 646-1222,4667.734941274956,S-ouwmTSWFhTZh90QAojgg,https://s3-media2.fl.yelpcdn.com/bphoto/Dgg5zOfQpCdGvAVfGdLXNg/o.jpg,False,"{'address1': '2738 Hillside Dr', 'address2': '', 'address3': '', 'city': 'Delafield', 'zip_code': '53018', 'country': 'US', 'state': 'WI', 'display_address': ['2738 Hillside Dr', 'Delafield, WI 53018']}",Jimmy John's,+12626461222,,2.0,9,[],https://www.yelp.com/biz/jimmy-johns-delafield?adjust_creative=GVWAITeAe13hPk5JlriDSg&utm_campaign=yelp_api_v3&utm_medium=api_v3_business_search&utm_source=GVWAITeAe13hPk5JlriDSg
qdoba-mexican-eats-oconomowoc,"[{'alias': 'mexican', 'title': 'Mexican'}, {'alias': 'hotdogs', 'title': 'Fast Food'}]","{'latitude': 43.0772124, 'longitude': -88.4700536}",(262) 567-3699,11442.094335533557,s3dolc15_51bvzDhlwMryw,https://s3-media3.fl.yelpcdn.com/bphoto/fxkQqKyhlbfuS5dL96o0hQ/o.jpg,False,"{'address1': '1680 Old School House Rd', 'address2': '', 'address3': '', 'city': 'Oconomowoc', 'zip_code': '53066', 'country': 'US', 'state': 'WI', 'display_address': ['1680 Old School House Rd', 'Oconomowoc, WI 53066']}",QDOBA Mexican Eats,+12625673699,,2.5,10,[],https://www.yelp.com/biz/qdoba-mexican-eats-oconomowoc?adjust_creative=GVWAITeAe13hPk5JlriDSg&utm_campaign=yelp_api_v3&utm_medium=api_v3_business_search&utm_source=GVWAITeAe13hPk5JlriDSg
delafield-riverwalk-delafield,"[{'alias': 'landmarks', 'title': 'Landmarks & Historical Buildings'}]","{'latitude': 43.0424728393555, 'longitude': -88.3890838623047}",(414) 286-5800,6801.605017501423,PDBibAKMda3RNb5sQu5P2g,https://s3-media3.fl.yelpcdn.com/bphoto/95wo_Nc5Ik9ls4scnie8Kg/o.jpg,False,"{'address1': '740 N Plankinton Ave', 'address2': '', 'address3': '', 'city': 'Delafield', 'zip_code': '53018', 'country': 'US', 'state': 'WI', 'display_address': ['740 N Plankinton Ave', 'Delafield, WI 53018']}",Delafield Riverwalk,+14142865800,,5.0,1,[],https://www.yelp.com/biz/delafield-riverwalk-delafield?adjust_creative=GVWAITeAe13hPk5JlriDSg&utm_campaign=yelp_api_v3&utm_medium=api_v3_business_search&utm_source=GVWAITeAe13hPk5JlriDSg
wholly-cow-frozen-custard-delafield,"[{'alias': 'icecream', 'title': 'Ice Cream & Frozen Yogurt'}]","{'latitude': 43.061133, 'longitude': -88.402704}",(262) 646-2555,6798.806641852758,hpERSw5pEe2PAaOg0Mmuiw,https://s3-media1.fl.yelpcdn.com/bphoto/r4B1RxK6Ynu2P8TQDm1ttw/o.jpg,False,"{'address1': '637 Main St', 'address2': '', 'address3': '', 'city': 'Delafield', 'zip_code': '53018', 'country': 'US', 'state': 'WI', 'display_address': ['637 Main St', 'Delafield, WI 53018']}",Wholly Cow Frozen Custard,+12626462555,$,4.0,10,[],https://www.yelp.com/biz/wholly-cow-frozen-custard-delafield?adjust_creative=GVWAITeAe13hPk5JlriDSg&utm_campaign=yelp_api_v3&utm_medium=api_v3_business_search&utm_source=GVWAITeAe13hPk5JlriDSg
subway-waukesha-2,"[{'alias': 'sandwiches', 'title': 'Sandwiches'}, {'alias': 'hotdogs', 'title': 'Fast Food'}]","{'latitude': 43.023154, 'longitude': -88.284078}",(262) 547-0783,7267.603481638598,kmUiwNSHXRnZUcXJ40ainA,,False,"{'address1': '821 Meadowbrook Rd', 'address2': 'Ste 10', 'address3': '', 'city': 'Waukesha', 'zip_code': '53188', 'country': 'US', 'state': 'WI', 'display_address': ['821 Meadowbrook Rd', 'Ste 10', 'Waukesha, WI 53188']}",Subway,+12625470783,,5.0,1,[],https://www.yelp.com/biz/subway-waukesha-2?adjust_creative=GVWAITeAe13hPk5JlriDSg&utm_campaign=yelp_api_v3&utm_medium=api_v3_business_search&utm_source=GVWAITeAe13hPk5JlriDSg
subway-wales,"[{'alias': 'sandwiches', 'title': 'Sandwiches'}, {'alias': 'hotdogs', 'title': 'Fast Food'}]","{'latitude': 43.0082444, 'longitude': -88.3843692}",(262) 968-4880,1262.9660288320968,CD1QbRyhFQ1B4MNHClFKMA,https://s3-media1.fl.yelpcdn.com/bphoto/D51bI6oyzaxTMY0UuRz-Lw/o.jpg,False,"{'address1': '323 N Wales Rd', 'address2': '', 'address3': '', 'city': 'Wales', 'zip_code': '53183', 'country': 'US', 'state': 'WI', 'display_address': ['323 N Wales Rd', 'Wales, WI 53183']}",Subway,+12629684880,,1.0,1,[],https://www.yelp.com/biz/subway-wales?adjust_creative=GVWAITeAe13hPk5JlriDSg&utm_campaign=yelp_api_v3&utm_medium=api_v3_business_search&utm_source=GVWAITeAe13hPk5JlriDSg
sendiks-food-markets-waukesha,"[{'alias': 'grocery', 'title': 'Grocery'}, {'alias': 'gourmet', 'title': 'Specialty Food'}, {'alias': 'delis', 'title': 'Delis'}]","{'latitude': 43.02166, 'longitude': -88.28425}",(262) 875-4707,7246.217911143266,Xy2qbQv8gEf8FtxQ2DI6gA,https://s3-media2.fl.yelpcdn.com/bphoto/BUTxWNtIR0vwvr8JrWIvww/o.jpg,False,"{'address1': '701 Meadowbrook Rd', 'address2': '', 'address3': None, 'city': 'Waukesha', 'zip_code': '53188', 'country': 'US', 'state': 'WI', 'display_address': ['701 Meadowbrook Rd', 'Waukesha, WI 53188']}",Sendik's Food Markets,+12628754707,,3.0,3,[],https://www.yelp.com/biz/sendiks-food-markets-waukesha?adjust_creative=GVWAITeAe13hPk5JlriDSg&utm_campaign=yelp_api_v3&utm_medium=api_v3_business_search&utm_source=GVWAITeAe13hPk5JlriDSg
cousins-subs-oconomowoc-2,"[{'alias': 'sandwiches', 'title': 'Sandwiches'}, {'alias': 'delis', 'title': 'Delis'}]","{'latitude': 43.0747062550114, 'longitude': -88.4697864126401}",(262) 200-2255,11232.39131156706,HMJZ2z-Y2hMrQ0XNApKfEQ,https://s3-media2.fl.yelpcdn.com/bphoto/A4x16V69WkG3Sa3YFi_Txw/o.jpg,False,"{'address1': '1380 Pabst Farms Cir Ste 410', 'address2': '', 'address3': None, 'city': 'Oconomowoc', 'zip_code': '53066', 'country': 'US', 'state': 'WI', 'display_address': ['1380 Pabst Farms Cir Ste 410', 'Oconomowoc, WI 53066']}",Cousins Subs,+12622002255,$,3.0,5,[],https://www.yelp.com/biz/cousins-subs-oconomowoc-2?adjust_creative=GVWAITeAe13hPk5JlriDSg&utm_campaign=yelp_api_v3&utm_medium=api_v3_business_search&utm_source=GVWAITeAe13hPk5JlriDSg
pizza-hut-delafield,"[{'alias': 'italian', 'title': 'Italian'}, {'alias': 'pizza', 'title': 'Pizza'}, {'alias': 'chicken_wings', 'title': 'Chicken Wings'}]","{'latitude': 43.0472609, 'longitude': -88.3729246}",(262) 646-2375,4675.115557797019,hS8O3EM1XdMorPSZ0C8Xnw,https://s3-media3.fl.yelpcdn.com/bphoto/Sbh8IZZLKakxrx-HzYqLOQ/o.jpg,False,"{'address1': '2730 Hillside Dr', 'address2': None, 'address3': None, 'city': 'Delafield', 'zip_code': '53018', 'country': 'US', 'state': 'WI', 'display_address': ['2730 Hillside Dr', 'Delafield, WI 53018']}",Pizza Hut,+12626462375,$,2.5,3,"['pickup', 'delivery']",https://www.yelp.com/biz/pizza-hut-delafield?adjust_creative=GVWAITeAe13hPk5JlriDSg&utm_campaign=yelp_api_v3&utm_medium=api_v3_business_search&utm_source=GVWAITeAe13hPk5JlriDSg
kims-lakeside-pewaukee,"[{'alias': 'pizza', 'title': 'Pizza'}, {'alias': 'sandwiches', 'title': 'Sandwiches'}, {'alias': 'beerbar', 'title': 'Beer Bar'}]","{'latitude': 43.0661302919605, 'longitude': -88.350739744287}",(262) 369-3866,6985.82276402434,2ThTQLywDzNVlVv63FTSDQ,https://s3-media2.fl.yelpcdn.com/bphoto/S5I9oPrcLdGh8SxyBAGNIA/o.jpg,False,"{'address1': '303 Maple Ave', 'address2': '', 'address3': None, 'city': 'Pewaukee', 'zip_code': '53072', 'country': 'US', 'state': 'WI', 'display_address': ['303 Maple Ave', 'Pewaukee, WI 53072']}",Kim's Lakeside,+12623693866,$,4.0,1,[],https://www.yelp.com/biz/kims-lakeside-pewaukee?adjust_creative=GVWAITeAe13hPk5JlriDSg&utm_campaign=yelp_api_v3&utm_medium=api_v3_business_search&utm_source=GVWAITeAe13hPk5JlriDSg
naga-waukee-golf-course-pewaukee,"[{'alias': 'golf', 'title': 'Golf'}, {'alias': 'golflessons', 'title': 'Golf Lessons'}]","{'latitude': 43.06806, 'longitude': -88.34886}",(262) 367-2153,7841.23937923738,vktHQ0TvhwRdYa2n5_No8A,https://s3-media2.fl.yelpcdn.com/bphoto/_nGabo5IIhJU2DKyyDxOOw/o.jpg,False,"{'address1': 'W307 N1897 Maple Ave', 'address2': '', 'address3': '', 'city': 'Pewaukee', 'zip_code': '53072', 'country': 'US', 'state': 'WI', 'display_address': ['W307 N1897 Maple Ave', 'Pewaukee, WI 53072']}",Naga-Waukee Golf Course,+12623672153,,2.0,3,[],https://www.yelp.com/biz/naga-waukee-golf-course-pewaukee?adjust_creative=GVWAITeAe13hPk5JlriDSg&utm_campaign=yelp_api_v3&utm_medium=api_v3_business_search&utm_source=GVWAITeAe13hPk5JlriDSg
wildflowers-restaurant-pewaukee,"[{'alias': 'newamerican', 'title': 'American (New)'}]","{'latitude': 43.04971, 'longitude': -88.27954}",(262) 547-0201,9011.341394666137,D5TsceAT6IkFC5BtUvcV_g,https://s3-media3.fl.yelpcdn.com/bphoto/2WfHjKU_qnchZ1emPHHIDA/o.jpg,False,"{'address1': '2810 Golf Rd', 'address2': '', 'address3': '', 'city': 'Pewaukee', 'zip_code': '53186', 'country': 'US', 'state': 'WI', 'display_address': ['2810 Golf Rd', 'Pewaukee, WI 53186']}",Wildflowers Restaurant,+12625470201,$$,2.0,3,[],https://www.yelp.com/biz/wildflowers-restaurant-pewaukee?adjust_creative=GVWAITeAe13hPk5JlriDSg&utm_campaign=yelp_api_v3&utm_medium=api_v3_business_search&utm_source=GVWAITeAe13hPk5JlriDSg
bills-self-service-and-mini-mart-north-prairie,"[{'alias': 'servicestations', 'title': 'Gas Stations'}, {'alias': 'convenience', 'title': 'Convenience Stores'}, {'alias': 'delis', 'title': 'Delis'}]","{'latitude': 42.93275, 'longitude': -88.40509}",(262) 392-2105,8553.002750609206,T4eAhNBbpQLKzArxuNG6sw,,False,"{'address1': '102 E State Rd', 'address2': '', 'address3': '', 'city': 'North Prairie', 'zip_code': '53153', 'country': 'US', 'state': 'WI', 'display_address': ['102 E State Rd', 'North Prairie, WI 53153']}",Bill's Self Service & Mini Mart,+12623922105,,2.0,3,[],https://www.yelp.com/biz/bills-self-service-and-mini-mart-north-prairie?adjust_creative=GVWAITeAe13hPk5JlriDSg&utm_campaign=yelp_api_v3&utm_medium=api_v3_business_search&utm_source=GVWAITeAe13hPk5JlriDSg
extra-special-touch-bakery-waukesha,"[{'alias': 'cupcakes', 'title': 'Cupcakes'}, {'alias': 'bakeries', 'title': 'Bakeries'}]","{'latitude': 42.990396, 'longitude': -88.292263}",(262) 542-5801,6516.530600363117,2K3S-lXEolG7wxPieFu4Sw,https://s3-media4.fl.yelpcdn.com/bphoto/AUNCqcfWs_y4uYIL4Eqwzw/o.jpg,False,"{'address1': 'S 29 W 27308 Green Ln', 'address2': None, 'address3': '', 'city': 'Waukesha', 'zip_code': '53188', 'country': 'US', 'state': 'WI', 'display_address': ['S 29 W 27308 Green Ln', 'Waukesha, WI 53188']}",Extra Special Touch Bakery,+12625425801,$$,5.0,1,[],https://www.yelp.com/biz/extra-special-touch-bakery-waukesha?adjust_creative=GVWAITeAe13hPk5JlriDSg&utm_campaign=yelp_api_v3&utm_medium=api_v3_business_search&utm_source=GVWAITeAe13hPk5JlriDSg
summit-café-at-aurora-medical-center-summit-oconomowoc,"[{'alias': 'cafes', 'title': 'Cafes'}]","{'latitude': 43.066006, 'longitude': -88.467461}",(262) 434-2245,10442.730919282842,9c89hv6NeQGta76qYN7leg,https://s3-media2.fl.yelpcdn.com/bphoto/MyjVRDs7wjOOzkSOShay1w/o.jpg,False,"{'address1': '36500 Aurora Dr', 'address2': None, 'address3': '', 'city': 'Oconomowoc', 'zip_code': '53066', 'country': 'US', 'state': 'WI', 'display_address': ['36500 Aurora Dr', 'Oconomowoc, WI 53066']}",Summit Café at Aurora Medical Center- Summit,+12624342245,$,4.0,2,[],https://www.yelp.com/biz/summit-caf%C3%A9-at-aurora-medical-center-summit-oconomowoc?adjust_creative=GVWAITeAe13hPk5JlriDSg&utm_campaign=yelp_api_v3&utm_medium=api_v3_business_search&utm_source=GVWAITeAe13hPk5JlriDSg
subway-delafield,"[{'alias': 'sandwiches', 'title': 'Sandwiches'}, {'alias': 'hotdogs', 'title': 'Fast Food'}]","{'latitude': 43.0499115, 'longitude': -88.3729019}",(262) 646-4766,4906.424813190767,xaCh6kJsbwChpZzALbK6aA,,False,"{'address1': '2794 Heritage Dr', 'address2': '', 'address3': '', 'city': 'Delafield', 'zip_code': '53018', 'country': 'US', 'state': 'WI', 'display_address': ['2794 Heritage Dr', 'Delafield, WI 53018']}",Subway,+12626464766,$,1.5,2,[],https://www.yelp.com/biz/subway-delafield?adjust_creative=GVWAITeAe13hPk5JlriDSg&utm_campaign=yelp_api_v3&utm_medium=api_v3_business_search&utm_source=GVWAITeAe13hPk5JlriDSg
pewaukee-golf-club-pewaukee-2,"[{'alias': 'golf', 'title': 'Golf'}]","{'latitude': 43.053585, 'longitude': -88.270935}",(262) 544-8585,9697.279671898432,6Ia7_V7cQljVqDcXGfYaKA,https://s3-media4.fl.yelpcdn.com/bphoto/GDdsvTu1xzon9REkNPJLcg/o.jpg,False,"{'address1': 'N12W26506 Golf Rd', 'address2': '', 'address3': '', 'city': 'Pewaukee', 'zip_code': '53072', 'country': 'US', 'state': 'WI', 'display_address': ['N12W26506 Golf Rd', 'Pewaukee, WI 53072']}",Pewaukee Golf Club,+12625448585,,3.0,1,[],https://www.yelp.com/biz/pewaukee-golf-club-pewaukee-2?adjust_creative=GVWAITeAe13hPk5JlriDSg&utm_campaign=yelp_api_v3&utm_medium=api_v3_business_search&utm_source=GVWAITeAe13hPk5JlriDSg
