alias,categories,coordinates,display_phone,distance,id,image_url,is_closed,location,name,phone,price,rating,review_count,transactions,url
kettle-moraine-state-forest-eagle,"[{'alias': 'parks', 'title': 'Parks'}]","{'latitude': 42.877797, 'longitude': -88.524862}",(262) 594-6200,2494.528044557913,eUL1Ns9mMks2aATJxahOEA,https://s3-media2.fl.yelpcdn.com/bphoto/oRauPHUphvf1rugNzT94QQ/o.jpg,False,"{'address1': 'W39091 State Rd 59', 'address2': '', 'address3': '', 'city': 'Eagle', 'zip_code': '53119', 'country': 'US', 'state': 'WI', 'display_address': ['W39091 State Rd 59', 'Eagle, WI 53119']}",Kettle Moraine State Forest,+12625946200,,4.0,36,[],https://www.yelp.com/biz/kettle-moraine-state-forest-eagle?adjust_creative=GVWAITeAe13hPk5JlriDSg&utm_campaign=yelp_api_v3&utm_medium=api_v3_business_search&utm_source=GVWAITeAe13hPk5JlriDSg
fork-in-the-road-mukwonago,"[{'alias': 'tradamerican', 'title': 'American (Traditional)'}]","{'latitude': 42.864047, 'longitude': -88.333798}",(262) 363-7849,13535.949897713861,ocJNwNnSiD6Yrz2RS5ha9w,https://s3-media3.fl.yelpcdn.com/bphoto/PIuCJQk2nX5CyqBFv1bDdw/o.jpg,False,"{'address1': '215 N Rochester St', 'address2': '', 'address3': '', 'city': 'Mukwonago', 'zip_code': '53149', 'country': 'US', 'state': 'WI', 'display_address': ['215 N Rochester St', 'Mukwonago, WI 53149']}",Fork in The Road,+12623637849,$$,4.5,193,[],https://www.yelp.com/biz/fork-in-the-road-mukwonago?adjust_creative=GVWAITeAe13hPk5JlriDSg&utm_campaign=yelp_api_v3&utm_medium=api_v3_business_search&utm_source=GVWAITeAe13hPk5JlriDSg
1863-coffee-saloon-eagle,"[{'alias': 'coffee', 'title': 'Coffee & Tea'}, {'alias': 'juicebars', 'title': 'Juice Bars & Smoothies'}, {'alias': 'sandwiches', 'title': 'Sandwiches'}]","{'latitude': 42.87977, 'longitude': -88.47467}",(262) 594-7075,1983.6772484729347,44FWFEGXQZnCoC6UvcBPJw,https://s3-media3.fl.yelpcdn.com/bphoto/pFX9M5fET8DbzyiD3ntjmw/o.jpg,False,"{'address1': '201 Kettle Moraine Dr', 'address2': '', 'address3': None, 'city': 'Eagle', 'zip_code': '53119', 'country': 'US', 'state': 'WI', 'display_address': ['201 Kettle Moraine Dr', 'Eagle, WI 53119']}",1863 Coffee Saloon,+12625947075,,5.0,10,[],https://www.yelp.com/biz/1863-coffee-saloon-eagle?adjust_creative=GVWAITeAe13hPk5JlriDSg&utm_campaign=yelp_api_v3&utm_medium=api_v3_business_search&utm_source=GVWAITeAe13hPk5JlriDSg
lds-bbq-east-troy,"[{'alias': 'bbq', 'title': 'Barbeque'}]","{'latitude': 42.790477, 'longitude': -88.39051}",(414) 610-7675,13800.685620838201,1pY-w1D3OWKTfR4cdoFPYQ,https://s3-media1.fl.yelpcdn.com/bphoto/1C2bzq_vGgzHdXGQNRMP8Q/o.jpg,False,"{'address1': '2511 Main St', 'address2': '', 'address3': '', 'city': 'East Troy', 'zip_code': '53120', 'country': 'US', 'state': 'WI', 'display_address': ['2511 Main St', 'East Troy, WI 53120']}",LD's BBQ,+14146107675,$$,4.5,109,[],https://www.yelp.com/biz/lds-bbq-east-troy?adjust_creative=GVWAITeAe13hPk5JlriDSg&utm_campaign=yelp_api_v3&utm_medium=api_v3_business_search&utm_source=GVWAITeAe13hPk5JlriDSg
the-hen-house-eagle,"[{'alias': 'breakfast_brunch', 'title': 'Breakfast & Brunch'}]","{'latitude': 42.8812599182129, 'longitude': -88.4731826782227}",(262) 594-5552,2033.821969467872,xX84fH0iTgAJI2pqWdKWcQ,https://s3-media3.fl.yelpcdn.com/bphoto/1quHmFTM_f9IV-X9tzJg3w/o.jpg,False,"{'address1': '110 E Waukesha Rd', 'address2': '', 'address3': '', 'city': 'Eagle', 'zip_code': '53119', 'country': 'US', 'state': 'WI', 'display_address': ['110 E Waukesha Rd', 'Eagle, WI 53119']}",The Hen House,+12625945552,$,4.0,23,[],https://www.yelp.com/biz/the-hen-house-eagle?adjust_creative=GVWAITeAe13hPk5JlriDSg&utm_campaign=yelp_api_v3&utm_medium=api_v3_business_search&utm_source=GVWAITeAe13hPk5JlriDSg
2894-on-main-cafe-east-troy,"[{'alias': 'cafes', 'title': 'Cafes'}]","{'latitude': 42.7857692, 'longitude': -88.4057184}",(262) 642-9600,13490.371002715918,oRGQvszsWkODkgBiNiX3mg,https://s3-media2.fl.yelpcdn.com/bphoto/yd7MirjR2SafaeqtRfzCqg/o.jpg,False,"{'address1': '2894 Main St', 'address2': '', 'address3': '', 'city': 'East Troy', 'zip_code': '53120', 'country': 'US', 'state': 'WI', 'display_address': ['2894 Main St', 'East Troy, WI 53120']}",2894 On Main Cafe,+12626429600,$$,4.5,74,[],https://www.yelp.com/biz/2894-on-main-cafe-east-troy?adjust_creative=GVWAITeAe13hPk5JlriDSg&utm_campaign=yelp_api_v3&utm_medium=api_v3_business_search&utm_source=GVWAITeAe13hPk5JlriDSg
the-trout-house-at-rushing-waters-palmyra-2,"[{'alias': 'seafood', 'title': 'Seafood'}, {'alias': 'tradamerican', 'title': 'American (Traditional)'}]","{'latitude': 42.851264, 'longitude': -88.615454}",(262) 495-2089,10443.854008462959,dQPmTsM3jRlwvxljqpc3Pw,https://s3-media1.fl.yelpcdn.com/bphoto/ZLhVswP6hXZRLpaaiWq6Aw/o.jpg,False,"{'address1': 'N301 County Rd H', 'address2': '', 'address3': '', 'city': 'Palmyra', 'zip_code': '53156', 'country': 'US', 'state': 'WI', 'display_address': ['N301 County Rd H', 'Palmyra, WI 53156']}",The Trout House at Rushing Waters,+12624952089,$$,4.0,94,[],https://www.yelp.com/biz/the-trout-house-at-rushing-waters-palmyra-2?adjust_creative=GVWAITeAe13hPk5JlriDSg&utm_campaign=yelp_api_v3&utm_medium=api_v3_business_search&utm_source=GVWAITeAe13hPk5JlriDSg
the-elegant-farmer-mukwonago,"[{'alias': 'bakeries', 'title': 'Bakeries'}, {'alias': 'gardening', 'title': 'Nurseries & Gardening'}, {'alias': 'markets', 'title': 'Fruits & Veggies'}]","{'latitude': 42.841358, 'longitude': -88.344425}",(262) 363-6770,13425.397731286825,YHOTYGuKVbEf71xap7xmeQ,https://s3-media2.fl.yelpcdn.com/bphoto/lsx0k-OWnX-IsGWszkg23w/o.jpg,False,"{'address1': '1545 Main St', 'address2': '', 'address3': '', 'city': 'Mukwonago', 'zip_code': '53149', 'country': 'US', 'state': 'WI', 'display_address': ['1545 Main St', 'Mukwonago, WI 53149']}",The Elegant Farmer,+12623636770,$$,4.0,131,[],https://www.yelp.com/biz/the-elegant-farmer-mukwonago?adjust_creative=GVWAITeAe13hPk5JlriDSg&utm_campaign=yelp_api_v3&utm_medium=api_v3_business_search&utm_source=GVWAITeAe13hPk5JlriDSg
rustix-eagle,"[{'alias': 'newamerican', 'title': 'American (New)'}, {'alias': 'bars', 'title': 'Bars'}]","{'latitude': 42.87879, 'longitude': -88.47472}",(262) 594-3401,2026.138833312115,tfeIZviJ_6IvYowGfiXWaQ,https://s3-media3.fl.yelpcdn.com/bphoto/bmAzsKkiB_v6I6UReRqYcA/o.jpg,False,"{'address1': '105 W Main St', 'address2': '', 'address3': '', 'city': 'Eagle', 'zip_code': '53119', 'country': 'US', 'state': 'WI', 'display_address': ['105 W Main St', 'Eagle, WI 53119']}",Rustix,+12625943401,$$,3.5,23,[],https://www.yelp.com/biz/rustix-eagle?adjust_creative=GVWAITeAe13hPk5JlriDSg&utm_campaign=yelp_api_v3&utm_medium=api_v3_business_search&utm_source=GVWAITeAe13hPk5JlriDSg
mama-ds-coffee-wales,"[{'alias': 'cafes', 'title': 'Cafes'}, {'alias': 'sandwiches', 'title': 'Sandwiches'}, {'alias': 'coffee', 'title': 'Coffee & Tea'}]","{'latitude': 43.0049982, 'longitude': -88.3766968}",(262) 968-3500,16369.73818470241,pSea6WGoxxJCR9wvhwwtBA,https://s3-media1.fl.yelpcdn.com/bphoto/Ai9tcnP2SX2hjmh5RhsEWg/o.jpg,False,"{'address1': '104 W Main St', 'address2': '', 'address3': '', 'city': 'Wales', 'zip_code': '53183', 'country': 'US', 'state': 'WI', 'display_address': ['104 W Main St', 'Wales, WI 53183']}",Mama D's Coffee,+12629683500,$,5.0,51,[],https://www.yelp.com/biz/mama-ds-coffee-wales?adjust_creative=GVWAITeAe13hPk5JlriDSg&utm_campaign=yelp_api_v3&utm_medium=api_v3_business_search&utm_source=GVWAITeAe13hPk5JlriDSg
the-union-house-genesee-depot,"[{'alias': 'tradamerican', 'title': 'American (Traditional)'}]","{'latitude': 42.966991, 'longitude': -88.371323}",(262) 968-4281,13554.776138120515,FVIuEMX39U8vCvegUrJwSw,https://s3-media3.fl.yelpcdn.com/bphoto/RnyMC5QSN7P4H6sBXo181g/o.jpg,False,"{'address1': 'S42 W31320 Hwy 83', 'address2': '', 'address3': '', 'city': 'Genesee Depot', 'zip_code': '53127', 'country': 'US', 'state': 'WI', 'display_address': ['S42 W31320 Hwy 83', 'Genesee Depot, WI 53127']}",The Union House,+12629684281,$$$,4.5,38,[],https://www.yelp.com/biz/the-union-house-genesee-depot?adjust_creative=GVWAITeAe13hPk5JlriDSg&utm_campaign=yelp_api_v3&utm_medium=api_v3_business_search&utm_source=GVWAITeAe13hPk5JlriDSg
knucklehead-pub-eagle,"[{'alias': 'bars', 'title': 'Bars'}]","{'latitude': 42.87873, 'longitude': -88.474975}",(262) 594-3220,2012.1698845452097,pTo3D0KBZEE6G9hdaN3cJg,https://s3-media3.fl.yelpcdn.com/bphoto/M34uheHtu5AmVJ6Jkp2-QA/o.jpg,False,"{'address1': '100 South Rd', 'address2': None, 'address3': None, 'city': 'Eagle', 'zip_code': '53119', 'country': 'US', 'state': 'WI', 'display_address': ['100 South Rd', 'Eagle, WI 53119']}",Knucklehead Pub,+12625943220,$,4.0,18,[],https://www.yelp.com/biz/knucklehead-pub-eagle?adjust_creative=GVWAITeAe13hPk5JlriDSg&utm_campaign=yelp_api_v3&utm_medium=api_v3_business_search&utm_source=GVWAITeAe13hPk5JlriDSg
nite-cap-inn-palmyra,"[{'alias': 'tradamerican', 'title': 'American (Traditional)'}, {'alias': 'german', 'title': 'German'}]","{'latitude': 42.87594, 'longitude': -88.58512}",(262) 495-5555,7266.865856651523,NoVbk2GLK5S_1pd1IWtGxQ,https://s3-media2.fl.yelpcdn.com/bphoto/9vLY54-yAraXKCD_u2XMwA/o.jpg,False,"{'address1': '227 S 3rd St', 'address2': '', 'address3': '', 'city': 'Palmyra', 'zip_code': '53156', 'country': 'US', 'state': 'WI', 'display_address': ['227 S 3rd St', 'Palmyra, WI 53156']}",Nite Cap Inn,+12624955555,$$,4.5,26,[],https://www.yelp.com/biz/nite-cap-inn-palmyra?adjust_creative=GVWAITeAe13hPk5JlriDSg&utm_campaign=yelp_api_v3&utm_medium=api_v3_business_search&utm_source=GVWAITeAe13hPk5JlriDSg
guss-drive-in-east-troy,"[{'alias': 'icecream', 'title': 'Ice Cream & Frozen Yogurt'}, {'alias': 'tradamerican', 'title': 'American (Traditional)'}]","{'latitude': 42.7836990356445, 'longitude': -88.4172058105469}",(262) 642-2929,13209.344705744374,Z3mBqjFI8hiXFZWG1rHfVw,https://s3-media4.fl.yelpcdn.com/bphoto/YrQgh3T9ZFYkgKS-SGBfmg/o.jpg,False,"{'address1': '3131 Main St', 'address2': '', 'address3': '', 'city': 'East Troy', 'zip_code': '53120', 'country': 'US', 'state': 'WI', 'display_address': ['3131 Main St', 'East Troy, WI 53120']}",Gus's Drive-In,+12626422929,$,4.5,37,[],https://www.yelp.com/biz/guss-drive-in-east-troy?adjust_creative=GVWAITeAe13hPk5JlriDSg&utm_campaign=yelp_api_v3&utm_medium=api_v3_business_search&utm_source=GVWAITeAe13hPk5JlriDSg
antigua-real-mukwonago,"[{'alias': 'latin', 'title': 'Latin American'}, {'alias': 'mexican', 'title': 'Mexican'}]","{'latitude': 42.8510816, 'longitude': -88.3295486}",(262) 363-3355,14170.069140281972,-fPi01FiWpci68ZXQeDucg,https://s3-media1.fl.yelpcdn.com/bphoto/Bf1IryJkHoAuxUw4qe6flg/o.jpg,False,"{'address1': '355 Bay View Rd', 'address2': '', 'address3': '', 'city': 'Mukwonago', 'zip_code': '53149', 'country': 'US', 'state': 'WI', 'display_address': ['355 Bay View Rd', 'Mukwonago, WI 53149']}",Antigua Real,+12623633355,$$,4.0,53,[],https://www.yelp.com/biz/antigua-real-mukwonago?adjust_creative=GVWAITeAe13hPk5JlriDSg&utm_campaign=yelp_api_v3&utm_medium=api_v3_business_search&utm_source=GVWAITeAe13hPk5JlriDSg
vittles-and-vines-waukesha,"[{'alias': 'wine_bars', 'title': 'Wine Bars'}, {'alias': 'cocktailbars', 'title': 'Cocktail Bars'}, {'alias': 'tradamerican', 'title': 'American (Traditional)'}]","{'latitude': 42.9668165577573, 'longitude': -88.3734219623591}",(262) 968-9463,13413.47012744322,MPbYBYQ5A9BuwK9LNungfQ,https://s3-media3.fl.yelpcdn.com/bphoto/x2ufHpUmm2ExgSeJ98RNLg/o.jpg,False,"{'address1': 'S42 W31428 Hwy 83', 'address2': '', 'address3': None, 'city': 'Waukesha', 'zip_code': '53127', 'country': 'US', 'state': 'WI', 'display_address': ['S42 W31428 Hwy 83', 'Waukesha, WI 53127']}",Vittles & Vines,+12629689463,$$,4.0,40,[],https://www.yelp.com/biz/vittles-and-vines-waukesha?adjust_creative=GVWAITeAe13hPk5JlriDSg&utm_campaign=yelp_api_v3&utm_medium=api_v3_business_search&utm_source=GVWAITeAe13hPk5JlriDSg
sideliners-pub-and-grill-north-prairie-2,"[{'alias': 'pizza', 'title': 'Pizza'}, {'alias': 'sportsbars', 'title': 'Sports Bars'}, {'alias': 'tradamerican', 'title': 'American (Traditional)'}]","{'latitude': 42.956419, 'longitude': -88.36357}",(262) 968-1778,13323.990247706528,W-vZtWlq3ykYhCP5crYqxQ,https://s3-media1.fl.yelpcdn.com/bphoto/26BuneqRkC59e0MMC4npDQ/o.jpg,False,"{'address1': 'W309 S4837 Commercial Dr', 'address2': None, 'address3': '', 'city': 'North Prairie', 'zip_code': '53153', 'country': 'US', 'state': 'WI', 'display_address': ['W309 S4837 Commercial Dr', 'North Prairie, WI 53153']}",Sideliners Pub and Grill,+12629681778,$$,4.5,34,[],https://www.yelp.com/biz/sideliners-pub-and-grill-north-prairie-2?adjust_creative=GVWAITeAe13hPk5JlriDSg&utm_campaign=yelp_api_v3&utm_medium=api_v3_business_search&utm_source=GVWAITeAe13hPk5JlriDSg
leducs-frozen-custard-wales-3,"[{'alias': 'icecream', 'title': 'Ice Cream & Frozen Yogurt'}, {'alias': 'burgers', 'title': 'Burgers'}, {'alias': 'sandwiches', 'title': 'Sandwiches'}]","{'latitude': 43.012869, 'longitude': -88.382606}",(262) 968-2894,16808.013672180463,k1-zdIPBlxViepsisKU7PA,https://s3-media4.fl.yelpcdn.com/bphoto/HGXmwj_4w3zGEhGumRb_UA/o.jpg,False,"{'address1': '240 W Summit Ave', 'address2': '', 'address3': '', 'city': 'Wales', 'zip_code': '53183', 'country': 'US', 'state': 'WI', 'display_address': ['240 W Summit Ave', 'Wales, WI 53183']}",Leduc's Frozen Custard,+12629682894,$,4.5,48,[],https://www.yelp.com/biz/leducs-frozen-custard-wales-3?adjust_creative=GVWAITeAe13hPk5JlriDSg&utm_campaign=yelp_api_v3&utm_medium=api_v3_business_search&utm_source=GVWAITeAe13hPk5JlriDSg
simply-d-lish-cupcakes-eagle,"[{'alias': 'cupcakes', 'title': 'Cupcakes'}, {'alias': 'bakeries', 'title': 'Bakeries'}, {'alias': 'wedding_planning', 'title': 'Wedding Planning'}]","{'latitude': 42.8584383324055, 'longitude': -88.4320847987671}",(262) 594-5962,6164.718805002196,b2CTflOsEVl4xrA6u_Ub2g,https://s3-media3.fl.yelpcdn.com/bphoto/b8J12Cyl_3n_vA-9HiSePg/o.jpg,False,"{'address1': 'S101 W34417 County Rd Lo', 'address2': '', 'address3': '', 'city': 'Eagle', 'zip_code': '53119', 'country': 'US', 'state': 'WI', 'display_address': ['S101 W34417 County Rd Lo', 'Eagle, WI 53119']}",Simply D'Lish Cupcakes,+12625945962,,5.0,6,[],https://www.yelp.com/biz/simply-d-lish-cupcakes-eagle?adjust_creative=GVWAITeAe13hPk5JlriDSg&utm_campaign=yelp_api_v3&utm_medium=api_v3_business_search&utm_source=GVWAITeAe13hPk5JlriDSg
old-world-wisconsin-eagle,"[{'alias': 'museums', 'title': 'Museums'}, {'alias': 'tours', 'title': 'Tours'}, {'alias': 'daycamps', 'title': 'Day Camps'}]","{'latitude': 42.89478, 'longitude': -88.47405}",(262) 594-6301,1713.822384428093,GjgU5DFC76tA9yZ7sCsHJw,https://s3-media1.fl.yelpcdn.com/bphoto/6ep8f-2aqr-sqQOleFzylQ/o.jpg,False,"{'address1': 'W372 S9727 Hwy 67', 'address2': '', 'address3': '', 'city': 'Eagle', 'zip_code': '53119', 'country': 'US', 'state': 'WI', 'display_address': ['W372 S9727 Hwy 67', 'Eagle, WI 53119']}",Old World Wisconsin,+12625946301,,4.5,24,[],https://www.yelp.com/biz/old-world-wisconsin-eagle?adjust_creative=GVWAITeAe13hPk5JlriDSg&utm_campaign=yelp_api_v3&utm_medium=api_v3_business_search&utm_source=GVWAITeAe13hPk5JlriDSg
holi-cannoli-elkhorn,"[{'alias': 'italian', 'title': 'Italian'}, {'alias': 'desserts', 'title': 'Desserts'}]","{'latitude': 42.74811, 'longitude': -88.55381}",(262) 742-2500,16115.222578083449,Rbft3oqGx4lUmBLKdQCmig,https://s3-media3.fl.yelpcdn.com/bphoto/JWlnPaJc7e1HQ1AdNOv9tA/o.jpg,False,"{'address1': 'N7065 Us Hwy 12', 'address2': '', 'address3': '', 'city': 'Elkhorn', 'zip_code': '53121', 'country': 'US', 'state': 'WI', 'display_address': ['N7065 Us Hwy 12', 'Elkhorn, WI 53121']}",Holi Cannoli,+12627422500,$$,4.0,88,[],https://www.yelp.com/biz/holi-cannoli-elkhorn?adjust_creative=GVWAITeAe13hPk5JlriDSg&utm_campaign=yelp_api_v3&utm_medium=api_v3_business_search&utm_source=GVWAITeAe13hPk5JlriDSg
ivans-on-the-square-east-troy,"[{'alias': 'bars', 'title': 'Bars'}, {'alias': 'tradamerican', 'title': 'American (Traditional)'}]","{'latitude': 42.78551, 'longitude': -88.40616}",(262) 642-7107,13495.775555337701,dnN1Ida1PUYnxEWPkyVehQ,https://s3-media2.fl.yelpcdn.com/bphoto/J5SxxP3_rQRs5j-BgG8m3g/o.jpg,False,"{'address1': '2087 Division St', 'address2': '', 'address3': '', 'city': 'East Troy', 'zip_code': '53120', 'country': 'US', 'state': 'WI', 'display_address': ['2087 Division St', 'East Troy, WI 53120']}",Ivan's on the Square,+12626427107,$$,4.0,49,[],https://www.yelp.com/biz/ivans-on-the-square-east-troy?adjust_creative=GVWAITeAe13hPk5JlriDSg&utm_campaign=yelp_api_v3&utm_medium=api_v3_business_search&utm_source=GVWAITeAe13hPk5JlriDSg
cornerstone-restaurant-genesee-depot-2,"[{'alias': 'newamerican', 'title': 'American (New)'}, {'alias': 'gluten_free', 'title': 'Gluten-Free'}, {'alias': 'breakfast_brunch', 'title': 'Breakfast & Brunch'}]","{'latitude': 42.966802, 'longitude': -88.372117}",(262) 968-3093,13492.245314326623,5L5mUJLGvSaE08nT3osxQg,https://s3-media1.fl.yelpcdn.com/bphoto/zW5z9NB7c_WFXvzE-j-sig/o.jpg,False,"{'address1': 'S43 W31343 Hwy 83', 'address2': '', 'address3': '', 'city': 'Genesee Depot', 'zip_code': '53127', 'country': 'US', 'state': 'WI', 'display_address': ['S43 W31343 Hwy 83', 'Genesee Depot, WI 53127']}",Cornerstone Restaurant,+12629683093,$$,4.0,32,[],https://www.yelp.com/biz/cornerstone-restaurant-genesee-depot-2?adjust_creative=GVWAITeAe13hPk5JlriDSg&utm_campaign=yelp_api_v3&utm_medium=api_v3_business_search&utm_source=GVWAITeAe13hPk5JlriDSg
mp-taqueria-eagle,"[{'alias': 'mexican', 'title': 'Mexican'}, {'alias': 'breakfast_brunch', 'title': 'Breakfast & Brunch'}]","{'latitude': 42.87865, 'longitude': -88.47553}",(262) 592-3057,1980.1911451484882,uLBKK8kctdOMWc1DinrzpA,https://s3-media3.fl.yelpcdn.com/bphoto/IYmP0KPRJRBRxf3cVd-1lQ/o.jpg,False,"{'address1': '101 S Rd', 'address2': 'Unit B', 'address3': None, 'city': 'Eagle', 'zip_code': '53119', 'country': 'US', 'state': 'WI', 'display_address': ['101 S Rd', 'Unit B', 'Eagle, WI 53119']}",MP Taqueria,+12625923057,,4.0,5,[],https://www.yelp.com/biz/mp-taqueria-eagle?adjust_creative=GVWAITeAe13hPk5JlriDSg&utm_campaign=yelp_api_v3&utm_medium=api_v3_business_search&utm_source=GVWAITeAe13hPk5JlriDSg
edge-of-town-cafe-palmyra,"[{'alias': 'tradamerican', 'title': 'American (Traditional)'}]","{'latitude': 42.879053, 'longitude': -88.597796}",(262) 495-4447,8265.275494535555,TwzlVrOwSx8_78rP3ZbqtQ,https://s3-media1.fl.yelpcdn.com/bphoto/xkfvv-EC5h7_Ic51oGciJA/o.jpg,False,"{'address1': 'W1242 Hwy 59', 'address2': '', 'address3': '', 'city': 'Palmyra', 'zip_code': '53156', 'country': 'US', 'state': 'WI', 'display_address': ['W1242 Hwy 59', 'Palmyra, WI 53156']}",Edge Of Town Cafe,+12624954447,$,4.5,8,[],https://www.yelp.com/biz/edge-of-town-cafe-palmyra?adjust_creative=GVWAITeAe13hPk5JlriDSg&utm_campaign=yelp_api_v3&utm_medium=api_v3_business_search&utm_source=GVWAITeAe13hPk5JlriDSg
sallys-sweet-shoppe-genesee-depot,"[{'alias': 'bakeries', 'title': 'Bakeries'}, {'alias': 'desserts', 'title': 'Desserts'}]","{'latitude': 42.9665070047, 'longitude': -88.3728008963591}",(262) 968-1803,13428.751885328043,vgIt0LfrJI2VzslvLxuhrA,https://s3-media1.fl.yelpcdn.com/bphoto/bqPSAWM9yAWZrDzLfH6Rcw/o.jpg,False,"{'address1': 'S42 W31370 Hwy 83', 'address2': 'Ste 3', 'address3': '', 'city': 'Genesee Depot', 'zip_code': '53127', 'country': 'US', 'state': 'WI', 'display_address': ['S42 W31370 Hwy 83', 'Ste 3', 'Genesee Depot, WI 53127']}",Sally's Sweet Shoppe,+12629681803,$$,4.5,13,[],https://www.yelp.com/biz/sallys-sweet-shoppe-genesee-depot?adjust_creative=GVWAITeAe13hPk5JlriDSg&utm_campaign=yelp_api_v3&utm_medium=api_v3_business_search&utm_source=GVWAITeAe13hPk5JlriDSg
sunny-side-up-dousman,"[{'alias': 'mexican', 'title': 'Mexican'}]","{'latitude': 43.016347, 'longitude': -88.463167}",(262) 965-5745,14644.297770552073,nwSCwsOA76UAxlKCLNU9OA,https://s3-media2.fl.yelpcdn.com/bphoto/4r5pmqEZoNKfFOMd1Ty3QQ/o.jpg,False,"{'address1': '159 State Rd 67', 'address2': 'Ste B', 'address3': None, 'city': 'Dousman', 'zip_code': '53118', 'country': 'US', 'state': 'WI', 'display_address': ['159 State Rd 67', 'Ste B', 'Dousman, WI 53118']}",Sunny Side Up,+12629655745,$,4.0,23,[],https://www.yelp.com/biz/sunny-side-up-dousman?adjust_creative=GVWAITeAe13hPk5JlriDSg&utm_campaign=yelp_api_v3&utm_medium=api_v3_business_search&utm_source=GVWAITeAe13hPk5JlriDSg
ten-chimneys-genesee-depot,"[{'alias': 'tours', 'title': 'Tours'}, {'alias': 'museums', 'title': 'Museums'}]","{'latitude': 42.96655, 'longitude': -88.3787}",(262) 968-4110,13042.321568138324,Cbi7_3VbsdebR5d6BibVTg,https://s3-media2.fl.yelpcdn.com/bphoto/Zx7oE3mvkR8M6XYZiXrpYA/o.jpg,False,"{'address1': 'S43 W31575 Depot Rd', 'address2': '', 'address3': '', 'city': 'Genesee Depot', 'zip_code': '53127', 'country': 'US', 'state': 'WI', 'display_address': ['S43 W31575 Depot Rd', 'Genesee Depot, WI 53127']}",Ten Chimneys,+12629684110,,4.5,13,[],https://www.yelp.com/biz/ten-chimneys-genesee-depot?adjust_creative=GVWAITeAe13hPk5JlriDSg&utm_campaign=yelp_api_v3&utm_medium=api_v3_business_search&utm_source=GVWAITeAe13hPk5JlriDSg
chens-kitchen-mukwonago,"[{'alias': 'chinese', 'title': 'Chinese'}]","{'latitude': 42.855302, 'longitude': -88.327071}",(262) 363-3666,14283.905315259284,nMLqqxIEpWfQyDqoVU7Zmw,https://s3-media4.fl.yelpcdn.com/bphoto/rrDyYcYD3wy3dIP1wyIIhg/o.jpg,False,"{'address1': '827 S Rochester St', 'address2': '', 'address3': '', 'city': 'Mukwonago', 'zip_code': '53149', 'country': 'US', 'state': 'WI', 'display_address': ['827 S Rochester St', 'Mukwonago, WI 53149']}",Chen's Kitchen,+12623633666,$$,4.0,23,[],https://www.yelp.com/biz/chens-kitchen-mukwonago?adjust_creative=GVWAITeAe13hPk5JlriDSg&utm_campaign=yelp_api_v3&utm_medium=api_v3_business_search&utm_source=GVWAITeAe13hPk5JlriDSg
badger-burger-company-mukwonago,"[{'alias': 'burgers', 'title': 'Burgers'}, {'alias': 'bars', 'title': 'Bars'}, {'alias': 'sandwiches', 'title': 'Sandwiches'}]","{'latitude': 42.86252, 'longitude': -88.3319}",(262) 363-0990,13729.250152787743,ikAGcHEX8y38rWgJ0vyMng,https://s3-media2.fl.yelpcdn.com/bphoto/pwFKEH6RffYr5B8UiogYFQ/o.jpg,False,"{'address1': '200 S Rochester St', 'address2': None, 'address3': None, 'city': 'Mukwonago', 'zip_code': '53149', 'country': 'US', 'state': 'WI', 'display_address': ['200 S Rochester St', 'Mukwonago, WI 53149']}",Badger Burger Company,+12623630990,$$,4.0,26,[],https://www.yelp.com/biz/badger-burger-company-mukwonago?adjust_creative=GVWAITeAe13hPk5JlriDSg&utm_campaign=yelp_api_v3&utm_medium=api_v3_business_search&utm_source=GVWAITeAe13hPk5JlriDSg
boneyard-pub-and-grille-mukwonago,"[{'alias': 'chicken_wings', 'title': 'Chicken Wings'}, {'alias': 'pubs', 'title': 'Pubs'}, {'alias': 'tradamerican', 'title': 'American (Traditional)'}]","{'latitude': 42.8521995544434, 'longitude': -88.3252029418945}",(262) 363-9464,14532.762326148459,OQSbPZGKx0tCfFG-laaouA,https://s3-media2.fl.yelpcdn.com/bphoto/p01f6SuQcSyX8S7Giv8SOw/o.jpg,False,"{'address1': '215 Bay View Rd', 'address2': '', 'address3': '', 'city': 'Mukwonago', 'zip_code': '53149', 'country': 'US', 'state': 'WI', 'display_address': ['215 Bay View Rd', 'Mukwonago, WI 53149']}",Boneyard Pub & Grille,+12623639464,$$,3.5,34,[],https://www.yelp.com/biz/boneyard-pub-and-grille-mukwonago?adjust_creative=GVWAITeAe13hPk5JlriDSg&utm_campaign=yelp_api_v3&utm_medium=api_v3_business_search&utm_source=GVWAITeAe13hPk5JlriDSg
shanahans-coffee-house-mukwonago,"[{'alias': 'coffee', 'title': 'Coffee & Tea'}, {'alias': 'breakfast_brunch', 'title': 'Breakfast & Brunch'}, {'alias': 'newamerican', 'title': 'American (New)'}]","{'latitude': 42.8526457257647, 'longitude': -88.3241429974842}",(262) 363-3992,14590.06265491869,7vVYFXMGmWNUFT1IkOihUQ,https://s3-media2.fl.yelpcdn.com/bphoto/3MQh6H2rmHyCYt2Usb34fQ/o.jpg,False,"{'address1': '920 Greenwald Ct', 'address2': 'Ste 700', 'address3': '', 'city': 'Mukwonago', 'zip_code': '53149', 'country': 'US', 'state': 'WI', 'display_address': ['920 Greenwald Ct', 'Ste 700', 'Mukwonago, WI 53149']}",Shanahan's Coffee House,+12623633992,$,4.0,18,[],https://www.yelp.com/biz/shanahans-coffee-house-mukwonago?adjust_creative=GVWAITeAe13hPk5JlriDSg&utm_campaign=yelp_api_v3&utm_medium=api_v3_business_search&utm_source=GVWAITeAe13hPk5JlriDSg
espresso-love-coffee-mukwonago,"[{'alias': 'coffee', 'title': 'Coffee & Tea'}, {'alias': 'gelato', 'title': 'Gelato'}, {'alias': 'delis', 'title': 'Delis'}]","{'latitude': 42.8631425, 'longitude': -88.332622}",(262) 363-2558,13640.418120322665,QC8YZlr9T041eC-Ac2kqcQ,https://s3-media3.fl.yelpcdn.com/bphoto/XON-iMJ4Xhgty1GPFkFSsw/o.jpg,False,"{'address1': '105 N Rochester St', 'address2': '', 'address3': '', 'city': 'Mukwonago', 'zip_code': '53149', 'country': 'US', 'state': 'WI', 'display_address': ['105 N Rochester St', 'Mukwonago, WI 53149']}",Espresso Love Coffee,+12623632558,$$,3.5,26,[],https://www.yelp.com/biz/espresso-love-coffee-mukwonago?adjust_creative=GVWAITeAe13hPk5JlriDSg&utm_campaign=yelp_api_v3&utm_medium=api_v3_business_search&utm_source=GVWAITeAe13hPk5JlriDSg
coffee-talk-bakery-waukesha,"[{'alias': 'coffee', 'title': 'Coffee & Tea'}, {'alias': 'bakeries', 'title': 'Bakeries'}, {'alias': 'soup', 'title': 'Soup'}]","{'latitude': 42.9481553537361, 'longitude': -88.3225548528872}",(262) 875-3377,15744.807592134383,HxuAZRgMqxNqR-a1DYSpjQ,https://s3-media3.fl.yelpcdn.com/bphoto/GpZhssRAv7YKEiGgYGTbcQ/o.jpg,False,"{'address1': 'S52W28809 Saylesville Rd', 'address2': '', 'address3': '', 'city': 'Waukesha', 'zip_code': '53189', 'country': 'US', 'state': 'WI', 'display_address': ['S52W28809 Saylesville Rd', 'Waukesha, WI 53189']}",Coffee Talk Bakery,+12628753377,$,4.5,12,[],https://www.yelp.com/biz/coffee-talk-bakery-waukesha?adjust_creative=GVWAITeAe13hPk5JlriDSg&utm_campaign=yelp_api_v3&utm_medium=api_v3_business_search&utm_source=GVWAITeAe13hPk5JlriDSg
zazing-primo-pizza-chicken-and-sandwiches-north-prairie,"[{'alias': 'pizza', 'title': 'Pizza'}, {'alias': 'hotdogs', 'title': 'Fast Food'}, {'alias': 'sandwiches', 'title': 'Sandwiches'}]","{'latitude': 42.9352, 'longitude': -88.40582}",(262) 392-8012,9159.073723565178,SRC7JEqALab7OKb9a3kRFg,https://s3-media4.fl.yelpcdn.com/bphoto/fHgPsORuzKfDcOFCvNG6QQ/o.jpg,False,"{'address1': '205 N Main St', 'address2': '', 'address3': '', 'city': 'North Prairie', 'zip_code': '53153', 'country': 'US', 'state': 'WI', 'display_address': ['205 N Main St', 'North Prairie, WI 53153']}","Zazing Primo Pizza, Chicken & Sandwiches",+12623928012,$$,3.5,17,[],https://www.yelp.com/biz/zazing-primo-pizza-chicken-and-sandwiches-north-prairie?adjust_creative=GVWAITeAe13hPk5JlriDSg&utm_campaign=yelp_api_v3&utm_medium=api_v3_business_search&utm_source=GVWAITeAe13hPk5JlriDSg
double-ds-pub-and-eatery-mukwonago,"[{'alias': 'pizza', 'title': 'Pizza'}, {'alias': 'sportsbars', 'title': 'Sports Bars'}]","{'latitude': 42.83908, 'longitude': -88.38051}",(262) 363-3671,10873.611487791966,Vs2dxBlc6tx9wEaEjwQ8DA,https://s3-media1.fl.yelpcdn.com/bphoto/2b6ZpJFD3hJUoBaFQcJc8g/o.jpg,False,"{'address1': 'W1602 County Rd J', 'address2': '', 'address3': '', 'city': 'Mukwonago', 'zip_code': '53149', 'country': 'US', 'state': 'WI', 'display_address': ['W1602 County Rd J', 'Mukwonago, WI 53149']}",Double D's Pub & Eatery,+12623633671,$$,4.0,19,[],https://www.yelp.com/biz/double-ds-pub-and-eatery-mukwonago?adjust_creative=GVWAITeAe13hPk5JlriDSg&utm_campaign=yelp_api_v3&utm_medium=api_v3_business_search&utm_source=GVWAITeAe13hPk5JlriDSg
princess-cafe-east-troy,"[{'alias': 'cafes', 'title': 'Cafes'}, {'alias': 'breakfast_brunch', 'title': 'Breakfast & Brunch'}, {'alias': 'diners', 'title': 'Diners'}]","{'latitude': 42.788272, 'longitude': -88.397926}",(262) 642-5905,13635.519769530683,VRTVPVVagUHkSLirQXrs1w,https://s3-media1.fl.yelpcdn.com/bphoto/kMAnJee0Lm3hPzyb3SeGug/o.jpg,False,"{'address1': '2695 Main St', 'address2': '', 'address3': '', 'city': 'East Troy', 'zip_code': '53120', 'country': 'US', 'state': 'WI', 'display_address': ['2695 Main St', 'East Troy, WI 53120']}",Princess Cafe,+12626425905,$,4.0,21,[],https://www.yelp.com/biz/princess-cafe-east-troy?adjust_creative=GVWAITeAe13hPk5JlriDSg&utm_campaign=yelp_api_v3&utm_medium=api_v3_business_search&utm_source=GVWAITeAe13hPk5JlriDSg
lauderdale-landing-elkhorn,"[{'alias': 'beer_and_wine', 'title': 'Beer, Wine & Spirits'}, {'alias': 'newamerican', 'title': 'American (New)'}]","{'latitude': 42.770581077087, 'longitude': -88.5751891136169}",(262) 495-8727,14431.457379816682,VdW0uwO1j0F4uneq5IWW2Q,https://s3-media2.fl.yelpcdn.com/bphoto/BmquOlqxrL_Ac8aZ2CAIJQ/o.jpg,False,"{'address1': 'W5625 Westshore Dr', 'address2': '', 'address3': '', 'city': 'Elkhorn', 'zip_code': '53121', 'country': 'US', 'state': 'WI', 'display_address': ['W5625 Westshore Dr', 'Elkhorn, WI 53121']}",Lauderdale Landing,+12624958727,$,3.5,27,[],https://www.yelp.com/biz/lauderdale-landing-elkhorn?adjust_creative=GVWAITeAe13hPk5JlriDSg&utm_campaign=yelp_api_v3&utm_medium=api_v3_business_search&utm_source=GVWAITeAe13hPk5JlriDSg
paradise-springs-nature-center-eagle,"[{'alias': 'hiking', 'title': 'Hiking'}, {'alias': 'parks', 'title': 'Parks'}]","{'latitude': 42.8829462282178, 'longitude': -88.4904659087651}",(262) 594-6204,692.4807910559887,fbq2dkVmKBj4tf2ytdn3PQ,https://s3-media1.fl.yelpcdn.com/bphoto/8drqt3zAS-Wi14_DpbMtVA/o.jpg,False,"{'address1': '8896 County Rd Nn', 'address2': '', 'address3': None, 'city': 'Eagle', 'zip_code': '53119', 'country': 'US', 'state': 'WI', 'display_address': ['8896 County Rd Nn', 'Eagle, WI 53119']}",Paradise Springs Nature Center,+12625946204,,5.0,1,[],https://www.yelp.com/biz/paradise-springs-nature-center-eagle?adjust_creative=GVWAITeAe13hPk5JlriDSg&utm_campaign=yelp_api_v3&utm_medium=api_v3_business_search&utm_source=GVWAITeAe13hPk5JlriDSg
barleys-hops-and-malt-east-troy,"[{'alias': 'bars', 'title': 'Bars'}, {'alias': 'tradamerican', 'title': 'American (Traditional)'}]","{'latitude': 42.80417, 'longitude': -88.46441}",(262) 642-7811,8662.308045896492,s2inU-8Vqwpcr368rMSQVA,https://s3-media3.fl.yelpcdn.com/bphoto/seNHi_Ny83lcyQ2kUlj0KA/o.jpg,False,"{'address1': 'N 8720 County Rd N', 'address2': '', 'address3': '', 'city': 'East Troy', 'zip_code': '53120', 'country': 'US', 'state': 'WI', 'display_address': ['N 8720 County Rd N', 'East Troy, WI 53120']}",Barley's Hops & Malt,+12626427811,$$,3.5,11,[],https://www.yelp.com/biz/barleys-hops-and-malt-east-troy?adjust_creative=GVWAITeAe13hPk5JlriDSg&utm_campaign=yelp_api_v3&utm_medium=api_v3_business_search&utm_source=GVWAITeAe13hPk5JlriDSg
black-frog-grille-sullivan-2,"[{'alias': 'bars', 'title': 'Bars'}, {'alias': 'newamerican', 'title': 'American (New)'}]","{'latitude': 43.01277, 'longitude': -88.58803}",(262) 593-8118,15840.776821220847,k6TThAOLo17oKM0iTLAFGA,https://s3-media4.fl.yelpcdn.com/bphoto/ekSpP2GFpjRQajWKI5OYRw/o.jpg,False,"{'address1': '151 Main St', 'address2': None, 'address3': None, 'city': 'Sullivan', 'zip_code': '53178', 'country': 'US', 'state': 'WI', 'display_address': ['151 Main St', 'Sullivan, WI 53178']}",Black Frog Grille,+12625938118,$$,4.5,11,[],https://www.yelp.com/biz/black-frog-grille-sullivan-2?adjust_creative=GVWAITeAe13hPk5JlriDSg&utm_campaign=yelp_api_v3&utm_medium=api_v3_business_search&utm_source=GVWAITeAe13hPk5JlriDSg
leftys-chicago-style-hot-dogs-elkhorn,"[{'alias': 'hotdog', 'title': 'Hot Dogs'}, {'alias': 'newamerican', 'title': 'American (New)'}]","{'latitude': 42.8049730580915, 'longitude': -88.560791015625}",(262) 215-8266,10500.936947790839,-TSdufMCPYvJp2GeAqQQMw,https://s3-media2.fl.yelpcdn.com/bphoto/pbO1jxxy3lyck9lBCm1ldw/o.jpg,False,"{'address1': 'N7033 US Hwy 12', 'address2': '', 'address3': '', 'city': 'Elkhorn', 'zip_code': '53121', 'country': 'US', 'state': 'WI', 'display_address': ['N7033 US Hwy 12', 'Elkhorn, WI 53121']}",Lefty's Chicago Style Hot Dogs,+12622158266,$,5.0,5,[],https://www.yelp.com/biz/leftys-chicago-style-hot-dogs-elkhorn?adjust_creative=GVWAITeAe13hPk5JlriDSg&utm_campaign=yelp_api_v3&utm_medium=api_v3_business_search&utm_source=GVWAITeAe13hPk5JlriDSg
scuppernong-springs-nature-trail-dousman,"[{'alias': 'hiking', 'title': 'Hiking'}]","{'latitude': 42.9343023069533, 'longitude': -88.4751785191407}",,5551.494640580321,opvl-gmfLY9s0T6lkdzqBw,https://s3-media1.fl.yelpcdn.com/bphoto/1tFwElF8ZC9Kp1dmV0tLEA/o.jpg,False,"{'address1': 'County Rd Zz', 'address2': '', 'address3': None, 'city': 'Dousman', 'zip_code': '53118', 'country': 'US', 'state': 'WI', 'display_address': ['County Rd Zz', 'Dousman, WI 53118']}",Scuppernong Springs Nature Trail,,,5.0,2,[],https://www.yelp.com/biz/scuppernong-springs-nature-trail-dousman?adjust_creative=GVWAITeAe13hPk5JlriDSg&utm_campaign=yelp_api_v3&utm_medium=api_v3_business_search&utm_source=GVWAITeAe13hPk5JlriDSg
squidys-palmyra,"[{'alias': 'bars', 'title': 'Bars'}, {'alias': 'tradamerican', 'title': 'American (Traditional)'}]","{'latitude': 42.878181, 'longitude': -88.58551}",(262) 495-2588,7283.20058009442,R7-v8fXAnJ4aeZqQGzH0yg,https://s3-media2.fl.yelpcdn.com/bphoto/lYn3mGzkoWvnSVEBGMQdXg/o.jpg,False,"{'address1': '102 S 2nd St', 'address2': '', 'address3': '', 'city': 'Palmyra', 'zip_code': '53156', 'country': 'US', 'state': 'WI', 'display_address': ['102 S 2nd St', 'Palmyra, WI 53156']}",Squidy's,+12624952588,,4.5,3,[],https://www.yelp.com/biz/squidys-palmyra?adjust_creative=GVWAITeAe13hPk5JlriDSg&utm_campaign=yelp_api_v3&utm_medium=api_v3_business_search&utm_source=GVWAITeAe13hPk5JlriDSg
caffeinated-cafe-mukwonago,"[{'alias': 'breakfast_brunch', 'title': 'Breakfast & Brunch'}, {'alias': 'sandwiches', 'title': 'Sandwiches'}, {'alias': 'cafes', 'title': 'Cafes'}]","{'latitude': 42.8787369, 'longitude': -88.3399447}",(262) 378-4662,12817.50632705152,tLC6NeOP81c1mqpxUcL6TA,https://s3-media2.fl.yelpcdn.com/bphoto/gRgkOa56kuyJVNV9J51BZA/o.jpg,False,"{'address1': '1146 N Rochester St', 'address2': '', 'address3': None, 'city': 'Mukwonago', 'zip_code': '53149', 'country': 'US', 'state': 'WI', 'display_address': ['1146 N Rochester St', 'Mukwonago, WI 53149']}",Caffeinated Cafe,+12623784662,,4.0,10,[],https://www.yelp.com/biz/caffeinated-cafe-mukwonago?adjust_creative=GVWAITeAe13hPk5JlriDSg&utm_campaign=yelp_api_v3&utm_medium=api_v3_business_search&utm_source=GVWAITeAe13hPk5JlriDSg
cornerstone-bar-palmyra-bowl-palmyra,"[{'alias': 'bars', 'title': 'Bars'}, {'alias': 'bowling', 'title': 'Bowling'}, {'alias': 'tradamerican', 'title': 'American (Traditional)'}]","{'latitude': 42.8771519, 'longitude': -88.5862822}",(262) 485-4455,7361.739378719883,9aLnI7eoE3RmPa0r0pu6mw,https://s3-media1.fl.yelpcdn.com/bphoto/hM9QwRlV3Udi6grGl0_sgw/o.jpg,False,"{'address1': '300 W Main St', 'address2': None, 'address3': '', 'city': 'Palmyra', 'zip_code': '53156', 'country': 'US', 'state': 'WI', 'display_address': ['300 W Main St', 'Palmyra, WI 53156']}",Cornerstone Bar/Palmyra Bowl,+12624854455,$$,3.5,10,[],https://www.yelp.com/biz/cornerstone-bar-palmyra-bowl-palmyra?adjust_creative=GVWAITeAe13hPk5JlriDSg&utm_campaign=yelp_api_v3&utm_medium=api_v3_business_search&utm_source=GVWAITeAe13hPk5JlriDSg
scuppernong-trail-head-dousman,"[{'alias': 'hiking', 'title': 'Hiking'}, {'alias': 'dog_parks', 'title': 'Dog Parks'}]","{'latitude': 42.9409, 'longitude': -88.45956}",(262) 594-6200,6518.072630739946,03hdzkoA_62Pcw9DAEVC7Q,https://s3-media2.fl.yelpcdn.com/bphoto/WWYtbO6lEK9SIikJCu6glw/o.jpg,False,"{'address1': 'S58 W35820 County Road Zz', 'address2': '', 'address3': None, 'city': 'Dousman', 'zip_code': '53118', 'country': 'US', 'state': 'WI', 'display_address': ['S58 W35820 County Road Zz', 'Dousman, WI 53118']}",Scuppernong Trail Head,+12625946200,,5.0,2,[],https://www.yelp.com/biz/scuppernong-trail-head-dousman?adjust_creative=GVWAITeAe13hPk5JlriDSg&utm_campaign=yelp_api_v3&utm_medium=api_v3_business_search&utm_source=GVWAITeAe13hPk5JlriDSg
crazy-bears-pizza-mukwonago,"[{'alias': 'pizza', 'title': 'Pizza'}]","{'latitude': 42.8625361267803, 'longitude': -88.3314691856503}",(262) 363-3587,13754.746973756612,L1LqeVDrk0PrC3s0E3enzg,https://s3-media3.fl.yelpcdn.com/bphoto/BNu3qxNc6Ko8l9uJCUlj2Q/o.jpg,False,"{'address1': '111 Atkinson St', 'address2': '', 'address3': '', 'city': 'Mukwonago', 'zip_code': '53149', 'country': 'US', 'state': 'WI', 'display_address': ['111 Atkinson St', 'Mukwonago, WI 53149']}",Crazy Bears Pizza,+12623633587,$$,3.0,35,"['pickup', 'delivery']",https://www.yelp.com/biz/crazy-bears-pizza-mukwonago?adjust_creative=GVWAITeAe13hPk5JlriDSg&utm_campaign=yelp_api_v3&utm_medium=api_v3_business_search&utm_source=GVWAITeAe13hPk5JlriDSg
pizza-guy-wales,"[{'alias': 'pizza', 'title': 'Pizza'}]","{'latitude': 43.0082444, 'longitude': -88.3843692}",(262) 968-4900,16297.312423347197,vBo3KJl1UaqizGvU8ZA-WA,https://s3-media2.fl.yelpcdn.com/bphoto/1ELLKSczFxoDjjTjMggv1A/o.jpg,False,"{'address1': '323 N Wales Rd', 'address2': 'Ste D', 'address3': '', 'city': 'Wales', 'zip_code': '53183', 'country': 'US', 'state': 'WI', 'display_address': ['323 N Wales Rd', 'Ste D', 'Wales, WI 53183']}",Pizza Guy,+12629684900,$,4.0,14,"['pickup', 'delivery']",https://www.yelp.com/biz/pizza-guy-wales?adjust_creative=GVWAITeAe13hPk5JlriDSg&utm_campaign=yelp_api_v3&utm_medium=api_v3_business_search&utm_source=GVWAITeAe13hPk5JlriDSg
main-street-family-restaurant-palmyra,"[{'alias': 'diners', 'title': 'Diners'}, {'alias': 'tradamerican', 'title': 'American (Traditional)'}]","{'latitude': 42.87789, 'longitude': -88.58502}",(262) 495-4806,7244.894662469725,wmXVj9p1NyqGMl-RK40Ybw,https://s3-media3.fl.yelpcdn.com/bphoto/ZSeWMuBTW0k_kQZOQ63kDg/o.jpg,False,"{'address1': '123 W Main St', 'address2': '', 'address3': '', 'city': 'Palmyra', 'zip_code': '53156', 'country': 'US', 'state': 'WI', 'display_address': ['123 W Main St', 'Palmyra, WI 53156']}",Main Street Family Restaurant,+12624954806,$$,3.5,6,[],https://www.yelp.com/biz/main-street-family-restaurant-palmyra?adjust_creative=GVWAITeAe13hPk5JlriDSg&utm_campaign=yelp_api_v3&utm_medium=api_v3_business_search&utm_source=GVWAITeAe13hPk5JlriDSg
blue-bay-restaurant-mukwonago,"[{'alias': 'newamerican', 'title': 'American (New)'}, {'alias': 'bars', 'title': 'Bars'}, {'alias': 'greek', 'title': 'Greek'}]","{'latitude': 42.85282, 'longitude': -88.33405}",(262) 363-8112,13804.09851393031,8iVvbdVqukqS9xmiu3mc8w,https://s3-media1.fl.yelpcdn.com/bphoto/iviWZAqbLGtWoBRIlDkqRA/o.jpg,False,"{'address1': '927 Main St', 'address2': '', 'address3': '', 'city': 'Mukwonago', 'zip_code': '53149', 'country': 'US', 'state': 'WI', 'display_address': ['927 Main St', 'Mukwonago, WI 53149']}",Blue Bay Restaurant,+12623638112,$,3.0,22,[],https://www.yelp.com/biz/blue-bay-restaurant-mukwonago?adjust_creative=GVWAITeAe13hPk5JlriDSg&utm_campaign=yelp_api_v3&utm_medium=api_v3_business_search&utm_source=GVWAITeAe13hPk5JlriDSg
east-troy-house-east-troy,"[{'alias': 'pubs', 'title': 'Pubs'}]","{'latitude': 42.785553, 'longitude': -88.4060901}",(262) 642-7100,13487.82080553612,bTocAeygqTmqborOLejKvw,https://s3-media2.fl.yelpcdn.com/bphoto/nNyVzum996bHezMKbYEB3A/o.jpg,False,"{'address1': '2083 Division St', 'address2': '', 'address3': '', 'city': 'East Troy', 'zip_code': '53120', 'country': 'US', 'state': 'WI', 'display_address': ['2083 Division St', 'East Troy, WI 53120']}",East Troy House,+12626427100,$$,4.5,7,[],https://www.yelp.com/biz/east-troy-house-east-troy?adjust_creative=GVWAITeAe13hPk5JlriDSg&utm_campaign=yelp_api_v3&utm_medium=api_v3_business_search&utm_source=GVWAITeAe13hPk5JlriDSg
mama-mias-wales,"[{'alias': 'pizza', 'title': 'Pizza'}, {'alias': 'italian', 'title': 'Italian'}]","{'latitude': 43.01351, 'longitude': -88.38038}",(262) 968-2255,16972.170822930042,bY2alMX0ZAc2b7f5J8T7Wg,https://s3-media1.fl.yelpcdn.com/bphoto/G9j2CXtN7obeGf14QP0iDg/o.jpg,False,"{'address1': '200 W Summit Ave', 'address2': '', 'address3': '', 'city': 'Wales', 'zip_code': '53183', 'country': 'US', 'state': 'WI', 'display_address': ['200 W Summit Ave', 'Wales, WI 53183']}",Mama Mia's,+12629682255,$$,3.5,27,[],https://www.yelp.com/biz/mama-mias-wales?adjust_creative=GVWAITeAe13hPk5JlriDSg&utm_campaign=yelp_api_v3&utm_medium=api_v3_business_search&utm_source=GVWAITeAe13hPk5JlriDSg
sports-page-bar-and-grill-north-prairie,"[{'alias': 'sportsbars', 'title': 'Sports Bars'}, {'alias': 'tradamerican', 'title': 'American (Traditional)'}]","{'latitude': 42.93367, 'longitude': -88.40585}",(262) 392-9729,9050.313686753809,iE0fCIub-3CYIvA5z3PGVw,https://s3-media4.fl.yelpcdn.com/bphoto/WkDsMZP4EwNrZowfjxejhA/o.jpg,False,"{'address1': '117 N Main St', 'address2': '', 'address3': '', 'city': 'North Prairie', 'zip_code': '53153', 'country': 'US', 'state': 'WI', 'display_address': ['117 N Main St', 'North Prairie, WI 53153']}",Sports Page Bar & Grill,+12623929729,,3.0,9,[],https://www.yelp.com/biz/sports-page-bar-and-grill-north-prairie?adjust_creative=GVWAITeAe13hPk5JlriDSg&utm_campaign=yelp_api_v3&utm_medium=api_v3_business_search&utm_source=GVWAITeAe13hPk5JlriDSg
sammys-place-east-troy,"[{'alias': 'bars', 'title': 'Bars'}]","{'latitude': 42.78571, 'longitude': -88.40624}",(262) 642-5523,13475.419156497812,ldj_Q4tuO3gy9BJ9Y-dutw,https://s3-media2.fl.yelpcdn.com/bphoto/UOixWbdpzEdfk-P0RVLb1A/o.jpg,False,"{'address1': '2079 Division St', 'address2': None, 'address3': None, 'city': 'East Troy', 'zip_code': '53120', 'country': 'US', 'state': 'WI', 'display_address': ['2079 Division St', 'East Troy, WI 53120']}",Sammy's Place,+12626425523,$,5.0,4,[],https://www.yelp.com/biz/sammys-place-east-troy?adjust_creative=GVWAITeAe13hPk5JlriDSg&utm_campaign=yelp_api_v3&utm_medium=api_v3_business_search&utm_source=GVWAITeAe13hPk5JlriDSg
broadlands-golf-club-north-prairie,"[{'alias': 'venues', 'title': 'Venues & Event Spaces'}, {'alias': 'golf', 'title': 'Golf'}]","{'latitude': 42.934254, 'longitude': -88.418484}",(262) 392-6320,8272.994985669015,4Nt0kgtdOYBlVmVTg8nLgg,https://s3-media1.fl.yelpcdn.com/bphoto/OlQ05SQagRFjm63eNBIsRA/o.jpg,False,"{'address1': '18 Augusta Way', 'address2': '', 'address3': '', 'city': 'North Prairie', 'zip_code': '53153', 'country': 'US', 'state': 'WI', 'display_address': ['18 Augusta Way', 'North Prairie, WI 53153']}",Broadlands Golf Club,+12623926320,,4.0,4,[],https://www.yelp.com/biz/broadlands-golf-club-north-prairie?adjust_creative=GVWAITeAe13hPk5JlriDSg&utm_campaign=yelp_api_v3&utm_medium=api_v3_business_search&utm_source=GVWAITeAe13hPk5JlriDSg
laubers-old-fashion-ice-cream-parlor-east-troy,"[{'alias': 'icecream', 'title': 'Ice Cream & Frozen Yogurt'}]","{'latitude': 42.788311, 'longitude': -88.4044418}",(262) 642-3679,13298.75166327621,pZchQlO4A4KZFr1cSCgRaA,https://s3-media4.fl.yelpcdn.com/bphoto/eQ9r90VyfqWZ0fGLjsfp9g/o.jpg,False,"{'address1': '2010 Church St', 'address2': '', 'address3': '', 'city': 'East Troy', 'zip_code': '53120', 'country': 'US', 'state': 'WI', 'display_address': ['2010 Church St', 'East Troy, WI 53120']}",Lauber's Old Fashion Ice Cream Parlor,+12626423679,$,4.5,21,[],https://www.yelp.com/biz/laubers-old-fashion-ice-cream-parlor-east-troy?adjust_creative=GVWAITeAe13hPk5JlriDSg&utm_campaign=yelp_api_v3&utm_medium=api_v3_business_search&utm_source=GVWAITeAe13hPk5JlriDSg
cjs-coffee-n-cream-palmyra-2,"[{'alias': 'coffee', 'title': 'Coffee & Tea'}, {'alias': 'icecream', 'title': 'Ice Cream & Frozen Yogurt'}, {'alias': 'breakfast_brunch', 'title': 'Breakfast & Brunch'}]","{'latitude': 42.878135, 'longitude': -88.586479}",(262) 495-4996,7368.6566330757905,-8UAtNx78ZTS6GzFOm_tPA,,False,"{'address1': '209 Taft St', 'address2': '', 'address3': '', 'city': 'Palmyra', 'zip_code': '53156', 'country': 'US', 'state': 'WI', 'display_address': ['209 Taft St', 'Palmyra, WI 53156']}",CJ's Coffee n' Cream,+12624954996,,4.5,3,[],https://www.yelp.com/biz/cjs-coffee-n-cream-palmyra-2?adjust_creative=GVWAITeAe13hPk5JlriDSg&utm_campaign=yelp_api_v3&utm_medium=api_v3_business_search&utm_source=GVWAITeAe13hPk5JlriDSg
culvers-wales,"[{'alias': 'hotdogs', 'title': 'Fast Food'}, {'alias': 'icecream', 'title': 'Ice Cream & Frozen Yogurt'}, {'alias': 'burgers', 'title': 'Burgers'}]","{'latitude': 43.015325, 'longitude': -88.374052}",(262) 968-1830,17426.016440952564,EEV9-Vam32p5j11wQDSE4g,https://s3-media2.fl.yelpcdn.com/bphoto/UA4rZX9ob7OJudYxSIEjCg/o.jpg,False,"{'address1': '400 E Summit Ave', 'address2': '', 'address3': '', 'city': 'Wales', 'zip_code': '53183', 'country': 'US', 'state': 'WI', 'display_address': ['400 E Summit Ave', 'Wales, WI 53183']}",Culver's,+12629681830,$,4.5,8,[],https://www.yelp.com/biz/culvers-wales?adjust_creative=GVWAITeAe13hPk5JlriDSg&utm_campaign=yelp_api_v3&utm_medium=api_v3_business_search&utm_source=GVWAITeAe13hPk5JlriDSg
culvers-mukwonago,"[{'alias': 'burgers', 'title': 'Burgers'}, {'alias': 'hotdogs', 'title': 'Fast Food'}, {'alias': 'icecream', 'title': 'Ice Cream & Frozen Yogurt'}]","{'latitude': 42.87864, 'longitude': -88.33949}",(262) 363-4949,12864.713115699122,vgQvldFBA6PxXOhGy3nSCw,https://s3-media4.fl.yelpcdn.com/bphoto/Czov7UYew0BVdzX27OETFQ/o.jpg,False,"{'address1': '1090 N Rochester St', 'address2': '', 'address3': '', 'city': 'Mukwonago', 'zip_code': '53149', 'country': 'US', 'state': 'WI', 'display_address': ['1090 N Rochester St', 'Mukwonago, WI 53149']}",Culver's,+12623634949,$,3.5,8,[],https://www.yelp.com/biz/culvers-mukwonago?adjust_creative=GVWAITeAe13hPk5JlriDSg&utm_campaign=yelp_api_v3&utm_medium=api_v3_business_search&utm_source=GVWAITeAe13hPk5JlriDSg
eagle-springs-pub-mukwonago,"[{'alias': 'tradamerican', 'title': 'American (Traditional)'}, {'alias': 'beer_and_wine', 'title': 'Beer, Wine & Spirits'}]","{'latitude': 42.884895, 'longitude': -88.365812}",(262) 594-2337,10685.421658683823,lKwVVVNwyq8tShhhgZj-FA,https://s3-media1.fl.yelpcdn.com/bphoto/CT2-1WBxJNXbwy8LGyAa_g/o.jpg,False,"{'address1': 'W345S10463 County Rd E', 'address2': '', 'address3': '', 'city': 'Mukwonago', 'zip_code': '53149', 'country': 'US', 'state': 'WI', 'display_address': ['W345S10463 County Rd E', 'Mukwonago, WI 53149']}",Eagle Springs Pub,+12625942337,$,2.5,18,[],https://www.yelp.com/biz/eagle-springs-pub-mukwonago?adjust_creative=GVWAITeAe13hPk5JlriDSg&utm_campaign=yelp_api_v3&utm_medium=api_v3_business_search&utm_source=GVWAITeAe13hPk5JlriDSg
genoa-pizza-east-troy,"[{'alias': 'pizza', 'title': 'Pizza'}]","{'latitude': 42.789349813666, 'longitude': -88.397194148574}",(262) 642-9775,13564.835453738768,l3iiSOM3poYxCJL4hq6c4w,https://s3-media4.fl.yelpcdn.com/bphoto/TjZBgVl4uzjxjZn4ZFkH0w/o.jpg,False,"{'address1': '2678 Main St', 'address2': '', 'address3': '', 'city': 'East Troy', 'zip_code': '53120', 'country': 'US', 'state': 'WI', 'display_address': ['2678 Main St', 'East Troy, WI 53120']}",Genoa Pizza,+12626429775,$,3.5,12,[],https://www.yelp.com/biz/genoa-pizza-east-troy?adjust_creative=GVWAITeAe13hPk5JlriDSg&utm_campaign=yelp_api_v3&utm_medium=api_v3_business_search&utm_source=GVWAITeAe13hPk5JlriDSg
mama-ds-coffee-genesee-depot,"[{'alias': 'cafes', 'title': 'Cafes'}, {'alias': 'coffee', 'title': 'Coffee & Tea'}, {'alias': 'sandwiches', 'title': 'Sandwiches'}]","{'latitude': 42.96655, 'longitude': -88.37034}",(262) 336-9006,13646.101451031403,bn-gTtz-MVfy3WWXlz6dHw,https://s3-media3.fl.yelpcdn.com/bphoto/i4a0UxiECSM5RNYYnzjJ4w/o.jpg,False,"{'address1': 'S42 W31238 Hwy 83', 'address2': None, 'address3': '', 'city': 'Genesee Depot', 'zip_code': '53127', 'country': 'US', 'state': 'WI', 'display_address': ['S42 W31238 Hwy 83', 'Genesee Depot, WI 53127']}",Mama D's Coffee,+12623369006,$,4.5,3,[],https://www.yelp.com/biz/mama-ds-coffee-genesee-depot?adjust_creative=GVWAITeAe13hPk5JlriDSg&utm_campaign=yelp_api_v3&utm_medium=api_v3_business_search&utm_source=GVWAITeAe13hPk5JlriDSg
in-cahoots-co-genesee-depot,"[{'alias': 'bars', 'title': 'Bars'}]","{'latitude': 42.9663742896514, 'longitude': -88.3717516064644}",(262) 968-2399,13483.510141515959,A28HL7WISv-cMmr30x8RtA,https://s3-media2.fl.yelpcdn.com/bphoto/MxdGjmoDEZezbK5MnLwWAA/o.jpg,False,"{'address1': 'S43W31325 State Rd 83', 'address2': '', 'address3': '', 'city': 'Genesee Depot', 'zip_code': '53127', 'country': 'US', 'state': 'WI', 'display_address': ['S43W31325 State Rd 83', 'Genesee Depot, WI 53127']}",In Cahoots Co,+12629682399,$,3.0,14,[],https://www.yelp.com/biz/in-cahoots-co-genesee-depot?adjust_creative=GVWAITeAe13hPk5JlriDSg&utm_campaign=yelp_api_v3&utm_medium=api_v3_business_search&utm_source=GVWAITeAe13hPk5JlriDSg
romas-ristorante-and-lounge-east-troy,"[{'alias': 'pizza', 'title': 'Pizza'}, {'alias': 'beer_and_wine', 'title': 'Beer, Wine & Spirits'}]","{'latitude': 42.796567973297, 'longitude': -88.384680118507}",(262) 642-5353,13595.891479126387,VJm6EJT08iN6SL2fW4ZDnw,https://s3-media4.fl.yelpcdn.com/bphoto/7ieLYBJz6JxL_d0_pj3fiA/o.jpg,False,"{'address1': 'N8416 County Rd Es', 'address2': '', 'address3': '', 'city': 'East Troy', 'zip_code': '53120', 'country': 'US', 'state': 'WI', 'display_address': ['N8416 County Rd Es', 'East Troy, WI 53120']}",Roma's Ristorante & Lounge,+12626425353,$$,2.5,32,[],https://www.yelp.com/biz/romas-ristorante-and-lounge-east-troy?adjust_creative=GVWAITeAe13hPk5JlriDSg&utm_campaign=yelp_api_v3&utm_medium=api_v3_business_search&utm_source=GVWAITeAe13hPk5JlriDSg
sol-de-mexico-mukwonago,"[{'alias': 'tradamerican', 'title': 'American (Traditional)'}, {'alias': 'mexican', 'title': 'Mexican'}]","{'latitude': 42.8595505, 'longitude': -88.3328094}",,13743.40074871133,xPzgWAqw0OhLG0jKlAcJRA,https://s3-media1.fl.yelpcdn.com/bphoto/7u5hPXl7OmF5_MkuIQNCVA/o.jpg,False,"{'address1': '507 Main St', 'address2': '', 'address3': '', 'city': 'Mukwonago', 'zip_code': '53149', 'country': 'US', 'state': 'WI', 'display_address': ['507 Main St', 'Mukwonago, WI 53149']}",Sol de Mexico,,$$,3.5,11,[],https://www.yelp.com/biz/sol-de-mexico-mukwonago?adjust_creative=GVWAITeAe13hPk5JlriDSg&utm_campaign=yelp_api_v3&utm_medium=api_v3_business_search&utm_source=GVWAITeAe13hPk5JlriDSg
black-canyon-coffee-wales,"[{'alias': 'cafes', 'title': 'Cafes'}, {'alias': 'coffee', 'title': 'Coffee & Tea'}]","{'latitude': 43.015167, 'longitude': -88.374756}",(262) 968-9388,17378.792331263092,0qoN2cp3FpdUEzcdCixlGw,https://s3-media1.fl.yelpcdn.com/bphoto/mj6flV-j9M_sNNUJgzTRKg/o.jpg,False,"{'address1': '300 E Summit Ave', 'address2': None, 'address3': None, 'city': 'Wales', 'zip_code': '53183', 'country': 'US', 'state': 'WI', 'display_address': ['300 E Summit Ave', 'Wales, WI 53183']}",Black Canyon Coffee,+12629689388,$,4.0,7,[],https://www.yelp.com/biz/black-canyon-coffee-wales?adjust_creative=GVWAITeAe13hPk5JlriDSg&utm_campaign=yelp_api_v3&utm_medium=api_v3_business_search&utm_source=GVWAITeAe13hPk5JlriDSg
lakehouse-breakfast-bar-and-grill-elkhorn,"[{'alias': 'newamerican', 'title': 'American (New)'}, {'alias': 'sportsbars', 'title': 'Sports Bars'}]","{'latitude': 42.74861, 'longitude': -88.5539}",(262) 742-3300,16069.514733989783,_QUKN0Oi_YYqAUwOol0m3w,https://s3-media3.fl.yelpcdn.com/bphoto/1JTVf2MUOkUH2jldpOL9Mg/o.jpg,False,"{'address1': 'N7073 Hwy 12/67', 'address2': '', 'address3': None, 'city': 'Elkhorn', 'zip_code': '53121', 'country': 'US', 'state': 'WI', 'display_address': ['N7073 Hwy 12/67', 'Elkhorn, WI 53121']}",Lakehouse Breakfast Bar and Grill,+12627423300,,3.5,19,[],https://www.yelp.com/biz/lakehouse-breakfast-bar-and-grill-elkhorn?adjust_creative=GVWAITeAe13hPk5JlriDSg&utm_campaign=yelp_api_v3&utm_medium=api_v3_business_search&utm_source=GVWAITeAe13hPk5JlriDSg
the-hive-taproom-east-troy-2,"[{'alias': 'kombucha', 'title': 'Kombucha'}, {'alias': 'foodtrucks', 'title': 'Food Trucks'}, {'alias': 'pubs', 'title': 'Pubs'}]","{'latitude': 42.7913452892032, 'longitude': -88.3901112032554}",(262) 355-4415,13053.814272959615,Ve423QR2Qs_W_O1c3_wZKA,https://s3-media1.fl.yelpcdn.com/bphoto/vxphSuGyoWB_3GawE02qYg/o.jpg,False,"{'address1': 'W 2463 County Rd Es', 'address2': '', 'address3': None, 'city': 'East Troy', 'zip_code': '53120', 'country': 'US', 'state': 'WI', 'display_address': ['W 2463 County Rd Es', 'East Troy, WI 53120']}",The Hive Taproom,+12623554415,,5.0,3,[],https://www.yelp.com/biz/the-hive-taproom-east-troy-2?adjust_creative=GVWAITeAe13hPk5JlriDSg&utm_campaign=yelp_api_v3&utm_medium=api_v3_business_search&utm_source=GVWAITeAe13hPk5JlriDSg
hot-rod-bar-n-grill-palmyra,"[{'alias': 'sportsbars', 'title': 'Sports Bars'}, {'alias': 'tradamerican', 'title': 'American (Traditional)'}]","{'latitude': 42.8779449462891, 'longitude': -88.5858154296875}",(262) 495-2000,7310.283941631889,f9Me4VJ6ePc0Ex83nScEnw,https://s3-media2.fl.yelpcdn.com/bphoto/LSK6e_ER1YKChFFmWY9_ug/o.jpg,False,"{'address1': '200 W Main St', 'address2': None, 'address3': None, 'city': 'Palmyra', 'zip_code': '53156', 'country': 'US', 'state': 'WI', 'display_address': ['200 W Main St', 'Palmyra, WI 53156']}",Hot Rod Bar -N- Grill,+12624952000,,3.5,3,[],https://www.yelp.com/biz/hot-rod-bar-n-grill-palmyra?adjust_creative=GVWAITeAe13hPk5JlriDSg&utm_campaign=yelp_api_v3&utm_medium=api_v3_business_search&utm_source=GVWAITeAe13hPk5JlriDSg
not-too-far-away-pub-and-grill-elkhorn,"[{'alias': 'newamerican', 'title': 'American (New)'}, {'alias': 'pubs', 'title': 'Pubs'}]","{'latitude': 42.8010172559508, 'longitude': -88.5620694526398}",(262) 742-3417,10935.43699740992,-PdQCLh9JOEwfJuLg0jVWw,https://s3-media3.fl.yelpcdn.com/bphoto/RCSzxUvfzwESeZ5bgqQ7-g/o.jpg,False,"{'address1': 'N6444 Us Hwy 12', 'address2': '', 'address3': '', 'city': 'Elkhorn', 'zip_code': '53121', 'country': 'US', 'state': 'WI', 'display_address': ['N6444 Us Hwy 12', 'Elkhorn, WI 53121']}",Not too Far Away Pub & Grill,+12627423417,,3.0,8,[],https://www.yelp.com/biz/not-too-far-away-pub-and-grill-elkhorn?adjust_creative=GVWAITeAe13hPk5JlriDSg&utm_campaign=yelp_api_v3&utm_medium=api_v3_business_search&utm_source=GVWAITeAe13hPk5JlriDSg
retzer-nature-center-waukesha,"[{'alias': 'parks', 'title': 'Parks'}]","{'latitude': 43.01321, 'longitude': -88.2617099}",(262) 896-8007,20787.5008458288,OkoHGvHUWNBnkudIwQnO9Q,https://s3-media3.fl.yelpcdn.com/bphoto/44DNVoPZ9QDWwyZGV_nnoA/o.jpg,False,"{'address1': 'S14 W28167 Madison St', 'address2': '', 'address3': '', 'city': 'Waukesha', 'zip_code': '53188', 'country': 'US', 'state': 'WI', 'display_address': ['S14 W28167 Madison St', 'Waukesha, WI 53188']}",Retzer Nature Center,+12628968007,,5.0,5,[],https://www.yelp.com/biz/retzer-nature-center-waukesha?adjust_creative=GVWAITeAe13hPk5JlriDSg&utm_campaign=yelp_api_v3&utm_medium=api_v3_business_search&utm_source=GVWAITeAe13hPk5JlriDSg
sullivan-saloon-sullivan,"[{'alias': 'breakfast_brunch', 'title': 'Breakfast & Brunch'}, {'alias': 'burgers', 'title': 'Burgers'}, {'alias': 'bars', 'title': 'Bars'}]","{'latitude': 43.0114517211914, 'longitude': -88.5890731811523}",(262) 593-8912,15797.51710146084,ruaqu074zVWOwh3h22WZjQ,https://s3-media2.fl.yelpcdn.com/bphoto/wAs528pjZfInn2gkt6LNGw/o.jpg,False,"{'address1': '165 Main St', 'address2': None, 'address3': None, 'city': 'Sullivan', 'zip_code': '53178', 'country': 'US', 'state': 'WI', 'display_address': ['165 Main St', 'Sullivan, WI 53178']}",Sullivan Saloon,+12625938912,$$,4.0,7,[],https://www.yelp.com/biz/sullivan-saloon-sullivan?adjust_creative=GVWAITeAe13hPk5JlriDSg&utm_campaign=yelp_api_v3&utm_medium=api_v3_business_search&utm_source=GVWAITeAe13hPk5JlriDSg
golden-dragon-east-troy,"[{'alias': 'chinese', 'title': 'Chinese'}]","{'latitude': 42.787269, 'longitude': -88.400487}",(262) 642-5518,13593.732648534944,R8INhbEbR9Vt-0kwW9WMyA,https://s3-media2.fl.yelpcdn.com/bphoto/a40AFq9V-oyHJl6PKQA3Sw/o.jpg,False,"{'address1': '2763 Main St', 'address2': '', 'address3': '', 'city': 'East Troy', 'zip_code': '53120', 'country': 'US', 'state': 'WI', 'display_address': ['2763 Main St', 'East Troy, WI 53120']}",Golden Dragon,+12626425518,$$,3.5,11,[],https://www.yelp.com/biz/golden-dragon-east-troy?adjust_creative=GVWAITeAe13hPk5JlriDSg&utm_campaign=yelp_api_v3&utm_medium=api_v3_business_search&utm_source=GVWAITeAe13hPk5JlriDSg
clausing-barn-restaurant-eagle,"[{'alias': 'restaurants', 'title': 'Restaurants'}]","{'latitude': 42.8780751, 'longitude': -88.4742109}",(262) 594-6320,2024.14984720541,Qk-n9VYlMkfSTXUpcYpJxQ,,False,"{'address1': 'Hy 67 Eagle', 'address2': '', 'address3': '', 'city': 'Eagle', 'zip_code': '53119', 'country': 'US', 'state': 'WI', 'display_address': ['Hy 67 Eagle', 'Eagle, WI 53119']}",Clausing Barn Restaurant,+12625946320,,3.0,1,[],https://www.yelp.com/biz/clausing-barn-restaurant-eagle?adjust_creative=GVWAITeAe13hPk5JlriDSg&utm_campaign=yelp_api_v3&utm_medium=api_v3_business_search&utm_source=GVWAITeAe13hPk5JlriDSg
pams-fine-wines-mukwonago,"[{'alias': 'beer_and_wine', 'title': 'Beer, Wine & Spirits'}, {'alias': 'wine_bars', 'title': 'Wine Bars'}, {'alias': 'winetastingroom', 'title': 'Wine Tasting Room'}]","{'latitude': 42.8627689, 'longitude': -88.3323035}",(262) 363-7166,13721.853706759779,hoE4-l_bBWY5-Xlin3SPRA,https://s3-media2.fl.yelpcdn.com/bphoto/K13nQtRwoCI1VBiKG_oR9Q/o.jpg,False,"{'address1': '100 Main St', 'address2': 'Ste 1', 'address3': '', 'city': 'Mukwonago', 'zip_code': '53149', 'country': 'US', 'state': 'WI', 'display_address': ['100 Main St', 'Ste 1', 'Mukwonago, WI 53149']}",Pam's Fine Wines,+12623637166,$$$$,3.5,5,[],https://www.yelp.com/biz/pams-fine-wines-mukwonago?adjust_creative=GVWAITeAe13hPk5JlriDSg&utm_campaign=yelp_api_v3&utm_medium=api_v3_business_search&utm_source=GVWAITeAe13hPk5JlriDSg
najeras-pizza-dousman,"[{'alias': 'pizza', 'title': 'Pizza'}]","{'latitude': 43.01518, 'longitude': -88.4726}",(262) 965-3333,14396.470817613614,9h9eeVUZLss40Xp2WnTAkQ,https://s3-media4.fl.yelpcdn.com/bphoto/gvZHq4fAaA8PmFHK0mNhVw/o.jpg,False,"{'address1': '146 N Main St', 'address2': '', 'address3': '', 'city': 'Dousman', 'zip_code': '53118', 'country': 'US', 'state': 'WI', 'display_address': ['146 N Main St', 'Dousman, WI 53118']}",Najera's Pizza,+12629653333,,3.5,6,[],https://www.yelp.com/biz/najeras-pizza-dousman?adjust_creative=GVWAITeAe13hPk5JlriDSg&utm_campaign=yelp_api_v3&utm_medium=api_v3_business_search&utm_source=GVWAITeAe13hPk5JlriDSg
ale-station-food-and-brew-east-troy-2,"[{'alias': 'tradamerican', 'title': 'American (Traditional)'}, {'alias': 'beerbar', 'title': 'Beer Bar'}]","{'latitude': 42.78909, 'longitude': -88.394731}",(262) 642-2739,13687.428807439614,1iNkoehfDOEpBFINXsAkAw,https://s3-media2.fl.yelpcdn.com/bphoto/yAsyw-TRPfwGjfb0Sw9o8Q/o.jpg,False,"{'address1': '2645 Main St', 'address2': None, 'address3': '', 'city': 'East Troy', 'zip_code': '53120', 'country': 'US', 'state': 'WI', 'display_address': ['2645 Main St', 'East Troy, WI 53120']}",Ale Station Food & Brew,+12626422739,,3.5,9,[],https://www.yelp.com/biz/ale-station-food-and-brew-east-troy-2?adjust_creative=GVWAITeAe13hPk5JlriDSg&utm_campaign=yelp_api_v3&utm_medium=api_v3_business_search&utm_source=GVWAITeAe13hPk5JlriDSg
lucys-café-north-prairie-2,"[{'alias': 'cafes', 'title': 'Cafes'}, {'alias': 'breakfast_brunch', 'title': 'Breakfast & Brunch'}]","{'latitude': 42.9348658480079, 'longitude': -88.404860123992}",(262) 392-4084,9196.214920214907,Cmc-r22rZCtjltAlJI66Lg,https://s3-media4.fl.yelpcdn.com/bphoto/dH7kzdquDursQ-uTso8Osw/o.jpg,False,"{'address1': '132 N Main St', 'address2': '', 'address3': None, 'city': 'North Prairie', 'zip_code': '53153', 'country': 'US', 'state': 'WI', 'display_address': ['132 N Main St', 'North Prairie, WI 53153']}",Lucy's Café,+12623924084,$,4.0,5,[],https://www.yelp.com/biz/lucys-caf%C3%A9-north-prairie-2?adjust_creative=GVWAITeAe13hPk5JlriDSg&utm_campaign=yelp_api_v3&utm_medium=api_v3_business_search&utm_source=GVWAITeAe13hPk5JlriDSg
pourmans-pub-and-grill-sullivan,"[{'alias': 'pizza', 'title': 'Pizza'}]","{'latitude': 43.0132713, 'longitude': -88.5883026}",(262) 593-2530,15888.305006962015,N6wz0hi9kLhSAHaIIOPqpw,,False,"{'address1': '150 Main St', 'address2': '', 'address3': '', 'city': 'Sullivan', 'zip_code': '53178', 'country': 'US', 'state': 'WI', 'display_address': ['150 Main St', 'Sullivan, WI 53178']}",Pourman's Pub & Grill,+12625932530,$$,5.0,3,[],https://www.yelp.com/biz/pourmans-pub-and-grill-sullivan?adjust_creative=GVWAITeAe13hPk5JlriDSg&utm_campaign=yelp_api_v3&utm_medium=api_v3_business_search&utm_source=GVWAITeAe13hPk5JlriDSg
marios-natural-roman-pizza-mukwonago-2,"[{'alias': 'pizza', 'title': 'Pizza'}, {'alias': 'italian', 'title': 'Italian'}]","{'latitude': 42.85129, 'longitude': -88.32565}",(262) 363-3661,14519.641148016462,xRYhzrsV946RybYrd3bqrA,https://s3-media2.fl.yelpcdn.com/bphoto/mYYkIXesHyw5daPT9YNR_A/o.jpg,False,"{'address1': '225 Bay View Rd', 'address2': 'Ste 500', 'address3': '', 'city': 'Mukwonago', 'zip_code': '53149', 'country': 'US', 'state': 'WI', 'display_address': ['225 Bay View Rd', 'Ste 500', 'Mukwonago, WI 53149']}",Mario's Natural Roman Pizza,+12623633661,,3.0,12,[],https://www.yelp.com/biz/marios-natural-roman-pizza-mukwonago-2?adjust_creative=GVWAITeAe13hPk5JlriDSg&utm_campaign=yelp_api_v3&utm_medium=api_v3_business_search&utm_source=GVWAITeAe13hPk5JlriDSg
dos-amigos-2-east-troy-2,"[{'alias': 'mexican', 'title': 'Mexican'}]","{'latitude': 42.7894216, 'longitude': -88.3970819}",(262) 642-6446,13563.936331079994,ILKq0FqeMlqw9nZYvwe8KA,https://s3-media3.fl.yelpcdn.com/bphoto/dqXLwt0Sed0tEugBpTgfdA/o.jpg,False,"{'address1': '2678 E Main St', 'address2': '', 'address3': '', 'city': 'East Troy', 'zip_code': '53120', 'country': 'US', 'state': 'WI', 'display_address': ['2678 E Main St', 'East Troy, WI 53120']}",Dos Amigos 2,+12626426446,$,2.5,20,[],https://www.yelp.com/biz/dos-amigos-2-east-troy-2?adjust_creative=GVWAITeAe13hPk5JlriDSg&utm_campaign=yelp_api_v3&utm_medium=api_v3_business_search&utm_source=GVWAITeAe13hPk5JlriDSg
finns-bar-and-grill-wales,"[{'alias': 'tradamerican', 'title': 'American (Traditional)'}]","{'latitude': 43.013027, 'longitude': -88.381401}",(262) 968-9800,16884.98462456329,-O-9_WciKpLmi_mCUVpAhg,https://s3-media4.fl.yelpcdn.com/bphoto/Uy3mkAYN9nA1XR7nnSx9NA/o.jpg,False,"{'address1': '220 W Summit Ave', 'address2': 'Ste 1', 'address3': '', 'city': 'Wales', 'zip_code': '53183', 'country': 'US', 'state': 'WI', 'display_address': ['220 W Summit Ave', 'Ste 1', 'Wales, WI 53183']}",Finn's Bar & Grill,+12629689800,$$,3.0,12,[],https://www.yelp.com/biz/finns-bar-and-grill-wales?adjust_creative=GVWAITeAe13hPk5JlriDSg&utm_campaign=yelp_api_v3&utm_medium=api_v3_business_search&utm_source=GVWAITeAe13hPk5JlriDSg
wildflower-cafe-mukwonago,"[{'alias': 'greek', 'title': 'Greek'}, {'alias': 'breakfast_brunch', 'title': 'Breakfast & Brunch'}]","{'latitude': 42.8718061, 'longitude': -88.3182021}",(262) 378-3791,14660.88473744631,5Fb_m69OCczF0aKLBou56Q,https://s3-media1.fl.yelpcdn.com/bphoto/y8kWDJuulJ65JObn4cJ8tw/o.jpg,False,"{'address1': '1015 E Veterans Way', 'address2': '', 'address3': None, 'city': 'Mukwonago', 'zip_code': '53149', 'country': 'US', 'state': 'WI', 'display_address': ['1015 E Veterans Way', 'Mukwonago, WI 53149']}",Wildflower Cafe,+12623783791,$$,2.5,10,[],https://www.yelp.com/biz/wildflower-cafe-mukwonago?adjust_creative=GVWAITeAe13hPk5JlriDSg&utm_campaign=yelp_api_v3&utm_medium=api_v3_business_search&utm_source=GVWAITeAe13hPk5JlriDSg
bark-river-yacht-club-dousman,"[{'alias': 'bars', 'title': 'Bars'}, {'alias': 'burgers', 'title': 'Burgers'}, {'alias': 'sandwiches', 'title': 'Sandwiches'}]","{'latitude': 43.0149383544922, 'longitude': -88.4722366333008}",(262) 965-2500,14371.765192589462,tz0hjfnYY1q0fsVZHGPGtw,https://s3-media2.fl.yelpcdn.com/bphoto/AiFvdvhTP1y2h3Zm0DgozQ/o.jpg,False,"{'address1': '136 N Main St', 'address2': '', 'address3': '', 'city': 'Dousman', 'zip_code': '53118', 'country': 'US', 'state': 'WI', 'display_address': ['136 N Main St', 'Dousman, WI 53118']}",Bark River Yacht Club,+12629652500,,4.0,3,[],https://www.yelp.com/biz/bark-river-yacht-club-dousman?adjust_creative=GVWAITeAe13hPk5JlriDSg&utm_campaign=yelp_api_v3&utm_medium=api_v3_business_search&utm_source=GVWAITeAe13hPk5JlriDSg
emma-carlin-biking-and-hiking-trails-palmyra,"[{'alias': 'parks', 'title': 'Parks'}, {'alias': 'mountainbiking', 'title': 'Mountain Biking'}, {'alias': 'hiking', 'title': 'Hiking'}]","{'latitude': 42.8708478532721, 'longitude': -88.5444704298584}",(262) 594-6200,4269.01789187112,FFPF2orpZyymrBXY28QUIg,,False,"{'address1': 'County Road Z', 'address2': '', 'address3': None, 'city': 'Palmyra', 'zip_code': '53156', 'country': 'US', 'state': 'WI', 'display_address': ['County Road Z', 'Palmyra, WI 53156']}",Emma Carlin Biking & Hiking Trails,+12625946200,,3.0,1,[],https://www.yelp.com/biz/emma-carlin-biking-and-hiking-trails-palmyra?adjust_creative=GVWAITeAe13hPk5JlriDSg&utm_campaign=yelp_api_v3&utm_medium=api_v3_business_search&utm_source=GVWAITeAe13hPk5JlriDSg
ice-age-trail-blackhawk-segment-whitewater,"[{'alias': 'hiking', 'title': 'Hiking'}]","{'latitude': 42.8457297190471, 'longitude': -88.6073491349816}",,10100.767293338178,BTB58UQTQM0k2-s2sknsog,https://s3-media4.fl.yelpcdn.com/bphoto/dJ-1dDd0BvncDE5kiTdezA/o.jpg,False,"{'address1': 'Ice Age National Scenic Trl', 'address2': '', 'address3': '', 'city': 'Whitewater', 'zip_code': '53190', 'country': 'US', 'state': 'WI', 'display_address': ['Ice Age National Scenic Trl', 'Whitewater, WI 53190']}",Ice Age Trail Blackhawk Segment,,,5.0,1,[],https://www.yelp.com/biz/ice-age-trail-blackhawk-segment-whitewater?adjust_creative=GVWAITeAe13hPk5JlriDSg&utm_campaign=yelp_api_v3&utm_medium=api_v3_business_search&utm_source=GVWAITeAe13hPk5JlriDSg
kettle-moraine-ranch-eagle,"[{'alias': 'amusementparks', 'title': 'Amusement Parks'}]","{'latitude': 42.868, 'longitude': -88.50125}",(262) 594-2122,2130.3771651455304,X2Nq6zSrfJYiOL9ea6p5Yg,,False,"{'address1': 'W379S9674 CR-S', 'address2': '', 'address3': '', 'city': 'Eagle', 'zip_code': '53119', 'country': 'US', 'state': 'WI', 'display_address': ['W379S9674 CR-S', 'Eagle, WI 53119']}",Kettle Moraine Ranch,+12625942122,,5.0,1,[],https://www.yelp.com/biz/kettle-moraine-ranch-eagle?adjust_creative=GVWAITeAe13hPk5JlriDSg&utm_campaign=yelp_api_v3&utm_medium=api_v3_business_search&utm_source=GVWAITeAe13hPk5JlriDSg
mukwonago-county-park-mukwonago,"[{'alias': 'parks', 'title': 'Parks'}]","{'latitude': 42.861308, 'longitude': -88.385156}",(262) 363-7658,9545.678209361622,9vYfp2JkjKa8Tp3XQO1QyQ,,False,"{'address1': 'S100 W31900 County Hwy LO', 'address2': '', 'address3': '', 'city': 'Mukwonago', 'zip_code': '53149', 'country': 'US', 'state': 'WI', 'display_address': ['S100 W31900 County Hwy LO', 'Mukwonago, WI 53149']}",Mukwonago County Park,+12623637658,,3.5,3,[],https://www.yelp.com/biz/mukwonago-county-park-mukwonago?adjust_creative=GVWAITeAe13hPk5JlriDSg&utm_campaign=yelp_api_v3&utm_medium=api_v3_business_search&utm_source=GVWAITeAe13hPk5JlriDSg
nordic-trail-head-whitewater,"[{'alias': 'hiking', 'title': 'Hiking'}, {'alias': 'parks', 'title': 'Parks'}]","{'latitude': 42.8088847, 'longitude': -88.6010171}",(262) 594-6200,12141.779395229696,3pnRBaQISyNg7Kw7YWi4gw,https://s3-media2.fl.yelpcdn.com/bphoto/YbmdfNM4OHg21HPbpQLlpg/o.jpg,False,"{'address1': 'Co Rd H', 'address2': '', 'address3': None, 'city': 'Whitewater', 'zip_code': '53190', 'country': 'US', 'state': 'WI', 'display_address': ['Co Rd H', 'Whitewater, WI 53190']}",Nordic Trail Head,+12625946200,,5.0,1,[],https://www.yelp.com/biz/nordic-trail-head-whitewater?adjust_creative=GVWAITeAe13hPk5JlriDSg&utm_campaign=yelp_api_v3&utm_medium=api_v3_business_search&utm_source=GVWAITeAe13hPk5JlriDSg
imperial-house-restaurant-mukwonago,"[{'alias': 'chinese', 'title': 'Chinese'}]","{'latitude': 42.852645, 'longitude': -88.324031}",(262) 363-9233,14598.893096243863,k_4oabw_vZxtv18EADS8Ig,https://s3-media2.fl.yelpcdn.com/bphoto/9PjekENN3niE8sS_OuGDqw/o.jpg,False,"{'address1': '920 Greenwald Ct', 'address2': 'Ste 700', 'address3': '', 'city': 'Mukwonago', 'zip_code': '53149', 'country': 'US', 'state': 'WI', 'display_address': ['920 Greenwald Ct', 'Ste 700', 'Mukwonago, WI 53149']}",Imperial House Restaurant,+12623639233,$,4.5,8,[],https://www.yelp.com/biz/imperial-house-restaurant-mukwonago?adjust_creative=GVWAITeAe13hPk5JlriDSg&utm_campaign=yelp_api_v3&utm_medium=api_v3_business_search&utm_source=GVWAITeAe13hPk5JlriDSg
mcdonalds-east-troy,"[{'alias': 'burgers', 'title': 'Burgers'}, {'alias': 'hotdogs', 'title': 'Fast Food'}, {'alias': 'coffee', 'title': 'Coffee & Tea'}]","{'latitude': 42.7915527744738, 'longitude': -88.3911493420601}",(262) 642-9859,13674.888514470487,zTarNr4HQypzEYtl3sBinA,https://s3-media4.fl.yelpcdn.com/bphoto/qvQwZTpz2W3x_AJeXJzURg/o.jpg,False,"{'address1': '2526 Main St', 'address2': '', 'address3': '', 'city': 'East Troy', 'zip_code': '53120', 'country': 'US', 'state': 'WI', 'display_address': ['2526 Main St', 'East Troy, WI 53120']}",McDonald's,+12626429859,$,2.5,8,[],https://www.yelp.com/biz/mcdonalds-east-troy?adjust_creative=GVWAITeAe13hPk5JlriDSg&utm_campaign=yelp_api_v3&utm_medium=api_v3_business_search&utm_source=GVWAITeAe13hPk5JlriDSg
castaway-on-phantom-mukwonago,"[{'alias': 'bars', 'title': 'Bars'}, {'alias': 'tradamerican', 'title': 'American (Traditional)'}, {'alias': 'chicken_wings', 'title': 'Chicken Wings'}]","{'latitude': 42.852443, 'longitude': -88.34658}",(414) 418-1023,12832.98651031137,vFlhQH5-DKOLD8eMlBiCmA,https://s3-media2.fl.yelpcdn.com/bphoto/HoJqT4QoeQkOCjG_9bh2hQ/o.jpg,False,"{'address1': 'W299 S10545 Phantom Woods Rd', 'address2': '', 'address3': None, 'city': 'Mukwonago', 'zip_code': '53149', 'country': 'US', 'state': 'WI', 'display_address': ['W299 S10545 Phantom Woods Rd', 'Mukwonago, WI 53149']}",Castaway On Phantom,+14144181023,,3.0,5,[],https://www.yelp.com/biz/castaway-on-phantom-mukwonago?adjust_creative=GVWAITeAe13hPk5JlriDSg&utm_campaign=yelp_api_v3&utm_medium=api_v3_business_search&utm_source=GVWAITeAe13hPk5JlriDSg
taco-bell-mukwonago,"[{'alias': 'mexican', 'title': 'Mexican'}, {'alias': 'tex-mex', 'title': 'Tex-Mex'}, {'alias': 'hotdogs', 'title': 'Fast Food'}]","{'latitude': 42.852245, 'longitude': -88.32474}",(262) 363-2946,14554.918748067323,rJvioft6PyYmGIQ3dkbT9w,https://s3-media1.fl.yelpcdn.com/bphoto/bXy9c3-raKXL6Y3udBIL8w/o.jpg,False,"{'address1': '920 Greenwald Court', 'address2': '', 'address3': '', 'city': 'Mukwonago', 'zip_code': '53149', 'country': 'US', 'state': 'WI', 'display_address': ['920 Greenwald Court', 'Mukwonago, WI 53149']}",Taco Bell,+12623632946,$,2.5,8,[],https://www.yelp.com/biz/taco-bell-mukwonago?adjust_creative=GVWAITeAe13hPk5JlriDSg&utm_campaign=yelp_api_v3&utm_medium=api_v3_business_search&utm_source=GVWAITeAe13hPk5JlriDSg
papa-murphys-mukwonago,"[{'alias': 'pizza', 'title': 'Pizza'}]","{'latitude': 42.854057213305, 'longitude': -88.313904312584}",(262) 363-7600,15358.587425347749,GprC1V8Riz3SwRvFkRlU9w,https://s3-media1.fl.yelpcdn.com/bphoto/yQgfX-gdpe4Xgc9t2disug/o.jpg,False,"{'address1': '250 East Wolf Run', 'address2': None, 'address3': None, 'city': 'Mukwonago', 'zip_code': '53149', 'country': 'US', 'state': 'WI', 'display_address': ['250 East Wolf Run', 'Mukwonago, WI 53149']}",Papa Murphy's,+12623637600,,5.0,1,[],https://www.yelp.com/biz/papa-murphys-mukwonago?adjust_creative=GVWAITeAe13hPk5JlriDSg&utm_campaign=yelp_api_v3&utm_medium=api_v3_business_search&utm_source=GVWAITeAe13hPk5JlriDSg
in-good-spirits-sullivan,"[{'alias': 'beer_and_wine', 'title': 'Beer, Wine & Spirits'}, {'alias': 'pubs', 'title': 'Pubs'}]","{'latitude': 42.9796651, 'longitude': -88.6305461}",(262) 593-2111,14984.61224198874,iJ3U1a0IxYxsHc2QlFYdqg,https://s3-media4.fl.yelpcdn.com/bphoto/EjEaibFHHdC98W9Km4DB2A/o.jpg,False,"{'address1': 'W1909 Main St', 'address2': None, 'address3': None, 'city': 'Sullivan', 'zip_code': '53178', 'country': 'US', 'state': 'WI', 'display_address': ['W1909 Main St', 'Sullivan, WI 53178']}",In Good Spirits,+12625932111,,5.0,1,[],https://www.yelp.com/biz/in-good-spirits-sullivan?adjust_creative=GVWAITeAe13hPk5JlriDSg&utm_campaign=yelp_api_v3&utm_medium=api_v3_business_search&utm_source=GVWAITeAe13hPk5JlriDSg
cory-municipal-park-dousman,"[{'alias': 'parks', 'title': 'Parks'}]","{'latitude': 43.0126724243164, 'longitude': -88.4728164672852}",,14112.706502689838,i5djYyUvCfDLAhtKwS7oqQ,https://s3-media3.fl.yelpcdn.com/bphoto/-bx2We_jrW-OhxDLj1QxFg/o.jpg,False,"{'address1': '140 S Main St', 'address2': '', 'address3': '', 'city': 'Dousman', 'zip_code': '53118', 'country': 'US', 'state': 'WI', 'display_address': ['140 S Main St', 'Dousman, WI 53118']}",Cory Municipal Park,,,5.0,1,[],https://www.yelp.com/biz/cory-municipal-park-dousman?adjust_creative=GVWAITeAe13hPk5JlriDSg&utm_campaign=yelp_api_v3&utm_medium=api_v3_business_search&utm_source=GVWAITeAe13hPk5JlriDSg
mcdonalds-mukwonago,"[{'alias': 'burgers', 'title': 'Burgers'}, {'alias': 'hotdogs', 'title': 'Fast Food'}, {'alias': 'coffee', 'title': 'Coffee & Tea'}]","{'latitude': 42.8756692140733, 'longitude': -88.3381413621896}",(262) 363-3039,12999.342821974768,RokAiDu8w34vIpNmjZ216g,https://s3-media2.fl.yelpcdn.com/bphoto/AEdo3KTAFy9oJVmMHreMgg/o.jpg,False,"{'address1': '1020 N Rochester St', 'address2': '', 'address3': '', 'city': 'Mukwonago', 'zip_code': '53149', 'country': 'US', 'state': 'WI', 'display_address': ['1020 N Rochester St', 'Mukwonago, WI 53149']}",McDonald's,+12623633039,$,1.5,12,[],https://www.yelp.com/biz/mcdonalds-mukwonago?adjust_creative=GVWAITeAe13hPk5JlriDSg&utm_campaign=yelp_api_v3&utm_medium=api_v3_business_search&utm_source=GVWAITeAe13hPk5JlriDSg
tasty-zs-eagle,"[{'alias': 'pizza', 'title': 'Pizza'}]","{'latitude': 42.878704, 'longitude': -88.4754695}",(262) 594-5666,1976.514625028679,jRvDp4TJ5oF46IndmoOXNg,,False,"{'address1': '101 S Rd', 'address2': None, 'address3': None, 'city': 'Eagle', 'zip_code': '53119', 'country': 'US', 'state': 'WI', 'display_address': ['101 S Rd', 'Eagle, WI 53119']}",Tasty Z's,+12625945666,$$,2.0,3,[],https://www.yelp.com/biz/tasty-zs-eagle?adjust_creative=GVWAITeAe13hPk5JlriDSg&utm_campaign=yelp_api_v3&utm_medium=api_v3_business_search&utm_source=GVWAITeAe13hPk5JlriDSg
cousins-subs-east-troy,"[{'alias': 'sandwiches', 'title': 'Sandwiches'}, {'alias': 'delis', 'title': 'Delis'}]","{'latitude': 42.78978, 'longitude': -88.39219}",(262) 642-5013,13780.526720808364,9twzKs4O_5PSc59u65HZng,https://s3-media4.fl.yelpcdn.com/bphoto/kCoaT3rFEuIVUsZcvuSEoA/o.jpg,False,"{'address1': '2541 E Main St', 'address2': '', 'address3': '', 'city': 'East Troy', 'zip_code': '53120', 'country': 'US', 'state': 'WI', 'display_address': ['2541 E Main St', 'East Troy, WI 53120']}",Cousins Subs,+12626425013,$,3.5,2,[],https://www.yelp.com/biz/cousins-subs-east-troy?adjust_creative=GVWAITeAe13hPk5JlriDSg&utm_campaign=yelp_api_v3&utm_medium=api_v3_business_search&utm_source=GVWAITeAe13hPk5JlriDSg
bills-self-service-and-mini-mart-north-prairie,"[{'alias': 'servicestations', 'title': 'Gas Stations'}, {'alias': 'convenience', 'title': 'Convenience Stores'}, {'alias': 'delis', 'title': 'Delis'}]","{'latitude': 42.93275, 'longitude': -88.40509}",(262) 392-2105,9013.534091159365,T4eAhNBbpQLKzArxuNG6sw,,False,"{'address1': '102 E State Rd', 'address2': '', 'address3': '', 'city': 'North Prairie', 'zip_code': '53153', 'country': 'US', 'state': 'WI', 'display_address': ['102 E State Rd', 'North Prairie, WI 53153']}",Bill's Self Service & Mini Mart,+12623922105,,2.0,3,[],https://www.yelp.com/biz/bills-self-service-and-mini-mart-north-prairie?adjust_creative=GVWAITeAe13hPk5JlriDSg&utm_campaign=yelp_api_v3&utm_medium=api_v3_business_search&utm_source=GVWAITeAe13hPk5JlriDSg
kettle-moraine-golf-club-dousman-2,"[{'alias': 'golf', 'title': 'Golf'}]","{'latitude': 42.968375, 'longitude': -88.479975}",(262) 965-6200,9154.616535268138,OgKFmZaVEzW7nx_WKQZ_rA,https://s3-media4.fl.yelpcdn.com/bphoto/OVN229dIxPu-yU1MCn4v6w/o.jpg,False,"{'address1': '4299 Highway 67', 'address2': '', 'address3': '', 'city': 'Dousman', 'zip_code': '53118', 'country': 'US', 'state': 'WI', 'display_address': ['4299 Highway 67', 'Dousman, WI 53118']}",Kettle Moraine Golf Club,+12629656200,,1.5,6,[],https://www.yelp.com/biz/kettle-moraine-golf-club-dousman-2?adjust_creative=GVWAITeAe13hPk5JlriDSg&utm_campaign=yelp_api_v3&utm_medium=api_v3_business_search&utm_source=GVWAITeAe13hPk5JlriDSg
golden-lake-pub-oconomowoc,"[{'alias': 'pubs', 'title': 'Pubs'}]","{'latitude': 43.0279006958008, 'longitude': -88.5301361083984}",(262) 965-2343,15896.834309593787,qssmgmE_LvpMGAMA2_azJg,,False,"{'address1': '604 S Golden Lake Rd', 'address2': None, 'address3': None, 'city': 'Oconomowoc', 'zip_code': '53066', 'country': 'US', 'state': 'WI', 'display_address': ['604 S Golden Lake Rd', 'Oconomowoc, WI 53066']}",Golden Lake Pub,+12629652343,$,3.0,4,[],https://www.yelp.com/biz/golden-lake-pub-oconomowoc?adjust_creative=GVWAITeAe13hPk5JlriDSg&utm_campaign=yelp_api_v3&utm_medium=api_v3_business_search&utm_source=GVWAITeAe13hPk5JlriDSg
lindeys-on-beulah-east-troy,"[{'alias': 'bars', 'title': 'Bars'}, {'alias': 'musicvenues', 'title': 'Music Venues'}]","{'latitude': 42.827513, 'longitude': -88.36759}",(262) 642-2600,12445.401515860704,QZjz1jdDpr4YA-JexOq7PQ,https://s3-media4.fl.yelpcdn.com/bphoto/4aQPeIpt4aWVFyusInMcqw/o.jpg,False,"{'address1': 'W1340 Beach Rd', 'address2': '', 'address3': '', 'city': 'East Troy', 'zip_code': '53120', 'country': 'US', 'state': 'WI', 'display_address': ['W1340 Beach Rd', 'East Troy, WI 53120']}",Lindey's on Beulah,+12626422600,$,4.0,1,[],https://www.yelp.com/biz/lindeys-on-beulah-east-troy?adjust_creative=GVWAITeAe13hPk5JlriDSg&utm_campaign=yelp_api_v3&utm_medium=api_v3_business_search&utm_source=GVWAITeAe13hPk5JlriDSg
vernon-marsh-waukesha,"[{'alias': 'hiking', 'title': 'Hiking'}]","{'latitude': 42.900167, 'longitude': -88.333417}",,13400.949458981318,7YLsSlEd21gLVKgB3rU-PQ,https://s3-media1.fl.yelpcdn.com/bphoto/NKeYMUyQ-hKWqH1A6E1v5g/o.jpg,False,"{'address1': 'Frog Alley Rd', 'address2': '', 'address3': '', 'city': 'Waukesha', 'zip_code': '53149', 'country': 'US', 'state': 'WI', 'display_address': ['Frog Alley Rd', 'Waukesha, WI 53149']}",Vernon Marsh,,,4.0,1,[],https://www.yelp.com/biz/vernon-marsh-waukesha?adjust_creative=GVWAITeAe13hPk5JlriDSg&utm_campaign=yelp_api_v3&utm_medium=api_v3_business_search&utm_source=GVWAITeAe13hPk5JlriDSg
sandys-miller-time-mukwonago,"[{'alias': 'pubs', 'title': 'Pubs'}]","{'latitude': 42.8579370824464, 'longitude': -88.3323884562755}",(262) 363-3843,13792.54456411167,R68sdXNLMF7_cbMdWY1-9Q,https://s3-media3.fl.yelpcdn.com/bphoto/5eSYUCH6foICq9dDmVkf3g/o.jpg,False,"{'address1': '701 Main St', 'address2': '', 'address3': '', 'city': 'Mukwonago', 'zip_code': '53149', 'country': 'US', 'state': 'WI', 'display_address': ['701 Main St', 'Mukwonago, WI 53149']}",Sandy's Miller Time,+12623633843,,3.0,2,[],https://www.yelp.com/biz/sandys-miller-time-mukwonago?adjust_creative=GVWAITeAe13hPk5JlriDSg&utm_campaign=yelp_api_v3&utm_medium=api_v3_business_search&utm_source=GVWAITeAe13hPk5JlriDSg
east-troy-electric-railroad-east-troy,"[{'alias': 'localflavor', 'title': 'Local Flavor'}]","{'latitude': 42.78871, 'longitude': -88.40442}",(262) 642-3263,13279.504182346058,D2CWNGeoQ0EUInLG3MifMw,https://s3-media4.fl.yelpcdn.com/bphoto/D_KCXpafobXVDYbFDF53TA/o.jpg,False,"{'address1': '2002 Church St', 'address2': '', 'address3': '', 'city': 'East Troy', 'zip_code': '53120', 'country': 'US', 'state': 'WI', 'display_address': ['2002 Church St', 'East Troy, WI 53120']}",East Troy Electric Railroad,+12626423263,,4.0,5,[],https://www.yelp.com/biz/east-troy-electric-railroad-east-troy?adjust_creative=GVWAITeAe13hPk5JlriDSg&utm_campaign=yelp_api_v3&utm_medium=api_v3_business_search&utm_source=GVWAITeAe13hPk5JlriDSg
starbucks-mukwonago,"[{'alias': 'coffee', 'title': 'Coffee & Tea'}]","{'latitude': 42.853806, 'longitude': -88.325356}",(262) 363-0727,14461.097598439032,DE-AmW4Ripsm2AKTLL44RA,https://s3-media3.fl.yelpcdn.com/bphoto/_5w3NCCklyt_x0KpHcvEPw/o.jpg,False,"{'address1': '885 S Rochester', 'address2': 'Suite 100', 'address3': None, 'city': 'Mukwonago', 'zip_code': '53149', 'country': 'US', 'state': 'WI', 'display_address': ['885 S Rochester', 'Suite 100', 'Mukwonago, WI 53149']}",Starbucks,+12623630727,,3.0,2,[],https://www.yelp.com/biz/starbucks-mukwonago?adjust_creative=GVWAITeAe13hPk5JlriDSg&utm_campaign=yelp_api_v3&utm_medium=api_v3_business_search&utm_source=GVWAITeAe13hPk5JlriDSg
arbys-mukwonago,"[{'alias': 'hotdogs', 'title': 'Fast Food'}, {'alias': 'sandwiches', 'title': 'Sandwiches'}]","{'latitude': 42.8495773364761, 'longitude': -88.3210379018058}",(262) 264-6888,14926.249405553843,fLRjv0tdrDxWQH5wPY1bPQ,,False,"{'address1': '122 Arrowhead Dr', 'address2': '', 'address3': None, 'city': 'Mukwonago', 'zip_code': '53149', 'country': 'US', 'state': 'WI', 'display_address': ['122 Arrowhead Dr', 'Mukwonago, WI 53149']}",Arby's,+12622646888,$,3.0,2,[],https://www.yelp.com/biz/arbys-mukwonago?adjust_creative=GVWAITeAe13hPk5JlriDSg&utm_campaign=yelp_api_v3&utm_medium=api_v3_business_search&utm_source=GVWAITeAe13hPk5JlriDSg
brookwood-mukwonago,"[{'alias': 'pubs', 'title': 'Pubs'}, {'alias': 'tradamerican', 'title': 'American (Traditional)'}]","{'latitude': 42.8694222423884, 'longitude': -88.3335113525391}",(262) 594-3030,13458.679218940979,Jmm3SwNcMbzJIYZd81V7og,https://s3-media3.fl.yelpcdn.com/bphoto/9Dhe-IGCrCYTgQvW5KXQTQ/o.jpg,False,"{'address1': 'W343 S10206 County Hwy E', 'address2': None, 'address3': None, 'city': 'Mukwonago', 'zip_code': '53149', 'country': 'US', 'state': 'WI', 'display_address': ['W343 S10206 County Hwy E', 'Mukwonago, WI 53149']}",Brookwood,+12625943030,,2.5,3,[],https://www.yelp.com/biz/brookwood-mukwonago?adjust_creative=GVWAITeAe13hPk5JlriDSg&utm_campaign=yelp_api_v3&utm_medium=api_v3_business_search&utm_source=GVWAITeAe13hPk5JlriDSg
silver-lake-inn-elkhorn,"[{'alias': 'bars', 'title': 'Bars'}, {'alias': 'burgers', 'title': 'Burgers'}, {'alias': 'sandwiches', 'title': 'Sandwiches'}]","{'latitude': 42.737935, 'longitude': -88.576298}",(262) 742-4777,17793.325465067363,RFbhaY2pYAZagh5bk-So3g,https://s3-media3.fl.yelpcdn.com/bphoto/KCB0IULHw4ORWIkYNB0cwA/o.jpg,False,"{'address1': 'W5534 County Rd A', 'address2': '', 'address3': '', 'city': 'Elkhorn', 'zip_code': '53121', 'country': 'US', 'state': 'WI', 'display_address': ['W5534 County Rd A', 'Elkhorn, WI 53121']}",Silver Lake Inn,+12627424777,$,3.0,4,[],https://www.yelp.com/biz/silver-lake-inn-elkhorn?adjust_creative=GVWAITeAe13hPk5JlriDSg&utm_campaign=yelp_api_v3&utm_medium=api_v3_business_search&utm_source=GVWAITeAe13hPk5JlriDSg
qdoba-mexican-eats-mukwonago,"[{'alias': 'hotdogs', 'title': 'Fast Food'}, {'alias': 'mexican', 'title': 'Mexican'}]","{'latitude': 42.8538567, 'longitude': -88.3252907}",(262) 953-2535,14464.800726932726,IQ45k2yzL2w5JpxZDaYQuw,https://s3-media4.fl.yelpcdn.com/bphoto/sKIsJDDwjhJuYrcrS79acg/o.jpg,False,"{'address1': '885 S Rochester St', 'address2': 'Ste 200', 'address3': None, 'city': 'Mukwonago', 'zip_code': '53149', 'country': 'US', 'state': 'WI', 'display_address': ['885 S Rochester St', 'Ste 200', 'Mukwonago, WI 53149']}",QDOBA Mexican Eats,+12629532535,,3.5,4,[],https://www.yelp.com/biz/qdoba-mexican-eats-mukwonago?adjust_creative=GVWAITeAe13hPk5JlriDSg&utm_campaign=yelp_api_v3&utm_medium=api_v3_business_search&utm_source=GVWAITeAe13hPk5JlriDSg
cafe-buzzz-wales,"[{'alias': 'breakfast_brunch', 'title': 'Breakfast & Brunch'}, {'alias': 'cafes', 'title': 'Cafes'}]","{'latitude': 43.013515, 'longitude': -88.380386}",(262) 968-9000,16972.170822930042,hURhla_qyWo1Ar2UN6FssA,https://s3-media1.fl.yelpcdn.com/bphoto/L7Rkb-geHBB1p-b-mTTQ2A/o.jpg,False,"{'address1': '200 W Summit Ave', 'address2': '', 'address3': '', 'city': 'Wales', 'zip_code': '53183', 'country': 'US', 'state': 'WI', 'display_address': ['200 W Summit Ave', 'Wales, WI 53183']}",Cafe Buzzz,+12629689000,$,3.0,4,[],https://www.yelp.com/biz/cafe-buzzz-wales?adjust_creative=GVWAITeAe13hPk5JlriDSg&utm_campaign=yelp_api_v3&utm_medium=api_v3_business_search&utm_source=GVWAITeAe13hPk5JlriDSg
cousins-subs-mukwonago,"[{'alias': 'sandwiches', 'title': 'Sandwiches'}, {'alias': 'delis', 'title': 'Delis'}]","{'latitude': 42.86386, 'longitude': -88.3333}",(262) 363-2000,13579.645055844607,VBVtZuDe1l2xRxFkufCGQg,https://s3-media3.fl.yelpcdn.com/bphoto/xls8ax7xGw3jNiqQHhTUQw/o.jpg,False,"{'address1': '207 N Rochester St', 'address2': '', 'address3': '', 'city': 'Mukwonago', 'zip_code': '53149', 'country': 'US', 'state': 'WI', 'display_address': ['207 N Rochester St', 'Mukwonago, WI 53149']}",Cousins Subs,+12623632000,$$,2.5,3,[],https://www.yelp.com/biz/cousins-subs-mukwonago?adjust_creative=GVWAITeAe13hPk5JlriDSg&utm_campaign=yelp_api_v3&utm_medium=api_v3_business_search&utm_source=GVWAITeAe13hPk5JlriDSg
subway-mukwonago-2,"[{'alias': 'sandwiches', 'title': 'Sandwiches'}, {'alias': 'hotdogs', 'title': 'Fast Food'}]","{'latitude': 42.86453, 'longitude': -88.3336}",(262) 363-7827,13543.205374783722,MZda_BwBDj7t3h5ZWAMdaA,,False,"{'address1': '103 Lake St', 'address2': '', 'address3': '', 'city': 'Mukwonago', 'zip_code': '53149', 'country': 'US', 'state': 'WI', 'display_address': ['103 Lake St', 'Mukwonago, WI 53149']}",Subway,+12623637827,,3.0,3,[],https://www.yelp.com/biz/subway-mukwonago-2?adjust_creative=GVWAITeAe13hPk5JlriDSg&utm_campaign=yelp_api_v3&utm_medium=api_v3_business_search&utm_source=GVWAITeAe13hPk5JlriDSg
walworth-inn-tavern-elkhorn-2,"[{'alias': 'bars', 'title': 'Bars'}]","{'latitude': 42.7371483296156, 'longitude': -88.5619235783815}",(262) 742-3394,17461.056211640058,MPaZFTKjdDHIa4GCLDyUVw,https://s3-media2.fl.yelpcdn.com/bphoto/cxaIQF2n8wwMtehyhuVR8Q/o.jpg,False,"{'address1': 'W5296 County Road A', 'address2': None, 'address3': '', 'city': 'Elkhorn', 'zip_code': '53121', 'country': 'US', 'state': 'WI', 'display_address': ['W5296 County Road A', 'Elkhorn, WI 53121']}",Walworth Inn Tavern,+12627423394,$,4.0,2,[],https://www.yelp.com/biz/walworth-inn-tavern-elkhorn-2?adjust_creative=GVWAITeAe13hPk5JlriDSg&utm_campaign=yelp_api_v3&utm_medium=api_v3_business_search&utm_source=GVWAITeAe13hPk5JlriDSg
petes-place-fort-atkinson,"[{'alias': 'restaurants', 'title': 'Restaurants'}]","{'latitude': 42.9256134, 'longitude': -88.6879196}",(262) 593-8319,16164.732129653528,7D-tM4J7_EoSY5x9VckKjw,https://s3-media1.fl.yelpcdn.com/bphoto/QnrogYjNF1Lda3bzlBmH3Q/o.jpg,False,"{'address1': 'W3075 Green Isle Dr', 'address2': '', 'address3': '', 'city': 'Fort Atkinson', 'zip_code': '53538', 'country': 'US', 'state': 'WI', 'display_address': ['W3075 Green Isle Dr', 'Fort Atkinson, WI 53538']}",Pete's Place,+12625938319,,4.0,1,[],https://www.yelp.com/biz/petes-place-fort-atkinson?adjust_creative=GVWAITeAe13hPk5JlriDSg&utm_campaign=yelp_api_v3&utm_medium=api_v3_business_search&utm_source=GVWAITeAe13hPk5JlriDSg
dairy-queen-mukwonago,"[{'alias': 'hotdogs', 'title': 'Fast Food'}, {'alias': 'icecream', 'title': 'Ice Cream & Frozen Yogurt'}]","{'latitude': 42.8522703189023, 'longitude': -88.3250733268525}",(262) 363-9072,14527.979250757633,xLNMxDeFPPL_r5v8oBmH9w,https://s3-media2.fl.yelpcdn.com/bphoto/7xJ_8nf16TX9d-Tg01Q2UA/o.jpg,False,"{'address1': '215 Bay View Rd', 'address2': '', 'address3': '', 'city': 'Mukwonago', 'zip_code': '53149', 'country': 'US', 'state': 'WI', 'display_address': ['215 Bay View Rd', 'Mukwonago, WI 53149']}",Dairy Queen,+12623639072,$,2.0,2,[],https://www.yelp.com/biz/dairy-queen-mukwonago?adjust_creative=GVWAITeAe13hPk5JlriDSg&utm_campaign=yelp_api_v3&utm_medium=api_v3_business_search&utm_source=GVWAITeAe13hPk5JlriDSg
genoa-pizza-palmyra-3,"[{'alias': 'pizza', 'title': 'Pizza'}]","{'latitude': 42.8781561976667, 'longitude': -88.5860949754715}",(262) 495-3480,7330.803605556455,ui1BjFH3sg5lEzwjeznv7w,https://s3-media2.fl.yelpcdn.com/bphoto/dCLqoKPc762jtEzjwQSELQ/o.jpg,False,"{'address1': '111 S 2nd St', 'address2': '', 'address3': '', 'city': 'Palmyra', 'zip_code': '53156', 'country': 'US', 'state': 'WI', 'display_address': ['111 S 2nd St', 'Palmyra, WI 53156']}",Genoa Pizza,+12624953480,,2.5,2,[],https://www.yelp.com/biz/genoa-pizza-palmyra-3?adjust_creative=GVWAITeAe13hPk5JlriDSg&utm_campaign=yelp_api_v3&utm_medium=api_v3_business_search&utm_source=GVWAITeAe13hPk5JlriDSg
pizza-hut-mukwonago,"[{'alias': 'pizza', 'title': 'Pizza'}, {'alias': 'italian', 'title': 'Italian'}, {'alias': 'chicken_wings', 'title': 'Chicken Wings'}]","{'latitude': 42.851829, 'longitude': -88.334587}",(262) 363-8875,13797.088286639564,iFHT_rN_gyXYjQmZr4o7gg,https://s3-media1.fl.yelpcdn.com/bphoto/_sM-MZtlhkr73bUHJznGHw/o.jpg,False,"{'address1': '955 S Main St', 'address2': '', 'address3': 'Pizza Hut  467', 'city': 'Mukwonago', 'zip_code': '53149', 'country': 'US', 'state': 'WI', 'display_address': ['955 S Main St', 'Pizza Hut  467', 'Mukwonago, WI 53149']}",Pizza Hut,+12623638875,,1.0,3,[],https://www.yelp.com/biz/pizza-hut-mukwonago?adjust_creative=GVWAITeAe13hPk5JlriDSg&utm_campaign=yelp_api_v3&utm_medium=api_v3_business_search&utm_source=GVWAITeAe13hPk5JlriDSg
the-legend-at-brandybrook-wales,"[{'alias': 'golf', 'title': 'Golf'}]","{'latitude': 43.0064202937901, 'longitude': -88.3540570735931}",(262) 968-9717,17652.306688658213,YaQzONSQDDUiHaTqpLUyGA,https://s3-media1.fl.yelpcdn.com/bphoto/lAcEg7TqPQ2E2vrZYGrJPQ/o.jpg,False,"{'address1': '1 Legend Way', 'address2': '', 'address3': '', 'city': 'Wales', 'zip_code': '53183', 'country': 'US', 'state': 'WI', 'display_address': ['1 Legend Way', 'Wales, WI 53183']}",The Legend at Brandybrook,+12629689717,,2.5,3,[],https://www.yelp.com/biz/the-legend-at-brandybrook-wales?adjust_creative=GVWAITeAe13hPk5JlriDSg&utm_campaign=yelp_api_v3&utm_medium=api_v3_business_search&utm_source=GVWAITeAe13hPk5JlriDSg
subway-east-troy,"[{'alias': 'sandwiches', 'title': 'Sandwiches'}, {'alias': 'hotdogs', 'title': 'Fast Food'}]","{'latitude': 42.791004, 'longitude': -88.387192}",(262) 642-7317,13923.870556272796,0-O2is8cZKF3yku3Sm3LOA,,False,"{'address1': '1946 Energy Dr', 'address2': '', 'address3': '', 'city': 'East Troy', 'zip_code': '53120', 'country': 'US', 'state': 'WI', 'display_address': ['1946 Energy Dr', 'East Troy, WI 53120']}",Subway,+12626427317,,1.0,2,[],https://www.yelp.com/biz/subway-east-troy?adjust_creative=GVWAITeAe13hPk5JlriDSg&utm_campaign=yelp_api_v3&utm_medium=api_v3_business_search&utm_source=GVWAITeAe13hPk5JlriDSg
al-smiths-saloon-east-troy,"[{'alias': 'bars', 'title': 'Bars'}]","{'latitude': 42.785759, 'longitude': -88.4051208}",(262) 642-4446,13517.52707740194,PmBf5FSEHwVMy7oCV1q2_w,https://s3-media4.fl.yelpcdn.com/bphoto/Q9Lm2xdEhh08d7k14JBvEQ/o.jpg,False,"{'address1': '2878 Main St', 'address2': '', 'address3': '', 'city': 'East Troy', 'zip_code': '53120', 'country': 'US', 'state': 'WI', 'display_address': ['2878 Main St', 'East Troy, WI 53120']}",Al Smith's Saloon,+12626424446,,4.0,1,[],https://www.yelp.com/biz/al-smiths-saloon-east-troy?adjust_creative=GVWAITeAe13hPk5JlriDSg&utm_campaign=yelp_api_v3&utm_medium=api_v3_business_search&utm_source=GVWAITeAe13hPk5JlriDSg
chamberlains-flowers-dousman,"[{'alias': 'icecream', 'title': 'Ice Cream & Frozen Yogurt'}, {'alias': 'florists', 'title': 'Florists'}]","{'latitude': 43.0147896, 'longitude': -88.4733429}",(262) 965-3384,14353.480028768532,Sxb3JhzP_OeizOcmDbZRYA,,False,"{'address1': '133 N Main St', 'address2': '', 'address3': '', 'city': 'Dousman', 'zip_code': '53118', 'country': 'US', 'state': 'WI', 'display_address': ['133 N Main St', 'Dousman, WI 53118']}",Chamberlains Flowers,+12629653384,,4.0,1,[],https://www.yelp.com/biz/chamberlains-flowers-dousman?adjust_creative=GVWAITeAe13hPk5JlriDSg&utm_campaign=yelp_api_v3&utm_medium=api_v3_business_search&utm_source=GVWAITeAe13hPk5JlriDSg
dominos-pizza-mukwonago,"[{'alias': 'pizza', 'title': 'Pizza'}, {'alias': 'chicken_wings', 'title': 'Chicken Wings'}, {'alias': 'sandwiches', 'title': 'Sandwiches'}]","{'latitude': 42.8525589327001, 'longitude': -88.3239088902855}",(262) 363-3663,14611.012237500328,df5VhgWVgjU9OusQA8SwWw,,False,"{'address1': '920 Greenwald Ct', 'address2': 'Ste 200', 'address3': None, 'city': 'Mukwonago', 'zip_code': '53149', 'country': 'US', 'state': 'WI', 'display_address': ['920 Greenwald Ct', 'Ste 200', 'Mukwonago, WI 53149']}",Domino's Pizza,+12623633663,,3.0,2,[],https://www.yelp.com/biz/dominos-pizza-mukwonago?adjust_creative=GVWAITeAe13hPk5JlriDSg&utm_campaign=yelp_api_v3&utm_medium=api_v3_business_search&utm_source=GVWAITeAe13hPk5JlriDSg
wingin-it-bar-and-grill-helenville,"[{'alias': 'chicken_wings', 'title': 'Chicken Wings'}, {'alias': 'sportsbars', 'title': 'Sports Bars'}, {'alias': 'beer_and_wine', 'title': 'Beer, Wine & Spirits'}]","{'latitude': 43.012415, 'longitude': -88.700751}",(920) 674-4114,21672.510049663084,yWdmNGnncpZ20aOyYVBzFQ,https://s3-media3.fl.yelpcdn.com/bphoto/iPtbL6r076chrF8z3eeiqw/o.jpg,False,"{'address1': 'W3326 US Hwy 18', 'address2': '', 'address3': '', 'city': 'Helenville', 'zip_code': '53137', 'country': 'US', 'state': 'WI', 'display_address': ['W3326 US Hwy 18', 'Helenville, WI 53137']}",Wingin' It Bar & Grill,+19206744114,$,2.5,3,[],https://www.yelp.com/biz/wingin-it-bar-and-grill-helenville?adjust_creative=GVWAITeAe13hPk5JlriDSg&utm_campaign=yelp_api_v3&utm_medium=api_v3_business_search&utm_source=GVWAITeAe13hPk5JlriDSg
subway-wales,"[{'alias': 'sandwiches', 'title': 'Sandwiches'}, {'alias': 'hotdogs', 'title': 'Fast Food'}]","{'latitude': 43.0082444, 'longitude': -88.3843692}",(262) 968-4880,16297.312423347197,CD1QbRyhFQ1B4MNHClFKMA,https://s3-media1.fl.yelpcdn.com/bphoto/D51bI6oyzaxTMY0UuRz-Lw/o.jpg,False,"{'address1': '323 N Wales Rd', 'address2': '', 'address3': '', 'city': 'Wales', 'zip_code': '53183', 'country': 'US', 'state': 'WI', 'display_address': ['323 N Wales Rd', 'Wales, WI 53183']}",Subway,+12629684880,,1.0,1,[],https://www.yelp.com/biz/subway-wales?adjust_creative=GVWAITeAe13hPk5JlriDSg&utm_campaign=yelp_api_v3&utm_medium=api_v3_business_search&utm_source=GVWAITeAe13hPk5JlriDSg
extra-special-touch-bakery-waukesha,"[{'alias': 'cupcakes', 'title': 'Cupcakes'}, {'alias': 'bakeries', 'title': 'Bakeries'}]","{'latitude': 42.990396, 'longitude': -88.292263}",(262) 542-5801,20243.56323633237,2K3S-lXEolG7wxPieFu4Sw,https://s3-media4.fl.yelpcdn.com/bphoto/AUNCqcfWs_y4uYIL4Eqwzw/o.jpg,False,"{'address1': 'S 29 W 27308 Green Ln', 'address2': None, 'address3': '', 'city': 'Waukesha', 'zip_code': '53188', 'country': 'US', 'state': 'WI', 'display_address': ['S 29 W 27308 Green Ln', 'Waukesha, WI 53188']}",Extra Special Touch Bakery,+12625425801,$$,5.0,1,[],https://www.yelp.com/biz/extra-special-touch-bakery-waukesha?adjust_creative=GVWAITeAe13hPk5JlriDSg&utm_campaign=yelp_api_v3&utm_medium=api_v3_business_search&utm_source=GVWAITeAe13hPk5JlriDSg
it-aint-heaven-mukwonago-2,"[{'alias': 'bars', 'title': 'Bars'}]","{'latitude': 42.877413, 'longitude': -88.302744}",(262) 363-2311,15857.994140236575,HVYOjQA7l3G4hxupknPEOw,,False,"{'address1': 'S91W27850 National Ave', 'address2': '', 'address3': '', 'city': 'Mukwonago', 'zip_code': '53149', 'country': 'US', 'state': 'WI', 'display_address': ['S91W27850 National Ave', 'Mukwonago, WI 53149']}",It Ain't Heaven,+12623632311,,1.0,1,[],https://www.yelp.com/biz/it-aint-heaven-mukwonago-2?adjust_creative=GVWAITeAe13hPk5JlriDSg&utm_campaign=yelp_api_v3&utm_medium=api_v3_business_search&utm_source=GVWAITeAe13hPk5JlriDSg
cottonwood-trailer-pie-milwaukee,"[{'alias': 'pizza', 'title': 'Pizza'}, {'alias': 'foodtrucks', 'title': 'Food Trucks'}]","{'latitude': 43.0675048828125, 'longitude': -87.8844299316406}",(202) 714-7722,54722.28128513566,yOk3mEmcuWsUMceH1gSacQ,https://s3-media1.fl.yelpcdn.com/bphoto/MuHoWK8uWDFGOG6Tc6D2_g/o.jpg,False,"{'address1': '', 'address2': '', 'address3': None, 'city': 'Milwaukee', 'zip_code': '53211', 'country': 'US', 'state': 'WI', 'display_address': ['Milwaukee, WI 53211']}",Cottonwood Trailer Pie,+12027147722,,5.0,1,[],https://www.yelp.com/biz/cottonwood-trailer-pie-milwaukee?adjust_creative=GVWAITeAe13hPk5JlriDSg&utm_campaign=yelp_api_v3&utm_medium=api_v3_business_search&utm_source=GVWAITeAe13hPk5JlriDSg
