alias,categories,coordinates,display_phone,distance,id,image_url,is_closed,location,name,phone,price,rating,review_count,transactions,url
the-coffee-house-at-chestnut-and-pine-burlington,"[{'alias': 'cafes', 'title': 'Cafes'}]","{'latitude': 42.6799874776674, 'longitude': -88.2760912763198}",(262) 661-4394,2977.7576238317956,CRBHvbL2ityq4gylSOXmBQ,https://s3-media2.fl.yelpcdn.com/bphoto/vVS-IGxVlQ-lC9TbefYTVA/o.jpg,False,"{'address1': '492 N Pine St', 'address2': '', 'address3': '', 'city': 'Burlington', 'zip_code': '53105', 'country': 'US', 'state': 'WI', 'display_address': ['492 N Pine St', 'Burlington, WI 53105']}",The Coffee House at Chestnut & Pine,+12626614394,$,4.5,79,[],https://www.yelp.com/biz/the-coffee-house-at-chestnut-and-pine-burlington?adjust_creative=GVWAITeAe13hPk5JlriDSg&utm_campaign=yelp_api_v3&utm_medium=api_v3_business_search&utm_source=GVWAITeAe13hPk5JlriDSg
freds-burlington,"[{'alias': 'burgers', 'title': 'Burgers'}]","{'latitude': 42.6809425354004, 'longitude': -88.2765197753906}",(262) 763-8370,3064.471518497775,RnL5QzZVLnOHJuOX_F4IsQ,https://s3-media3.fl.yelpcdn.com/bphoto/2ayOUZwKjUgb8yGLAW1m-A/o.jpg,False,"{'address1': '596 N Pine St', 'address2': '', 'address3': '', 'city': 'Burlington', 'zip_code': '53105', 'country': 'US', 'state': 'WI', 'display_address': ['596 N Pine St', 'Burlington, WI 53105']}",Fred's,+12627638370,$$,4.0,155,[],https://www.yelp.com/biz/freds-burlington?adjust_creative=GVWAITeAe13hPk5JlriDSg&utm_campaign=yelp_api_v3&utm_medium=api_v3_business_search&utm_source=GVWAITeAe13hPk5JlriDSg
lucky-star-pub-and-eatery-burlington,"[{'alias': 'newamerican', 'title': 'American (New)'}, {'alias': 'mexican', 'title': 'Mexican'}]","{'latitude': 42.6872520446777, 'longitude': -88.2699356079102}",(262) 763-2155,3890.5309055901557,UgvDd3lkJjbCFHY_KeMYEA,https://s3-media1.fl.yelpcdn.com/bphoto/Hn57pBMUCabDwv_qQxt0yA/o.jpg,False,"{'address1': '864 Milwaukee Ave', 'address2': '', 'address3': '', 'city': 'Burlington', 'zip_code': '53105', 'country': 'US', 'state': 'WI', 'display_address': ['864 Milwaukee Ave', 'Burlington, WI 53105']}",Lucky Star Pub & Eatery,+12627632155,$$,4.5,107,[],https://www.yelp.com/biz/lucky-star-pub-and-eatery-burlington?adjust_creative=GVWAITeAe13hPk5JlriDSg&utm_campaign=yelp_api_v3&utm_medium=api_v3_business_search&utm_source=GVWAITeAe13hPk5JlriDSg
super-tacos-moy-burlington,"[{'alias': 'mexican', 'title': 'Mexican'}]","{'latitude': 42.68067, 'longitude': -88.27796}",(262) 342-5149,3013.3981532298462,6hDOqikwfFeDvkD53NVBBw,https://s3-media3.fl.yelpcdn.com/bphoto/6KZJhGKCwdtK1Q370WmzXA/o.jpg,False,"{'address1': '140 W Chestnut St', 'address2': '', 'address3': '', 'city': 'Burlington', 'zip_code': '53105', 'country': 'US', 'state': 'WI', 'display_address': ['140 W Chestnut St', 'Burlington, WI 53105']}",Super Tacos Moy,+12623425149,$$,4.5,32,[],https://www.yelp.com/biz/super-tacos-moy-burlington?adjust_creative=GVWAITeAe13hPk5JlriDSg&utm_campaign=yelp_api_v3&utm_medium=api_v3_business_search&utm_source=GVWAITeAe13hPk5JlriDSg
napoli-restaurant-and-pizzeria-burlington,"[{'alias': 'pizza', 'title': 'Pizza'}, {'alias': 'italian', 'title': 'Italian'}]","{'latitude': 42.6773910522461, 'longitude': -88.2743072509766}",(262) 763-8390,2734.0930494524405,L6Z1ZExDmYro3OGdkzgeBw,https://s3-media4.fl.yelpcdn.com/bphoto/bJIWkAyd97ug72j-4dlvKQ/o.jpg,False,"{'address1': '132 N Pine St', 'address2': '', 'address3': '', 'city': 'Burlington', 'zip_code': '53105', 'country': 'US', 'state': 'WI', 'display_address': ['132 N Pine St', 'Burlington, WI 53105']}",Napoli Restaurant and Pizzeria,+12627638390,$$,4.0,60,[],https://www.yelp.com/biz/napoli-restaurant-and-pizzeria-burlington?adjust_creative=GVWAITeAe13hPk5JlriDSg&utm_campaign=yelp_api_v3&utm_medium=api_v3_business_search&utm_source=GVWAITeAe13hPk5JlriDSg
lake-geneva-country-meats-lake-geneva-2,"[{'alias': 'meats', 'title': 'Meat Shops'}, {'alias': 'delis', 'title': 'Delis'}]","{'latitude': 42.5946304775457, 'longitude': -88.3502161502838}",(262) 248-3339,8498.798721407231,GzbxybsLdITn-ahhbZC_nw,https://s3-media2.fl.yelpcdn.com/bphoto/s9r60_7YS5Xw1lbs0B51JQ/o.jpg,False,"{'address1': '5907 State Rd 50 E', 'address2': '', 'address3': '', 'city': 'Lake Geneva', 'zip_code': '53147', 'country': 'US', 'state': 'WI', 'display_address': ['5907 State Rd 50 E', 'Lake Geneva, WI 53147']}",Lake Geneva Country Meats,+12622483339,$$,4.5,41,[],https://www.yelp.com/biz/lake-geneva-country-meats-lake-geneva-2?adjust_creative=GVWAITeAe13hPk5JlriDSg&utm_campaign=yelp_api_v3&utm_medium=api_v3_business_search&utm_source=GVWAITeAe13hPk5JlriDSg
b-j-wentkers-historic-fine-dining-burlington,"[{'alias': 'newamerican', 'title': 'American (New)'}, {'alias': 'bars', 'title': 'Bars'}, {'alias': 'steak', 'title': 'Steakhouses'}]","{'latitude': 42.67638, 'longitude': -88.28186}",(262) 767-1514,2497.65565515641,AvY3ADs0-1mRM2FnamBNwA,https://s3-media3.fl.yelpcdn.com/bphoto/3CqhTPUuAvN_6Q9O1PlLaw/o.jpg,False,"{'address1': '230 Milwaukee Ave', 'address2': '', 'address3': '', 'city': 'Burlington', 'zip_code': '53105', 'country': 'US', 'state': 'WI', 'display_address': ['230 Milwaukee Ave', 'Burlington, WI 53105']}",B.J. Wentker's Historic Fine Dining,+12627671514,$$,3.5,53,[],https://www.yelp.com/biz/b-j-wentkers-historic-fine-dining-burlington?adjust_creative=GVWAITeAe13hPk5JlriDSg&utm_campaign=yelp_api_v3&utm_medium=api_v3_business_search&utm_source=GVWAITeAe13hPk5JlriDSg
rugans-burlington,"[{'alias': 'gastropubs', 'title': 'Gastropubs'}, {'alias': 'tapasmallplates', 'title': 'Tapas/Small Plates'}, {'alias': 'tradamerican', 'title': 'American (Traditional)'}]","{'latitude': 42.68057, 'longitude': -88.27698}",(262) 342-5177,3021.6912982278254,9Wuh9bm58ecTdKPiuV7hLw,https://s3-media3.fl.yelpcdn.com/bphoto/xdGNLlVfFuwyBOo3CJgueQ/o.jpg,False,"{'address1': '597 N Pine St', 'address2': '', 'address3': None, 'city': 'Burlington', 'zip_code': '53105', 'country': 'US', 'state': 'WI', 'display_address': ['597 N Pine St', 'Burlington, WI 53105']}",Rugan's,+12623425177,$$,4.0,31,[],https://www.yelp.com/biz/rugans-burlington?adjust_creative=GVWAITeAe13hPk5JlriDSg&utm_campaign=yelp_api_v3&utm_medium=api_v3_business_search&utm_source=GVWAITeAe13hPk5JlriDSg
zumpanos-ristorante-and-pizzeria-burlington,"[{'alias': 'pizza', 'title': 'Pizza'}, {'alias': 'italian', 'title': 'Italian'}]","{'latitude': 42.68019, 'longitude': -88.27669}",(262) 767-0581,2992.7251961538745,EbSFuTBM85Q9fjgbNvJS5A,https://s3-media3.fl.yelpcdn.com/bphoto/376DBVdO-Dr8qqu9MFjN5A/o.jpg,False,"{'address1': '180 E Chestnut St', 'address2': '', 'address3': '', 'city': 'Burlington', 'zip_code': '53105', 'country': 'US', 'state': 'WI', 'display_address': ['180 E Chestnut St', 'Burlington, WI 53105']}",Zumpano's Ristorante & Pizzeria,+12627670581,$$,4.0,35,[],https://www.yelp.com/biz/zumpanos-ristorante-and-pizzeria-burlington?adjust_creative=GVWAITeAe13hPk5JlriDSg&utm_campaign=yelp_api_v3&utm_medium=api_v3_business_search&utm_source=GVWAITeAe13hPk5JlriDSg
kiras-asian-bistro-burlington,"[{'alias': 'asianfusion', 'title': 'Asian Fusion'}]","{'latitude': 42.6759748, 'longitude': -88.2737838}",(262) 767-9999,2605.4317410070767,klJStvFUgYOiwDMPyYn1rg,https://s3-media4.fl.yelpcdn.com/bphoto/vKCATXeaMw3vXB5MCEIL6w/o.jpg,False,"{'address1': '208 S Pine St', 'address2': '', 'address3': '', 'city': 'Burlington', 'zip_code': '53105', 'country': 'US', 'state': 'WI', 'display_address': ['208 S Pine St', 'Burlington, WI 53105']}",Kira's Asian Bistro,+12627679999,$$,3.5,34,[],https://www.yelp.com/biz/kiras-asian-bistro-burlington?adjust_creative=GVWAITeAe13hPk5JlriDSg&utm_campaign=yelp_api_v3&utm_medium=api_v3_business_search&utm_source=GVWAITeAe13hPk5JlriDSg
sheila-maes-town-fryer-burlington,"[{'alias': 'tradamerican', 'title': 'American (Traditional)'}]","{'latitude': 42.6791076660156, 'longitude': -88.2693862915039}",(262) 763-9940,3063.6011718072155,1P_d4M4Y8dyUa7YDfu4sDQ,https://s3-media2.fl.yelpcdn.com/bphoto/ssZ-993t1uJAy-LelSpHoA/o.jpg,False,"{'address1': '116 N Main St', 'address2': '', 'address3': '', 'city': 'Burlington', 'zip_code': '53105', 'country': 'US', 'state': 'WI', 'display_address': ['116 N Main St', 'Burlington, WI 53105']}",Sheila Mae's Town Fryer,+12627639940,$,4.5,16,[],https://www.yelp.com/biz/sheila-maes-town-fryer-burlington?adjust_creative=GVWAITeAe13hPk5JlriDSg&utm_campaign=yelp_api_v3&utm_medium=api_v3_business_search&utm_source=GVWAITeAe13hPk5JlriDSg
the-waterfront-on-browns-lake-burlington,"[{'alias': 'pizza', 'title': 'Pizza'}, {'alias': 'sandwiches', 'title': 'Sandwiches'}, {'alias': 'tradamerican', 'title': 'American (Traditional)'}]","{'latitude': 42.6808052062988, 'longitude': -88.2486343383789}",(262) 763-9989,4204.326894915152,uY4l7B9qk6IrT0Qt5arj5Q,https://s3-media4.fl.yelpcdn.com/bphoto/6bHxc7hwXH3L0AF5_gC8QA/o.jpg,False,"{'address1': '31100 Weiler Rd', 'address2': '', 'address3': '', 'city': 'Burlington', 'zip_code': '53105', 'country': 'US', 'state': 'WI', 'display_address': ['31100 Weiler Rd', 'Burlington, WI 53105']}",The Waterfront on Brown's Lake,+12627639989,$$,3.5,44,[],https://www.yelp.com/biz/the-waterfront-on-browns-lake-burlington?adjust_creative=GVWAITeAe13hPk5JlriDSg&utm_campaign=yelp_api_v3&utm_medium=api_v3_business_search&utm_source=GVWAITeAe13hPk5JlriDSg
geneva-chophouse-lake-geneva,"[{'alias': 'seafood', 'title': 'Seafood'}, {'alias': 'salad', 'title': 'Salad'}, {'alias': 'wine_bars', 'title': 'Wine Bars'}]","{'latitude': 42.609852, 'longitude': -88.405134}",(262) 249-4788,11002.251938788304,jPAzOM7tnn7d8xCDWZx-xw,https://s3-media1.fl.yelpcdn.com/bphoto/Ro7SJvi8izn4j-hYJpBU0Q/o.jpg,False,"{'address1': '7036 Grand Geneva Way', 'address2': None, 'address3': '', 'city': 'Lake Geneva', 'zip_code': '53147', 'country': 'US', 'state': 'WI', 'display_address': ['7036 Grand Geneva Way', 'Lake Geneva, WI 53147']}",Geneva ChopHouse,+12622494788,$$$,3.5,166,[],https://www.yelp.com/biz/geneva-chophouse-lake-geneva?adjust_creative=GVWAITeAe13hPk5JlriDSg&utm_campaign=yelp_api_v3&utm_medium=api_v3_business_search&utm_source=GVWAITeAe13hPk5JlriDSg
los-compadres-burlington,"[{'alias': 'mexican', 'title': 'Mexican'}]","{'latitude': 42.68633, 'longitude': -88.27301}",(262) 763-6018,3728.235549236569,mPEvH53YA82rp1W5rP5gyQ,https://s3-media4.fl.yelpcdn.com/bphoto/FvAFDTv1wEpZ0fSXOnjNWg/o.jpg,False,"{'address1': '725 Milwaukee Ave', 'address2': '', 'address3': '', 'city': 'Burlington', 'zip_code': '53105', 'country': 'US', 'state': 'WI', 'display_address': ['725 Milwaukee Ave', 'Burlington, WI 53105']}",Los Compadres,+12627636018,$$,3.5,29,[],https://www.yelp.com/biz/los-compadres-burlington?adjust_creative=GVWAITeAe13hPk5JlriDSg&utm_campaign=yelp_api_v3&utm_medium=api_v3_business_search&utm_source=GVWAITeAe13hPk5JlriDSg
charcoal-grill-burlington-2,"[{'alias': 'newamerican', 'title': 'American (New)'}, {'alias': 'desserts', 'title': 'Desserts'}, {'alias': 'pizza', 'title': 'Pizza'}]","{'latitude': 42.6810264587402, 'longitude': -88.2752685546875}",(262) 767-0000,3119.6260305201376,3-pGtnz4vpJrmFCoZ6_PZA,https://s3-media1.fl.yelpcdn.com/bphoto/3gylt_RYFuBwowu1umhQUg/o.jpg,False,"{'address1': '580 Milwaukee Ave', 'address2': None, 'address3': None, 'city': 'Burlington', 'zip_code': '53105', 'country': 'US', 'state': 'WI', 'display_address': ['580 Milwaukee Ave', 'Burlington, WI 53105']}",Charcoal Grill,+12627670000,$$,3.0,43,[],https://www.yelp.com/biz/charcoal-grill-burlington-2?adjust_creative=GVWAITeAe13hPk5JlriDSg&utm_campaign=yelp_api_v3&utm_medium=api_v3_business_search&utm_source=GVWAITeAe13hPk5JlriDSg
liars-club-burlington,"[{'alias': 'wine_bars', 'title': 'Wine Bars'}, {'alias': 'cocktailbars', 'title': 'Cocktail Bars'}]","{'latitude': 42.68006, 'longitude': -88.27604}",(262) 661-4394,2979.8960575744377,7OWn1gfB6jjuikQEpoaifw,https://s3-media3.fl.yelpcdn.com/bphoto/xxRchzYQZOGgTuIMRM4cJA/o.jpg,False,"{'address1': '492 N Pine St', 'address2': None, 'address3': '', 'city': 'Burlington', 'zip_code': '53105', 'country': 'US', 'state': 'WI', 'display_address': ['492 N Pine St', 'Burlington, WI 53105']}",Liars' Club,+12626614394,$$,5.0,5,[],https://www.yelp.com/biz/liars-club-burlington?adjust_creative=GVWAITeAe13hPk5JlriDSg&utm_campaign=yelp_api_v3&utm_medium=api_v3_business_search&utm_source=GVWAITeAe13hPk5JlriDSg
allens-triangle-restaurant-burlington,"[{'alias': 'burgers', 'title': 'Burgers'}]","{'latitude': 42.66791, 'longitude': -88.28413}",(262) 767-2201,1552.0151565797,brO46juNXjLg1jrLRq_GLQ,https://s3-media2.fl.yelpcdn.com/bphoto/3Fj5MxaoZmGDp0nt_DZc8A/o.jpg,False,"{'address1': '532 McHenry St', 'address2': None, 'address3': None, 'city': 'Burlington', 'zip_code': '53105', 'country': 'US', 'state': 'WI', 'display_address': ['532 McHenry St', 'Burlington, WI 53105']}",Allen's Triangle Restaurant,+12627672201,,5.0,5,[],https://www.yelp.com/biz/allens-triangle-restaurant-burlington?adjust_creative=GVWAITeAe13hPk5JlriDSg&utm_campaign=yelp_api_v3&utm_medium=api_v3_business_search&utm_source=GVWAITeAe13hPk5JlriDSg
hafs-road-orchard-genoa-city,"[{'alias': 'markets', 'title': 'Fruits & Veggies'}, {'alias': 'localflavor', 'title': 'Local Flavor'}]","{'latitude': 42.5621605, 'longitude': -88.3311462}",(262) 279-3638,10857.074810412294,OFXHbjr9wVEW9Dq8TgQcqw,https://s3-media1.fl.yelpcdn.com/bphoto/gUFKkqK2Pd8LPlYfKmSEXg/o.jpg,False,"{'address1': 'W632 Hafs Rd', 'address2': '', 'address3': '', 'city': 'Genoa City', 'zip_code': '53128', 'country': 'US', 'state': 'WI', 'display_address': ['W632 Hafs Rd', 'Genoa City, WI 53128']}",Hafs Road Orchard,+12622793638,$$,5.0,14,[],https://www.yelp.com/biz/hafs-road-orchard-genoa-city?adjust_creative=GVWAITeAe13hPk5JlriDSg&utm_campaign=yelp_api_v3&utm_medium=api_v3_business_search&utm_source=GVWAITeAe13hPk5JlriDSg
adrians-frozen-custard-burlington,"[{'alias': 'icecream', 'title': 'Ice Cream & Frozen Yogurt'}]","{'latitude': 42.6824146, 'longitude': -88.2742874}",(262) 763-8562,3275.9377352721526,zeqNdnMnIVBCsCZzMgDCPA,https://s3-media2.fl.yelpcdn.com/bphoto/xStFxmnzGpb9zteRH0ECvQ/o.jpg,False,"{'address1': '572 Bridge St', 'address2': '', 'address3': '', 'city': 'Burlington', 'zip_code': '53105', 'country': 'US', 'state': 'WI', 'display_address': ['572 Bridge St', 'Burlington, WI 53105']}",Adrian's Frozen Custard,+12627638562,$,4.5,46,[],https://www.yelp.com/biz/adrians-frozen-custard-burlington?adjust_creative=GVWAITeAe13hPk5JlriDSg&utm_campaign=yelp_api_v3&utm_medium=api_v3_business_search&utm_source=GVWAITeAe13hPk5JlriDSg
beijing-garden-chinese-restaurant-burlington,"[{'alias': 'chinese', 'title': 'Chinese'}]","{'latitude': 42.6799011230469, 'longitude': -88.2759475708008}",(262) 767-1188,2972.741983058212,FYyT5HB8wk7Q0wCQlyRQhQ,https://s3-media2.fl.yelpcdn.com/bphoto/RZ8jROtiI8zpr8mgS2ntmQ/o.jpg,False,"{'address1': '464 N Pine St', 'address2': 'Ste 1', 'address3': '', 'city': 'Burlington', 'zip_code': '53105', 'country': 'US', 'state': 'WI', 'display_address': ['464 N Pine St', 'Ste 1', 'Burlington, WI 53105']}",Beijing Garden Chinese Restaurant,+12627671188,$,3.5,17,[],https://www.yelp.com/biz/beijing-garden-chinese-restaurant-burlington?adjust_creative=GVWAITeAe13hPk5JlriDSg&utm_campaign=yelp_api_v3&utm_medium=api_v3_business_search&utm_source=GVWAITeAe13hPk5JlriDSg
el-burrito-jarocho-burlington-2,"[{'alias': 'mexican', 'title': 'Mexican'}]","{'latitude': 42.68083, 'longitude': -88.27723}",(262) 767-1172,3050.35308862048,PGvmezfSnK5dOqnSbBForg,https://s3-media4.fl.yelpcdn.com/bphoto/4kNKMxhsun2MasbsyKSYkg/o.jpg,False,"{'address1': '557 Milwaukee Ave', 'address2': '', 'address3': '', 'city': 'Burlington', 'zip_code': '53105', 'country': 'US', 'state': 'WI', 'display_address': ['557 Milwaukee Ave', 'Burlington, WI 53105']}",El Burrito Jarocho,+12627671172,$$,3.5,15,[],https://www.yelp.com/biz/el-burrito-jarocho-burlington-2?adjust_creative=GVWAITeAe13hPk5JlriDSg&utm_campaign=yelp_api_v3&utm_medium=api_v3_business_search&utm_source=GVWAITeAe13hPk5JlriDSg
twisted-spoke-smokehouse-burlington,"[{'alias': 'bbq', 'title': 'Barbeque'}, {'alias': 'venues', 'title': 'Venues & Event Spaces'}, {'alias': 'beerbar', 'title': 'Beer Bar'}]","{'latitude': 42.63826, 'longitude': -88.28783}",(262) 539-6218,1751.6136971806066,XflY3Te5H-ijeTcB5Xj_Cw,https://s3-media2.fl.yelpcdn.com/bphoto/Os4pLQszP6Lhlnh5XHXk0g/o.jpg,False,"{'address1': '7305 McHenry St', 'address2': '', 'address3': None, 'city': 'Burlington', 'zip_code': '53105', 'country': 'US', 'state': 'WI', 'display_address': ['7305 McHenry St', 'Burlington, WI 53105']}",Twisted Spoke Smokehouse,+12625396218,$$,3.5,18,[],https://www.yelp.com/biz/twisted-spoke-smokehouse-burlington?adjust_creative=GVWAITeAe13hPk5JlriDSg&utm_campaign=yelp_api_v3&utm_medium=api_v3_business_search&utm_source=GVWAITeAe13hPk5JlriDSg
ristorante-brissago-lake-geneva-3,"[{'alias': 'italian', 'title': 'Italian'}, {'alias': 'wine_bars', 'title': 'Wine Bars'}, {'alias': 'seafood', 'title': 'Seafood'}]","{'latitude': 42.610114, 'longitude': -88.404579}",(262) 249-4788,10948.604303910639,WGLsMVHpVb9oEO8SCCmLGQ,https://s3-media3.fl.yelpcdn.com/bphoto/eOURK9J2QXrRF7X-wPFHBw/o.jpg,False,"{'address1': '7036 Grand Geneva Way', 'address2': '', 'address3': '', 'city': 'Lake Geneva', 'zip_code': '53147', 'country': 'US', 'state': 'WI', 'display_address': ['7036 Grand Geneva Way', 'Lake Geneva, WI 53147']}",Ristorante Brissago,+12622494788,$$$,3.5,76,[],https://www.yelp.com/biz/ristorante-brissago-lake-geneva-3?adjust_creative=GVWAITeAe13hPk5JlriDSg&utm_campaign=yelp_api_v3&utm_medium=api_v3_business_search&utm_source=GVWAITeAe13hPk5JlriDSg
johns-main-event-burlington,"[{'alias': 'bars', 'title': 'Bars'}, {'alias': 'tradamerican', 'title': 'American (Traditional)'}, {'alias': 'beergardens', 'title': 'Beer Gardens'}]","{'latitude': 42.680617, 'longitude': -88.276532}",(262) 763-8863,3037.6076541463476,It3YHcczgpJijJB-sTXvAw,https://s3-media2.fl.yelpcdn.com/bphoto/2zsmHAOoaYTyyHuNsOGlIg/o.jpg,False,"{'address1': '556 N Pine St', 'address2': '', 'address3': '', 'city': 'Burlington', 'zip_code': '53105', 'country': 'US', 'state': 'WI', 'display_address': ['556 N Pine St', 'Burlington, WI 53105']}",John's Main Event,+12627638863,$,3.5,13,[],https://www.yelp.com/biz/johns-main-event-burlington?adjust_creative=GVWAITeAe13hPk5JlriDSg&utm_campaign=yelp_api_v3&utm_medium=api_v3_business_search&utm_source=GVWAITeAe13hPk5JlriDSg
luisas-pizza-salem,"[{'alias': 'pizza', 'title': 'Pizza'}, {'alias': 'italian', 'title': 'Italian'}, {'alias': 'tradamerican', 'title': 'American (Traditional)'}]","{'latitude': 42.5730209, 'longitude': -88.1942825}",(262) 537-4795,11631.565371233428,MaiFxwR0z9taDjx78K9lMA,https://s3-media3.fl.yelpcdn.com/bphoto/wQNIVLVLESbhlFygPKrkVw/o.jpg,False,"{'address1': '6806 317th Ave', 'address2': '', 'address3': '', 'city': 'Salem', 'zip_code': '53168', 'country': 'US', 'state': 'WI', 'display_address': ['6806 317th Ave', 'Salem, WI 53168']}",Luisa's Pizza,+12625374795,$,4.0,39,[],https://www.yelp.com/biz/luisas-pizza-salem?adjust_creative=GVWAITeAe13hPk5JlriDSg&utm_campaign=yelp_api_v3&utm_medium=api_v3_business_search&utm_source=GVWAITeAe13hPk5JlriDSg
local-folks-burlington-2,"[{'alias': 'tradamerican', 'title': 'American (Traditional)'}, {'alias': 'pubs', 'title': 'Pubs'}, {'alias': 'breakfast_brunch', 'title': 'Breakfast & Brunch'}]","{'latitude': 42.58161, 'longitude': -88.29159}",(262) 539-3200,8053.462570760237,q6Fhwwan4XCL6BCpvGPBUA,https://s3-media2.fl.yelpcdn.com/bphoto/8d539KGFuxyAwx0DENqzSg/o.jpg,False,"{'address1': '39601 60th St', 'address2': '', 'address3': '', 'city': 'Burlington', 'zip_code': '53105', 'country': 'US', 'state': 'WI', 'display_address': ['39601 60th St', 'Burlington, WI 53105']}",Local Folks,+12625393200,$$$$,4.0,16,[],https://www.yelp.com/biz/local-folks-burlington-2?adjust_creative=GVWAITeAe13hPk5JlriDSg&utm_campaign=yelp_api_v3&utm_medium=api_v3_business_search&utm_source=GVWAITeAe13hPk5JlriDSg
silver-cloud-vape-cafe-and-gallery-burlington,"[{'alias': 'vapeshops', 'title': 'Vape Shops'}, {'alias': 'cafes', 'title': 'Cafes'}]","{'latitude': 42.6807428151369, 'longitude': -88.2768020778894}",(262) 758-6236,3056.139628688615,T_LFfP4SgKPGjzxqIXA06g,https://s3-media4.fl.yelpcdn.com/bphoto/Qf2cWJOip9nSs4XGVr_0_w/o.jpg,False,"{'address1': '588 N Pine St', 'address2': None, 'address3': '', 'city': 'Burlington', 'zip_code': '53105', 'country': 'US', 'state': 'WI', 'display_address': ['588 N Pine St', 'Burlington, WI 53105']}",Silver Cloud Vape Cafe & Gallery,+12627586236,$$,5.0,4,[],https://www.yelp.com/biz/silver-cloud-vape-cafe-and-gallery-burlington?adjust_creative=GVWAITeAe13hPk5JlriDSg&utm_campaign=yelp_api_v3&utm_medium=api_v3_business_search&utm_source=GVWAITeAe13hPk5JlriDSg
chances-rochester,"[{'alias': 'tradamerican', 'title': 'American (Traditional)'}]","{'latitude': 42.7408752441406, 'longitude': -88.2259902954102}",(262) 534-2772,10805.443291137812,LiLfSKfGgWlHGEPKzFo7Gg,https://s3-media3.fl.yelpcdn.com/bphoto/4G9cMn4t2SFRQCW9K5_ZRw/o.jpg,False,"{'address1': '205 W Main St', 'address2': '', 'address3': '', 'city': 'Rochester', 'zip_code': '53167', 'country': 'US', 'state': 'WI', 'display_address': ['205 W Main St', 'Rochester, WI 53167']}",Chances,+12625342772,$$,4.0,30,[],https://www.yelp.com/biz/chances-rochester?adjust_creative=GVWAITeAe13hPk5JlriDSg&utm_campaign=yelp_api_v3&utm_medium=api_v3_business_search&utm_source=GVWAITeAe13hPk5JlriDSg
lake-geneva-pie-company-lake-geneva-3,"[{'alias': 'desserts', 'title': 'Desserts'}, {'alias': 'newamerican', 'title': 'American (New)'}, {'alias': 'cafes', 'title': 'Cafes'}]","{'latitude': 42.6065515726805, 'longitude': -88.4246769547462}",(262) 248-5100,12349.06347718145,XqbwmIOCXPOsqC2HNqGeKA,https://s3-media4.fl.yelpcdn.com/bphoto/-3uE6uBfroVJCsPHVahBIw/o.jpg,False,"{'address1': '150 E Geneva Sq', 'address2': '', 'address3': '', 'city': 'Lake Geneva', 'zip_code': '53147', 'country': 'US', 'state': 'WI', 'display_address': ['150 E Geneva Sq', 'Lake Geneva, WI 53147']}",Lake Geneva Pie Company,+12622485100,$,3.5,37,[],https://www.yelp.com/biz/lake-geneva-pie-company-lake-geneva-3?adjust_creative=GVWAITeAe13hPk5JlriDSg&utm_campaign=yelp_api_v3&utm_medium=api_v3_business_search&utm_source=GVWAITeAe13hPk5JlriDSg
sassys-hard-pond-cafe-burlington,"[{'alias': 'cafes', 'title': 'Cafes'}]","{'latitude': 42.6513259262266, 'longitude': -88.2872879454811}",(262) 994-0275,360.1132408597012,gcc6Nu0DyNoA0v-Jg4PauQ,https://s3-media3.fl.yelpcdn.com/bphoto/6Vj40y5WeD4LI7eM3iL3Uw/o.jpg,False,"{'address1': '7850 Mchenry Ave', 'address2': '', 'address3': '', 'city': 'Burlington', 'zip_code': '53105', 'country': 'US', 'state': 'WI', 'display_address': ['7850 Mchenry Ave', 'Burlington, WI 53105']}",Sassys Hard Pond Cafe,+12629940275,$$,3.0,7,[],https://www.yelp.com/biz/sassys-hard-pond-cafe-burlington?adjust_creative=GVWAITeAe13hPk5JlriDSg&utm_campaign=yelp_api_v3&utm_medium=api_v3_business_search&utm_source=GVWAITeAe13hPk5JlriDSg
the-bunker-waterford,"[{'alias': 'bars', 'title': 'Bars'}]","{'latitude': 42.7551043, 'longitude': -88.2085402}",(262) 514-2442,12854.346960649269,6fAuSsoM7416mlr03Ini3A,https://s3-media1.fl.yelpcdn.com/bphoto/u4dJx-rk424uaFGKGMI6dQ/o.jpg,False,"{'address1': '29224 Evergreen Dr', 'address2': '', 'address3': '', 'city': 'Waterford', 'zip_code': '53185', 'country': 'US', 'state': 'WI', 'display_address': ['29224 Evergreen Dr', 'Waterford, WI 53185']}",The Bunker,+12625142442,$,4.0,20,[],https://www.yelp.com/biz/the-bunker-waterford?adjust_creative=GVWAITeAe13hPk5JlriDSg&utm_campaign=yelp_api_v3&utm_medium=api_v3_business_search&utm_source=GVWAITeAe13hPk5JlriDSg
flippys-fast-food-burlington,"[{'alias': 'hotdogs', 'title': 'Fast Food'}]","{'latitude': 42.6793174743652, 'longitude': -88.2761917114258}",(262) 763-6754,2901.9862806943815,Tcq9e5zO8sQuIPpA926h9w,https://s3-media2.fl.yelpcdn.com/bphoto/Ur1Qxtx16mDb8QVuEEo6bw/o.jpg,False,"{'address1': '401 N Pine St', 'address2': '', 'address3': '', 'city': 'Burlington', 'zip_code': '53105', 'country': 'US', 'state': 'WI', 'display_address': ['401 N Pine St', 'Burlington, WI 53105']}",Flippy's Fast Food,+12627636754,$$,2.5,18,[],https://www.yelp.com/biz/flippys-fast-food-burlington?adjust_creative=GVWAITeAe13hPk5JlriDSg&utm_campaign=yelp_api_v3&utm_medium=api_v3_business_search&utm_source=GVWAITeAe13hPk5JlriDSg
hill-country-market-salem,"[{'alias': 'gourmet', 'title': 'Specialty Food'}, {'alias': 'delis', 'title': 'Delis'}, {'alias': 'beer_and_wine', 'title': 'Beer, Wine & Spirits'}]","{'latitude': 42.5680975118462, 'longitude': -88.1585384154137}",(262) 537-4867,14067.23755237044,9RrwDOj8FOrMmiHnk69aGw,https://s3-media1.fl.yelpcdn.com/bphoto/Y-3gE2yiONlTrE90TZ0fqg/o.jpg,False,"{'address1': '7510 288th Ave', 'address2': '', 'address3': '', 'city': 'Salem', 'zip_code': '53168', 'country': 'US', 'state': 'WI', 'display_address': ['7510 288th Ave', 'Salem, WI 53168']}",Hill Country Market,+12625374867,$$,4.5,20,[],https://www.yelp.com/biz/hill-country-market-salem?adjust_creative=GVWAITeAe13hPk5JlriDSg&utm_campaign=yelp_api_v3&utm_medium=api_v3_business_search&utm_source=GVWAITeAe13hPk5JlriDSg
the-red-geranium-lake-geneva,"[{'alias': 'newamerican', 'title': 'American (New)'}]","{'latitude': 42.5937657935106, 'longitude': -88.4134968679343}",(262) 248-3637,12480.898839393505,oACH34Y5Uuq-5q2WWFuyKw,https://s3-media3.fl.yelpcdn.com/bphoto/ziwgtKrob-6wXij9o12YNg/o.jpg,False,"{'address1': '393 N Edwards Blvd', 'address2': '', 'address3': '', 'city': 'Lake Geneva', 'zip_code': '53147', 'country': 'US', 'state': 'WI', 'display_address': ['393 N Edwards Blvd', 'Lake Geneva, WI 53147']}",The Red Geranium,+12622483637,$$,3.5,53,[],https://www.yelp.com/biz/the-red-geranium-lake-geneva?adjust_creative=GVWAITeAe13hPk5JlriDSg&utm_campaign=yelp_api_v3&utm_medium=api_v3_business_search&utm_source=GVWAITeAe13hPk5JlriDSg
lily-lake-resort-burlington,"[{'alias': 'hotels', 'title': 'Hotels'}, {'alias': 'lounges', 'title': 'Lounges'}, {'alias': 'tradamerican', 'title': 'American (Traditional)'}]","{'latitude': 42.5619430541992, 'longitude': -88.2080307006836}",(262) 537-2848,12014.870796790201,ZHyf3pzHDX5Pb14OqLpioA,https://s3-media3.fl.yelpcdn.com/bphoto/v85emOHgYmBWFVyeiVopfA/o.jpg,False,"{'address1': '7910 328th Ave', 'address2': '', 'address3': '', 'city': 'Burlington', 'zip_code': '53105', 'country': 'US', 'state': 'WI', 'display_address': ['7910 328th Ave', 'Burlington, WI 53105']}",Lily Lake Resort,+12625372848,$,4.0,16,[],https://www.yelp.com/biz/lily-lake-resort-burlington?adjust_creative=GVWAITeAe13hPk5JlriDSg&utm_campaign=yelp_api_v3&utm_medium=api_v3_business_search&utm_source=GVWAITeAe13hPk5JlriDSg
jimmy-johns-burlington-5,"[{'alias': 'sandwiches', 'title': 'Sandwiches'}]","{'latitude': 42.688606, 'longitude': -88.269294}",(262) 767-1414,4052.805144831259,zrbpUJKAgGCLlLxTXnmGmA,https://s3-media2.fl.yelpcdn.com/bphoto/TQkmGJb-pTv-w4CmCJiadQ/o.jpg,False,"{'address1': '980 Milwaukee Ave', 'address2': 'Ste 100', 'address3': '', 'city': 'Burlington', 'zip_code': '53105', 'country': 'US', 'state': 'WI', 'display_address': ['980 Milwaukee Ave', 'Ste 100', 'Burlington, WI 53105']}",Jimmy John's,+12627671414,,4.5,3,[],https://www.yelp.com/biz/jimmy-johns-burlington-5?adjust_creative=GVWAITeAe13hPk5JlriDSg&utm_campaign=yelp_api_v3&utm_medium=api_v3_business_search&utm_source=GVWAITeAe13hPk5JlriDSg
chriss-usa-burlington,"[{'alias': 'tradamerican', 'title': 'American (Traditional)'}]","{'latitude': 42.6858139038086, 'longitude': -88.2722702026367}",(262) 757-0073,3683.7769554835827,1LhZlkgBmird1rSt1Vd51g,https://s3-media2.fl.yelpcdn.com/bphoto/3wBxZW-fNx_-ZKjDX8aDHw/o.jpg,False,"{'address1': '724 Milwaukee Ave', 'address2': '', 'address3': '', 'city': 'Burlington', 'zip_code': '53105', 'country': 'US', 'state': 'WI', 'display_address': ['724 Milwaukee Ave', 'Burlington, WI 53105']}",Chris's USA,+12627570073,,3.5,8,[],https://www.yelp.com/biz/chriss-usa-burlington?adjust_creative=GVWAITeAe13hPk5JlriDSg&utm_campaign=yelp_api_v3&utm_medium=api_v3_business_search&utm_source=GVWAITeAe13hPk5JlriDSg
cousins-subs-burlington,"[{'alias': 'sandwiches', 'title': 'Sandwiches'}, {'alias': 'delis', 'title': 'Delis'}]","{'latitude': 42.6743136, 'longitude': -88.272152}",(262) 763-7640,2604.159009956381,7R6vvhTQBfVU7RFvcmytrg,https://s3-media3.fl.yelpcdn.com/bphoto/X-pRtu6layfjq7Jtob97Ow/o.jpg,False,"{'address1': '206 S Pine St', 'address2': '', 'address3': '', 'city': 'Burlington', 'zip_code': '53105', 'country': 'US', 'state': 'WI', 'display_address': ['206 S Pine St', 'Burlington, WI 53105']}",Cousins Subs,+12627637640,,3.5,6,[],https://www.yelp.com/biz/cousins-subs-burlington?adjust_creative=GVWAITeAe13hPk5JlriDSg&utm_campaign=yelp_api_v3&utm_medium=api_v3_business_search&utm_source=GVWAITeAe13hPk5JlriDSg
gabbys-palace-burlington,"[{'alias': 'diners', 'title': 'Diners'}]","{'latitude': 42.6790466308594, 'longitude': -88.2754287719727}",(262) 763-4363,2889.2664096071567,4qfIFCDVImm7RQDFkVq9sQ,https://s3-media2.fl.yelpcdn.com/bphoto/E-d6nuL719kME1Mk4YcwJw/o.jpg,False,"{'address1': '356 N Pine St', 'address2': '', 'address3': '', 'city': 'Burlington', 'zip_code': '53105', 'country': 'US', 'state': 'WI', 'display_address': ['356 N Pine St', 'Burlington, WI 53105']}",Gabby's Palace,+12627634363,$,3.5,8,[],https://www.yelp.com/biz/gabbys-palace-burlington?adjust_creative=GVWAITeAe13hPk5JlriDSg&utm_campaign=yelp_api_v3&utm_medium=api_v3_business_search&utm_source=GVWAITeAe13hPk5JlriDSg
pine-street-cafe-burlington,"[{'alias': 'breakfast_brunch', 'title': 'Breakfast & Brunch'}]","{'latitude': 42.6772385, 'longitude': -88.275032}",(262) 763-9800,2704.73773022192,of7DegeKTQQzJJURWDJZkw,https://s3-media3.fl.yelpcdn.com/bphoto/j9opbPXG331wvyUFQ5S1Ag/o.jpg,False,"{'address1': '141 N Pine St', 'address2': '', 'address3': '', 'city': 'Burlington', 'zip_code': '53105', 'country': 'US', 'state': 'WI', 'display_address': ['141 N Pine St', 'Burlington, WI 53105']}",Pine Street Cafe,+12627639800,$,3.0,11,[],https://www.yelp.com/biz/pine-street-cafe-burlington?adjust_creative=GVWAITeAe13hPk5JlriDSg&utm_campaign=yelp_api_v3&utm_medium=api_v3_business_search&utm_source=GVWAITeAe13hPk5JlriDSg
the-village-tap-lyons,"[{'alias': 'burgers', 'title': 'Burgers'}, {'alias': 'bars', 'title': 'Bars'}, {'alias': 'pizza', 'title': 'Pizza'}]","{'latitude': 42.6545157, 'longitude': -88.3570959}",(262) 757-0898,5915.890262494185,zO2icJPeCT-mhNb154Jlxw,https://s3-media1.fl.yelpcdn.com/bphoto/B3mWBXh5X-Hk3vN8UmSAIA/o.jpg,False,"{'address1': '1489 Mill St', 'address2': '', 'address3': '', 'city': 'Lyons', 'zip_code': '53148', 'country': 'US', 'state': 'WI', 'display_address': ['1489 Mill St', 'Lyons, WI 53148']}",The Village Tap,+12627570898,$$,4.5,4,[],https://www.yelp.com/biz/the-village-tap-lyons?adjust_creative=GVWAITeAe13hPk5JlriDSg&utm_campaign=yelp_api_v3&utm_medium=api_v3_business_search&utm_source=GVWAITeAe13hPk5JlriDSg
top-spinning-museum-burlington,"[{'alias': 'museums', 'title': 'Museums'}]","{'latitude': 42.6807, 'longitude': -88.27743}",(262) 763-3946,3026.3387582683645,XNwAvDS2KDStVEezk7_sAg,https://s3-media2.fl.yelpcdn.com/bphoto/FW_jZ28acbR_SOz4OsKi5g/o.jpg,False,"{'address1': '533 Milwaukee Ave', 'address2': '', 'address3': '', 'city': 'Burlington', 'zip_code': '53105', 'country': 'US', 'state': 'WI', 'display_address': ['533 Milwaukee Ave', 'Burlington, WI 53105']}",Top Spinning Museum,+12627633946,,3.0,8,[],https://www.yelp.com/biz/top-spinning-museum-burlington?adjust_creative=GVWAITeAe13hPk5JlriDSg&utm_campaign=yelp_api_v3&utm_medium=api_v3_business_search&utm_source=GVWAITeAe13hPk5JlriDSg
pedal-and-cup-springfield,"[{'alias': 'tradamerican', 'title': 'American (Traditional)'}, {'alias': 'bikerentals', 'title': 'Bike Rentals'}]","{'latitude': 42.64313, 'longitude': -88.41388}",(262) 249-1111,10642.448328237675,9qsezKsVNaNECLqVVGxJIg,https://s3-media2.fl.yelpcdn.com/bphoto/4aabrZu1fhwCXmaw4p2aMw/o.jpg,False,"{'address1': '1722 N Hwy 120', 'address2': None, 'address3': '', 'city': 'Springfield', 'zip_code': '53176', 'country': 'US', 'state': 'WI', 'display_address': ['1722 N Hwy 120', 'Springfield, WI 53176']}",Pedal and Cup,+12622491111,$$,5.0,5,[],https://www.yelp.com/biz/pedal-and-cup-springfield?adjust_creative=GVWAITeAe13hPk5JlriDSg&utm_campaign=yelp_api_v3&utm_medium=api_v3_business_search&utm_source=GVWAITeAe13hPk5JlriDSg
culvers-burlington,"[{'alias': 'burgers', 'title': 'Burgers'}, {'alias': 'hotdogs', 'title': 'Fast Food'}, {'alias': 'icecream', 'title': 'Ice Cream & Frozen Yogurt'}]","{'latitude': 42.6922799, 'longitude': -88.2664}",(262) 763-5020,4509.554057119259,T5gIbCaJ-aa95ULo7-Vx4A,https://s3-media2.fl.yelpcdn.com/bphoto/f04Hi8_EuFSe1yWsR_zj8g/o.jpg,False,"{'address1': '1073 Milwaukee Ave', 'address2': '', 'address3': '', 'city': 'Burlington', 'zip_code': '53105', 'country': 'US', 'state': 'WI', 'display_address': ['1073 Milwaukee Ave', 'Burlington, WI 53105']}",Culver's,+12627635020,$$,3.0,10,[],https://www.yelp.com/biz/culvers-burlington?adjust_creative=GVWAITeAe13hPk5JlriDSg&utm_campaign=yelp_api_v3&utm_medium=api_v3_business_search&utm_source=GVWAITeAe13hPk5JlriDSg
smokeys-bar-b-que-house-lake-geneva-2,"[{'alias': 'bbq', 'title': 'Barbeque'}, {'alias': 'breakfast_brunch', 'title': 'Breakfast & Brunch'}, {'alias': 'tradamerican', 'title': 'American (Traditional)'}]","{'latitude': 42.60088, 'longitude': -88.40493}",(262) 249-3400,11386.470982556322,kUQ5P6LclpIylK3HclD-xQ,https://s3-media1.fl.yelpcdn.com/bphoto/jUdJ3TKWRqeCVz_EHC-p6A/o.jpg,False,"{'address1': '7020 Grand Geneva Way', 'address2': '', 'address3': '7020 Grand Geneva Way', 'city': 'Lake Geneva', 'zip_code': '53147', 'country': 'US', 'state': 'WI', 'display_address': ['7020 Grand Geneva Way', '7020 Grand Geneva Way', 'Lake Geneva, WI 53147']}",Smokey's Bar-B-Que House,+12622493400,$$,2.5,63,[],https://www.yelp.com/biz/smokeys-bar-b-que-house-lake-geneva-2?adjust_creative=GVWAITeAe13hPk5JlriDSg&utm_campaign=yelp_api_v3&utm_medium=api_v3_business_search&utm_source=GVWAITeAe13hPk5JlriDSg
qdoba-mexican-eats-lake-geneva,"[{'alias': 'hotdogs', 'title': 'Fast Food'}, {'alias': 'mexican', 'title': 'Mexican'}]","{'latitude': 42.5934548474429, 'longitude': -88.4152805251312}",(262) 953-2534,12622.726337979262,hbNt8Wk2ans6JnIonpKzwQ,https://s3-media4.fl.yelpcdn.com/bphoto/7nW4e0NQ3BLYsj00iw6Cnw/o.jpg,False,"{'address1': '351 Peller Rd', 'address2': None, 'address3': None, 'city': 'Lake Geneva', 'zip_code': '53147', 'country': 'US', 'state': 'WI', 'display_address': ['351 Peller Rd', 'Lake Geneva, WI 53147']}",QDOBA Mexican Eats,+12629532534,$,4.0,15,[],https://www.yelp.com/biz/qdoba-mexican-eats-lake-geneva?adjust_creative=GVWAITeAe13hPk5JlriDSg&utm_campaign=yelp_api_v3&utm_medium=api_v3_business_search&utm_source=GVWAITeAe13hPk5JlriDSg
ye-olde-hotel-bar-and-restaurant-lyons,"[{'alias': 'steak', 'title': 'Steakhouses'}, {'alias': 'sandwiches', 'title': 'Sandwiches'}, {'alias': 'italian', 'title': 'Italian'}]","{'latitude': 42.652016, 'longitude': -88.358353}",(262) 763-2701,6021.564590240506,m_le4CpfL030BZ4KM4soxA,https://s3-media2.fl.yelpcdn.com/bphoto/SuYweGbEZ2fYvuIwtBMmdw/o.jpg,False,"{'address1': '6070 N Railroad', 'address2': '', 'address3': '', 'city': 'Lyons', 'zip_code': '53148', 'country': 'US', 'state': 'WI', 'display_address': ['6070 N Railroad', 'Lyons, WI 53148']}",Ye Olde Hotel Bar and Restaurant,+12627632701,$$,3.0,14,[],https://www.yelp.com/biz/ye-olde-hotel-bar-and-restaurant-lyons?adjust_creative=GVWAITeAe13hPk5JlriDSg&utm_campaign=yelp_api_v3&utm_medium=api_v3_business_search&utm_source=GVWAITeAe13hPk5JlriDSg
chocolate-fest-burlington,"[{'alias': 'localflavor', 'title': 'Local Flavor'}]","{'latitude': 42.6724927, 'longitude': -88.2709811}",(262) 763-7185,2329.7910494698667,4670GZlbQeIloa0sxW18xg,https://s3-media3.fl.yelpcdn.com/bphoto/4cN-eugaUNc0MhVTiBYXRw/o.jpg,False,"{'address1': '327 S Pine St', 'address2': '', 'address3': '', 'city': 'Burlington', 'zip_code': '53105', 'country': 'US', 'state': 'WI', 'display_address': ['327 S Pine St', 'Burlington, WI 53105']}",Chocolate Fest,+12627637185,,2.0,13,[],https://www.yelp.com/biz/chocolate-fest-burlington?adjust_creative=GVWAITeAe13hPk5JlriDSg&utm_campaign=yelp_api_v3&utm_medium=api_v3_business_search&utm_source=GVWAITeAe13hPk5JlriDSg
mcdonalds-burlington-32,"[{'alias': 'burgers', 'title': 'Burgers'}, {'alias': 'hotdogs', 'title': 'Fast Food'}]","{'latitude': 42.6793339005703, 'longitude': -88.2739886311083}",(262) 763-8777,2953.8443632630187,cdJHt6_hrcbnlvtZUac-uQ,https://s3-media2.fl.yelpcdn.com/bphoto/w4gcXGpK7Cf2cQw5VJIxLQ/o.jpg,False,"{'address1': '240 E Jefferson St', 'address2': None, 'address3': None, 'city': 'Burlington', 'zip_code': '53105', 'country': 'US', 'state': 'WI', 'display_address': ['240 E Jefferson St', 'Burlington, WI 53105']}",McDonald's,+12627638777,$,2.0,12,[],https://www.yelp.com/biz/mcdonalds-burlington-32?adjust_creative=GVWAITeAe13hPk5JlriDSg&utm_campaign=yelp_api_v3&utm_medium=api_v3_business_search&utm_source=GVWAITeAe13hPk5JlriDSg
grand-café-lake-geneva-3,"[{'alias': 'tradamerican', 'title': 'American (Traditional)'}, {'alias': 'breakfast_brunch', 'title': 'Breakfast & Brunch'}, {'alias': 'cafes', 'title': 'Cafes'}]","{'latitude': 42.6102, 'longitude': -88.40536}",(262) 249-4788,11007.358078785985,Fv6xI-CJswToTiMWOeD0-g,https://s3-media3.fl.yelpcdn.com/bphoto/YLagQPzeZQ7xnLV7WkpR8g/o.jpg,False,"{'address1': '7036 Grand Geneva Way', 'address2': '', 'address3': '', 'city': 'Lake Geneva', 'zip_code': '53147', 'country': 'US', 'state': 'WI', 'display_address': ['7036 Grand Geneva Way', 'Lake Geneva, WI 53147']}",Grand Café,+12622494788,$$,2.5,42,[],https://www.yelp.com/biz/grand-caf%C3%A9-lake-geneva-3?adjust_creative=GVWAITeAe13hPk5JlriDSg&utm_campaign=yelp_api_v3&utm_medium=api_v3_business_search&utm_source=GVWAITeAe13hPk5JlriDSg
taco-bell-burlington-7,"[{'alias': 'hotdogs', 'title': 'Fast Food'}, {'alias': 'mexican', 'title': 'Mexican'}, {'alias': 'tex-mex', 'title': 'Tex-Mex'}]","{'latitude': 42.696866, 'longitude': -88.260625}",(262) 763-5375,5161.014842306168,vhlcsrmQrZLU5XHeTK3CnQ,https://s3-media2.fl.yelpcdn.com/bphoto/qNnPx38_Uhg_rImcqK9EaA/o.jpg,False,"{'address1': '2056 Milwaukee Ave.', 'address2': None, 'address3': None, 'city': 'Burlington', 'zip_code': '53105', 'country': 'US', 'state': 'WI', 'display_address': ['2056 Milwaukee Ave.', 'Burlington, WI 53105']}",Taco Bell,+12627635375,,3.0,10,[],https://www.yelp.com/biz/taco-bell-burlington-7?adjust_creative=GVWAITeAe13hPk5JlriDSg&utm_campaign=yelp_api_v3&utm_medium=api_v3_business_search&utm_source=GVWAITeAe13hPk5JlriDSg
java-joz-waterford,"[{'alias': 'coffee', 'title': 'Coffee & Tea'}, {'alias': 'tradamerican', 'title': 'American (Traditional)'}]","{'latitude': 42.755811, 'longitude': -88.207893}",(262) 514-4994,12939.287099586209,lKxew03SxfKr-FsO9foG9Q,https://s3-media3.fl.yelpcdn.com/bphoto/i_GKRl36-Q847_sz58o9ag/o.jpg,False,"{'address1': '29134 Evergreen Dr', 'address2': 'Ste 400', 'address3': '', 'city': 'Waterford', 'zip_code': '53185', 'country': 'US', 'state': 'WI', 'display_address': ['29134 Evergreen Dr', 'Ste 400', 'Waterford, WI 53185']}",Java Jo'z,+12625144994,$$,4.0,11,[],https://www.yelp.com/biz/java-joz-waterford?adjust_creative=GVWAITeAe13hPk5JlriDSg&utm_campaign=yelp_api_v3&utm_medium=api_v3_business_search&utm_source=GVWAITeAe13hPk5JlriDSg
dairy-queen-burlington-2,"[{'alias': 'restaurants', 'title': 'Restaurants'}]","{'latitude': 42.6726, 'longitude': -88.27014}",(262) 763-9385,2371.320960129977,Bxpe3jasHh-Ez4VuJWfNjg,,False,"{'address1': '324 S Pine St', 'address2': '', 'address3': '', 'city': 'Burlington', 'zip_code': '53105', 'country': 'US', 'state': 'WI', 'display_address': ['324 S Pine St', 'Burlington, WI 53105']}",Dairy Queen,+12627639385,$,3.5,3,[],https://www.yelp.com/biz/dairy-queen-burlington-2?adjust_creative=GVWAITeAe13hPk5JlriDSg&utm_campaign=yelp_api_v3&utm_medium=api_v3_business_search&utm_source=GVWAITeAe13hPk5JlriDSg
echo-veterans-memorial-park-burlington,"[{'alias': 'parks', 'title': 'Parks'}]","{'latitude': 42.6829032897949, 'longitude': -88.2749328613281}",,3355.417819917475,LSUtXPy3Vc026nPqvrLw0g,https://s3-media3.fl.yelpcdn.com/bphoto/6ZUPSILSv1jtLreZgYEz3w/o.jpg,False,"{'address1': '595 Milwaukee Ave', 'address2': '', 'address3': '', 'city': 'Burlington', 'zip_code': '53105', 'country': 'US', 'state': 'WI', 'display_address': ['595 Milwaukee Ave', 'Burlington, WI 53105']}",Echo Veteran's Memorial Park,,,4.5,2,[],https://www.yelp.com/biz/echo-veterans-memorial-park-burlington?adjust_creative=GVWAITeAe13hPk5JlriDSg&utm_campaign=yelp_api_v3&utm_medium=api_v3_business_search&utm_source=GVWAITeAe13hPk5JlriDSg
evolve-bar-at-the-grand-geneva-resort-lake-geneva,"[{'alias': 'bars', 'title': 'Bars'}]","{'latitude': 42.6102, 'longitude': -88.40536}",,11007.358078785985,44AUlshWDvHy3CdceAfSgg,https://s3-media2.fl.yelpcdn.com/bphoto/_eg_Y2Xw3NanOklQq95sCg/o.jpg,False,"{'address1': '7036 Grand Geneva Way', 'address2': '', 'address3': '', 'city': 'Lake Geneva', 'zip_code': '53147', 'country': 'US', 'state': 'WI', 'display_address': ['7036 Grand Geneva Way', 'Lake Geneva, WI 53147']}",Evolve Bar at the Grand Geneva Resort,,$$,3.5,9,[],https://www.yelp.com/biz/evolve-bar-at-the-grand-geneva-resort-lake-geneva?adjust_creative=GVWAITeAe13hPk5JlriDSg&utm_campaign=yelp_api_v3&utm_medium=api_v3_business_search&utm_source=GVWAITeAe13hPk5JlriDSg
bruisers-pizza-subs-salads-burlington,"[{'alias': 'pizza', 'title': 'Pizza'}]","{'latitude': 42.6852264404297, 'longitude': -88.2736968994141}",(262) 763-6008,3590.534305570826,3lmp1rZY7-Z7CabgX9Hfqg,https://s3-media2.fl.yelpcdn.com/bphoto/jQG_nHb8sajtnJOkui4v1g/o.jpg,False,"{'address1': '689 Milwaukee Ave', 'address2': '', 'address3': '', 'city': 'Burlington', 'zip_code': '53105', 'country': 'US', 'state': 'WI', 'display_address': ['689 Milwaukee Ave', 'Burlington, WI 53105']}",Bruiser's Pizza Subs Salads,+12627636008,$,3.0,5,[],https://www.yelp.com/biz/bruisers-pizza-subs-salads-burlington?adjust_creative=GVWAITeAe13hPk5JlriDSg&utm_campaign=yelp_api_v3&utm_medium=api_v3_business_search&utm_source=GVWAITeAe13hPk5JlriDSg
village-pub-of-silver-lake-silver-lake,"[{'alias': 'diners', 'title': 'Diners'}, {'alias': 'pubs', 'title': 'Pubs'}, {'alias': 'breakfast_brunch', 'title': 'Breakfast & Brunch'}]","{'latitude': 42.551563, 'longitude': -88.166519}",(262) 889-8255,14938.954498342731,Zxhk_VbuIj5SuHjEdCPIjQ,https://s3-media1.fl.yelpcdn.com/bphoto/cYUmooL4lxowZmBpyjBlzw/o.jpg,False,"{'address1': '307 N Cogswell Dr', 'address2': None, 'address3': '', 'city': 'Silver Lake', 'zip_code': '53170', 'country': 'US', 'state': 'WI', 'display_address': ['307 N Cogswell Dr', 'Silver Lake, WI 53170']}",Village Pub of Silver Lake,+12628898255,,4.5,7,[],https://www.yelp.com/biz/village-pub-of-silver-lake-silver-lake?adjust_creative=GVWAITeAe13hPk5JlriDSg&utm_campaign=yelp_api_v3&utm_medium=api_v3_business_search&utm_source=GVWAITeAe13hPk5JlriDSg
le-grand-coffee-company-burlington,"[{'alias': 'bakeries', 'title': 'Bakeries'}, {'alias': 'coffee', 'title': 'Coffee & Tea'}]","{'latitude': 42.691687, 'longitude': -88.265363}",(262) 342-5090,4480.724423632541,X1Zn0XaaR7j-RxX3whhGwA,https://s3-media2.fl.yelpcdn.com/bphoto/UzLICi40s4wPN5f8mZAU_w/o.jpg,False,"{'address1': '1054 Milwaukee Ave', 'address2': None, 'address3': '', 'city': 'Burlington', 'zip_code': '53105', 'country': 'US', 'state': 'WI', 'display_address': ['1054 Milwaukee Ave', 'Burlington, WI 53105']}",Le Grand Coffee Company,+12623425090,$,2.5,6,[],https://www.yelp.com/biz/le-grand-coffee-company-burlington?adjust_creative=GVWAITeAe13hPk5JlriDSg&utm_campaign=yelp_api_v3&utm_medium=api_v3_business_search&utm_source=GVWAITeAe13hPk5JlriDSg
subway-burlington-21,"[{'alias': 'sandwiches', 'title': 'Sandwiches'}, {'alias': 'hotdogs', 'title': 'Fast Food'}]","{'latitude': 42.6924553, 'longitude': -88.2648849}",(262) 763-8330,4133.495047359246,hdF2RHUcwNj4tX3jVjVsrw,,False,"{'address1': '1088 Milwaukee Ave', 'address2': '', 'address3': '', 'city': 'Burlington', 'zip_code': '53105', 'country': 'US', 'state': 'WI', 'display_address': ['1088 Milwaukee Ave', 'Burlington, WI 53105']}",Subway,+12627638330,,5.0,1,[],https://www.yelp.com/biz/subway-burlington-21?adjust_creative=GVWAITeAe13hPk5JlriDSg&utm_campaign=yelp_api_v3&utm_medium=api_v3_business_search&utm_source=GVWAITeAe13hPk5JlriDSg
papa-murphys-burlington,"[{'alias': 'pizza', 'title': 'Pizza'}]","{'latitude': 42.69816, 'longitude': -88.26}",(262) 767-7272,5338.759961878012,YsByY4LgjRz5oDbqS1WsVQ,,False,"{'address1': '1448 South Teut Road', 'address2': None, 'address3': None, 'city': 'Burlington', 'zip_code': '53105', 'country': 'US', 'state': 'WI', 'display_address': ['1448 South Teut Road', 'Burlington, WI 53105']}",Papa Murphy's,+12627677272,,3.5,3,[],https://www.yelp.com/biz/papa-murphys-burlington?adjust_creative=GVWAITeAe13hPk5JlriDSg&utm_campaign=yelp_api_v3&utm_medium=api_v3_business_search&utm_source=GVWAITeAe13hPk5JlriDSg
rosatis-lake-geneva,"[{'alias': 'pizza', 'title': 'Pizza'}]","{'latitude': 42.5925270671741, 'longitude': -88.4152483195066}",(262) 248-4000,12675.87620234535,7i4xZ9maz_EPX9upoZKK8w,https://s3-media4.fl.yelpcdn.com/bphoto/p1Fj6XTBqtoycOfDJa3sMg/o.jpg,False,"{'address1': '240 N Edwards Blvd', 'address2': '', 'address3': '', 'city': 'Lake Geneva', 'zip_code': '53147', 'country': 'US', 'state': 'WI', 'display_address': ['240 N Edwards Blvd', 'Lake Geneva, WI 53147']}",Rosati's,+12622484000,$,2.5,31,"['pickup', 'delivery']",https://www.yelp.com/biz/rosatis-lake-geneva?adjust_creative=GVWAITeAe13hPk5JlriDSg&utm_campaign=yelp_api_v3&utm_medium=api_v3_business_search&utm_source=GVWAITeAe13hPk5JlriDSg
bubbas-brickyard-burlington-2,"[{'alias': 'pubs', 'title': 'Pubs'}, {'alias': 'tradamerican', 'title': 'American (Traditional)'}]","{'latitude': 42.67781, 'longitude': -88.27539}",(262) 716-0023,2771.159415137343,PaNNEIdaYpnMoLeTYWyB2A,https://s3-media4.fl.yelpcdn.com/bphoto/cxymo7u_-M9TwsXyIdyJUw/o.jpg,False,"{'address1': '217 N Pine St', 'address2': None, 'address3': '', 'city': 'Burlington', 'zip_code': '53105', 'country': 'US', 'state': 'WI', 'display_address': ['217 N Pine St', 'Burlington, WI 53105']}",Bubba's Brickyard,+12627160023,,2.5,4,[],https://www.yelp.com/biz/bubbas-brickyard-burlington-2?adjust_creative=GVWAITeAe13hPk5JlriDSg&utm_campaign=yelp_api_v3&utm_medium=api_v3_business_search&utm_source=GVWAITeAe13hPk5JlriDSg
lucky-mojos-burlington,"[{'alias': 'cocktailbars', 'title': 'Cocktail Bars'}]","{'latitude': 42.67984, 'longitude': -88.27591}",(262) 757-0111,2963.820730793307,U8lET22ehgJmBlQIwrUTQQ,https://s3-media4.fl.yelpcdn.com/bphoto/aE2pbNetgqXn7xz3ptxz7g/o.jpg,False,"{'address1': '460 N Pine St', 'address2': '', 'address3': '', 'city': 'Burlington', 'zip_code': '53105', 'country': 'US', 'state': 'WI', 'display_address': ['460 N Pine St', 'Burlington, WI 53105']}",Lucky Mojo's,+12627570111,,4.0,2,[],https://www.yelp.com/biz/lucky-mojos-burlington?adjust_creative=GVWAITeAe13hPk5JlriDSg&utm_campaign=yelp_api_v3&utm_medium=api_v3_business_search&utm_source=GVWAITeAe13hPk5JlriDSg
the-dirty-hoe-saloon-kansasville,"[{'alias': 'burgers', 'title': 'Burgers'}, {'alias': 'bbq', 'title': 'Barbeque'}]","{'latitude': 42.6752899, 'longitude': -88.16944}",(262) 514-3225,9729.29898886481,GJDryBMaDywsi1r-dgB6_A,https://s3-media3.fl.yelpcdn.com/bphoto/sF8jx4yXeLeaBf8v2Qyu7g/o.jpg,False,"{'address1': '4614 Sheard Rd', 'address2': None, 'address3': '', 'city': 'Kansasville', 'zip_code': '53139', 'country': 'US', 'state': 'WI', 'display_address': ['4614 Sheard Rd', 'Kansasville, WI 53139']}",The Dirty Hoe Saloon,+12625143225,$$,4.0,5,[],https://www.yelp.com/biz/the-dirty-hoe-saloon-kansasville?adjust_creative=GVWAITeAe13hPk5JlriDSg&utm_campaign=yelp_api_v3&utm_medium=api_v3_business_search&utm_source=GVWAITeAe13hPk5JlriDSg
noodles-and-company-lake-geneva-lake-geneva,"[{'alias': 'pastashops', 'title': 'Pasta Shops'}, {'alias': 'noodles', 'title': 'Noodles'}]","{'latitude': 42.59354, 'longitude': -88.41542}",(262) 248-3644,12618.223189994878,psD355wp0yapJD0IU5HhoA,https://s3-media4.fl.yelpcdn.com/bphoto/oN3ZaZolWlM8o5fTtdIoWg/o.jpg,False,"{'address1': '351 Peller Rd', 'address2': '', 'address3': None, 'city': 'Lake Geneva', 'zip_code': '53147', 'country': 'US', 'state': 'WI', 'display_address': ['351 Peller Rd', 'Lake Geneva, WI 53147']}",Noodles & Company - Lake Geneva,+12622483644,$,3.0,13,[],https://www.yelp.com/biz/noodles-and-company-lake-geneva-lake-geneva?adjust_creative=GVWAITeAe13hPk5JlriDSg&utm_campaign=yelp_api_v3&utm_medium=api_v3_business_search&utm_source=GVWAITeAe13hPk5JlriDSg
wendys-burlington,"[{'alias': 'hotdogs', 'title': 'Fast Food'}, {'alias': 'burgers', 'title': 'Burgers'}]","{'latitude': 42.7043652967641, 'longitude': -88.2503628730774}",(262) 534-7900,6268.839350368453,IPBjBlLITacOBwXCCliPcg,https://s3-media1.fl.yelpcdn.com/bphoto/uodhbmrPDP5aAAt60S0ZrQ/o.jpg,False,"{'address1': '2049 Milwaukee Ave', 'address2': None, 'address3': None, 'city': 'Burlington', 'zip_code': '53105', 'country': 'US', 'state': 'WI', 'display_address': ['2049 Milwaukee Ave', 'Burlington, WI 53105']}",Wendy's,+12625347900,,3.0,5,[],https://www.yelp.com/biz/wendys-burlington?adjust_creative=GVWAITeAe13hPk5JlriDSg&utm_campaign=yelp_api_v3&utm_medium=api_v3_business_search&utm_source=GVWAITeAe13hPk5JlriDSg
white-river-county-park-lyons,"[{'alias': 'parks', 'title': 'Parks'}, {'alias': 'fishing', 'title': 'Fishing'}]","{'latitude': 42.6146752339615, 'longitude': -88.3938924394599}",(262) 949-9260,7804.778113043521,7k1JHJEAk9aYt9QbW8claA,https://s3-media3.fl.yelpcdn.com/bphoto/dLnZ5Vf9Eg0jDwqSnJ8BSg/o.jpg,False,"{'address1': '6503 Sheridan Springs Rd', 'address2': '', 'address3': None, 'city': 'Lyons', 'zip_code': '53148', 'country': 'US', 'state': 'WI', 'display_address': ['6503 Sheridan Springs Rd', 'Lyons, WI 53148']}",White River County Park,+12629499260,,5.0,1,[],https://www.yelp.com/biz/white-river-county-park-lyons?adjust_creative=GVWAITeAe13hPk5JlriDSg&utm_campaign=yelp_api_v3&utm_medium=api_v3_business_search&utm_source=GVWAITeAe13hPk5JlriDSg
thai-food-on-wheels-burlington,"[{'alias': 'thai', 'title': 'Thai'}, {'alias': 'foodstands', 'title': 'Food Stands'}]","{'latitude': 42.6715678745417, 'longitude': -88.2625070558197}",,2671.4252356388956,9FxKsQ6ats9v6kYlTEmJDA,https://s3-media4.fl.yelpcdn.com/bphoto/8C7cD5x0yKtsW6nf3XE89g/o.jpg,False,"{'address1': 'Bushnell Park', 'address2': '', 'address3': '', 'city': 'Burlington', 'zip_code': '53105', 'country': 'US', 'state': 'WI', 'display_address': ['Bushnell Park', 'Burlington, WI 53105']}",Thai Food on Wheels,,$,2.5,2,[],https://www.yelp.com/biz/thai-food-on-wheels-burlington?adjust_creative=GVWAITeAe13hPk5JlriDSg&utm_campaign=yelp_api_v3&utm_medium=api_v3_business_search&utm_source=GVWAITeAe13hPk5JlriDSg
sit-nbull-powers-lake,"[{'alias': 'bars', 'title': 'Bars'}, {'alias': 'sandwiches', 'title': 'Sandwiches'}]","{'latitude': 42.553583, 'longitude': -88.290648}",(262) 448-1789,11161.773552100862,rFq7xbhopqmnX4gXRjQwEw,https://s3-media3.fl.yelpcdn.com/bphoto/1sK-M0zQA9EB7M7Qq7Ouww/o.jpg,False,"{'address1': '39600 Bloomfield Rd', 'address2': '', 'address3': '', 'city': 'Powers Lake', 'zip_code': '53159', 'country': 'US', 'state': 'WI', 'display_address': ['39600 Bloomfield Rd', 'Powers Lake, WI 53159']}",Sit N'bull,+12624481789,,5.0,2,[],https://www.yelp.com/biz/sit-nbull-powers-lake?adjust_creative=GVWAITeAe13hPk5JlriDSg&utm_campaign=yelp_api_v3&utm_medium=api_v3_business_search&utm_source=GVWAITeAe13hPk5JlriDSg
kfc-burlington-6,"[{'alias': 'hotdogs', 'title': 'Fast Food'}, {'alias': 'chicken_wings', 'title': 'Chicken Wings'}, {'alias': 'chickenshop', 'title': 'Chicken Shop'}]","{'latitude': 42.6921, 'longitude': -88.2654}",(262) 763-9030,4524.867282023618,wCfQTCJcdk1LHZMTdlU6ag,https://s3-media2.fl.yelpcdn.com/bphoto/uC-V-7DEmF4sbO73KT5dqw/o.jpg,False,"{'address1': '1084 Milwaukee Ave', 'address2': '', 'address3': '', 'city': 'Burlington', 'zip_code': '53105', 'country': 'US', 'state': 'WI', 'display_address': ['1084 Milwaukee Ave', 'Burlington, WI 53105']}",KFC,+12627639030,$,3.5,3,[],https://www.yelp.com/biz/kfc-burlington-6?adjust_creative=GVWAITeAe13hPk5JlriDSg&utm_campaign=yelp_api_v3&utm_medium=api_v3_business_search&utm_source=GVWAITeAe13hPk5JlriDSg
pizza-hut-burlington-4,"[{'alias': 'pizza', 'title': 'Pizza'}, {'alias': 'italian', 'title': 'Italian'}, {'alias': 'chicken_wings', 'title': 'Chicken Wings'}]","{'latitude': 42.6923258, 'longitude': -88.2650264}",(262) 763-8432,4555.169021195232,nc4QNCZJ_fxV83ubKH0ing,https://s3-media1.fl.yelpcdn.com/bphoto/bBXQEdwVx1Miotxw8zIbHw/o.jpg,False,"{'address1': '1080 Milwaukee Ave', 'address2': '', 'address3': '', 'city': 'Burlington', 'zip_code': '53105', 'country': 'US', 'state': 'WI', 'display_address': ['1080 Milwaukee Ave', 'Burlington, WI 53105']}",Pizza Hut,+12627638432,,2.0,5,[],https://www.yelp.com/biz/pizza-hut-burlington-4?adjust_creative=GVWAITeAe13hPk5JlriDSg&utm_campaign=yelp_api_v3&utm_medium=api_v3_business_search&utm_source=GVWAITeAe13hPk5JlriDSg
starbucks-lake-geneva-2,"[{'alias': 'coffee', 'title': 'Coffee & Tea'}]","{'latitude': 42.592626, 'longitude': -88.4137905139905}",(262) 248-3010,12569.595855726951,-_oWUVpUoUf_IORIeeq77Q,https://s3-media2.fl.yelpcdn.com/bphoto/srtGPSBmXRuqMPT1e0HOdw/o.jpg,False,"{'address1': '281 N Edwards Blvd', 'address2': 'Ste A', 'address3': None, 'city': 'Lake Geneva', 'zip_code': '53147', 'country': 'US', 'state': 'WI', 'display_address': ['281 N Edwards Blvd', 'Ste A', 'Lake Geneva, WI 53147']}",Starbucks,+12622483010,$,2.5,11,[],https://www.yelp.com/biz/starbucks-lake-geneva-2?adjust_creative=GVWAITeAe13hPk5JlriDSg&utm_campaign=yelp_api_v3&utm_medium=api_v3_business_search&utm_source=GVWAITeAe13hPk5JlriDSg
pickn-save-burlington,"[{'alias': 'bakeries', 'title': 'Bakeries'}, {'alias': 'grocery', 'title': 'Grocery'}, {'alias': 'beer_and_wine', 'title': 'Beer, Wine & Spirits'}, {'alias': 'florists', 'title': 'Florists'}]","{'latitude': 42.6930765, 'longitude': -88.2642261}",(262) 763-3646,4678.715127420799,9PeP7bDSBTSZh4rVqPxaZg,,False,"{'address1': '1120 Milwaukee Ave', 'address2': '', 'address3': '', 'city': 'Burlington', 'zip_code': '53105', 'country': 'US', 'state': 'WI', 'display_address': ['1120 Milwaukee Ave', 'Burlington, WI 53105']}",Pick'n Save,+12627633646,,2.5,2,[],https://www.yelp.com/biz/pickn-save-burlington?adjust_creative=GVWAITeAe13hPk5JlriDSg&utm_campaign=yelp_api_v3&utm_medium=api_v3_business_search&utm_source=GVWAITeAe13hPk5JlriDSg
dominos-pizza-burlington-7,"[{'alias': 'pizza', 'title': 'Pizza'}, {'alias': 'chicken_wings', 'title': 'Chicken Wings'}, {'alias': 'sandwiches', 'title': 'Sandwiches'}]","{'latitude': 42.7058143615723, 'longitude': -88.2430877685547}",(262) 767-0210,6685.310809251835,TxkItEbLoRp3992ygPL_cg,https://s3-media2.fl.yelpcdn.com/bphoto/tcgkDfper9dtxyPwGciwGw/o.jpg,False,"{'address1': '2088 Milwaukee Ave', 'address2': '', 'address3': '', 'city': 'Burlington', 'zip_code': '53105', 'country': 'US', 'state': 'WI', 'display_address': ['2088 Milwaukee Ave', 'Burlington, WI 53105']}",Domino's Pizza,+12627670210,,2.5,2,[],https://www.yelp.com/biz/dominos-pizza-burlington-7?adjust_creative=GVWAITeAe13hPk5JlriDSg&utm_campaign=yelp_api_v3&utm_medium=api_v3_business_search&utm_source=GVWAITeAe13hPk5JlriDSg
honey-lake-inn-burlington,"[{'alias': 'bars', 'title': 'Bars'}, {'alias': 'pizza', 'title': 'Pizza'}]","{'latitude': 42.71912, 'longitude': -88.30549}",(262) 514-2777,7449.958770327711,8VAFsg8U6ohZsvBgAjB6yQ,https://s3-media2.fl.yelpcdn.com/bphoto/hyG-UACNiRmThjQJL4_B0g/o.jpg,False,"{'address1': '35415 Academy Rd', 'address2': None, 'address3': '', 'city': 'Burlington', 'zip_code': '53105', 'country': 'US', 'state': 'WI', 'display_address': ['35415 Academy Rd', 'Burlington, WI 53105']}",Honey Lake Inn,+12625142777,,4.0,1,[],https://www.yelp.com/biz/honey-lake-inn-burlington?adjust_creative=GVWAITeAe13hPk5JlriDSg&utm_campaign=yelp_api_v3&utm_medium=api_v3_business_search&utm_source=GVWAITeAe13hPk5JlriDSg
subway-burlington-9,"[{'alias': 'sandwiches', 'title': 'Sandwiches'}, {'alias': 'hotdogs', 'title': 'Fast Food'}]","{'latitude': 42.7034721374512, 'longitude': -88.2527313232422}",(262) 763-5144,6033.12124178477,Gt0P09elu3gRx48Qg9gnuw,https://s3-media2.fl.yelpcdn.com/bphoto/A7pS7_CpOm6_8QG8emaerw/o.jpg,False,"{'address1': '1901 Milwaukee Ave', 'address2': None, 'address3': None, 'city': 'Burlington', 'zip_code': '53105', 'country': 'US', 'state': 'WI', 'display_address': ['1901 Milwaukee Ave', 'Burlington, WI 53105']}",Subway,+12627635144,$,3.0,1,[],https://www.yelp.com/biz/subway-burlington-9?adjust_creative=GVWAITeAe13hPk5JlriDSg&utm_campaign=yelp_api_v3&utm_medium=api_v3_business_search&utm_source=GVWAITeAe13hPk5JlriDSg
the-rivalry-burlington,"[{'alias': 'sportsbars', 'title': 'Sports Bars'}]","{'latitude': 42.6798996734645, 'longitude': -88.2701367884874}",(262) 767-2891,3120.542249213832,7w8FKJjpj5iMG-3rZwJIfQ,,False,"{'address1': '232 N Main St', 'address2': '', 'address3': '', 'city': 'Burlington', 'zip_code': '53105', 'country': 'US', 'state': 'WI', 'display_address': ['232 N Main St', 'Burlington, WI 53105']}",The Rivalry,+12627672891,,5.0,1,[],https://www.yelp.com/biz/the-rivalry-burlington?adjust_creative=GVWAITeAe13hPk5JlriDSg&utm_campaign=yelp_api_v3&utm_medium=api_v3_business_search&utm_source=GVWAITeAe13hPk5JlriDSg
b-and-d-village-inn-new-munster,"[{'alias': 'bars', 'title': 'Bars'}]","{'latitude': 42.579898, 'longitude': -88.228019}",(262) 537-4719,9473.465333303528,TMwpnjUt2qyaRJo5CQOtYw,https://s3-media4.fl.yelpcdn.com/bphoto/3akBwLbLhCB0piNSG6HyCw/o.jpg,False,"{'address1': '34414 Geneva Rd', 'address2': '', 'address3': '', 'city': 'New Munster', 'zip_code': '53152', 'country': 'US', 'state': 'WI', 'display_address': ['34414 Geneva Rd', 'New Munster, WI 53152']}",B & D Village Inn,+12625374719,,3.5,2,[],https://www.yelp.com/biz/b-and-d-village-inn-new-munster?adjust_creative=GVWAITeAe13hPk5JlriDSg&utm_campaign=yelp_api_v3&utm_medium=api_v3_business_search&utm_source=GVWAITeAe13hPk5JlriDSg
taco-bell-lake-geneva,"[{'alias': 'mexican', 'title': 'Mexican'}, {'alias': 'tex-mex', 'title': 'Tex-Mex'}, {'alias': 'hotdogs', 'title': 'Fast Food'}]","{'latitude': 42.5926281839301, 'longitude': -88.4147379231475}",(262) 249-0448,12634.641103709702,D6vCehqznp0Zb8-W5ESZ_Q,https://s3-media3.fl.yelpcdn.com/bphoto/IBv_8pJqANKk3w51diND9A/o.jpg,False,"{'address1': '280 Edwards Blvd', 'address2': '', 'address3': '', 'city': 'Lake Geneva', 'zip_code': '53147', 'country': 'US', 'state': 'WI', 'display_address': ['280 Edwards Blvd', 'Lake Geneva, WI 53147']}",Taco Bell,+12622490448,$,2.5,6,[],https://www.yelp.com/biz/taco-bell-lake-geneva?adjust_creative=GVWAITeAe13hPk5JlriDSg&utm_campaign=yelp_api_v3&utm_medium=api_v3_business_search&utm_source=GVWAITeAe13hPk5JlriDSg
venture-inn-bar-and-grill-burlington,"[{'alias': 'bars', 'title': 'Bars'}, {'alias': 'tradamerican', 'title': 'American (Traditional)'}]","{'latitude': 42.684, 'longitude': -88.18894}",(262) 332-7941,8517.401083248022,5xGdF4-FLz-SyL6UNVN2fg,https://s3-media3.fl.yelpcdn.com/bphoto/vdKpTgex9dCLLkpZtA-IxQ/o.jpg,False,"{'address1': '28006 Durand Ave', 'address2': None, 'address3': '', 'city': 'Burlington', 'zip_code': '53105', 'country': 'US', 'state': 'WI', 'display_address': ['28006 Durand Ave', 'Burlington, WI 53105']}",Venture Inn Bar & Grill,+12623327941,,2.5,3,[],https://www.yelp.com/biz/venture-inn-bar-and-grill-burlington?adjust_creative=GVWAITeAe13hPk5JlriDSg&utm_campaign=yelp_api_v3&utm_medium=api_v3_business_search&utm_source=GVWAITeAe13hPk5JlriDSg
burger-king-waterford-2,"[{'alias': 'burgers', 'title': 'Burgers'}]","{'latitude': 42.75407, 'longitude': -88.20813}",(262) 534-6619,12769.262864341998,PFzuiKavd4SUKDT26rWOyw,https://s3-media2.fl.yelpcdn.com/bphoto/zQqR9eKHBIlTaQAucXX6pA/o.jpg,False,"{'address1': '2723 Beck Dr', 'address2': '', 'address3': '', 'city': 'Waterford', 'zip_code': '53185', 'country': 'US', 'state': 'WI', 'display_address': ['2723 Beck Dr', 'Waterford, WI 53185']}",Burger King,+12625346619,,2.5,5,[],https://www.yelp.com/biz/burger-king-waterford-2?adjust_creative=GVWAITeAe13hPk5JlriDSg&utm_campaign=yelp_api_v3&utm_medium=api_v3_business_search&utm_source=GVWAITeAe13hPk5JlriDSg
mcdonalds-lake-geneva-2,"[{'alias': 'hotdogs', 'title': 'Fast Food'}, {'alias': 'burgers', 'title': 'Burgers'}, {'alias': 'coffee', 'title': 'Coffee & Tea'}]","{'latitude': 42.5908039, 'longitude': -88.4115856}",(262) 249-0268,12531.02903524479,ZoJoftKmFEw-L1d_CWMuPA,https://s3-media4.fl.yelpcdn.com/bphoto/_HS4oHP1NZvD8MRP7NlRLg/o.jpg,False,"{'address1': '207 Edwards Blvd', 'address2': None, 'address3': None, 'city': 'Lake Geneva', 'zip_code': '53147', 'country': 'US', 'state': 'WI', 'display_address': ['207 Edwards Blvd', 'Lake Geneva, WI 53147']}",McDonald's,+12622490268,$$$$,2.0,8,[],https://www.yelp.com/biz/mcdonalds-lake-geneva-2?adjust_creative=GVWAITeAe13hPk5JlriDSg&utm_campaign=yelp_api_v3&utm_medium=api_v3_business_search&utm_source=GVWAITeAe13hPk5JlriDSg
millgate-general-store-burlington,"[{'alias': 'convenience', 'title': 'Convenience Stores'}, {'alias': 'delis', 'title': 'Delis'}]","{'latitude': 42.7411081364784, 'longitude': -88.2169208202724}",(262) 332-7873,11162.510650094306,2a2IggIM_4zdQP1F0TSlbQ,,False,"{'address1': '151 Millgate Dr', 'address2': '', 'address3': None, 'city': 'Burlington', 'zip_code': '53105', 'country': 'US', 'state': 'WI', 'display_address': ['151 Millgate Dr', 'Burlington, WI 53105']}",Millgate General Store,+12623327873,,2.0,3,[],https://www.yelp.com/biz/millgate-general-store-burlington?adjust_creative=GVWAITeAe13hPk5JlriDSg&utm_campaign=yelp_api_v3&utm_medium=api_v3_business_search&utm_source=GVWAITeAe13hPk5JlriDSg
luisas-pizza-salem-2,"[{'alias': 'pizza', 'title': 'Pizza'}]","{'latitude': 42.5730209, 'longitude': -88.1942825}",,11631.565371233428,SeuZgL9Vra9SnehfcyIT3w,,False,"{'address1': '6806 317th Ave', 'address2': '', 'address3': '', 'city': 'Salem', 'zip_code': '53168', 'country': 'US', 'state': 'WI', 'display_address': ['6806 317th Ave', 'Salem, WI 53168']}",Luisa's Pizza,,,3.0,2,[],https://www.yelp.com/biz/luisas-pizza-salem-2?adjust_creative=GVWAITeAe13hPk5JlriDSg&utm_campaign=yelp_api_v3&utm_medium=api_v3_business_search&utm_source=GVWAITeAe13hPk5JlriDSg
rivers-edge-salem,"[{'alias': 'bars', 'title': 'Bars'}]","{'latitude': 42.5662783275867, 'longitude': -88.1836969032884}",(262) 537-2650,12786.66675338778,X7DbQitEXOMwtgNdf4XPBw,https://s3-media2.fl.yelpcdn.com/bphoto/agu7iZMebA6rqm9idP6T6w/o.jpg,False,"{'address1': '7603 Shorewood Dr', 'address2': '', 'address3': None, 'city': 'Salem', 'zip_code': '53168', 'country': 'US', 'state': 'WI', 'display_address': ['7603 Shorewood Dr', 'Salem, WI 53168']}",Rivers Edge,+12625372650,,5.0,1,[],https://www.yelp.com/biz/rivers-edge-salem?adjust_creative=GVWAITeAe13hPk5JlriDSg&utm_campaign=yelp_api_v3&utm_medium=api_v3_business_search&utm_source=GVWAITeAe13hPk5JlriDSg
oaklands-pit-stop-powers-lake-2,"[{'alias': 'tradamerican', 'title': 'American (Traditional)'}]","{'latitude': 42.5533157587051, 'longitude': -88.2910271733999}",(262) 279-6794,11231.72812721298,QWE1Mx-eJBe_URAM5V9uDA,,False,"{'address1': '39613 Bloomfield Rd', 'address2': '', 'address3': '', 'city': 'Powers Lake', 'zip_code': '53159', 'country': 'US', 'state': 'WI', 'display_address': ['39613 Bloomfield Rd', 'Powers Lake, WI 53159']}",Oakland's Pit Stop,+12622796794,,4.0,1,[],https://www.yelp.com/biz/oaklands-pit-stop-powers-lake-2?adjust_creative=GVWAITeAe13hPk5JlriDSg&utm_campaign=yelp_api_v3&utm_medium=api_v3_business_search&utm_source=GVWAITeAe13hPk5JlriDSg
subway-lake-geneva,"[{'alias': 'sandwiches', 'title': 'Sandwiches'}, {'alias': 'hotdogs', 'title': 'Fast Food'}]","{'latitude': 42.5930786132812, 'longitude': -88.4165496826172}",(262) 248-8585,12732.924945198618,4TcI3Pp5me767sDXp8e7sA,,False,"{'address1': '300 Peller Rd', 'address2': None, 'address3': None, 'city': 'Lake Geneva', 'zip_code': '53147', 'country': 'US', 'state': 'WI', 'display_address': ['300 Peller Rd', 'Lake Geneva, WI 53147']}",Subway,+12622488585,$,1.0,1,[],https://www.yelp.com/biz/subway-lake-geneva?adjust_creative=GVWAITeAe13hPk5JlriDSg&utm_campaign=yelp_api_v3&utm_medium=api_v3_business_search&utm_source=GVWAITeAe13hPk5JlriDSg
the-hungry-moose-lake-geneva,"[{'alias': 'hotdogs', 'title': 'Fast Food'}]","{'latitude': 42.6009175778395, 'longitude': -88.4036812931299}",,11378.595423719054,iTJRiawSZpcd-X6ejgueow,https://s3-media3.fl.yelpcdn.com/bphoto/8lf6ebGEn6xTlHDf11X81A/o.jpg,False,"{'address1': '7020 Grand Geneva Way', 'address2': '', 'address3': None, 'city': 'Lake Geneva', 'zip_code': '53147', 'country': 'US', 'state': 'WI', 'display_address': ['7020 Grand Geneva Way', 'Lake Geneva, WI 53147']}",The Hungry Moose,,,3.0,1,[],https://www.yelp.com/biz/the-hungry-moose-lake-geneva?adjust_creative=GVWAITeAe13hPk5JlriDSg&utm_campaign=yelp_api_v3&utm_medium=api_v3_business_search&utm_source=GVWAITeAe13hPk5JlriDSg
cottonwood-trailer-pie-milwaukee,"[{'alias': 'pizza', 'title': 'Pizza'}, {'alias': 'foodtrucks', 'title': 'Food Trucks'}]","{'latitude': 43.0675048828125, 'longitude': -87.8844299316406}",(202) 714-7722,57969.19540845826,yOk3mEmcuWsUMceH1gSacQ,https://s3-media1.fl.yelpcdn.com/bphoto/MuHoWK8uWDFGOG6Tc6D2_g/o.jpg,False,"{'address1': '', 'address2': '', 'address3': None, 'city': 'Milwaukee', 'zip_code': '53211', 'country': 'US', 'state': 'WI', 'display_address': ['Milwaukee, WI 53211']}",Cottonwood Trailer Pie,+12027147722,,5.0,1,[],https://www.yelp.com/biz/cottonwood-trailer-pie-milwaukee?adjust_creative=GVWAITeAe13hPk5JlriDSg&utm_campaign=yelp_api_v3&utm_medium=api_v3_business_search&utm_source=GVWAITeAe13hPk5JlriDSg
da-portable-rican-portage,"[{'alias': 'foodtrucks', 'title': 'Food Trucks'}, {'alias': 'puertorican', 'title': 'Puerto Rican'}, {'alias': 'latin', 'title': 'Latin American'}]","{'latitude': 41.5780945, 'longitude': -87.177559}",(219) 706-9720,150503.44565667585,U7Tpurr_1JOD5PWBchvJ5w,https://s3-media3.fl.yelpcdn.com/bphoto/VDqXQvGA_YN3y_rwgEfx7g/o.jpg,False,"{'address1': '2556 Portage Mall', 'address2': None, 'address3': '', 'city': 'Portage', 'zip_code': '46368', 'country': 'US', 'state': 'IN', 'display_address': ['2556 Portage Mall', 'Portage, IN 46368']}",Da Portable Rican,+12197069720,$$,4.5,40,[],https://www.yelp.com/biz/da-portable-rican-portage?adjust_creative=GVWAITeAe13hPk5JlriDSg&utm_campaign=yelp_api_v3&utm_medium=api_v3_business_search&utm_source=GVWAITeAe13hPk5JlriDSg
chicago-ice-cream-truck-chicago,"[{'alias': 'foodtrucks', 'title': 'Food Trucks'}, {'alias': 'icecream', 'title': 'Ice Cream & Frozen Yogurt'}]","{'latitude': 41.9907, 'longitude': -87.7814}",(773) 961-6995,85245.87524514919,NmEfQwRZh62yFDzM83hbIw,https://s3-media3.fl.yelpcdn.com/bphoto/lXQu6Xt2Jb_2ghzue0YQug/o.jpg,False,"{'address1': '', 'address2': '', 'address3': '', 'city': 'Chicago', 'zip_code': '60646', 'country': 'US', 'state': 'IL', 'display_address': ['Chicago, IL 60646']}",Chicago Ice Cream Truck,+17739616995,$,5.0,2,[],https://www.yelp.com/biz/chicago-ice-cream-truck-chicago?adjust_creative=GVWAITeAe13hPk5JlriDSg&utm_campaign=yelp_api_v3&utm_medium=api_v3_business_search&utm_source=GVWAITeAe13hPk5JlriDSg
pure-water-systems-of-chicagoland-carol-stream-2,"[{'alias': 'waterpurification', 'title': 'Water Purification Services'}, {'alias': 'officeequipment', 'title': 'Office Equipment'}, {'alias': 'coffee', 'title': 'Coffee & Tea'}]","{'latitude': 41.89868, 'longitude': -88.11862}",(630) 384-2000,85089.24581704754,b6Fqe9FhXUMm4XEQP437ew,https://s3-media3.fl.yelpcdn.com/bphoto/ke6LEMtiK_43Mv4ER4Km2g/o.jpg,False,"{'address1': '135 E St Charles Rd', 'address2': 'Ste C2', 'address3': '', 'city': 'Carol Stream', 'zip_code': '60188', 'country': 'US', 'state': 'IL', 'display_address': ['135 E St Charles Rd', 'Ste C2', 'Carol Stream, IL 60188']}",Pure Water Systems of Chicagoland,+16303842000,,5.0,1,[],https://www.yelp.com/biz/pure-water-systems-of-chicagoland-carol-stream-2?adjust_creative=GVWAITeAe13hPk5JlriDSg&utm_campaign=yelp_api_v3&utm_medium=api_v3_business_search&utm_source=GVWAITeAe13hPk5JlriDSg
