zipcode,name,price,rating,review_count,categories
53154,Mimosa,$$,4.5,162,"[{'alias': 'breakfast_brunch', 'title': 'Breakfast & Brunch'}]"
53154,Valentine Coffee Oak Creek,$,4.5,43,"[{'alias': 'coffee', 'title': 'Coffee & Tea'}, {'alias': 'sandwiches', 'title': 'Sandwiches'}, {'alias': 'breakfast_brunch', 'title': 'Breakfast & Brunch'}]"
53154,Georgie Porgie's Treefort Restaurant,$$,4.0,109,"[{'alias': 'burgers', 'title': 'Burgers'}, {'alias': 'sandwiches', 'title': 'Sandwiches'}]"
53154,Pineapple Cafe & Mexican Grill,$$,3.5,146,"[{'alias': 'breakfast_brunch', 'title': 'Breakfast & Brunch'}, {'alias': 'mexican', 'title': 'Mexican'}, {'alias': 'cocktailbars', 'title': 'Cocktail Bars'}]"
53154,Trattoria di Carlo,$$,3.5,134,"[{'alias': 'pizza', 'title': 'Pizza'}, {'alias': 'italian', 'title': 'Italian'}]"
53154,Kopp's Frozen Custard,$,4.5,455,"[{'alias': 'icecream', 'title': 'Ice Cream & Frozen Yogurt'}, {'alias': 'burgers', 'title': 'Burgers'}]"
53154,Ervs Mug,$$,4.0,103,"[{'alias': 'tradamerican', 'title': 'American (Traditional)'}]"
53154,Oak Creek Diner,$,4.0,105,"[{'alias': 'tradamerican', 'title': 'American (Traditional)'}, {'alias': 'breakfast_brunch', 'title': 'Breakfast & Brunch'}, {'alias': 'diners', 'title': 'Diners'}]"
53154,Margarita City,$$,3.5,57,"[{'alias': 'mexican', 'title': 'Mexican'}]"
53154,BelAir Cantina,$$,3.0,140,"[{'alias': 'newmexican', 'title': 'New Mexican Cuisine'}, {'alias': 'cocktailbars', 'title': 'Cocktail Bars'}, {'alias': 'gluten_free', 'title': 'Gluten-Free'}]"
53154,Indian Delight,$,5.0,16,"[{'alias': 'indpak', 'title': 'Indian'}]"
53154,Water Street Brewery,$$,3.0,162,"[{'alias': 'tradamerican', 'title': 'American (Traditional)'}, {'alias': 'breweries', 'title': 'Breweries'}]"
53154,Oakland Gyros,$,4.5,201,"[{'alias': 'greek', 'title': 'Greek'}]"
53154,KOI Japanese Cuisine,$$,4.0,170,"[{'alias': 'japanese', 'title': 'Japanese'}, {'alias': 'sushi', 'title': 'Sushi Bars'}]"
53154,Kyoto,$$,4.0,277,"[{'alias': 'japanese', 'title': 'Japanese'}, {'alias': 'sushi', 'title': 'Sushi Bars'}]"
53154,Mulligans Irish Pub & Grill,$$,3.5,95,"[{'alias': 'pubs', 'title': 'Pubs'}, {'alias': 'irish', 'title': 'Irish'}, {'alias': 'burgers', 'title': 'Burgers'}]"
53154,Island Jam,$$,4.5,33,"[{'alias': 'caribbean', 'title': 'Caribbean'}]"
53154,Panda Gourmet,$$,3.5,46,"[{'alias': 'chinese', 'title': 'Chinese'}]"
53154,YoFresh Yogurt Cafe,$$,4.0,24,"[{'alias': 'icecream', 'title': 'Ice Cream & Frozen Yogurt'}, {'alias': 'juicebars', 'title': 'Juice Bars & Smoothies'}]"
53154,Pizza Man,$$,3.0,88,"[{'alias': 'pizza', 'title': 'Pizza'}, {'alias': 'wine_bars', 'title': 'Wine Bars'}]"
53154,Little Cancun,$$,3.5,72,"[{'alias': 'mexican', 'title': 'Mexican'}]"
53154,Melrose,$$,3.5,109,"[{'alias': 'breakfast_brunch', 'title': 'Breakfast & Brunch'}]"
53154,The Packing House,$$$,4.0,215,"[{'alias': 'tradamerican', 'title': 'American (Traditional)'}, {'alias': 'steak', 'title': 'Steakhouses'}]"
53154,Potbelly Sandwich Shop,$,4.5,12,"[{'alias': 'sandwiches', 'title': 'Sandwiches'}, {'alias': 'hotdogs', 'title': 'Fast Food'}, {'alias': 'salad', 'title': 'Salad'}]"
53154,AL-Yousef Supermarket & Restaurant,$,4.5,30,"[{'alias': 'mideastern', 'title': 'Middle Eastern'}, {'alias': 'intlgrocery', 'title': 'International Grocery'}]"
53154,Lotus,$$,3.0,73,"[{'alias': 'chinese', 'title': 'Chinese'}, {'alias': 'japanese', 'title': 'Japanese'}, {'alias': 'sushi', 'title': 'Sushi Bars'}]"
53154,Chick-fil-A,$,4.0,30,"[{'alias': 'hotdogs', 'title': 'Fast Food'}]"
53154,Cubanitas Oak Creek,,3.5,31,"[{'alias': 'cuban', 'title': 'Cuban'}]"
53154,Azteca Restaurant Mke,$$,4.0,81,"[{'alias': 'mexican', 'title': 'Mexican'}, {'alias': 'buffets', 'title': 'Buffets'}, {'alias': 'bars', 'title': 'Bars'}]"
53154,Gigi's Cupcakes,$$$,4.0,21,"[{'alias': 'cupcakes', 'title': 'Cupcakes'}]"
53154,Landmark 1850 Inn,$,4.0,43,"[{'alias': 'pubs', 'title': 'Pubs'}]"
53154,Milwaukee Burger Company,$$,3.0,221,"[{'alias': 'burgers', 'title': 'Burgers'}]"
53154,Nite Owl Ice Cream Parlour & Sandwich Shoppe,$,4.0,99,"[{'alias': 'icecream', 'title': 'Ice Cream & Frozen Yogurt'}, {'alias': 'sandwiches', 'title': 'Sandwiches'}]"
53154,The Explorium Brewpub Southridge,$$,4.0,152,"[{'alias': 'tradamerican', 'title': 'American (Traditional)'}, {'alias': 'brewpubs', 'title': 'Brewpubs'}]"
53154,Martino's Italian Beef,$,4.0,100,"[{'alias': 'hotdog', 'title': 'Hot Dogs'}, {'alias': 'tradamerican', 'title': 'American (Traditional)'}]"
53154,Stummys Burgers & Deli,$,4.5,27,"[{'alias': 'burgers', 'title': 'Burgers'}, {'alias': 'italian', 'title': 'Italian'}, {'alias': 'delis', 'title': 'Delis'}]"
53154,Bangkok House Restaurant,$$,4.0,111,"[{'alias': 'thai', 'title': 'Thai'}, {'alias': 'asianfusion', 'title': 'Asian Fusion'}, {'alias': 'seafood', 'title': 'Seafood'}]"
53154,Daddy Yo's Frozen Yogurt,$$,5.0,30,"[{'alias': 'desserts', 'title': 'Desserts'}, {'alias': 'icecream', 'title': 'Ice Cream & Frozen Yogurt'}]"
53154,The Tap Room,$$,4.0,44,"[{'alias': 'chicken_wings', 'title': 'Chicken Wings'}, {'alias': 'tradamerican', 'title': 'American (Traditional)'}, {'alias': 'beerbar', 'title': 'Beer Bar'}]"
53154,Oyagi Asian Bistro,$$,4.0,46,"[{'alias': 'seafood', 'title': 'Seafood'}, {'alias': 'asianfusion', 'title': 'Asian Fusion'}, {'alias': 'sushi', 'title': 'Sushi Bars'}]"
53154,Pho Cali,$$,4.0,125,"[{'alias': 'vietnamese', 'title': 'Vietnamese'}]"
53154,Pho Viet,$$,3.5,143,"[{'alias': 'vietnamese', 'title': 'Vietnamese'}]"
53154,Marco's Pizza,$$,3.5,23,"[{'alias': 'pizza', 'title': 'Pizza'}, {'alias': 'italian', 'title': 'Italian'}, {'alias': 'sandwiches', 'title': 'Sandwiches'}]"
53154,Branded Steer,$$,3.0,133,"[{'alias': 'steak', 'title': 'Steakhouses'}, {'alias': 'tradamerican', 'title': 'American (Traditional)'}]"
53154,El Fuego,$$,3.5,200,"[{'alias': 'mexican', 'title': 'Mexican'}]"
53154,Papa Murphy's,$,4.5,8,"[{'alias': 'pizza', 'title': 'Pizza'}]"
53154,Three Cellars,$$,4.5,18,"[{'alias': 'lounges', 'title': 'Lounges'}]"
53154,MOD Pizza,,4.0,16,"[{'alias': 'hotdogs', 'title': 'Fast Food'}, {'alias': 'pizza', 'title': 'Pizza'}]"
53154,Runway Dog Exercise Area,,4.5,15,"[{'alias': 'dog_parks', 'title': 'Dog Parks'}]"
53154,Coach's Pub'n'grill,$,4.0,56,"[{'alias': 'pubs', 'title': 'Pubs'}]"
53154,El Beso,$$,3.5,211,"[{'alias': 'mexican', 'title': 'Mexican'}]"
53154,O&H Danish Bakery,$,4.5,16,"[{'alias': 'bakeries', 'title': 'Bakeries'}]"
53154,Holy Land Grocery & Bakery,$,4.5,23,"[{'alias': 'bakeries', 'title': 'Bakeries'}]"
53154,Jalapeno Loco Mexican Restaurant,$$,4.0,116,"[{'alias': 'mexican', 'title': 'Mexican'}]"
53154,Sheridan's,$$,4.0,114,"[{'alias': 'newamerican', 'title': 'American (New)'}, {'alias': 'breakfast_brunch', 'title': 'Breakfast & Brunch'}, {'alias': 'cocktailbars', 'title': 'Cocktail Bars'}]"
53154,Indian Village Restaurant,$$,4.0,92,"[{'alias': 'indpak', 'title': 'Indian'}, {'alias': 'desserts', 'title': 'Desserts'}, {'alias': 'seafood', 'title': 'Seafood'}]"
53154,Buffalo Wild Wings,$$,2.5,50,"[{'alias': 'tradamerican', 'title': 'American (Traditional)'}, {'alias': 'sportsbars', 'title': 'Sports Bars'}, {'alias': 'chicken_wings', 'title': 'Chicken Wings'}]"
53154,Honeydip Donuts,$,4.5,40,"[{'alias': 'donuts', 'title': 'Donuts'}, {'alias': 'coffee', 'title': 'Coffee & Tea'}, {'alias': 'icecream', 'title': 'Ice Cream & Frozen Yogurt'}]"
53154,Vivere Italian Restaurant,$$,4.0,18,"[{'alias': 'italian', 'title': 'Italian'}, {'alias': 'pastashops', 'title': 'Pasta Shops'}, {'alias': 'pizza', 'title': 'Pizza'}]"
53154,Noodles & Company,$,3.0,25,"[{'alias': 'noodles', 'title': 'Noodles'}]"
53154,Final Approach,$$,4.0,85,"[{'alias': 'tradamerican', 'title': 'American (Traditional)'}]"
53154,Panera Bread,$$,3.5,25,"[{'alias': 'sandwiches', 'title': 'Sandwiches'}, {'alias': 'salad', 'title': 'Salad'}, {'alias': 'soup', 'title': 'Soup'}]"
53154,Nonna Bartolotta's,$$,3.0,123,"[{'alias': 'italian', 'title': 'Italian'}]"
53154,Moran's Pub,$,5.0,13,"[{'alias': 'sportsbars', 'title': 'Sports Bars'}, {'alias': 'irish_pubs', 'title': 'Irish Pub'}]"
53154,Joey Gerard's - A Bartolotta Supper Club,$$$,3.5,129,"[{'alias': 'steak', 'title': 'Steakhouses'}, {'alias': 'newamerican', 'title': 'American (New)'}]"
53154,Culver's,$,3.0,30,"[{'alias': 'burgers', 'title': 'Burgers'}, {'alias': 'hotdogs', 'title': 'Fast Food'}, {'alias': 'icecream', 'title': 'Ice Cream & Frozen Yogurt'}]"
53154,The Brass Tap,$$,4.0,76,"[{'alias': 'tradamerican', 'title': 'American (Traditional)'}, {'alias': 'beerbar', 'title': 'Beer Bar'}]"
53154,Toscana Italian Ristorante,$$,3.0,38,"[{'alias': 'italian', 'title': 'Italian'}, {'alias': 'pizza', 'title': 'Pizza'}]"
53154,Frankies Restaurant and Catering,$$,4.0,20,"[{'alias': 'caribbean', 'title': 'Caribbean'}, {'alias': 'african', 'title': 'African'}, {'alias': 'hotdogs', 'title': 'Fast Food'}]"
53154,Charcoal Grill & Rotisserie,$$,3.0,52,"[{'alias': 'tradamerican', 'title': 'American (Traditional)'}, {'alias': 'burgers', 'title': 'Burgers'}]"
53154,Goldcoast Subs,$,4.5,38,"[{'alias': 'sandwiches', 'title': 'Sandwiches'}]"
53154,Seven Bridges,,4.5,29,"[{'alias': 'hiking', 'title': 'Hiking'}]"
53154,Kim's Thai Restaurant,$$,3.5,121,"[{'alias': 'thai', 'title': 'Thai'}]"
53154,Ricardo's Pizza,$$,4.0,58,"[{'alias': 'pizza', 'title': 'Pizza'}]"
53154,Jersey Mike's Subs - Oak Creek,$,3.0,24,"[{'alias': 'delis', 'title': 'Delis'}, {'alias': 'hotdogs', 'title': 'Fast Food'}, {'alias': 'sandwiches', 'title': 'Sandwiches'}]"
53154,Grant Park,,4.5,16,"[{'alias': 'golf', 'title': 'Golf'}, {'alias': 'beaches', 'title': 'Beaches'}, {'alias': 'parks', 'title': 'Parks'}]"
53154,Pho Hai Tuyet,$$,3.5,92,"[{'alias': 'vietnamese', 'title': 'Vietnamese'}]"
53154,Carrabba's Italian Grill,$$,3.5,84,"[{'alias': 'italian', 'title': 'Italian'}, {'alias': 'seafood', 'title': 'Seafood'}, {'alias': 'wine_bars', 'title': 'Wine Bars'}]"
53154,Taco Stop MKE,$,3.5,42,"[{'alias': 'mexican', 'title': 'Mexican'}]"
53154,LaLa's Place,$,3.5,86,"[{'alias': 'mexican', 'title': 'Mexican'}]"
53154,Starbucks,$$,3.5,10,"[{'alias': 'coffee', 'title': 'Coffee & Tea'}]"
53154,Japanica,$$,3.5,92,"[{'alias': 'sushi', 'title': 'Sushi Bars'}, {'alias': 'japanese', 'title': 'Japanese'}]"
53154,Golden Chicken,$$,3.0,20,"[{'alias': 'chicken_wings', 'title': 'Chicken Wings'}, {'alias': 'fishnchips', 'title': 'Fish & Chips'}, {'alias': 'pizza', 'title': 'Pizza'}]"
53154,Casa Di Giorgio,$$,3.0,72,"[{'alias': 'italian', 'title': 'Italian'}]"
53154,Chick-fil-A,$,4.0,54,"[{'alias': 'hotdogs', 'title': 'Fast Food'}]"
53154,Eat Rice,$,4.0,50,"[{'alias': 'chinese', 'title': 'Chinese'}]"
53154,Old World Deli,$,4.5,17,"[{'alias': 'delis', 'title': 'Delis'}, {'alias': 'sandwiches', 'title': 'Sandwiches'}, {'alias': 'importedfood', 'title': 'Imported Food'}]"
53154,North Point Custard,$$,3.5,57,"[{'alias': 'burgers', 'title': 'Burgers'}, {'alias': 'hotdogs', 'title': 'Fast Food'}]"
53154,Oscar's Frozen Custard,$,3.0,46,"[{'alias': 'burgers', 'title': 'Burgers'}, {'alias': 'icecream', 'title': 'Ice Cream & Frozen Yogurt'}]"
53154,Ramallah Grille & Sweets,$$,4.0,39,"[{'alias': 'halal', 'title': 'Halal'}, {'alias': 'mideastern', 'title': 'Middle Eastern'}, {'alias': 'sandwiches', 'title': 'Sandwiches'}]"
53154,Jimmy John's,$,4.0,9,"[{'alias': 'sandwiches', 'title': 'Sandwiches'}, {'alias': 'delis', 'title': 'Delis'}, {'alias': 'hotdogs', 'title': 'Fast Food'}]"
53154,The Chocolate Factory,$,3.0,17,"[{'alias': 'icecream', 'title': 'Ice Cream & Frozen Yogurt'}, {'alias': 'sandwiches', 'title': 'Sandwiches'}, {'alias': 'soup', 'title': 'Soup'}]"
53154,Pizzeria Piccola,$$,3.0,113,"[{'alias': 'italian', 'title': 'Italian'}, {'alias': 'pizza', 'title': 'Pizza'}]"
53154,Pita Palace Mediterranean Cuisine,,4.0,39,"[{'alias': 'mediterranean', 'title': 'Mediterranean'}]"
53154,Applebee's Grill + Bar,$$,2.5,58,"[{'alias': 'tradamerican', 'title': 'American (Traditional)'}, {'alias': 'sportsbars', 'title': 'Sports Bars'}, {'alias': 'burgers', 'title': 'Burgers'}]"
53154,George Webb Restaurant,$,3.5,24,"[{'alias': 'tradamerican', 'title': 'American (Traditional)'}, {'alias': 'diners', 'title': 'Diners'}, {'alias': 'breakfast_brunch', 'title': 'Breakfast & Brunch'}]"
53154,The Hideaway Pub & Eatery,$$,4.0,59,"[{'alias': 'tradamerican', 'title': 'American (Traditional)'}, {'alias': 'pubs', 'title': 'Pubs'}, {'alias': 'pizza', 'title': 'Pizza'}]"
53154,Beer Belly's,$$,3.0,112,"[{'alias': 'burgers', 'title': 'Burgers'}, {'alias': 'tradamerican', 'title': 'American (Traditional)'}, {'alias': 'sportsbars', 'title': 'Sports Bars'}]"
53154,Starbucks,$$,3.5,15,"[{'alias': 'coffee', 'title': 'Coffee & Tea'}]"
53154,China House,$,4.0,26,"[{'alias': 'chinese', 'title': 'Chinese'}]"
53154,The Steakout,$$$,3.5,60,"[{'alias': 'seafood', 'title': 'Seafood'}, {'alias': 'steak', 'title': 'Steakhouses'}, {'alias': 'sandwiches', 'title': 'Sandwiches'}]"
53154,Cudahy's  Pancake House,$,4.0,32,"[{'alias': 'breakfast_brunch', 'title': 'Breakfast & Brunch'}]"
53154,Cudahy Burger Joint,$,3.5,72,"[{'alias': 'burgers', 'title': 'Burgers'}, {'alias': 'juicebars', 'title': 'Juice Bars & Smoothies'}, {'alias': 'tradamerican', 'title': 'American (Traditional)'}]"
53154,Blüm Coffee Garden,$,4.5,24,"[{'alias': 'coffee', 'title': 'Coffee & Tea'}, {'alias': 'musicvenues', 'title': 'Music Venues'}]"
53154,On The Clock Bar & Grill,$$,3.5,72,"[{'alias': 'tradamerican', 'title': 'American (Traditional)'}, {'alias': 'bars', 'title': 'Bars'}, {'alias': 'burgers', 'title': 'Burgers'}]"
53154,The Mitchell Gallery of Flight Air Museum,,4.5,10,"[{'alias': 'museums', 'title': 'Museums'}]"
53154,QDOBA Mexican Eats,$,3.0,11,"[{'alias': 'mexican', 'title': 'Mexican'}, {'alias': 'hotdogs', 'title': 'Fast Food'}]"
53154,India Palace,$$,4.5,23,"[{'alias': 'indpak', 'title': 'Indian'}]"
53154,Romine's High Pockets & Restaurant,$$,3.5,47,"[{'alias': 'poolhalls', 'title': 'Pool Halls'}, {'alias': 'mexican', 'title': 'Mexican'}, {'alias': 'sportsbars', 'title': 'Sports Bars'}]"
53154,Market Place Cafe,$,3.5,25,"[{'alias': 'breakfast_brunch', 'title': 'Breakfast & Brunch'}, {'alias': 'cafes', 'title': 'Cafes'}, {'alias': 'sandwiches', 'title': 'Sandwiches'}]"
53154,Toppers Pizza,$,3.0,30,"[{'alias': 'pizza', 'title': 'Pizza'}, {'alias': 'chicken_wings', 'title': 'Chicken Wings'}]"
53154,Slick Willie's,$,4.5,9,"[{'alias': 'newamerican', 'title': 'American (New)'}, {'alias': 'bars', 'title': 'Bars'}]"
53154,Klasiana Pizza,$,4.0,51,"[{'alias': 'pizza', 'title': 'Pizza'}, {'alias': 'italian', 'title': 'Italian'}]"
53154,The Altitude Restaurant,$$,3.5,30,"[{'alias': 'newamerican', 'title': 'American (New)'}]"
53154,San Dong Express,$,3.5,56,"[{'alias': 'chinese', 'title': 'Chinese'}]"
53154,Ray's Butcher Shoppe,$$,4.0,40,"[{'alias': 'meats', 'title': 'Meat Shops'}, {'alias': 'delis', 'title': 'Delis'}]"
53154,EAST SIDE OVENS,$,4.5,14,"[{'alias': 'bakeries', 'title': 'Bakeries'}]"
53154,Yen Hwa Chinese Restaurant,$,3.0,27,"[{'alias': 'chinese', 'title': 'Chinese'}]"
53154,Panther Pub & Eatery,$$,3.5,60,"[{'alias': 'sportsbars', 'title': 'Sports Bars'}, {'alias': 'burgers', 'title': 'Burgers'}, {'alias': 'beer_and_wine', 'title': 'Beer, Wine & Spirits'}]"
53154,Cousins Subs,$$,3.5,16,"[{'alias': 'delis', 'title': 'Delis'}, {'alias': 'sandwiches', 'title': 'Sandwiches'}]"
53154,Muskie's Gourmet House,$$,4.0,27,"[{'alias': 'steak', 'title': 'Steakhouses'}, {'alias': 'bars', 'title': 'Bars'}, {'alias': 'newamerican', 'title': 'American (New)'}]"
53154,Froemming Park,,4.5,10,"[{'alias': 'parks', 'title': 'Parks'}, {'alias': 'hiking', 'title': 'Hiking'}, {'alias': 'playgrounds', 'title': 'Playgrounds'}]"
53154,Lakeside Pub and Grill,$,4.0,46,"[{'alias': 'pubs', 'title': 'Pubs'}, {'alias': 'tradamerican', 'title': 'American (Traditional)'}]"
53154,Los Mariachis,$$,3.5,68,"[{'alias': 'mexican', 'title': 'Mexican'}]"
53154,Joe's K Ranch,$$,4.0,43,"[{'alias': 'bars', 'title': 'Bars'}, {'alias': 'tradamerican', 'title': 'American (Traditional)'}]"
53154,The Cellar Pub & Grill,$$,3.5,21,"[{'alias': 'pizza', 'title': 'Pizza'}, {'alias': 'tradamerican', 'title': 'American (Traditional)'}, {'alias': 'pubs', 'title': 'Pubs'}]"
53154,Starbucks,$$,3.0,10,"[{'alias': 'coffee', 'title': 'Coffee & Tea'}]"
53154,Southbound Saloon & Eatery,$$,4.0,16,"[{'alias': 'bars', 'title': 'Bars'}, {'alias': 'tradamerican', 'title': 'American (Traditional)'}]"
53154,Vintage 38,$$,4.5,15,"[{'alias': 'wine_bars', 'title': 'Wine Bars'}, {'alias': 'beerbar', 'title': 'Beer Bar'}, {'alias': 'winetasteclasses', 'title': 'Wine Tasting Classes'}]"
53154,Barbiere's Italian Inn,$$,3.0,50,"[{'alias': 'italian', 'title': 'Italian'}, {'alias': 'bars', 'title': 'Bars'}, {'alias': 'pizza', 'title': 'Pizza'}]"
53154,Ruby Tuesday,$$,3.5,50,"[{'alias': 'tradamerican', 'title': 'American (Traditional)'}, {'alias': 'burgers', 'title': 'Burgers'}]"
53154,Marco's World Famous Pizza- Southeast,$$,3.5,21,"[{'alias': 'pizza', 'title': 'Pizza'}, {'alias': 'italian', 'title': 'Italian'}]"
53154,Fili's Cafe,$,4.5,14,"[{'alias': 'diners', 'title': 'Diners'}]"
53154,Mexic 103 Mexican Restaurant,,4.5,19,"[{'alias': 'newmexican', 'title': 'New Mexican Cuisine'}]"
53154,Jersey Mike's Subs,$,4.5,14,"[{'alias': 'sandwiches', 'title': 'Sandwiches'}, {'alias': 'hotdogs', 'title': 'Fast Food'}, {'alias': 'delis', 'title': 'Delis'}]"
53154,LongHorn Steakhouse,$$,3.0,98,"[{'alias': 'steak', 'title': 'Steakhouses'}, {'alias': 'tradamerican', 'title': 'American (Traditional)'}, {'alias': 'bbq', 'title': 'Barbeque'}]"
53154,Five Guys,,3.0,8,"[{'alias': 'burgers', 'title': 'Burgers'}, {'alias': 'hotdogs', 'title': 'Fast Food'}]"
53154,Jim Dandy's Pub & Grill,$$,3.0,21,"[{'alias': 'pizza', 'title': 'Pizza'}, {'alias': 'bars', 'title': 'Bars'}, {'alias': 'tradamerican', 'title': 'American (Traditional)'}]"
53154,Avenue Coffeehouse,$,4.5,6,"[{'alias': 'coffee', 'title': 'Coffee & Tea'}]"
53154,Scrappy's BBQ,$$,4.5,10,"[{'alias': 'bbq', 'title': 'Barbeque'}]"
53154,Chili's,$$,3.0,32,"[{'alias': 'bars', 'title': 'Bars'}, {'alias': 'tradamerican', 'title': 'American (Traditional)'}, {'alias': 'tex-mex', 'title': 'Tex-Mex'}]"
53154,Gyro27,$,3.5,32,"[{'alias': 'greek', 'title': 'Greek'}]"
53154,City Lounge,$,3.5,37,"[{'alias': 'lounges', 'title': 'Lounges'}, {'alias': 'danceclubs', 'title': 'Dance Clubs'}]"
53154,Ferch's Malt Shoppe & Grille,$$,3.0,65,"[{'alias': 'icecream', 'title': 'Ice Cream & Frozen Yogurt'}, {'alias': 'burgers', 'title': 'Burgers'}, {'alias': 'tradamerican', 'title': 'American (Traditional)'}]"
53154,Ray & Dot's Tap,$,4.0,20,"[{'alias': 'bars', 'title': 'Bars'}, {'alias': 'tradamerican', 'title': 'American (Traditional)'}]"
53154,Paisano's Italian Restaurant,$$,3.5,33,"[{'alias': 'italian', 'title': 'Italian'}]"
53154,Meyer's Restaurant Bar & Banquet Hall,$$,3.5,49,"[{'alias': 'comfortfood', 'title': 'Comfort Food'}, {'alias': 'venues', 'title': 'Venues & Event Spaces'}]"
53154,Point After Pub & Grille,$$,3.5,51,"[{'alias': 'sportsbars', 'title': 'Sports Bars'}, {'alias': 'burgers', 'title': 'Burgers'}, {'alias': 'pubs', 'title': 'Pubs'}]"
53154,Spring Gardens Cafe,$,3.5,30,"[{'alias': 'newamerican', 'title': 'American (New)'}, {'alias': 'mexican', 'title': 'Mexican'}, {'alias': 'tradamerican', 'title': 'American (Traditional)'}]"
53154,Taco Bell,$,2.0,20,"[{'alias': 'hotdogs', 'title': 'Fast Food'}, {'alias': 'tex-mex', 'title': 'Tex-Mex'}, {'alias': 'mexican', 'title': 'Mexican'}]"
53154,Sendik's Food Market,$$,4.0,26,"[{'alias': 'grocery', 'title': 'Grocery'}, {'alias': 'gourmet', 'title': 'Specialty Food'}, {'alias': 'delis', 'title': 'Delis'}]"
53154,Bubblelicious,$,4.0,17,"[{'alias': 'bubbletea', 'title': 'Bubble Tea'}, {'alias': 'juicebars', 'title': 'Juice Bars & Smoothies'}]"
53154,Cousins Subs,$,3.5,11,"[{'alias': 'sandwiches', 'title': 'Sandwiches'}, {'alias': 'delis', 'title': 'Delis'}]"
53154,Delta Sky Club,$$,3.5,18,"[{'alias': 'airportlounges', 'title': 'Airport Lounges'}]"
53154,Dairy Queen Brazier,$,3.5,8,"[{'alias': 'hotdogs', 'title': 'Fast Food'}, {'alias': 'icecream', 'title': 'Ice Cream & Frozen Yogurt'}]"
53154,Olive Garden Italian Restaurant,$$,3.0,59,"[{'alias': 'italian', 'title': 'Italian'}, {'alias': 'salad', 'title': 'Salad'}]"
53154,Krazy Kitchen,$,4.0,22,"[{'alias': 'juicebars', 'title': 'Juice Bars & Smoothies'}, {'alias': 'chicken_wings', 'title': 'Chicken Wings'}, {'alias': 'sandwiches', 'title': 'Sandwiches'}]"
53154,Red Robin Gourmet Burgers,$$,3.0,97,"[{'alias': 'burgers', 'title': 'Burgers'}, {'alias': 'tradamerican', 'title': 'American (Traditional)'}]"
53154,Hibachi Express,$,3.5,32,"[{'alias': 'chinese', 'title': 'Chinese'}, {'alias': 'asianfusion', 'title': 'Asian Fusion'}]"
53154,China Chef,$,3.0,27,"[{'alias': 'chinese', 'title': 'Chinese'}]"
53154,Culver's,$,3.5,33,"[{'alias': 'burgers', 'title': 'Burgers'}, {'alias': 'hotdogs', 'title': 'Fast Food'}, {'alias': 'icecream', 'title': 'Ice Cream & Frozen Yogurt'}]"
53154,Papa John's Pizza,$$$,2.5,13,"[{'alias': 'pizza', 'title': 'Pizza'}]"
53154,Pantheon Diner,$,4.0,16,"[{'alias': 'diners', 'title': 'Diners'}]"
53154,Oak Hills Golf Course,,4.0,7,"[{'alias': 'golf', 'title': 'Golf'}]"
53154,Amelia's,$$,3.5,47,"[{'alias': 'pizza', 'title': 'Pizza'}, {'alias': 'italian', 'title': 'Italian'}, {'alias': 'cocktailbars', 'title': 'Cocktail Bars'}]"
53154,Sendik's Food Market,$$$,3.5,19,"[{'alias': 'grocery', 'title': 'Grocery'}, {'alias': 'gourmet', 'title': 'Specialty Food'}, {'alias': 'delis', 'title': 'Delis'}]"
53154,Burger King,$,3.0,15,"[{'alias': 'hotdogs', 'title': 'Fast Food'}, {'alias': 'burgers', 'title': 'Burgers'}]"
53154,Mario's Italian Grill,$$,3.5,32,"[{'alias': 'italian', 'title': 'Italian'}, {'alias': 'pizza', 'title': 'Pizza'}, {'alias': 'burgers', 'title': 'Burgers'}]"
53154,Wendy's,$$,3.5,5,"[{'alias': 'burgers', 'title': 'Burgers'}, {'alias': 'hotdogs', 'title': 'Fast Food'}]"
53154,Orange Leaf,,3.5,5,"[{'alias': 'icecream', 'title': 'Ice Cream & Frozen Yogurt'}, {'alias': 'desserts', 'title': 'Desserts'}, {'alias': 'juicebars', 'title': 'Juice Bars & Smoothies'}]"
53154,Shawarma House,,4.0,19,"[{'alias': 'mideastern', 'title': 'Middle Eastern'}, {'alias': 'mediterranean', 'title': 'Mediterranean'}]"
53154,Altitude Bar and Lounge,$$,4.0,7,"[{'alias': 'lounges', 'title': 'Lounges'}]"
53154,Saraphino's,$$,3.5,31,"[{'alias': 'italian', 'title': 'Italian'}, {'alias': 'pizza', 'title': 'Pizza'}]"
53154,Starbucks,$$,3.5,11,"[{'alias': 'coffee', 'title': 'Coffee & Tea'}]"
53154,68th Street Pub,$,4.0,20,"[{'alias': 'pubs', 'title': 'Pubs'}]"
53154,Noodles & Company,$,4.0,21,"[{'alias': 'noodles', 'title': 'Noodles'}]"
53154,Panda Express,,2.0,19,"[{'alias': 'chinese', 'title': 'Chinese'}, {'alias': 'hotdogs', 'title': 'Fast Food'}]"
53154,The Bowery Bar & Grill,$,3.5,12,"[{'alias': 'tradamerican', 'title': 'American (Traditional)'}, {'alias': 'pizza', 'title': 'Pizza'}, {'alias': 'sportsbars', 'title': 'Sports Bars'}]"
53154,Vino Volo,$$,3.5,20,"[{'alias': 'wine_bars', 'title': 'Wine Bars'}]"
53154,Fava Tea Company,$$,4.0,18,"[{'alias': 'coffee', 'title': 'Coffee & Tea'}]"
53154,Traditional Pancake House Restaurant,$,3.0,43,"[{'alias': 'breakfast_brunch', 'title': 'Breakfast & Brunch'}]"
53154,Keep Cudahy Fun House,,5.0,6,"[{'alias': 'localflavor', 'title': 'Local Flavor'}, {'alias': 'amusementparks', 'title': 'Amusement Parks'}]"
53154,Andreas Family restaurant,$,3.5,31,"[{'alias': 'diners', 'title': 'Diners'}, {'alias': 'breakfast_brunch', 'title': 'Breakfast & Brunch'}, {'alias': 'greek', 'title': 'Greek'}]"
53154,Papa Luigi's,$$,3.5,40,"[{'alias': 'pizza', 'title': 'Pizza'}, {'alias': 'italian', 'title': 'Italian'}]"
53154,Bakers Square,$,3.5,25,"[{'alias': 'tradamerican', 'title': 'American (Traditional)'}, {'alias': 'desserts', 'title': 'Desserts'}, {'alias': 'breakfast_brunch', 'title': 'Breakfast & Brunch'}]"
53154,Sunrise Restaurant,$,3.5,16,"[{'alias': 'newamerican', 'title': 'American (New)'}]"
53154,De Rango's Pizzeria,$$,3.5,14,"[{'alias': 'pizza', 'title': 'Pizza'}]"
53154,Famous Dave's Bar-B-Que,$$,3.0,51,"[{'alias': 'bbq', 'title': 'Barbeque'}, {'alias': 'comfortfood', 'title': 'Comfort Food'}, {'alias': 'tradamerican', 'title': 'American (Traditional)'}]"
53154,Subway,$,3.5,3,"[{'alias': 'sandwiches', 'title': 'Sandwiches'}, {'alias': 'hotdogs', 'title': 'Fast Food'}]"
53154,Warnimont Park,,4.5,8,"[{'alias': 'parks', 'title': 'Parks'}]"
53154,Lychee Garden,$$,3.5,43,"[{'alias': 'chinese', 'title': 'Chinese'}]"
53154,Firewise Barbecue Company,$$,4.5,10,"[{'alias': 'foodtrucks', 'title': 'Food Trucks'}, {'alias': 'bbq', 'title': 'Barbeque'}]"
53154,Red Lobster,$$,3.0,57,"[{'alias': 'seafood', 'title': 'Seafood'}, {'alias': 'tradamerican', 'title': 'American (Traditional)'}]"
53154,Michaelangelo's Pizza,$$,3.5,21,"[{'alias': 'pizza', 'title': 'Pizza'}]"
53154,Starbucks,$$,4.0,17,"[{'alias': 'coffee', 'title': 'Coffee & Tea'}]"
53154,Miller Brewhouse at Mitchell International Airport,$$,2.5,42,"[{'alias': 'tradamerican', 'title': 'American (Traditional)'}]"
53154,Rocky Rococo Pan Style Pizza,$,3.5,18,"[{'alias': 'pizza', 'title': 'Pizza'}]"
53154,Samano's,$$,3.0,50,"[{'alias': 'mexican', 'title': 'Mexican'}, {'alias': 'bars', 'title': 'Bars'}]"
53154,McDonald's,$,2.5,11,"[{'alias': 'hotdogs', 'title': 'Fast Food'}, {'alias': 'burgers', 'title': 'Burgers'}, {'alias': 'coffee', 'title': 'Coffee & Tea'}]"
53154,Holyland Deli,$,4.0,7,"[{'alias': 'grocery', 'title': 'Grocery'}, {'alias': 'delis', 'title': 'Delis'}]"
53154,The Lodge,$$,4.0,16,"[{'alias': 'sportsbars', 'title': 'Sports Bars'}, {'alias': 'tradamerican', 'title': 'American (Traditional)'}]"
53154,Trader Nick's,,4.5,8,"[{'alias': 'tikibars', 'title': 'Tiki Bars'}, {'alias': 'beerbar', 'title': 'Beer Bar'}]"
53154,San Fong,$,3.0,17,"[{'alias': 'chinese', 'title': 'Chinese'}, {'alias': 'seafood', 'title': 'Seafood'}]"
53154,Bender Park,,4.5,6,"[{'alias': 'parks', 'title': 'Parks'}]"
53154,Dunkin Donuts,$,3.5,21,"[{'alias': 'donuts', 'title': 'Donuts'}, {'alias': 'coffee', 'title': 'Coffee & Tea'}]"
53154,Light Palace Pub & Grill,$$,4.5,10,"[{'alias': 'bars', 'title': 'Bars'}, {'alias': 'tradamerican', 'title': 'American (Traditional)'}, {'alias': 'pizza', 'title': 'Pizza'}]"
53154,Uncle Paulies Pizza & Sports,,3.5,20,"[{'alias': 'italian', 'title': 'Italian'}, {'alias': 'pizza', 'title': 'Pizza'}]"
53154,Tracker's Pub and Grub,$,4.5,4,"[{'alias': 'pubs', 'title': 'Pubs'}, {'alias': 'burgers', 'title': 'Burgers'}, {'alias': 'tacos', 'title': 'Tacos'}]"
53154,QDOBA Mexican Eats,$,3.5,16,"[{'alias': 'mexican', 'title': 'Mexican'}, {'alias': 'hotdogs', 'title': 'Fast Food'}]"
53154,Dunkin' Donuts,$,2.5,18,"[{'alias': 'coffee', 'title': 'Coffee & Tea'}, {'alias': 'donuts', 'title': 'Donuts'}]"
53154,Usingers,$$,2.0,62,"[{'alias': 'sportsbars', 'title': 'Sports Bars'}, {'alias': 'german', 'title': 'German'}]"
53154,Abendschein Park,,3.5,3,"[{'alias': 'parks', 'title': 'Parks'}]"
53154,Benny's Cafe,$$,3.0,25,"[{'alias': 'newamerican', 'title': 'American (New)'}, {'alias': 'breakfast_brunch', 'title': 'Breakfast & Brunch'}, {'alias': 'cafes', 'title': 'Cafes'}]"
53154,Denny's,$$,2.5,12,"[{'alias': 'breakfast_brunch', 'title': 'Breakfast & Brunch'}, {'alias': 'diners', 'title': 'Diners'}, {'alias': 'tradamerican', 'title': 'American (Traditional)'}]"
53154,Perkins Restaurant & Bakery,$,3.0,10,"[{'alias': 'bakeries', 'title': 'Bakeries'}, {'alias': 'breakfast_brunch', 'title': 'Breakfast & Brunch'}, {'alias': 'tradamerican', 'title': 'American (Traditional)'}]"
53154,Jen's Sweet Treats,$$,4.0,14,"[{'alias': 'cupcakes', 'title': 'Cupcakes'}, {'alias': 'bakeries', 'title': 'Bakeries'}]"
53154,Cooler By The Lake,$$,2.5,27,"[{'alias': 'bars', 'title': 'Bars'}, {'alias': 'breakfast_brunch', 'title': 'Breakfast & Brunch'}, {'alias': 'tradamerican', 'title': 'American (Traditional)'}]"
53154,The Landing,$$,3.5,23,"[{'alias': 'pubs', 'title': 'Pubs'}]"
53154,Starbucks,$$$,4.0,2,"[{'alias': 'coffee', 'title': 'Coffee & Tea'}]"
53154,The Original Suburpia,$,3.5,22,"[{'alias': 'sandwiches', 'title': 'Sandwiches'}]"
53154,Habanero's Mexican Kitchen & Margarita,$$,2.5,48,"[{'alias': 'mexican', 'title': 'Mexican'}]"
53154,Panera Bread,$$,3.0,33,"[{'alias': 'sandwiches', 'title': 'Sandwiches'}, {'alias': 'salad', 'title': 'Salad'}, {'alias': 'soup', 'title': 'Soup'}]"
53154,On The Edge,$,3.5,20,"[{'alias': 'sportsbars', 'title': 'Sports Bars'}, {'alias': 'pizza', 'title': 'Pizza'}, {'alias': 'sandwiches', 'title': 'Sandwiches'}]"
53154,Broad Street Coffee Company,$,3.5,19,"[{'alias': 'coffee', 'title': 'Coffee & Tea'}]"
53154,Rawson Pub,$,4.5,6,"[{'alias': 'pubs', 'title': 'Pubs'}]"
53154,Taco Bell,$,4.0,11,"[{'alias': 'hotdogs', 'title': 'Fast Food'}, {'alias': 'mexican', 'title': 'Mexican'}, {'alias': 'tex-mex', 'title': 'Tex-Mex'}]"
53154,National Bakery and Deli,$$,4.0,11,"[{'alias': 'bakeries', 'title': 'Bakeries'}]"
53154,Marsel's Pizzeria,$$,4.0,13,"[{'alias': 'pizza', 'title': 'Pizza'}, {'alias': 'italian', 'title': 'Italian'}]"
53154,Ferch's Beachside,$,3.0,12,"[{'alias': 'tradamerican', 'title': 'American (Traditional)'}, {'alias': 'burgers', 'title': 'Burgers'}, {'alias': 'icecream', 'title': 'Ice Cream & Frozen Yogurt'}]"
53154,Jimmy John's,$,3.5,17,"[{'alias': 'sandwiches', 'title': 'Sandwiches'}, {'alias': 'hotdogs', 'title': 'Fast Food'}]"
53154,Starbucks,$$,3.5,14,"[{'alias': 'coffee', 'title': 'Coffee & Tea'}]"
53154,Anticipation,$,4.5,4,"[{'alias': 'divebars', 'title': 'Dive Bars'}, {'alias': 'pubs', 'title': 'Pubs'}]"
53154,Gastrau's Golf Center,,3.0,6,"[{'alias': 'golf', 'title': 'Golf'}, {'alias': 'mini_golf', 'title': 'Mini Golf'}, {'alias': 'golfequipment', 'title': 'Golf Equipment'}]"
53154,Taco Bell,$,3.0,17,"[{'alias': 'hotdogs', 'title': 'Fast Food'}, {'alias': 'mexican', 'title': 'Mexican'}]"
53154,The Rock Sports Complex,$$,3.0,24,"[{'alias': 'recreation', 'title': 'Recreation Centers'}, {'alias': 'bars', 'title': 'Bars'}, {'alias': 'stadiumsarenas', 'title': 'Stadiums & Arenas'}]"
53154,Papas Bakery,$,4.0,4,"[{'alias': 'bakeries', 'title': 'Bakeries'}]"
53154,Aviator Sports Bar & Grille,$$,3.0,26,"[{'alias': 'sportsbars', 'title': 'Sports Bars'}, {'alias': 'tradamerican', 'title': 'American (Traditional)'}, {'alias': 'salad', 'title': 'Salad'}]"
53154,QDOBA Mexican Eats,$,3.5,10,"[{'alias': 'mexican', 'title': 'Mexican'}, {'alias': 'hotdogs', 'title': 'Fast Food'}]"
53154,Culver's,$,3.0,12,"[{'alias': 'burgers', 'title': 'Burgers'}, {'alias': 'hotdogs', 'title': 'Fast Food'}, {'alias': 'icecream', 'title': 'Ice Cream & Frozen Yogurt'}]"
53154,Gloria Jean's Coffee,$,4.0,7,"[{'alias': 'coffee', 'title': 'Coffee & Tea'}]"
53154,The RedZone MKE,,4.0,5,"[{'alias': 'bars', 'title': 'Bars'}]"
53154,French Meadow Bakery,$$,2.0,46,"[{'alias': 'cafes', 'title': 'Cafes'}, {'alias': 'bakeries', 'title': 'Bakeries'}]"
53154,TGI Fridays,$$,2.5,40,"[{'alias': 'tradamerican', 'title': 'American (Traditional)'}]"
53154,Toppers Pizza,,3.5,7,"[{'alias': 'pizza', 'title': 'Pizza'}, {'alias': 'chicken_wings', 'title': 'Chicken Wings'}]"
53154,Dunkin' Donuts,$,2.0,5,"[{'alias': 'coffee', 'title': 'Coffee & Tea'}, {'alias': 'donuts', 'title': 'Donuts'}]"
53154,Bottom's Up South,$$,4.0,6,"[{'alias': 'bars', 'title': 'Bars'}]"
53154,Franklin Woods Nature Center,,4.5,2,"[{'alias': 'parks', 'title': 'Parks'}, {'alias': 'playgrounds', 'title': 'Playgrounds'}]"
53154,Cudahy Nature Preserve,,5.0,2,"[{'alias': 'parks', 'title': 'Parks'}]"
53154,Panda Express,$,3.5,16,"[{'alias': 'chinese', 'title': 'Chinese'}, {'alias': 'hotdogs', 'title': 'Fast Food'}]"
53154,McDonald's,$,2.0,8,"[{'alias': 'hotdogs', 'title': 'Fast Food'}, {'alias': 'burgers', 'title': 'Burgers'}, {'alias': 'coffee', 'title': 'Coffee & Tea'}]"
53154,Warnimont Dog Park,,5.0,4,"[{'alias': 'dog_parks', 'title': 'Dog Parks'}]"
53154,Brass Monkey Milwaukee,$$,3.0,24,"[{'alias': 'pubs', 'title': 'Pubs'}, {'alias': 'sportsbars', 'title': 'Sports Bars'}, {'alias': 'burgers', 'title': 'Burgers'}]"
53154,The Edge Sports Bar,$$,5.0,4,"[{'alias': 'sportsbars', 'title': 'Sports Bars'}]"
53154,Zaffiro's Express,,3.5,3,"[{'alias': 'pizza', 'title': 'Pizza'}, {'alias': 'sandwiches', 'title': 'Sandwiches'}]"
53154,Griddlers Cafe - Greenfield,$,3.0,20,"[{'alias': 'tradamerican', 'title': 'American (Traditional)'}, {'alias': 'cafes', 'title': 'Cafes'}]"
53154,Root River Parkway,,5.0,3,"[{'alias': 'parks', 'title': 'Parks'}]"
53154,Wendy's,$,2.0,9,"[{'alias': 'hotdogs', 'title': 'Fast Food'}, {'alias': 'burgers', 'title': 'Burgers'}]"
53154,Buck and Cheryl's,,3.5,6,"[{'alias': 'bars', 'title': 'Bars'}]"
53154,Wingstop,$$,3.0,19,"[{'alias': 'chicken_wings', 'title': 'Chicken Wings'}]"
53154,Papa Murphy's,$$,3.0,6,"[{'alias': 'pizza', 'title': 'Pizza'}]"
53154,The Country Club,$$,4.5,5,"[{'alias': 'bars', 'title': 'Bars'}]"
53154,Denny's,$,2.5,31,"[{'alias': 'tradamerican', 'title': 'American (Traditional)'}, {'alias': 'breakfast_brunch', 'title': 'Breakfast & Brunch'}, {'alias': 'diners', 'title': 'Diners'}]"
53154,Cousins Subs of South Milwaukee - Grant Park Plaza,,4.0,4,"[{'alias': 'sandwiches', 'title': 'Sandwiches'}, {'alias': 'delis', 'title': 'Delis'}]"
53154,Oak Leaf Park,,4.0,1,"[{'alias': 'parks', 'title': 'Parks'}]"
53154,Tsing Tao Chinese Restaurant,$$,3.0,18,"[{'alias': 'chinese', 'title': 'Chinese'}, {'alias': 'buffets', 'title': 'Buffets'}]"
53154,Sugar & Flour Bakery Cafe,$$,4.5,6,"[{'alias': 'bakeries', 'title': 'Bakeries'}, {'alias': 'desserts', 'title': 'Desserts'}, {'alias': 'cupcakes', 'title': 'Cupcakes'}]"
53154,Brew Town Pub & Grill,$,4.0,4,"[{'alias': 'bars', 'title': 'Bars'}, {'alias': 'pizza', 'title': 'Pizza'}, {'alias': 'tradamerican', 'title': 'American (Traditional)'}]"
53154,Green Tea Garden Chinese Restaurant,$$,3.0,15,"[{'alias': 'chinese', 'title': 'Chinese'}]"
53154,Sendik's Fresh2GO,,4.5,4,"[{'alias': 'grocery', 'title': 'Grocery'}, {'alias': 'gourmet', 'title': 'Specialty Food'}, {'alias': 'delis', 'title': 'Delis'}]"
53154,Culver's,$,3.5,10,"[{'alias': 'burgers', 'title': 'Burgers'}, {'alias': 'icecream', 'title': 'Ice Cream & Frozen Yogurt'}, {'alias': 'hotdogs', 'title': 'Fast Food'}]"
53154,Arby's,,3.5,3,"[{'alias': 'hotdogs', 'title': 'Fast Food'}, {'alias': 'sandwiches', 'title': 'Sandwiches'}]"
53154,Cozy Inn,,4.0,4,"[{'alias': 'bars', 'title': 'Bars'}]"
53154,Old Country Buffet,$$,2.0,35,"[{'alias': 'buffets', 'title': 'Buffets'}, {'alias': 'newamerican', 'title': 'American (New)'}]"
53154,Azteca Taco Truck,,4.0,4,"[{'alias': 'foodtrucks', 'title': 'Food Trucks'}, {'alias': 'mexican', 'title': 'Mexican'}]"
53154,Chili's too,$$,2.0,31,"[{'alias': 'bars', 'title': 'Bars'}, {'alias': 'tex-mex', 'title': 'Tex-Mex'}]"
53154,Rounding Third Pizzeria,$$,4.0,9,"[{'alias': 'pizza', 'title': 'Pizza'}]"
53154,Buckhorn Tavern,,4.0,2,"[{'alias': 'bars', 'title': 'Bars'}]"
53154,Breadsmith,$$,4.5,4,"[{'alias': 'bakeries', 'title': 'Bakeries'}, {'alias': 'desserts', 'title': 'Desserts'}]"
53154,Castillos Restaurant,$,3.0,15,"[{'alias': 'tradamerican', 'title': 'American (Traditional)'}]"
53154,Sarku Japan,,5.0,3,"[{'alias': 'japanese', 'title': 'Japanese'}]"
53154,Valentine Coffee,$$,2.0,32,"[{'alias': 'coffee', 'title': 'Coffee & Tea'}, {'alias': 'bakeries', 'title': 'Bakeries'}, {'alias': 'sandwiches', 'title': 'Sandwiches'}]"
53154,Applebee's Grill + Bar,$$,2.0,42,"[{'alias': 'tradamerican', 'title': 'American (Traditional)'}, {'alias': 'sportsbars', 'title': 'Sports Bars'}, {'alias': 'burgers', 'title': 'Burgers'}]"
53154,Taste of Chicago,$,4.0,5,"[{'alias': 'burgers', 'title': 'Burgers'}]"
53154,Smoked At 225,,4.5,13,"[{'alias': 'foodtrucks', 'title': 'Food Trucks'}, {'alias': 'bbq', 'title': 'Barbeque'}]"
53154,IHOP,$,2.5,29,"[{'alias': 'breakfast_brunch', 'title': 'Breakfast & Brunch'}, {'alias': 'tradamerican', 'title': 'American (Traditional)'}, {'alias': 'burgers', 'title': 'Burgers'}]"
53154,Root River Center,$$,3.5,8,"[{'alias': 'hotdogs', 'title': 'Fast Food'}, {'alias': 'bowling', 'title': 'Bowling'}]"
53154,Starbucks,$$,2.5,14,"[{'alias': 'coffee', 'title': 'Coffee & Tea'}]"
53154,Burger King,$,1.5,4,"[{'alias': 'hotdogs', 'title': 'Fast Food'}, {'alias': 'burgers', 'title': 'Burgers'}]"
53154,Hardee's,$,3.0,11,"[{'alias': 'hotdogs', 'title': 'Fast Food'}]"
53154,Spirits Bar & Grill,$,4.0,3,"[{'alias': 'sportsbars', 'title': 'Sports Bars'}, {'alias': 'tradamerican', 'title': 'American (Traditional)'}]"
53154,Super No 1,$$,2.5,19,"[{'alias': 'chinese', 'title': 'Chinese'}]"
53154,Johnny Rockets,$$,1.5,31,"[{'alias': 'burgers', 'title': 'Burgers'}, {'alias': 'sandwiches', 'title': 'Sandwiches'}, {'alias': 'diners', 'title': 'Diners'}]"
53154,Little Caesars Pizza,$,2.0,15,"[{'alias': 'pizza', 'title': 'Pizza'}, {'alias': 'hotdogs', 'title': 'Fast Food'}]"
53154,Scout Lake Park,,4.0,4,"[{'alias': 'parks', 'title': 'Parks'}]"
53154,Fin N Feather,$,3.5,8,"[{'alias': 'divebars', 'title': 'Dive Bars'}]"
53154,Swagger Sports Bar & Grill,$,3.0,11,"[{'alias': 'sportsbars', 'title': 'Sports Bars'}]"
53154,George Webb,$,3.0,11,"[{'alias': 'desserts', 'title': 'Desserts'}, {'alias': 'sandwiches', 'title': 'Sandwiches'}, {'alias': 'burgers', 'title': 'Burgers'}]"
53154,Jimmy John's,$,3.0,6,"[{'alias': 'sandwiches', 'title': 'Sandwiches'}, {'alias': 'delis', 'title': 'Delis'}, {'alias': 'hotdogs', 'title': 'Fast Food'}]"
53154,McDonald's,$,3.0,4,"[{'alias': 'hotdogs', 'title': 'Fast Food'}, {'alias': 'burgers', 'title': 'Burgers'}, {'alias': 'coffee', 'title': 'Coffee & Tea'}]"
53154,Oakleaf Trail,,4.0,2,"[{'alias': 'hiking', 'title': 'Hiking'}]"
53154,Chili's,$$,2.0,28,"[{'alias': 'bars', 'title': 'Bars'}, {'alias': 'tradamerican', 'title': 'American (Traditional)'}, {'alias': 'tex-mex', 'title': 'Tex-Mex'}]"
53154,Warnimont Golf Course,,4.5,4,"[{'alias': 'golf', 'title': 'Golf'}]"
53154,Burgey's Pub & Prime,,3.5,7,"[{'alias': 'bars', 'title': 'Bars'}]"
53154,Woodland Golf,$$,4.5,2,"[{'alias': 'sportswear', 'title': 'Sports Wear'}, {'alias': 'golf', 'title': 'Golf'}]"
53154,Cielito Salvadoreño,,5.0,2,"[{'alias': 'foodtrucks', 'title': 'Food Trucks'}, {'alias': 'salvadoran', 'title': 'Salvadoran'}]"
53154,Falk Park,,4.0,1,"[{'alias': 'parks', 'title': 'Parks'}]"
53154,McDonald's,$,3.0,6,"[{'alias': 'hotdogs', 'title': 'Fast Food'}, {'alias': 'burgers', 'title': 'Burgers'}, {'alias': 'coffee', 'title': 'Coffee & Tea'}]"
53154,Golden Corral Buffet,,3.5,7,"[{'alias': 'buffets', 'title': 'Buffets'}]"
53154,Root River Disc Golf Course,,4.0,4,"[{'alias': 'parks', 'title': 'Parks'}, {'alias': 'discgolf', 'title': 'Disc Golf'}]"
53154,Sonic Drive-In,$,1.5,34,"[{'alias': 'hotdogs', 'title': 'Fast Food'}, {'alias': 'burgers', 'title': 'Burgers'}, {'alias': 'icecream', 'title': 'Ice Cream & Frozen Yogurt'}]"
53154,Toppers Pizza,$$,2.5,15,"[{'alias': 'pizza', 'title': 'Pizza'}]"
53154,River Falls Recreation,,2.5,15,"[{'alias': 'amusementparks', 'title': 'Amusement Parks'}, {'alias': 'mini_golf', 'title': 'Mini Golf'}, {'alias': 'baseballfields', 'title': 'Baseball Fields'}]"
53154,Peters Foods & Deli,$,4.0,4,"[{'alias': 'beer_and_wine', 'title': 'Beer, Wine & Spirits'}, {'alias': 'delis', 'title': 'Delis'}, {'alias': 'pizza', 'title': 'Pizza'}]"
53154,Aunt Millies,$,3.5,5,"[{'alias': 'bakeries', 'title': 'Bakeries'}, {'alias': 'thrift_stores', 'title': 'Thrift Stores'}]"
53154,Arby's Restaurants,$,3.0,9,"[{'alias': 'hotdogs', 'title': 'Fast Food'}, {'alias': 'sandwiches', 'title': 'Sandwiches'}]"
53154,Golden Lion,,4.0,3,"[{'alias': 'newamerican', 'title': 'American (New)'}]"
53154,McDonald's,$,2.0,13,"[{'alias': 'hotdogs', 'title': 'Fast Food'}, {'alias': 'burgers', 'title': 'Burgers'}, {'alias': 'coffee', 'title': 'Coffee & Tea'}]"
53154,Taqueria El Pariente,,4.5,2,"[{'alias': 'mexican', 'title': 'Mexican'}, {'alias': 'foodtrucks', 'title': 'Food Trucks'}]"
53154,7-Eleven,$,2.5,2,"[{'alias': 'servicestations', 'title': 'Gas Stations'}, {'alias': 'convenience', 'title': 'Convenience Stores'}, {'alias': 'coffee', 'title': 'Coffee & Tea'}]"
53154,Subway,$,2.5,3,"[{'alias': 'sandwiches', 'title': 'Sandwiches'}, {'alias': 'hotdogs', 'title': 'Fast Food'}]"
53154,Sheridan Park,,4.0,3,"[{'alias': 'parks', 'title': 'Parks'}]"
53154,McDonald's,$,2.0,16,"[{'alias': 'burgers', 'title': 'Burgers'}, {'alias': 'hotdogs', 'title': 'Fast Food'}, {'alias': 'coffee', 'title': 'Coffee & Tea'}]"
53154,Cousins Subs,$,2.5,12,"[{'alias': 'sandwiches', 'title': 'Sandwiches'}, {'alias': 'delis', 'title': 'Delis'}]"
53154,KFC,$,2.0,14,"[{'alias': 'hotdogs', 'title': 'Fast Food'}, {'alias': 'chicken_wings', 'title': 'Chicken Wings'}, {'alias': 'chickenshop', 'title': 'Chicken Shop'}]"
53154,McDonald's,$,1.5,7,"[{'alias': 'hotdogs', 'title': 'Fast Food'}, {'alias': 'burgers', 'title': 'Burgers'}, {'alias': 'coffee', 'title': 'Coffee & Tea'}]"
53154,Papa Murphy's,$$,3.5,4,"[{'alias': 'pizza', 'title': 'Pizza'}]"
53154,Subway,$,4.5,2,"[{'alias': 'sandwiches', 'title': 'Sandwiches'}, {'alias': 'hotdogs', 'title': 'Fast Food'}]"
53154,New Drift Inn,$,3.5,4,"[{'alias': 'bars', 'title': 'Bars'}]"
53154,Famous Famiglia,$,2.0,9,"[{'alias': 'pizza', 'title': 'Pizza'}]"
53154,Taco Bell,$,2.5,12,"[{'alias': 'mexican', 'title': 'Mexican'}, {'alias': 'tex-mex', 'title': 'Tex-Mex'}, {'alias': 'hotdogs', 'title': 'Fast Food'}]"
53154,Dr. Lynette Fox Memorial Park,,5.0,1,"[{'alias': 'parks', 'title': 'Parks'}]"
53154,Arby's,$,2.5,10,"[{'alias': 'hotdogs', 'title': 'Fast Food'}, {'alias': 'sandwiches', 'title': 'Sandwiches'}]"
53154,McDonald's,$,2.0,20,"[{'alias': 'hotdogs', 'title': 'Fast Food'}, {'alias': 'burgers', 'title': 'Burgers'}, {'alias': 'coffee', 'title': 'Coffee & Tea'}]"
53154,Wildflour Bakery,,4.0,1,"[{'alias': 'bakeries', 'title': 'Bakeries'}, {'alias': 'delis', 'title': 'Delis'}]"
53154,Mama Gyros,,3.5,3,"[{'alias': 'hotdogs', 'title': 'Fast Food'}]"
53154,Fly By Saloon,$$,3.5,4,"[{'alias': 'pubs', 'title': 'Pubs'}]"
53154,Cousins Subs,$,2.5,8,"[{'alias': 'sandwiches', 'title': 'Sandwiches'}, {'alias': 'delis', 'title': 'Delis'}]"
53154,703 Club,,2.5,6,"[{'alias': 'bars', 'title': 'Bars'}]"
53154,Boosters Sports Bar,,3.0,2,"[{'alias': 'sportsbars', 'title': 'Sports Bars'}]"
53154,Pizza Hut,$$,1.5,13,"[{'alias': 'pizza', 'title': 'Pizza'}, {'alias': 'italian', 'title': 'Italian'}, {'alias': 'chicken_wings', 'title': 'Chicken Wings'}]"
53154,Domino's Pizza,$$,2.5,4,"[{'alias': 'pizza', 'title': 'Pizza'}, {'alias': 'chicken_wings', 'title': 'Chicken Wings'}, {'alias': 'sandwiches', 'title': 'Sandwiches'}]"
53154,Burger King,$,2.5,7,"[{'alias': 'burgers', 'title': 'Burgers'}]"
53154,George Webb Restaurant,$,4.0,1,"[{'alias': 'tradamerican', 'title': 'American (Traditional)'}]"
53154,Wendy's,$,2.0,12,"[{'alias': 'hotdogs', 'title': 'Fast Food'}, {'alias': 'burgers', 'title': 'Burgers'}]"
53154,Burger King,$,1.5,14,"[{'alias': 'burgers', 'title': 'Burgers'}, {'alias': 'hotdogs', 'title': 'Fast Food'}, {'alias': 'sandwiches', 'title': 'Sandwiches'}]"
53154,Cousins Subs,$,3.0,2,"[{'alias': 'sandwiches', 'title': 'Sandwiches'}, {'alias': 'delis', 'title': 'Delis'}]"
53154,KFC,$,1.5,15,"[{'alias': 'hotdogs', 'title': 'Fast Food'}, {'alias': 'chicken_wings', 'title': 'Chicken Wings'}, {'alias': 'chickenshop', 'title': 'Chicken Shop'}]"
53154,Dunkin' Donuts,$$,2.0,10,"[{'alias': 'donuts', 'title': 'Donuts'}, {'alias': 'coffee', 'title': 'Coffee & Tea'}]"
53154,Powers on 10th,,4.0,1,"[{'alias': 'irish_pubs', 'title': 'Irish Pub'}]"
53154,Hunger Task Force The Farm,,5.0,1,"[{'alias': 'attractionfarms', 'title': 'Attraction Farms'}, {'alias': 'parks', 'title': 'Parks'}, {'alias': 'foodbanks', 'title': 'Food Banks'}]"
53154,Buck & Brew,$$,2.5,3,"[{'alias': 'tradamerican', 'title': 'American (Traditional)'}, {'alias': 'sportsbars', 'title': 'Sports Bars'}]"
53154,Wendy's,$,1.0,6,"[{'alias': 'hotdogs', 'title': 'Fast Food'}, {'alias': 'burgers', 'title': 'Burgers'}]"
53154,Wendy's,$,2.5,7,"[{'alias': 'hotdogs', 'title': 'Fast Food'}, {'alias': 'burgers', 'title': 'Burgers'}]"
53154,Subway,$,1.5,3,"[{'alias': 'hotdogs', 'title': 'Fast Food'}, {'alias': 'sandwiches', 'title': 'Sandwiches'}]"
53154,China Max,$,2.5,5,"[{'alias': 'chinese', 'title': 'Chinese'}]"
53154,Dairy Queen,$,2.0,11,"[{'alias': 'icecream', 'title': 'Ice Cream & Frozen Yogurt'}]"
53154,Holler Park,,4.0,1,"[{'alias': 'parks', 'title': 'Parks'}]"
53154,Layton Gyros,,3.5,3,"[{'alias': 'restaurants', 'title': 'Restaurants'}]"
53154,Sphinx,,3.5,3,"[{'alias': 'hookah_bars', 'title': 'Hookah Bars'}]"
53154,Klasiana Pizza,$,2.5,6,"[{'alias': 'pizza', 'title': 'Pizza'}, {'alias': 'italian', 'title': 'Italian'}]"
53154,valentine coffee,,2.0,4,"[{'alias': 'coffee', 'title': 'Coffee & Tea'}]"
53154,Gators Pub,$,3.0,3,"[{'alias': 'pubs', 'title': 'Pubs'}]"
53154,Subway,,3.5,3,"[{'alias': 'sandwiches', 'title': 'Sandwiches'}, {'alias': 'hotdogs', 'title': 'Fast Food'}]"
53154,Corner Club Bar,$,2.5,3,"[{'alias': 'bars', 'title': 'Bars'}]"
53154,Kasper's,,3.0,1,"[{'alias': 'bars', 'title': 'Bars'}]"
53154,Diane's Second Chance Saloon,,5.0,1,"[{'alias': 'bars', 'title': 'Bars'}]"
53154,Pizza Hut,$,3.5,4,"[{'alias': 'pizza', 'title': 'Pizza'}, {'alias': 'italian', 'title': 'Italian'}, {'alias': 'chicken_wings', 'title': 'Chicken Wings'}]"
53154,Croatian Park,,4.0,1,"[{'alias': 'parks', 'title': 'Parks'}]"
53154,McDonald's,$,2.0,7,"[{'alias': 'hotdogs', 'title': 'Fast Food'}, {'alias': 'burgers', 'title': 'Burgers'}, {'alias': 'coffee', 'title': 'Coffee & Tea'}]"
53154,Mitchell's Cafe,$,1.0,6,"[{'alias': 'tradamerican', 'title': 'American (Traditional)'}, {'alias': 'newamerican', 'title': 'American (New)'}]"
53154,McDonald's,$,1.5,3,"[{'alias': 'coffee', 'title': 'Coffee & Tea'}, {'alias': 'burgers', 'title': 'Burgers'}, {'alias': 'hotdogs', 'title': 'Fast Food'}]"
53154,Burger King,$,1.0,17,"[{'alias': 'burgers', 'title': 'Burgers'}]"
53154,Taco Bell,,1.5,4,"[{'alias': 'mexican', 'title': 'Mexican'}, {'alias': 'tex-mex', 'title': 'Tex-Mex'}, {'alias': 'hotdogs', 'title': 'Fast Food'}]"
53154,Dairy Queen,$,3.0,1,"[{'alias': 'icecream', 'title': 'Ice Cream & Frozen Yogurt'}]"
53154,Steak Escape Southridge Mall,$,2.5,4,"[{'alias': 'cheesesteaks', 'title': 'Cheesesteaks'}, {'alias': 'sandwiches', 'title': 'Sandwiches'}]"
53154,Uma Wine Merchant,,4.0,1,"[{'alias': 'beer_and_wine', 'title': 'Beer, Wine & Spirits'}, {'alias': 'wine_bars', 'title': 'Wine Bars'}, {'alias': 'winetasteclasses', 'title': 'Wine Tasting Classes'}]"
53154,Rockwell Plaza,,4.0,1,"[{'alias': 'landmarks', 'title': 'Landmarks & Historical Buildings'}]"
53154,Swift Kick Pub,,3.0,2,"[{'alias': 'divebars', 'title': 'Dive Bars'}]"
53154,Cottonwood Trailer Pie,,5.0,1,"[{'alias': 'pizza', 'title': 'Pizza'}, {'alias': 'foodtrucks', 'title': 'Food Trucks'}]"
53154,Starbucks,$$$,3.0,3,"[{'alias': 'coffee', 'title': 'Coffee & Tea'}]"
53154,Dan Jansen Family Fest,,4.0,1,"[{'alias': 'localflavor', 'title': 'Local Flavor'}, {'alias': 'festivals', 'title': 'Festivals'}]"
53154,Cinnabon,,4.0,1,"[{'alias': 'restaurants', 'title': 'Restaurants'}]"
53154,Get Them While They're Hot Tamales,,5.0,1,"[{'alias': 'foodstands', 'title': 'Food Stands'}]"
53154,Top Dog,,2.5,7,"[{'alias': 'hotdog', 'title': 'Hot Dogs'}, {'alias': 'burgers', 'title': 'Burgers'}]"
53154,Old World Wisconsin,,4.5,24,"[{'alias': 'museums', 'title': 'Museums'}, {'alias': 'tours', 'title': 'Tours'}, {'alias': 'daycamps', 'title': 'Day Camps'}]"
53154,French Bakery,$$,3.0,1,"[{'alias': 'bakeries', 'title': 'Bakeries'}]"
53154,Cousins Subs,$,2.5,4,"[{'alias': 'sandwiches', 'title': 'Sandwiches'}, {'alias': 'delis', 'title': 'Delis'}]"
53154,JC's Blue Collar Pub,,3.5,3,"[{'alias': 'karaoke', 'title': 'Karaoke'}, {'alias': 'lounges', 'title': 'Lounges'}, {'alias': 'pubs', 'title': 'Pubs'}]"
53154,Quiznos,$,2.0,2,"[{'alias': 'sandwiches', 'title': 'Sandwiches'}, {'alias': 'delis', 'title': 'Delis'}]"
53154,Domino's Pizza,,2.0,4,"[{'alias': 'pizza', 'title': 'Pizza'}, {'alias': 'chicken_wings', 'title': 'Chicken Wings'}, {'alias': 'sandwiches', 'title': 'Sandwiches'}]"
53154,Arby's Restaurants,$,1.5,5,"[{'alias': 'hotdogs', 'title': 'Fast Food'}, {'alias': 'sandwiches', 'title': 'Sandwiches'}]"
53154,French Meadow Cafe,,1.5,2,"[{'alias': 'bakeries', 'title': 'Bakeries'}, {'alias': 'coffee', 'title': 'Coffee & Tea'}]"
53154,Subway,$,2.0,3,"[{'alias': 'hotdogs', 'title': 'Fast Food'}, {'alias': 'sandwiches', 'title': 'Sandwiches'}]"
53154,Bottoms Up,,2.5,2,"[{'alias': 'divebars', 'title': 'Dive Bars'}]"
53154,Domino's Pizza,,3.0,1,"[{'alias': 'pizza', 'title': 'Pizza'}, {'alias': 'chicken_wings', 'title': 'Chicken Wings'}, {'alias': 'sandwiches', 'title': 'Sandwiches'}]"
53154,Pulaski Park,,3.0,1,"[{'alias': 'parks', 'title': 'Parks'}]"
53154,Reggie & Gerry's,,3.0,1,"[{'alias': 'divebars', 'title': 'Dive Bars'}]"
53154,Cudahy Historical Society Depot,,3.0,1,"[{'alias': 'landmarks', 'title': 'Landmarks & Historical Buildings'}]"
53154,Subway,,2.0,1,"[{'alias': 'sandwiches', 'title': 'Sandwiches'}, {'alias': 'hotdogs', 'title': 'Fast Food'}]"
53154,The Salty Dog,$,2.0,2,"[{'alias': 'bars', 'title': 'Bars'}, {'alias': 'poolhalls', 'title': 'Pool Halls'}]"
53154,Longshots Sports Bar,,3.0,2,"[{'alias': 'sportsbars', 'title': 'Sports Bars'}]"
53154,Sbarro,,1.5,2,"[{'alias': 'italian', 'title': 'Italian'}, {'alias': 'pizza', 'title': 'Pizza'}]"
53154,Jack's of All Trade,,4.0,1,"[{'alias': 'sportsbars', 'title': 'Sports Bars'}]"
53154,Sbarro's,,2.0,2,"[{'alias': 'restaurants', 'title': 'Restaurants'}]"
53154,Wayne's On Packard,,2.0,1,"[{'alias': 'divebars', 'title': 'Dive Bars'}]"
53154,Nicky K's,$,3.0,2,"[{'alias': 'divebars', 'title': 'Dive Bars'}]"
53154,Mrs. Fields,,1.5,2,"[{'alias': 'bakeries', 'title': 'Bakeries'}]"
53154,Suzy's Cream Cheesecakes,,5.0,1,"[{'alias': 'bakeries', 'title': 'Bakeries'}]"
53154,Orson's Saloon,$$,5.0,1,"[{'alias': 'bars', 'title': 'Bars'}]"
53154,Fava Tea,,5.0,1,"[{'alias': 'coffee', 'title': 'Coffee & Tea'}]"
53154,The Edge West,$,5.0,1,"[{'alias': 'sportsbars', 'title': 'Sports Bars'}]"
53154,Subway,,3.5,2,"[{'alias': 'hotdogs', 'title': 'Fast Food'}, {'alias': 'sandwiches', 'title': 'Sandwiches'}]"
53154,Subway,$,1.0,1,"[{'alias': 'sandwiches', 'title': 'Sandwiches'}, {'alias': 'hotdogs', 'title': 'Fast Food'}]"
53154,Rocky Rococo,,1.0,2,"[{'alias': 'pizza', 'title': 'Pizza'}]"
53154,Gas Lite West,,3.0,3,"[{'alias': 'bars', 'title': 'Bars'}]"
53154,Laveers,,1.0,1,"[{'alias': 'bars', 'title': 'Bars'}]"
53154,Big Easy Cajun,,1.0,1,"[{'alias': 'hotdogs', 'title': 'Fast Food'}]"
53154,Subway,$,4.0,1,"[{'alias': 'sandwiches', 'title': 'Sandwiches'}, {'alias': 'hotdogs', 'title': 'Fast Food'}]"
53154,Prize Steak Products,,4.0,1,"[{'alias': 'pizza', 'title': 'Pizza'}, {'alias': 'meats', 'title': 'Meat Shops'}]"
53154,Corner Bar & Grill,,4.0,1,"[{'alias': 'bars', 'title': 'Bars'}]"
53154,7-Eleven,$$,3.0,1,"[{'alias': 'convenience', 'title': 'Convenience Stores'}, {'alias': 'servicestations', 'title': 'Gas Stations'}, {'alias': 'coffee', 'title': 'Coffee & Tea'}]"
53154,Lake City Restaurant & Lounge,,2.0,1,"[{'alias': 'steak', 'title': 'Steakhouses'}, {'alias': 'tradamerican', 'title': 'American (Traditional)'}]"
53154,Subway,,1.0,2,"[{'alias': 'sandwiches', 'title': 'Sandwiches'}, {'alias': 'hotdogs', 'title': 'Fast Food'}]"
