zipcode,name,price,rating,review_count,categories
53168,Sieberts Pub,$$,4.5,116,"[{'alias': 'newamerican', 'title': 'American (New)'}, {'alias': 'pubs', 'title': 'Pubs'}, {'alias': 'sandwiches', 'title': 'Sandwiches'}]"
53168,The 75th Street Inn,$$,4.0,63,"[{'alias': 'bars', 'title': 'Bars'}, {'alias': 'tradamerican', 'title': 'American (Traditional)'}]"
53168,Fire Pitt,$$,4.5,98,"[{'alias': 'tradamerican', 'title': 'American (Traditional)'}, {'alias': 'bars', 'title': 'Bars'}]"
53168,La Cabana Mexican Restaurant,$,3.5,38,"[{'alias': 'mexican', 'title': 'Mexican'}]"
53168,The Hideaway Tavern,$$,4.5,15,"[{'alias': 'bars', 'title': 'Bars'}, {'alias': 'tradamerican', 'title': 'American (Traditional)'}]"
53168,Antonia's Pancake House,$,3.5,27,"[{'alias': 'breakfast_brunch', 'title': 'Breakfast & Brunch'}]"
53168,Binanti's Taste of Italy,$$,4.0,46,"[{'alias': 'pizza', 'title': 'Pizza'}, {'alias': 'italian', 'title': 'Italian'}]"
53168,Bristol 45 Diner,$,3.5,80,"[{'alias': 'diners', 'title': 'Diners'}, {'alias': 'burgers', 'title': 'Burgers'}, {'alias': 'hotdog', 'title': 'Hot Dogs'}]"
53168,Hill Country Market,$$,4.5,20,"[{'alias': 'gourmet', 'title': 'Specialty Food'}, {'alias': 'delis', 'title': 'Delis'}, {'alias': 'beer_and_wine', 'title': 'Beer, Wine & Spirits'}]"
53168,Wilmot Stage Stop,$$$,3.5,129,"[{'alias': 'desserts', 'title': 'Desserts'}, {'alias': 'steak', 'title': 'Steakhouses'}, {'alias': 'newamerican', 'title': 'American (New)'}]"
53168,Colony House Restaurant,$$,3.5,97,"[{'alias': 'tradamerican', 'title': 'American (Traditional)'}, {'alias': 'steak', 'title': 'Steakhouses'}, {'alias': 'cocktailbars', 'title': 'Cocktail Bars'}]"
53168,Lucky Chen,$,3.0,21,"[{'alias': 'chinese', 'title': 'Chinese'}]"
53168,Twin Oaks Country Inn Restaurant,$$$,4.0,57,"[{'alias': 'tradamerican', 'title': 'American (Traditional)'}, {'alias': 'steak', 'title': 'Steakhouses'}, {'alias': 'seafood', 'title': 'Seafood'}]"
53168,Cozzi Cafe & Bake Shop,$,4.5,7,"[{'alias': 'bakeries', 'title': 'Bakeries'}, {'alias': 'customcakes', 'title': 'Custom Cakes'}, {'alias': 'desserts', 'title': 'Desserts'}]"
53168,Antioch Pizza - Paddock Lake,,4.0,8,"[{'alias': 'pizza', 'title': 'Pizza'}]"
53168,Luisa's Pizza,$,4.0,39,"[{'alias': 'pizza', 'title': 'Pizza'}, {'alias': 'italian', 'title': 'Italian'}, {'alias': 'tradamerican', 'title': 'American (Traditional)'}]"
53168,Charlie's Place,$$,3.5,12,"[{'alias': 'burgers', 'title': 'Burgers'}, {'alias': 'hotdog', 'title': 'Hot Dogs'}, {'alias': 'sandwiches', 'title': 'Sandwiches'}]"
53168,Red School Cafe,$,4.0,38,"[{'alias': 'breakfast_brunch', 'title': 'Breakfast & Brunch'}]"
53168,Silver Lake Grill,$,4.5,13,"[{'alias': 'tradamerican', 'title': 'American (Traditional)'}]"
53168,The Red Oak Restaurant,$$,4.0,32,"[{'alias': 'newamerican', 'title': 'American (New)'}, {'alias': 'bars', 'title': 'Bars'}]"
53168,Subway,,5.0,3,"[{'alias': 'sandwiches', 'title': 'Sandwiches'}, {'alias': 'hotdogs', 'title': 'Fast Food'}]"
53168,Meyer Family Farm Vegetable Stand,$,5.0,5,"[{'alias': 'markets', 'title': 'Fruits & Veggies'}, {'alias': 'streetvendors', 'title': 'Street Vendors'}]"
53168,Chubby's Pizza Shack,,4.0,12,"[{'alias': 'pizza', 'title': 'Pizza'}]"
53168,Village Pub of Silver Lake,,4.5,7,"[{'alias': 'diners', 'title': 'Diners'}, {'alias': 'pubs', 'title': 'Pubs'}, {'alias': 'breakfast_brunch', 'title': 'Breakfast & Brunch'}]"
53168,Kelly's Pub,$,4.0,14,"[{'alias': 'pubs', 'title': 'Pubs'}, {'alias': 'chicken_wings', 'title': 'Chicken Wings'}, {'alias': 'pizza', 'title': 'Pizza'}]"
53168,Lily Lake Resort,$,4.0,16,"[{'alias': 'hotels', 'title': 'Hotels'}, {'alias': 'lounges', 'title': 'Lounges'}, {'alias': 'tradamerican', 'title': 'American (Traditional)'}]"
53168,The Marina,$$,3.0,30,"[{'alias': 'tradamerican', 'title': 'American (Traditional)'}]"
53168,Richard Bong State Recreation Area,,3.5,29,"[{'alias': 'parks', 'title': 'Parks'}]"
53168,Tenutas Italian Restaurant- Paddock Lake,$$,2.5,9,"[{'alias': 'italian', 'title': 'Italian'}]"
53168,McDonald's,$,2.0,11,"[{'alias': 'hotdogs', 'title': 'Fast Food'}, {'alias': 'burgers', 'title': 'Burgers'}, {'alias': 'coffee', 'title': 'Coffee & Tea'}]"
53168,Hansen's Ice Cream Parlor,$,5.0,30,"[{'alias': 'icecream', 'title': 'Ice Cream & Frozen Yogurt'}]"
53168,Burger King At Brass Ball Corners,$,3.5,3,"[{'alias': 'restaurants', 'title': 'Restaurants'}]"
53168,R C's Packer Inn Tavern,$,3.5,11,"[{'alias': 'bars', 'title': 'Bars'}]"
53168,Kickstand Bar & Grill,,3.5,6,"[{'alias': 'bars', 'title': 'Bars'}, {'alias': 'tradamerican', 'title': 'American (Traditional)'}]"
53168,Bristol House II,$$,4.0,6,"[{'alias': 'bars', 'title': 'Bars'}, {'alias': 'burgers', 'title': 'Burgers'}]"
53168,Wilmot Riverside,$,4.0,9,"[{'alias': 'beer_and_wine', 'title': 'Beer, Wine & Spirits'}, {'alias': 'bars', 'title': 'Bars'}, {'alias': 'newamerican', 'title': 'American (New)'}]"
53168,Benson Corners Back Door Antique Mall,$$,3.5,7,"[{'alias': 'antiques', 'title': 'Antiques'}, {'alias': 'servicestations', 'title': 'Gas Stations'}, {'alias': 'pizza', 'title': 'Pizza'}]"
53168,Hawg Heaven Bar,$,3.5,6,"[{'alias': 'bars', 'title': 'Bars'}]"
53168,The Sandlots of Salem,,2.5,9,"[{'alias': 'sportsbars', 'title': 'Sports Bars'}, {'alias': 'burgers', 'title': 'Burgers'}]"
53168,Thirsty Horse Pub & Grill,$$,3.5,14,"[{'alias': 'pubs', 'title': 'Pubs'}, {'alias': 'tradamerican', 'title': 'American (Traditional)'}]"
53168,Foxy's Bar,$,5.0,2,"[{'alias': 'bars', 'title': 'Bars'}]"
53168,Dairy Queen,$,3.0,6,"[{'alias': 'restaurants', 'title': 'Restaurants'}]"
53168,State Line Inn,$$,4.5,3,"[{'alias': 'bars', 'title': 'Bars'}, {'alias': 'tradamerican', 'title': 'American (Traditional)'}, {'alias': 'pizza', 'title': 'Pizza'}]"
53168,Westosha Flying Club,,4.5,3,"[{'alias': 'airportlounges', 'title': 'Airport Lounges'}]"
53168,Moose's Barbecue,$,4.0,1,"[{'alias': 'bbq', 'title': 'Barbeque'}]"
53168,Lake George Lodge,,3.0,6,"[{'alias': 'bars', 'title': 'Bars'}, {'alias': 'tradamerican', 'title': 'American (Traditional)'}, {'alias': 'sandwiches', 'title': 'Sandwiches'}]"
53168,Pizza Express,,3.5,4,"[{'alias': 'pizza', 'title': 'Pizza'}]"
53168,Stumble Inn,$,4.5,2,"[{'alias': 'bars', 'title': 'Bars'}, {'alias': 'tradamerican', 'title': 'American (Traditional)'}]"
53168,Wagner Leo Tavern,,3.0,1,"[{'alias': 'bars', 'title': 'Bars'}]"
53168,Subway,,3.0,4,"[{'alias': 'hotdogs', 'title': 'Fast Food'}, {'alias': 'sandwiches', 'title': 'Sandwiches'}]"
53168,Pizza Time,,3.0,6,"[{'alias': 'pizza', 'title': 'Pizza'}]"
53168,Towne Square,,5.0,1,"[{'alias': 'bars', 'title': 'Bars'}, {'alias': 'newamerican', 'title': 'American (New)'}]"
53168,Crumb On In Bakery,,4.0,1,"[{'alias': 'bakeries', 'title': 'Bakeries'}]"
53168,Uncle George's Bar & Grill,,5.0,2,"[{'alias': 'tradamerican', 'title': 'American (Traditional)'}, {'alias': 'beerbar', 'title': 'Beer Bar'}]"
53168,Happ's Pumpkin Patch,,2.5,3,"[{'alias': 'amusementparks', 'title': 'Amusement Parks'}]"
53168,Nonni's Italian Bisto & Bar,$$,2.0,3,"[{'alias': 'italian', 'title': 'Italian'}, {'alias': 'pizza', 'title': 'Pizza'}]"
53168,Benders Bar & Grill,,5.0,1,"[{'alias': 'tradamerican', 'title': 'American (Traditional)'}, {'alias': 'divebars', 'title': 'Dive Bars'}]"
53168,Promised Land Sports Park,,3.0,1,"[{'alias': 'parks', 'title': 'Parks'}]"
53168,Luisa's Pizza,,3.0,2,"[{'alias': 'pizza', 'title': 'Pizza'}]"
53168,Rivers Edge,,5.0,1,"[{'alias': 'bars', 'title': 'Bars'}]"
53168,Da Portable Rican,$$,4.5,41,"[{'alias': 'foodtrucks', 'title': 'Food Trucks'}, {'alias': 'puertorican', 'title': 'Puerto Rican'}, {'alias': 'latin', 'title': 'Latin American'}]"
53168,Chicago Ice Cream Truck,$,5.0,2,"[{'alias': 'foodtrucks', 'title': 'Food Trucks'}, {'alias': 'icecream', 'title': 'Ice Cream & Frozen Yogurt'}]"
53168,Pure Water Systems of Chicagoland,,5.0,1,"[{'alias': 'waterpurification', 'title': 'Water Purification Services'}, {'alias': 'officeequipment', 'title': 'Office Equipment'}, {'alias': 'coffee', 'title': 'Coffee & Tea'}]"
