alias,categories,coordinates,display_phone,distance,id,image_url,is_closed,location,name,phone,price,rating,review_count,transactions,url
chetek-cafe-chetek,"[{'alias': 'breakfast_brunch', 'title': 'Breakfast & Brunch'}, {'alias': 'greek', 'title': 'Greek'}, {'alias': 'meats', 'title': 'Meat Shops'}]","{'latitude': 45.3137, 'longitude': -91.65173}",(715) 925-2244,8664.22734857097,M8K8Z2cgpgeIwPr9Xz6TCg,https://s3-media2.fl.yelpcdn.com/bphoto/AtoWJEiY67qVcxuYTitNiA/o.jpg,False,"{'address1': '505 2nd St', 'address2': '', 'address3': '', 'city': 'Chetek', 'zip_code': '54728', 'country': 'US', 'state': 'WI', 'display_address': ['505 2nd St', 'Chetek, WI 54728']}",Chetek Cafe,+17159252244,$,5.0,11,[],https://www.yelp.com/biz/chetek-cafe-chetek?adjust_creative=GVWAITeAe13hPk5JlriDSg&utm_campaign=yelp_api_v3&utm_medium=api_v3_business_search&utm_source=GVWAITeAe13hPk5JlriDSg
r-bar-cameron,"[{'alias': 'chicken_wings', 'title': 'Chicken Wings'}, {'alias': 'burgers', 'title': 'Burgers'}, {'alias': 'sandwiches', 'title': 'Sandwiches'}]","{'latitude': 45.37822, 'longitude': -91.64444}",(715) 859-6556,2862.47757668607,fAQuWNgXh19nzLRoEqPpfw,https://s3-media2.fl.yelpcdn.com/bphoto/fyzlh0rwEYwGEXOyVvJR5A/o.jpg,False,"{'address1': '1190 25th St', 'address2': '', 'address3': '', 'city': 'Cameron', 'zip_code': '54822', 'country': 'US', 'state': 'WI', 'display_address': ['1190 25th St', 'Cameron, WI 54822']}",R Bar,+17158596556,$$,4.5,8,[],https://www.yelp.com/biz/r-bar-cameron?adjust_creative=GVWAITeAe13hPk5JlriDSg&utm_campaign=yelp_api_v3&utm_medium=api_v3_business_search&utm_source=GVWAITeAe13hPk5JlriDSg
adventures-restaurant-and-pub-rice-lake,"[{'alias': 'tradamerican', 'title': 'American (Traditional)'}]","{'latitude': 45.4724769592285, 'longitude': -91.7436141967773}",(715) 434-4040,10599.182709836545,-EHTgrQYlXJqwOuW5poblA,https://s3-media2.fl.yelpcdn.com/bphoto/PXesv2b5o93UFZeHRG5lxg/o.jpg,False,"{'address1': '2901 College Dr', 'address2': '', 'address3': '', 'city': 'Rice Lake', 'zip_code': '54868', 'country': 'US', 'state': 'WI', 'display_address': ['2901 College Dr', 'Rice Lake, WI 54868']}",Adventures Restaurant and Pub,+17154344040,$$,4.0,36,[],https://www.yelp.com/biz/adventures-restaurant-and-pub-rice-lake?adjust_creative=GVWAITeAe13hPk5JlriDSg&utm_campaign=yelp_api_v3&utm_medium=api_v3_business_search&utm_source=GVWAITeAe13hPk5JlriDSg
tokyo-japanese-restaurant-rice-lake,"[{'alias': 'japanese', 'title': 'Japanese'}]","{'latitude': 45.474544, 'longitude': -91.736885}",(715) 719-0389,10546.814015401447,NrF0PFphCJ8ScH89as77ew,https://s3-media2.fl.yelpcdn.com/bphoto/7uIjTe8nHES4Iv5mN_GCwg/o.jpg,False,"{'address1': '2472 S Main St', 'address2': '', 'address3': '', 'city': 'Rice Lake', 'zip_code': '54868', 'country': 'US', 'state': 'WI', 'display_address': ['2472 S Main St', 'Rice Lake, WI 54868']}",Tokyo Japanese Restaurant,+17157190389,$$,4.0,31,[],https://www.yelp.com/biz/tokyo-japanese-restaurant-rice-lake?adjust_creative=GVWAITeAe13hPk5JlriDSg&utm_campaign=yelp_api_v3&utm_medium=api_v3_business_search&utm_source=GVWAITeAe13hPk5JlriDSg
caddy-shack-bar-and-grill-chetek,"[{'alias': 'bars', 'title': 'Bars'}, {'alias': 'tradamerican', 'title': 'American (Traditional)'}, {'alias': 'pizza', 'title': 'Pizza'}]","{'latitude': 45.352954, 'longitude': -91.639278}",(715) 859-6211,5017.669575066524,kTDoMgrd8GwgFCXqPkER0A,https://s3-media3.fl.yelpcdn.com/bphoto/hL6jMyHMFgGRXPBRIkGIBg/o.jpg,False,"{'address1': '1011 25 25 1/4 St', 'address2': '', 'address3': '', 'city': 'Chetek', 'zip_code': '54728', 'country': 'US', 'state': 'WI', 'display_address': ['1011 25 25 1/4 St', 'Chetek, WI 54728']}",Caddy Shack Bar & Grill,+17158596211,$$,4.0,16,[],https://www.yelp.com/biz/caddy-shack-bar-and-grill-chetek?adjust_creative=GVWAITeAe13hPk5JlriDSg&utm_campaign=yelp_api_v3&utm_medium=api_v3_business_search&utm_source=GVWAITeAe13hPk5JlriDSg
norske-nook-rice-lake,"[{'alias': 'tradamerican', 'title': 'American (Traditional)'}]","{'latitude': 45.4724426269531, 'longitude': -91.7406463623047}",(715) 234-1733,10486.999384204573,nZTci8iEBTWpwU4C0VUpWQ,https://s3-media4.fl.yelpcdn.com/bphoto/tcE89hrTIENuZIPQWXRSuQ/o.jpg,False,"{'address1': '2900 Pioneer Ave', 'address2': '', 'address3': '', 'city': 'Rice Lake', 'zip_code': '54868', 'country': 'US', 'state': 'WI', 'display_address': ['2900 Pioneer Ave', 'Rice Lake, WI 54868']}",Norske Nook,+17152341733,$$,3.5,54,[],https://www.yelp.com/biz/norske-nook-rice-lake?adjust_creative=GVWAITeAe13hPk5JlriDSg&utm_campaign=yelp_api_v3&utm_medium=api_v3_business_search&utm_source=GVWAITeAe13hPk5JlriDSg
maxines-rice-lake,"[{'alias': 'tradamerican', 'title': 'American (Traditional)'}, {'alias': 'breakfast_brunch', 'title': 'Breakfast & Brunch'}]","{'latitude': 45.48351, 'longitude': -91.73299}",(715) 234-1662,11330.970026320883,pUb81Ew8xDCyAY-pZKSArQ,https://s3-media2.fl.yelpcdn.com/bphoto/FMQ-cdovd9QC8AyfSh3YrQ/o.jpg,False,"{'address1': '1721 S Main St', 'address2': '', 'address3': '', 'city': 'Rice Lake', 'zip_code': '54868', 'country': 'US', 'state': 'WI', 'display_address': ['1721 S Main St', 'Rice Lake, WI 54868']}",Maxine's,+17152341662,$,4.0,30,[],https://www.yelp.com/biz/maxines-rice-lake?adjust_creative=GVWAITeAe13hPk5JlriDSg&utm_campaign=yelp_api_v3&utm_medium=api_v3_business_search&utm_source=GVWAITeAe13hPk5JlriDSg
lehmans-supper-club-rice-lake,"[{'alias': 'steak', 'title': 'Steakhouses'}, {'alias': 'tradamerican', 'title': 'American (Traditional)'}]","{'latitude': 45.4705848693848, 'longitude': -91.7345275878906}",(715) 234-2428,10089.088472434492,FUOv9wL5UywjV0FIcGdkog,https://s3-media2.fl.yelpcdn.com/bphoto/owPhilEcnubts9orWitwiw/o.jpg,False,"{'address1': '2911 S Main St', 'address2': '', 'address3': '', 'city': 'Rice Lake', 'zip_code': '54868', 'country': 'US', 'state': 'WI', 'display_address': ['2911 S Main St', 'Rice Lake, WI 54868']}",Lehmans Supper Club,+17152342428,$$,4.0,29,[],https://www.yelp.com/biz/lehmans-supper-club-rice-lake?adjust_creative=GVWAITeAe13hPk5JlriDSg&utm_campaign=yelp_api_v3&utm_medium=api_v3_business_search&utm_source=GVWAITeAe13hPk5JlriDSg
northlakes-drive-in-chetek,"[{'alias': 'diners', 'title': 'Diners'}, {'alias': 'newamerican', 'title': 'American (New)'}, {'alias': 'hotdogs', 'title': 'Fast Food'}]","{'latitude': 45.3128967285156, 'longitude': -91.6511154174805}",(715) 924-3325,8766.613833714151,slCRgTPrpJKik-ecAGg1HQ,https://s3-media3.fl.yelpcdn.com/bphoto/6OZVv1Aq2TYVDMQ4oFFa6Q/o.jpg,False,"{'address1': '410 2nd St', 'address2': '', 'address3': '', 'city': 'Chetek', 'zip_code': '54728', 'country': 'US', 'state': 'WI', 'display_address': ['410 2nd St', 'Chetek, WI 54728']}",Northlakes Drive In,+17159243325,$,4.5,9,[],https://www.yelp.com/biz/northlakes-drive-in-chetek?adjust_creative=GVWAITeAe13hPk5JlriDSg&utm_campaign=yelp_api_v3&utm_medium=api_v3_business_search&utm_source=GVWAITeAe13hPk5JlriDSg
chetek-bakery-chetek,"[{'alias': 'bakeries', 'title': 'Bakeries'}]","{'latitude': 45.3146858215332, 'longitude': -91.6510162353516}",(715) 924-3443,8568.674431207119,tbybPYjLislvOngLFQXbxQ,https://s3-media3.fl.yelpcdn.com/bphoto/VgvbKqDduiV8_yOKtLxgqA/o.jpg,False,"{'address1': '608 2nd St', 'address2': '', 'address3': '', 'city': 'Chetek', 'zip_code': '54728', 'country': 'US', 'state': 'WI', 'display_address': ['608 2nd St', 'Chetek, WI 54728']}",Chetek Bakery,+17159243443,$,4.0,10,[],https://www.yelp.com/biz/chetek-bakery-chetek?adjust_creative=GVWAITeAe13hPk5JlriDSg&utm_campaign=yelp_api_v3&utm_medium=api_v3_business_search&utm_source=GVWAITeAe13hPk5JlriDSg
cabin-coffee-rice-lake,"[{'alias': 'coffee', 'title': 'Coffee & Tea'}]","{'latitude': 45.4745827, 'longitude': -91.7359085}",(715) 719-0260,10509.060152997472,JOVvFQqdpbvaveDWJoDMkw,https://s3-media2.fl.yelpcdn.com/bphoto/izfd1woR_BfUVPu5qV6AYw/o.jpg,False,"{'address1': '2462 S Main St', 'address2': '', 'address3': '', 'city': 'Rice Lake', 'zip_code': '54868', 'country': 'US', 'state': 'WI', 'display_address': ['2462 S Main St', 'Rice Lake, WI 54868']}",Cabin Coffee,+17157190260,$,4.5,11,[],https://www.yelp.com/biz/cabin-coffee-rice-lake?adjust_creative=GVWAITeAe13hPk5JlriDSg&utm_campaign=yelp_api_v3&utm_medium=api_v3_business_search&utm_source=GVWAITeAe13hPk5JlriDSg
brions-smokehouse-deli-cameron,"[{'alias': 'newamerican', 'title': 'American (New)'}]","{'latitude': 45.40884, 'longitude': -91.74549}",(715) 458-2305,5771.445878927322,pL0uRySAlPtqCwGRrEyKmw,https://s3-media2.fl.yelpcdn.com/bphoto/4YBp3P1_SZsRwm8yg-6xeQ/o.jpg,False,"{'address1': '909 W Main St', 'address2': None, 'address3': '', 'city': 'Cameron', 'zip_code': '54822', 'country': 'US', 'state': 'WI', 'display_address': ['909 W Main St', 'Cameron, WI 54822']}",Brions Smokehouse Deli,+17154582305,$$,5.0,4,[],https://www.yelp.com/biz/brions-smokehouse-deli-cameron?adjust_creative=GVWAITeAe13hPk5JlriDSg&utm_campaign=yelp_api_v3&utm_medium=api_v3_business_search&utm_source=GVWAITeAe13hPk5JlriDSg
b-and-b-bar-and-grill-chetek,"[{'alias': 'pizza', 'title': 'Pizza'}, {'alias': 'burgers', 'title': 'Burgers'}, {'alias': 'sandwiches', 'title': 'Sandwiches'}]","{'latitude': 45.3139152526855, 'longitude': -91.6510925292969}",(715) 924-3603,8650.054979196077,BGC6zWAL0vJkMPTwaMLJnQ,https://s3-media1.fl.yelpcdn.com/bphoto/1-D_43i7KU4Mg9HtzcoH0A/o.jpg,False,"{'address1': '516 2nd St', 'address2': '', 'address3': '', 'city': 'Chetek', 'zip_code': '54728', 'country': 'US', 'state': 'WI', 'display_address': ['516 2nd St', 'Chetek, WI 54728']}",B and B Bar & Grill,+17159243603,$$,4.5,8,[],https://www.yelp.com/biz/b-and-b-bar-and-grill-chetek?adjust_creative=GVWAITeAe13hPk5JlriDSg&utm_campaign=yelp_api_v3&utm_medium=api_v3_business_search&utm_source=GVWAITeAe13hPk5JlriDSg
old-southern-bbq-smokehouse-rice-lake,"[{'alias': 'bbq', 'title': 'Barbeque'}]","{'latitude': 45.4737469, 'longitude': -91.7359049}",(715) 719-0427,10502.424001638487,2u-RxYdbmyTN2LNpZMadtw,https://s3-media3.fl.yelpcdn.com/bphoto/aRp9spUB5oPAKUDGbtVhwQ/o.jpg,False,"{'address1': '2498 S Main St', 'address2': '', 'address3': '', 'city': 'Rice Lake', 'zip_code': '54868', 'country': 'US', 'state': 'WI', 'display_address': ['2498 S Main St', 'Rice Lake, WI 54868']}",Old Southern BBQ Smokehouse,+17157190427,$$,3.5,26,[],https://www.yelp.com/biz/old-southern-bbq-smokehouse-rice-lake?adjust_creative=GVWAITeAe13hPk5JlriDSg&utm_campaign=yelp_api_v3&utm_medium=api_v3_business_search&utm_source=GVWAITeAe13hPk5JlriDSg
hope-and-anchor-coffeehouse-chetek,"[{'alias': 'coffee', 'title': 'Coffee & Tea'}]","{'latitude': 45.31415, 'longitude': -91.65103}",(715) 925-5282,8626.270415514078,B53fmHAZeVzHMzQ49dZW5Q,https://s3-media4.fl.yelpcdn.com/bphoto/_vbKlBIHiNwOdJ9nQVmowA/o.jpg,False,"{'address1': '526 2nd St', 'address2': 'Unit 2', 'address3': '', 'city': 'Chetek', 'zip_code': '54728', 'country': 'US', 'state': 'WI', 'display_address': ['526 2nd St', 'Unit 2', 'Chetek, WI 54728']}",Hope & Anchor Coffeehouse,+17159255282,$$,5.0,4,[],https://www.yelp.com/biz/hope-and-anchor-coffeehouse-chetek?adjust_creative=GVWAITeAe13hPk5JlriDSg&utm_campaign=yelp_api_v3&utm_medium=api_v3_business_search&utm_source=GVWAITeAe13hPk5JlriDSg
reds-eating-and-drinking-establishment-chetek,"[{'alias': 'bars', 'title': 'Bars'}, {'alias': 'diners', 'title': 'Diners'}]","{'latitude': 45.312452, 'longitude': -91.644521}",(715) 924-3100,8939.815170552316,lxDroo5HOr5Osy7dM4G2Iw,https://s3-media4.fl.yelpcdn.com/bphoto/R2oUgGSJRynbUBQeEJ9EjQ/o.jpg,False,"{'address1': '121 Lakeview Dr', 'address2': '', 'address3': '', 'city': 'Chetek', 'zip_code': '54728', 'country': 'US', 'state': 'WI', 'display_address': ['121 Lakeview Dr', 'Chetek, WI 54728']}",Reds Eating & Drinking Establishment,+17159243100,$$,3.5,17,[],https://www.yelp.com/biz/reds-eating-and-drinking-establishment-chetek?adjust_creative=GVWAITeAe13hPk5JlriDSg&utm_campaign=yelp_api_v3&utm_medium=api_v3_business_search&utm_source=GVWAITeAe13hPk5JlriDSg
cameron-house-cameron,"[{'alias': 'beer_and_wine', 'title': 'Beer, Wine & Spirits'}, {'alias': 'burgers', 'title': 'Burgers'}, {'alias': 'sandwiches', 'title': 'Sandwiches'}]","{'latitude': 45.4075546, 'longitude': -91.735672}",(715) 458-2389,5026.882586189235,RnSGcQ4-nPsQ-wjKqiSH6Q,https://s3-media2.fl.yelpcdn.com/bphoto/hMZKW90kEOcKn7nXQT_S6Q/o.jpg,False,"{'address1': '106 Arlington', 'address2': '', 'address3': '', 'city': 'Cameron', 'zip_code': '54822', 'country': 'US', 'state': 'WI', 'display_address': ['106 Arlington', 'Cameron, WI 54822']}",Cameron House,+17154582389,$$,3.5,9,[],https://www.yelp.com/biz/cameron-house-cameron?adjust_creative=GVWAITeAe13hPk5JlriDSg&utm_campaign=yelp_api_v3&utm_medium=api_v3_business_search&utm_source=GVWAITeAe13hPk5JlriDSg
crossroads-cafe-cameron,"[{'alias': 'coffee', 'title': 'Coffee & Tea'}, {'alias': 'breakfast_brunch', 'title': 'Breakfast & Brunch'}]","{'latitude': 45.4086171563593, 'longitude': -91.7343854159117}",(715) 458-5555,4970.053408266956,oRlkv7E5Yj9Bd7igMpEsvg,,False,"{'address1': '101 N 1st St', 'address2': '', 'address3': '', 'city': 'Cameron', 'zip_code': '54822', 'country': 'US', 'state': 'WI', 'display_address': ['101 N 1st St', 'Cameron, WI 54822']}",Crossroads Cafe,+17154585555,,4.5,3,[],https://www.yelp.com/biz/crossroads-cafe-cameron?adjust_creative=GVWAITeAe13hPk5JlriDSg&utm_campaign=yelp_api_v3&utm_medium=api_v3_business_search&utm_source=GVWAITeAe13hPk5JlriDSg
somerset-pub-chetek,"[{'alias': 'localflavor', 'title': 'Local Flavor'}]","{'latitude': 45.34636, 'longitude': -91.64017}",(715) 859-2271,5615.040096368129,GvbVqY5GeE_CCdRfNGvaVg,https://s3-media1.fl.yelpcdn.com/bphoto/z5XxKa-R9Wt0ZYYaY39xag/o.jpg,False,"{'address1': '967 25 1/8 St', 'address2': '', 'address3': '', 'city': 'Chetek', 'zip_code': '54728', 'country': 'US', 'state': 'WI', 'display_address': ['967 25 1/8 St', 'Chetek, WI 54728']}",Somerset Pub,+17158592271,,4.5,3,[],https://www.yelp.com/biz/somerset-pub-chetek?adjust_creative=GVWAITeAe13hPk5JlriDSg&utm_campaign=yelp_api_v3&utm_medium=api_v3_business_search&utm_source=GVWAITeAe13hPk5JlriDSg
norms-open-kitchen-restaurant-chetek,"[{'alias': 'restaurants', 'title': 'Restaurants'}]","{'latitude': 45.3214912414551, 'longitude': -91.6583862304688}",(715) 924-2770,7702.241268425303,TaoKkJw_OlWxqcCNOCLpgw,,False,"{'address1': '713 Dallas St', 'address2': '', 'address3': '', 'city': 'Chetek', 'zip_code': '54728', 'country': 'US', 'state': 'WI', 'display_address': ['713 Dallas St', 'Chetek, WI 54728']}",Norm's Open Kitchen Restaurant,+17159242770,$,4.0,6,[],https://www.yelp.com/biz/norms-open-kitchen-restaurant-chetek?adjust_creative=GVWAITeAe13hPk5JlriDSg&utm_campaign=yelp_api_v3&utm_medium=api_v3_business_search&utm_source=GVWAITeAe13hPk5JlriDSg
pokegama-lakeside-tavern-and-grill-chetek,"[{'alias': 'salad', 'title': 'Salad'}, {'alias': 'tradamerican', 'title': 'American (Traditional)'}, {'alias': 'pizza', 'title': 'Pizza'}]","{'latitude': 45.326042, 'longitude': -91.631534}",(715) 764-1212,7901.074217388463,2f9vhsv-ZGi0UkvDm8Y_Zw,https://s3-media4.fl.yelpcdn.com/bphoto/2NrmhSnufX-XlKuqa9xgTA/o.jpg,False,"{'address1': '840 Banks Ln', 'address2': '', 'address3': '', 'city': 'Chetek', 'zip_code': '54728', 'country': 'US', 'state': 'WI', 'display_address': ['840 Banks Ln', 'Chetek, WI 54728']}",Pokegama Lakeside Tavern & Grill,+17157641212,$$,2.5,21,[],https://www.yelp.com/biz/pokegama-lakeside-tavern-and-grill-chetek?adjust_creative=GVWAITeAe13hPk5JlriDSg&utm_campaign=yelp_api_v3&utm_medium=api_v3_business_search&utm_source=GVWAITeAe13hPk5JlriDSg
marys-cafe-and-pub-chetek,"[{'alias': 'pubs', 'title': 'Pubs'}, {'alias': 'cafes', 'title': 'Cafes'}, {'alias': 'mexican', 'title': 'Mexican'}]","{'latitude': 45.3146591186523, 'longitude': -91.6517181396484}",(715) 924-2736,8566.831683948732,hCoeZmp_dnkxGfq4v2b1Fg,https://s3-media2.fl.yelpcdn.com/bphoto/GnAltFPAh38FJO7wXpi1Ww/o.jpg,False,"{'address1': '208 Knapp St', 'address2': '', 'address3': '', 'city': 'Chetek', 'zip_code': '54728', 'country': 'US', 'state': 'WI', 'display_address': ['208 Knapp St', 'Chetek, WI 54728']}",Mary's Cafe & Pub,+17159242736,$,3.5,7,[],https://www.yelp.com/biz/marys-cafe-and-pub-chetek?adjust_creative=GVWAITeAe13hPk5JlriDSg&utm_campaign=yelp_api_v3&utm_medium=api_v3_business_search&utm_source=GVWAITeAe13hPk5JlriDSg
stone-oven-pizzeria-cameron,"[{'alias': 'pizza', 'title': 'Pizza'}]","{'latitude': 45.408519744873, 'longitude': -91.745361328125}",(715) 458-0500,5753.061295923323,WuT_21sz9h0p6FyP5wbKlg,https://s3-media1.fl.yelpcdn.com/bphoto/qXxtce0fTgzce_u6l3kVsQ/o.jpg,False,"{'address1': '908 West Main St', 'address2': '', 'address3': '', 'city': 'Cameron', 'zip_code': '54822', 'country': 'US', 'state': 'WI', 'display_address': ['908 West Main St', 'Cameron, WI 54822']}",Stone Oven Pizzeria,+17154580500,,4.5,3,[],https://www.yelp.com/biz/stone-oven-pizzeria-cameron?adjust_creative=GVWAITeAe13hPk5JlriDSg&utm_campaign=yelp_api_v3&utm_medium=api_v3_business_search&utm_source=GVWAITeAe13hPk5JlriDSg
simply-sweet-white-linen-catering-cameron,"[{'alias': 'bakeries', 'title': 'Bakeries'}, {'alias': 'catering', 'title': 'Caterers'}]","{'latitude': 45.4086546599865, 'longitude': -91.7444892972708}",,5649.463052207162,eDhy8RiuAl51y-jYg_optQ,,False,"{'address1': '803 Main St', 'address2': '', 'address3': '', 'city': 'Cameron', 'zip_code': '54822', 'country': 'US', 'state': 'WI', 'display_address': ['803 Main St', 'Cameron, WI 54822']}",Simply Sweet White Linen Catering,,,5.0,1,[],https://www.yelp.com/biz/simply-sweet-white-linen-catering-cameron?adjust_creative=GVWAITeAe13hPk5JlriDSg&utm_campaign=yelp_api_v3&utm_medium=api_v3_business_search&utm_source=GVWAITeAe13hPk5JlriDSg
chetek-lanes-event-center-and-pizzeria-chetek,"[{'alias': 'pizza', 'title': 'Pizza'}, {'alias': 'bowling', 'title': 'Bowling'}, {'alias': 'venues', 'title': 'Venues & Event Spaces'}]","{'latitude': 45.30618, 'longitude': -91.645803}",(715) 924-3227,9585.165499413986,x3R5jDZ2UzS5KlOF_6dobQ,https://s3-media2.fl.yelpcdn.com/bphoto/xry5M-8L2SRb2x5-55P-LA/o.jpg,False,"{'address1': '695 County Hwy Ss', 'address2': '', 'address3': '', 'city': 'Chetek', 'zip_code': '54728', 'country': 'US', 'state': 'WI', 'display_address': ['695 County Hwy Ss', 'Chetek, WI 54728']}",Chetek Lanes Event Center & Pizzeria,+17159243227,$,4.5,2,[],https://www.yelp.com/biz/chetek-lanes-event-center-and-pizzeria-chetek?adjust_creative=GVWAITeAe13hPk5JlriDSg&utm_campaign=yelp_api_v3&utm_medium=api_v3_business_search&utm_source=GVWAITeAe13hPk5JlriDSg
pizza-hut-rice-lake,"[{'alias': 'pizza', 'title': 'Pizza'}, {'alias': 'italian', 'title': 'Italian'}, {'alias': 'chicken_wings', 'title': 'Chicken Wings'}]","{'latitude': 45.476245880127, 'longitude': -91.7344665527344}",(715) 234-1577,10649.877176854538,6Mj9SIXeC19IhD7Dn156Bg,https://s3-media2.fl.yelpcdn.com/bphoto/hvgNNDLYUaU6ryqXTycgfw/o.jpg,False,"{'address1': '2395 S Main St', 'address2': '', 'address3': '', 'city': 'Rice Lake', 'zip_code': '54868', 'country': 'US', 'state': 'WI', 'display_address': ['2395 S Main St', 'Rice Lake, WI 54868']}",Pizza Hut,+17152341577,$,4.5,3,[],https://www.yelp.com/biz/pizza-hut-rice-lake?adjust_creative=GVWAITeAe13hPk5JlriDSg&utm_campaign=yelp_api_v3&utm_medium=api_v3_business_search&utm_source=GVWAITeAe13hPk5JlriDSg
barron-county-historical-society-pioneer-village-museum-cameron,"[{'alias': 'museums', 'title': 'Museums'}]","{'latitude': 45.403423, 'longitude': -91.773424}",(715) 458-2841,7700.652878291239,Xr1PH9F1Sic3Y1z30Q_J4w,https://s3-media3.fl.yelpcdn.com/bphoto/ALtoefVXRW393R83voFnYw/o.jpg,False,"{'address1': '1870 13 1/2 Ave', 'address2': None, 'address3': None, 'city': 'Cameron', 'zip_code': '54822', 'country': 'US', 'state': 'WI', 'display_address': ['1870 13 1/2 Ave', 'Cameron, WI 54822']}",Barron County Historical Society-Pioneer Village Museum,+17154582841,,5.0,1,[],https://www.yelp.com/biz/barron-county-historical-society-pioneer-village-museum-cameron?adjust_creative=GVWAITeAe13hPk5JlriDSg&utm_campaign=yelp_api_v3&utm_medium=api_v3_business_search&utm_source=GVWAITeAe13hPk5JlriDSg
rice-lake-family-restaurant-rice-lake,"[{'alias': 'tradamerican', 'title': 'American (Traditional)'}]","{'latitude': 45.4753189086914, 'longitude': -91.7350463867188}",(715) 434-1037,10561.507212081433,LsnotGDYU8AR1QvZxgVZig,https://s3-media1.fl.yelpcdn.com/bphoto/clW1SkY8dIGyTVHgqlpgpg/o.jpg,False,"{'address1': '2411 S Main St', 'address2': '', 'address3': '', 'city': 'Rice Lake', 'zip_code': '54868', 'country': 'US', 'state': 'WI', 'display_address': ['2411 S Main St', 'Rice Lake, WI 54868']}",Rice Lake Family Restaurant,+17154341037,$$,3.0,6,[],https://www.yelp.com/biz/rice-lake-family-restaurant-rice-lake?adjust_creative=GVWAITeAe13hPk5JlriDSg&utm_campaign=yelp_api_v3&utm_medium=api_v3_business_search&utm_source=GVWAITeAe13hPk5JlriDSg
lake-buffet-rice-lake,"[{'alias': 'chinese', 'title': 'Chinese'}]","{'latitude': 45.4714806396709, 'longitude': -91.7408334010573}",(715) 236-2220,10387.560016169884,FM6DOc__aIZezq2_qaxMkQ,,False,"{'address1': '2908 Pioneer Ave', 'address2': '', 'address3': '', 'city': 'Rice Lake', 'zip_code': '54868', 'country': 'US', 'state': 'WI', 'display_address': ['2908 Pioneer Ave', 'Rice Lake, WI 54868']}",Lake Buffet,+17152362220,,3.5,4,[],https://www.yelp.com/biz/lake-buffet-rice-lake?adjust_creative=GVWAITeAe13hPk5JlriDSg&utm_campaign=yelp_api_v3&utm_medium=api_v3_business_search&utm_source=GVWAITeAe13hPk5JlriDSg
applebees-grill-bar-rice-lake,"[{'alias': 'sportsbars', 'title': 'Sports Bars'}, {'alias': 'burgers', 'title': 'Burgers'}, {'alias': 'tradamerican', 'title': 'American (Traditional)'}]","{'latitude': 45.472493, 'longitude': -91.753978}",(715) 861-1501,11012.17982559032,GkML6b5onHhRBzEuUfvAsw,https://s3-media1.fl.yelpcdn.com/bphoto/qKDcSaHKUOchw0dUGan9jA/o.jpg,False,"{'address1': '2901 Decker Dr', 'address2': '', 'address3': '', 'city': 'Rice Lake', 'zip_code': '54868', 'country': 'US', 'state': 'WI', 'display_address': ['2901 Decker Dr', 'Rice Lake, WI 54868']}",Applebee's Grill + Bar,+17158611501,$$,2.0,16,[],https://www.yelp.com/biz/applebees-grill-bar-rice-lake?adjust_creative=GVWAITeAe13hPk5JlriDSg&utm_campaign=yelp_api_v3&utm_medium=api_v3_business_search&utm_source=GVWAITeAe13hPk5JlriDSg
culvers-rice-lake,"[{'alias': 'hotdogs', 'title': 'Fast Food'}, {'alias': 'icecream', 'title': 'Ice Cream & Frozen Yogurt'}, {'alias': 'burgers', 'title': 'Burgers'}]","{'latitude': 45.4769592285156, 'longitude': -91.7365112304688}",(715) 736-1011,10769.428700819697,PwtBcFdkqAUVDOjfdviAlw,https://s3-media4.fl.yelpcdn.com/bphoto/Ch6O20-0g0s7a0MtgGLT7A/o.jpg,False,"{'address1': '2250 S Main St', 'address2': '', 'address3': '', 'city': 'Rice Lake', 'zip_code': '54868', 'country': 'US', 'state': 'WI', 'display_address': ['2250 S Main St', 'Rice Lake, WI 54868']}",Culver's,+17157361011,$,3.0,5,[],https://www.yelp.com/biz/culvers-rice-lake?adjust_creative=GVWAITeAe13hPk5JlriDSg&utm_campaign=yelp_api_v3&utm_medium=api_v3_business_search&utm_source=GVWAITeAe13hPk5JlriDSg
kwik-trip-chetek,"[{'alias': 'convenience', 'title': 'Convenience Stores'}, {'alias': 'pizza', 'title': 'Pizza'}]","{'latitude': 45.3121604919434, 'longitude': -91.6507720947266}",(715) 924-2020,8858.494045533083,gKAXK--bdDhf-Du_8MOC-w,,False,"{'address1': '324 2nd St', 'address2': '', 'address3': '', 'city': 'Chetek', 'zip_code': '54728', 'country': 'US', 'state': 'WI', 'display_address': ['324 2nd St', 'Chetek, WI 54728']}",Kwik Trip,+17159242020,,5.0,1,[],https://www.yelp.com/biz/kwik-trip-chetek?adjust_creative=GVWAITeAe13hPk5JlriDSg&utm_campaign=yelp_api_v3&utm_medium=api_v3_business_search&utm_source=GVWAITeAe13hPk5JlriDSg
gamestop-rice-lake,"[{'alias': 'videoandgames', 'title': 'Videos & Video Game Rental'}, {'alias': 'amusementparks', 'title': 'Amusement Parks'}]","{'latitude': 45.47466, 'longitude': -91.76478}",(715) 736-2121,11699.03825603198,4lJJtlv_h8tIrgehfEc1yw,,False,"{'address1': '2701 West Ave', 'address2': 'Ste D', 'address3': None, 'city': 'Rice Lake', 'zip_code': '54868', 'country': 'US', 'state': 'WI', 'display_address': ['2701 West Ave', 'Ste D', 'Rice Lake, WI 54868']}",Gamestop,+17157362121,$$,4.5,2,[],https://www.yelp.com/biz/gamestop-rice-lake?adjust_creative=GVWAITeAe13hPk5JlriDSg&utm_campaign=yelp_api_v3&utm_medium=api_v3_business_search&utm_source=GVWAITeAe13hPk5JlriDSg
mcdonalds-rice-lake-2,"[{'alias': 'burgers', 'title': 'Burgers'}, {'alias': 'hotdogs', 'title': 'Fast Food'}, {'alias': 'coffee', 'title': 'Coffee & Tea'}]","{'latitude': 45.4808354199089, 'longitude': -91.7337544262409}",(715) 234-9702,11077.396090848117,b4O4aDcKCBILYWZBlXWO9A,https://s3-media4.fl.yelpcdn.com/bphoto/YFSqgI7iKyeWA0VAa32xiA/o.jpg,False,"{'address1': '1917 S Main St', 'address2': '', 'address3': '', 'city': 'Rice Lake', 'zip_code': '54868', 'country': 'US', 'state': 'WI', 'display_address': ['1917 S Main St', 'Rice Lake, WI 54868']}",McDonald's,+17152349702,$,2.5,6,[],https://www.yelp.com/biz/mcdonalds-rice-lake-2?adjust_creative=GVWAITeAe13hPk5JlriDSg&utm_campaign=yelp_api_v3&utm_medium=api_v3_business_search&utm_source=GVWAITeAe13hPk5JlriDSg
dairy-queen-chetek,"[{'alias': 'hotdogs', 'title': 'Fast Food'}, {'alias': 'icecream', 'title': 'Ice Cream & Frozen Yogurt'}]","{'latitude': 45.3214950561523, 'longitude': -91.6586456298828}",(715) 924-3694,7688.937652265787,JHysEJIyvxYE2-pk0jbCpQ,https://s3-media2.fl.yelpcdn.com/bphoto/yu5edGLA4XsB4CScHXR1nw/o.jpg,False,"{'address1': '727 Dallas St', 'address2': '', 'address3': '', 'city': 'Chetek', 'zip_code': '54728', 'country': 'US', 'state': 'WI', 'display_address': ['727 Dallas St', 'Chetek, WI 54728']}",Dairy Queen,+17159243694,,2.0,3,[],https://www.yelp.com/biz/dairy-queen-chetek?adjust_creative=GVWAITeAe13hPk5JlriDSg&utm_campaign=yelp_api_v3&utm_medium=api_v3_business_search&utm_source=GVWAITeAe13hPk5JlriDSg
sunset-view-golf-chetek,"[{'alias': 'golf', 'title': 'Golf'}]","{'latitude': 45.353307, 'longitude': -91.639641}",(715) 859-6311,4969.24167906082,0uijiQBcx0Pm26Fp-PTGZA,,False,"{'address1': '101125-25 1/4 St', 'address2': None, 'address3': None, 'city': 'Chetek', 'zip_code': '54728', 'country': 'US', 'state': 'WI', 'display_address': ['101125-25 1/4 St', 'Chetek, WI 54728']}",Sunset View Golf,+17158596311,,5.0,1,[],https://www.yelp.com/biz/sunset-view-golf-chetek?adjust_creative=GVWAITeAe13hPk5JlriDSg&utm_campaign=yelp_api_v3&utm_medium=api_v3_business_search&utm_source=GVWAITeAe13hPk5JlriDSg
kfc-rice-lake,"[{'alias': 'hotdogs', 'title': 'Fast Food'}, {'alias': 'chicken_wings', 'title': 'Chicken Wings'}, {'alias': 'chickenshop', 'title': 'Chicken Shop'}]","{'latitude': 45.4785, 'longitude': -91.7352}",(715) 234-2200,10886.809267420025,P_0QWVJ7axyypWDy3Z7_Pg,https://s3-media4.fl.yelpcdn.com/bphoto/1MfcgP6BbcLmb-dc9Saxdw/o.jpg,False,"{'address1': '2301 S Main St', 'address2': '', 'address3': '', 'city': 'Rice Lake', 'zip_code': '54868', 'country': 'US', 'state': 'WI', 'display_address': ['2301 S Main St', 'Rice Lake, WI 54868']}",KFC,+17152342200,,1.5,3,[],https://www.yelp.com/biz/kfc-rice-lake?adjust_creative=GVWAITeAe13hPk5JlriDSg&utm_campaign=yelp_api_v3&utm_medium=api_v3_business_search&utm_source=GVWAITeAe13hPk5JlriDSg
subway-chetek,"[{'alias': 'sandwiches', 'title': 'Sandwiches'}, {'alias': 'hotdogs', 'title': 'Fast Food'}]","{'latitude': 45.32154, 'longitude': -91.65993}",(715) 925-7827,7677.298062279002,O3jG8wMx3hRzOz7WmOSbJg,,False,"{'address1': '817 Dallas St', 'address2': None, 'address3': None, 'city': 'Chetek', 'zip_code': '54728', 'country': 'US', 'state': 'WI', 'display_address': ['817 Dallas St', 'Chetek, WI 54728']}",Subway,+17159257827,$,5.0,1,[],https://www.yelp.com/biz/subway-chetek?adjust_creative=GVWAITeAe13hPk5JlriDSg&utm_campaign=yelp_api_v3&utm_medium=api_v3_business_search&utm_source=GVWAITeAe13hPk5JlriDSg
corner-corral-cafe-rice-lake,"[{'alias': 'coffee', 'title': 'Coffee & Tea'}, {'alias': 'salad', 'title': 'Salad'}, {'alias': 'tradamerican', 'title': 'American (Traditional)'}]","{'latitude': 45.47128, 'longitude': -91.7371}",(715) 736-0105,10270.517554100164,15RBTq7-eAtoiyIg5Inang,https://s3-media3.fl.yelpcdn.com/bphoto/abx8JFmXjX7b3NPWpsOXgQ/o.jpg,False,"{'address1': '2900 S Main St', 'address2': None, 'address3': '', 'city': 'Rice Lake', 'zip_code': '54868', 'country': 'US', 'state': 'WI', 'display_address': ['2900 S Main St', 'Rice Lake, WI 54868']}",Corner Corral Cafe,+17157360105,,5.0,1,[],https://www.yelp.com/biz/corner-corral-cafe-rice-lake?adjust_creative=GVWAITeAe13hPk5JlriDSg&utm_campaign=yelp_api_v3&utm_medium=api_v3_business_search&utm_source=GVWAITeAe13hPk5JlriDSg
the-corner-deli-chetek,"[{'alias': 'delis', 'title': 'Delis'}]","{'latitude': 45.3146417048038, 'longitude': -91.6511998184212}",(715) 925-3354,8569.901534366056,LIcRWAm1tu5xVqfaI3Ih8w,,False,"{'address1': '529 2nd St', 'address2': '', 'address3': '', 'city': 'Chetek', 'zip_code': '54728', 'country': 'US', 'state': 'WI', 'display_address': ['529 2nd St', 'Chetek, WI 54728']}",The Corner Deli,+17159253354,,2.5,3,[],https://www.yelp.com/biz/the-corner-deli-chetek?adjust_creative=GVWAITeAe13hPk5JlriDSg&utm_campaign=yelp_api_v3&utm_medium=api_v3_business_search&utm_source=GVWAITeAe13hPk5JlriDSg
phills-bar-and-grill-chetek,"[{'alias': 'bars', 'title': 'Bars'}, {'alias': 'tradamerican', 'title': 'American (Traditional)'}, {'alias': 'chicken_wings', 'title': 'Chicken Wings'}]","{'latitude': 45.31407, 'longitude': -91.65159}",(715) 925-7445,8624.739784586172,UAm9nRg-vI27LiT56TTpHw,https://s3-media3.fl.yelpcdn.com/bphoto/KS5Yds4jfR6TH81h2QXv8g/o.jpg,False,"{'address1': '519 2nd St', 'address2': '', 'address3': None, 'city': 'Chetek', 'zip_code': '54728', 'country': 'US', 'state': 'WI', 'display_address': ['519 2nd St', 'Chetek, WI 54728']}",Phill's Bar & Grill,+17159257445,,4.0,1,[],https://www.yelp.com/biz/phills-bar-and-grill-chetek?adjust_creative=GVWAITeAe13hPk5JlriDSg&utm_campaign=yelp_api_v3&utm_medium=api_v3_business_search&utm_source=GVWAITeAe13hPk5JlriDSg
arbys-rice-lake,"[{'alias': 'hotdogs', 'title': 'Fast Food'}, {'alias': 'sandwiches', 'title': 'Sandwiches'}]","{'latitude': 45.47243, 'longitude': -91.75319}",(715) 234-1113,10983.983656444683,FSuJIndmTWhtBVanljPdIw,https://s3-media4.fl.yelpcdn.com/bphoto/5nMOHRoHrOtoT65V2JU2UA/o.jpg,False,"{'address1': '2921 Decker Dr', 'address2': None, 'address3': None, 'city': 'Rice Lake', 'zip_code': '54868', 'country': 'US', 'state': 'WI', 'display_address': ['2921 Decker Dr', 'Rice Lake, WI 54868']}",Arby's,+17152341113,,5.0,1,[],https://www.yelp.com/biz/arbys-rice-lake?adjust_creative=GVWAITeAe13hPk5JlriDSg&utm_campaign=yelp_api_v3&utm_medium=api_v3_business_search&utm_source=GVWAITeAe13hPk5JlriDSg
taco-johns-rice-lake,"[{'alias': 'hotdogs', 'title': 'Fast Food'}, {'alias': 'mexican', 'title': 'Mexican'}]","{'latitude': 45.4723832575421, 'longitude': -91.7525446414948}",(715) 234-3011,10941.134894597508,Vh1b86gHaSubeT6emXWlvw,https://s3-media3.fl.yelpcdn.com/bphoto/cyFyN-JCOVsBVrKCt_oFUA/o.jpg,False,"{'address1': '2941 S Decker Dr', 'address2': '', 'address3': '', 'city': 'Rice Lake', 'zip_code': '54868', 'country': 'US', 'state': 'WI', 'display_address': ['2941 S Decker Dr', 'Rice Lake, WI 54868']}",Taco John's,+17152343011,$,1.5,2,[],https://www.yelp.com/biz/taco-johns-rice-lake?adjust_creative=GVWAITeAe13hPk5JlriDSg&utm_campaign=yelp_api_v3&utm_medium=api_v3_business_search&utm_source=GVWAITeAe13hPk5JlriDSg
subway-rice-lake,"[{'alias': 'sandwiches', 'title': 'Sandwiches'}, {'alias': 'hotdogs', 'title': 'Fast Food'}]","{'latitude': 45.4761772155762, 'longitude': -91.7362899780273}",(715) 234-7827,10701.792813907263,G-2w6YB4pomzf0NSO6Cr0w,,False,"{'address1': '2304 S Main St', 'address2': '', 'address3': '', 'city': 'Rice Lake', 'zip_code': '54868', 'country': 'US', 'state': 'WI', 'display_address': ['2304 S Main St', 'Rice Lake, WI 54868']}",Subway,+17152347827,,1.0,3,[],https://www.yelp.com/biz/subway-rice-lake?adjust_creative=GVWAITeAe13hPk5JlriDSg&utm_campaign=yelp_api_v3&utm_medium=api_v3_business_search&utm_source=GVWAITeAe13hPk5JlriDSg
papa-murphys-rice-lake-2,"[{'alias': 'pizza', 'title': 'Pizza'}]","{'latitude': 45.47617, 'longitude': -91.73629}",(715) 234-2664,10701.792813907263,splESwOA8QXCEqrMqhlqLw,https://s3-media4.fl.yelpcdn.com/bphoto/Qo3ISapxN-vZ0vK6ToBI7A/o.jpg,False,"{'address1': '2304 South Main Street', 'address2': 'Suite 7', 'address3': None, 'city': 'Rice Lake', 'zip_code': '54868', 'country': 'US', 'state': 'WI', 'display_address': ['2304 South Main Street', 'Suite 7', 'Rice Lake, WI 54868']}",Papa Murphy's,+17152342664,,2.5,3,[],https://www.yelp.com/biz/papa-murphys-rice-lake-2?adjust_creative=GVWAITeAe13hPk5JlriDSg&utm_campaign=yelp_api_v3&utm_medium=api_v3_business_search&utm_source=GVWAITeAe13hPk5JlriDSg
burger-king-rice-lake,"[{'alias': 'burgers', 'title': 'Burgers'}]","{'latitude': 45.4887275695801, 'longitude': -91.7339401245117}",(715) 234-8606,11876.22053377714,tjj4Q3nDaupWWc64YjpRgA,,False,"{'address1': '1130 S Main St', 'address2': '', 'address3': '', 'city': 'Rice Lake', 'zip_code': '54868', 'country': 'US', 'state': 'WI', 'display_address': ['1130 S Main St', 'Rice Lake, WI 54868']}",Burger King,+17152348606,,1.5,3,[],https://www.yelp.com/biz/burger-king-rice-lake?adjust_creative=GVWAITeAe13hPk5JlriDSg&utm_campaign=yelp_api_v3&utm_medium=api_v3_business_search&utm_source=GVWAITeAe13hPk5JlriDSg
