zipcode,name,price,rating,review_count,categories
53403,Wells Brothers Restaurant,$$,4.5,191,"[{'alias': 'pizza', 'title': 'Pizza'}, {'alias': 'italian', 'title': 'Italian'}]"
53403,Kabab And Grill,$$,5.0,38,"[{'alias': 'pakistani', 'title': 'Pakistani'}]"
53403,Olde Madrid,$$,4.5,129,"[{'alias': 'spanish', 'title': 'Spanish'}, {'alias': 'basque', 'title': 'Basque'}, {'alias': 'tapasmallplates', 'title': 'Tapas/Small Plates'}]"
53403,Asiana Asian Cuisine Restaurant,$$,4.5,74,"[{'alias': 'korean', 'title': 'Korean'}, {'alias': 'asianfusion', 'title': 'Asian Fusion'}]"
53403,Kewpee Lunch,$,4.0,92,"[{'alias': 'hotdogs', 'title': 'Fast Food'}, {'alias': 'burgers', 'title': 'Burgers'}, {'alias': 'sandwiches', 'title': 'Sandwiches'}]"
53403,La Tapatia,$,4.5,47,"[{'alias': 'mexican', 'title': 'Mexican'}]"
53403,SC Johnson Wax Headquarters,,4.5,15,"[{'alias': 'localflavor', 'title': 'Local Flavor'}]"
53403,Wilson's Coffee & Tea,$,4.5,41,"[{'alias': 'coffee', 'title': 'Coffee & Tea'}]"
53403,Blue Bear,$$,4.0,175,"[{'alias': 'breakfast_brunch', 'title': 'Breakfast & Brunch'}, {'alias': 'burgers', 'title': 'Burgers'}, {'alias': 'sandwiches', 'title': 'Sandwiches'}]"
53403,Bendtsen's Bakery,$,4.5,36,"[{'alias': 'bakeries', 'title': 'Bakeries'}, {'alias': 'donuts', 'title': 'Donuts'}]"
53403,O & H Danish Bakery,$,4.5,87,"[{'alias': 'bakeries', 'title': 'Bakeries'}, {'alias': 'desserts', 'title': 'Desserts'}, {'alias': 'coffee', 'title': 'Coffee & Tea'}]"
53403,Toad Hall,$$,4.0,46,"[{'alias': 'bars', 'title': 'Bars'}, {'alias': 'british', 'title': 'British'}]"
53403,Butcher & Barrel Gastropub,$$$,4.5,37,"[{'alias': 'steak', 'title': 'Steakhouses'}, {'alias': 'gastropubs', 'title': 'Gastropubs'}, {'alias': 'seafood', 'title': 'Seafood'}]"
53403,Nino's 911 Tacos,$,4.5,31,"[{'alias': 'mexican', 'title': 'Mexican'}, {'alias': 'tex-mex', 'title': 'Tex-Mex'}]"
53403,Sticky Rice,$$,4.5,26,"[{'alias': 'thai', 'title': 'Thai'}]"
53403,Robert's Roost,$$,3.5,70,"[{'alias': 'breakfast_brunch', 'title': 'Breakfast & Brunch'}, {'alias': 'tradamerican', 'title': 'American (Traditional)'}]"
53403,Yardarm Bar & Grill,$$,3.5,90,"[{'alias': 'bars', 'title': 'Bars'}, {'alias': 'seafood', 'title': 'Seafood'}]"
53403,O&H Danish Bakery,$,4.5,49,"[{'alias': 'bakeries', 'title': 'Bakeries'}, {'alias': 'gourmet', 'title': 'Specialty Food'}]"
53403,Corner House Supper Club,$$,3.0,57,"[{'alias': 'steak', 'title': 'Steakhouses'}, {'alias': 'seafood', 'title': 'Seafood'}, {'alias': 'cocktailbars', 'title': 'Cocktail Bars'}]"
53403,Krung Thai Restaurant,$$,4.0,34,"[{'alias': 'thai', 'title': 'Thai'}]"
53403,Javier's Cuisine,$$,4.5,59,"[{'alias': 'mexican', 'title': 'Mexican'}, {'alias': 'seafood', 'title': 'Seafood'}]"
53403,Red Onion Cafe,$,4.5,24,"[{'alias': 'breakfast_brunch', 'title': 'Breakfast & Brunch'}, {'alias': 'sandwiches', 'title': 'Sandwiches'}]"
53403,Reefpoint Brew House,$$,3.0,133,"[{'alias': 'newamerican', 'title': 'American (New)'}, {'alias': 'beerbar', 'title': 'Beer Bar'}, {'alias': 'bbq', 'title': 'Barbeque'}]"
53403,Salute,$$,3.5,70,"[{'alias': 'italian', 'title': 'Italian'}]"
53403,Divino Gelato Cafe,$,4.0,27,"[{'alias': 'gelato', 'title': 'Gelato'}, {'alias': 'cafes', 'title': 'Cafes'}]"
53403,Dewey's Restaurant and Sports Bar,$,3.5,39,"[{'alias': 'sportsbars', 'title': 'Sports Bars'}, {'alias': 'newamerican', 'title': 'American (New)'}, {'alias': 'sandwiches', 'title': 'Sandwiches'}]"
53403,Taqueria Arandas Restaurant,$$,4.5,20,"[{'alias': 'mexican', 'title': 'Mexican'}]"
53403,Vero International Cuisine,$$,3.5,36,"[{'alias': 'seafood', 'title': 'Seafood'}, {'alias': 'desserts', 'title': 'Desserts'}, {'alias': 'sandwiches', 'title': 'Sandwiches'}]"
53403,Ivanhoe Pub & Eatery,$$,3.5,65,"[{'alias': 'pubs', 'title': 'Pubs'}, {'alias': 'tradamerican', 'title': 'American (Traditional)'}]"
53403,Pepi's Pub and Grill,$,4.0,19,"[{'alias': 'pubs', 'title': 'Pubs'}, {'alias': 'tradamerican', 'title': 'American (Traditional)'}]"
53403,Buckets Pub,$,4.0,45,"[{'alias': 'pubs', 'title': 'Pubs'}, {'alias': 'chicken_wings', 'title': 'Chicken Wings'}, {'alias': 'burgers', 'title': 'Burgers'}]"
53403,Racine Zoo,,4.0,40,"[{'alias': 'zoos', 'title': 'Zoos'}]"
53403,A Little R&R Cafe,$,4.5,11,"[{'alias': 'cafes', 'title': 'Cafes'}, {'alias': 'breakfast_brunch', 'title': 'Breakfast & Brunch'}]"
53403,The Nash,$$,3.5,26,"[{'alias': 'tradamerican', 'title': 'American (Traditional)'}, {'alias': 'bars', 'title': 'Bars'}]"
53403,Racine Art Museum,,4.5,11,"[{'alias': 'artmuseums', 'title': 'Art Museums'}]"
53403,Sausage Kitchen,$,5.0,15,"[{'alias': 'delis', 'title': 'Delis'}, {'alias': 'sandwiches', 'title': 'Sandwiches'}, {'alias': 'breakfast_brunch', 'title': 'Breakfast & Brunch'}]"
53403,Lee's Deli,$,4.5,13,"[{'alias': 'delis', 'title': 'Delis'}, {'alias': 'sandwiches', 'title': 'Sandwiches'}]"
53403,Yuni's Avenue Cafe,$,4.0,30,"[{'alias': 'sandwiches', 'title': 'Sandwiches'}, {'alias': 'breakfast_brunch', 'title': 'Breakfast & Brunch'}, {'alias': 'tradamerican', 'title': 'American (Traditional)'}]"
53403,Larsen Bakery,$,3.5,23,"[{'alias': 'bakeries', 'title': 'Bakeries'}]"
53403,Shogun,$$,3.0,24,"[{'alias': 'japanese', 'title': 'Japanese'}, {'alias': 'sushi', 'title': 'Sushi Bars'}, {'alias': 'steak', 'title': 'Steakhouses'}]"
53403,Lehmann's Bakery,$$,4.0,8,"[{'alias': 'bakeries', 'title': 'Bakeries'}]"
53403,Santa Fe Liquors & Grocery,$,5.0,10,"[{'alias': 'mexican', 'title': 'Mexican'}, {'alias': 'beer_and_wine', 'title': 'Beer, Wine & Spirits'}, {'alias': 'grocery', 'title': 'Grocery'}]"
53403,Mrs. Betty's Kitchen,$,4.0,10,"[{'alias': 'soulfood', 'title': 'Soul Food'}, {'alias': 'breakfast_brunch', 'title': 'Breakfast & Brunch'}]"
53403,Boosters Buoy,$$,3.5,28,"[{'alias': 'bars', 'title': 'Bars'}, {'alias': 'burgers', 'title': 'Burgers'}, {'alias': 'chicken_wings', 'title': 'Chicken Wings'}]"
53403,Gus's Gyros,$,4.0,27,"[{'alias': 'burgers', 'title': 'Burgers'}, {'alias': 'greek', 'title': 'Greek'}]"
53403,Beachside Oasis,,4.5,13,"[{'alias': 'beaches', 'title': 'Beaches'}]"
53403,Taqueria Nuevo Vallarta,$,4.0,18,"[{'alias': 'mexican', 'title': 'Mexican'}]"
53403,Captain John's Sammys & Such,$,5.0,7,"[{'alias': 'delis', 'title': 'Delis'}, {'alias': 'sandwiches', 'title': 'Sandwiches'}, {'alias': 'tradamerican', 'title': 'American (Traditional)'}]"
53403,Infusino's Pizzeria,$$,3.0,66,"[{'alias': 'italian', 'title': 'Italian'}, {'alias': 'pizza', 'title': 'Pizza'}]"
53403,Mi Jacalito Restaurant,,4.5,8,"[{'alias': 'mexican', 'title': 'Mexican'}]"
53403,Taqueria Gran Morelos,$,4.0,10,"[{'alias': 'mexican', 'title': 'Mexican'}]"
53403,Third Coast Woodfire Pizza and Pub,$$,2.5,65,"[{'alias': 'pizza', 'title': 'Pizza'}, {'alias': 'pubs', 'title': 'Pubs'}, {'alias': 'breakfast_brunch', 'title': 'Breakfast & Brunch'}]"
53403,Uptown Pub & Grill,$$,3.5,6,"[{'alias': 'chicken_wings', 'title': 'Chicken Wings'}, {'alias': 'burgers', 'title': 'Burgers'}, {'alias': 'pubs', 'title': 'Pubs'}]"
53403,Evelyn's Club Main,$,4.5,6,"[{'alias': 'bars', 'title': 'Bars'}]"
53403,Dynasty Family Restaurant,$,4.0,20,"[{'alias': 'greek', 'title': 'Greek'}, {'alias': 'steak', 'title': 'Steakhouses'}, {'alias': 'mexican', 'title': 'Mexican'}]"
53403,Uncorkt,$$,3.5,13,"[{'alias': 'wine_bars', 'title': 'Wine Bars'}, {'alias': 'venues', 'title': 'Venues & Event Spaces'}, {'alias': 'beer_and_wine', 'title': 'Beer, Wine & Spirits'}]"
53403,North Beach Park,,4.0,11,"[{'alias': 'beaches', 'title': 'Beaches'}]"
53403,Ronghua Chinese Restaurant,$,3.0,11,"[{'alias': 'chinese', 'title': 'Chinese'}, {'alias': 'sushi', 'title': 'Sushi Bars'}]"
53403,Chubbies Pizzeria,$,4.0,21,"[{'alias': 'pizza', 'title': 'Pizza'}, {'alias': 'burgers', 'title': 'Burgers'}, {'alias': 'salad', 'title': 'Salad'}]"
53403,S C Johnson,,3.5,4,"[{'alias': 'landmarks', 'title': 'Landmarks & Historical Buildings'}]"
53403,Coasters,$,4.0,10,"[{'alias': 'bars', 'title': 'Bars'}]"
53403,George's Tavern,$$,3.5,12,"[{'alias': 'pubs', 'title': 'Pubs'}, {'alias': 'tradamerican', 'title': 'American (Traditional)'}, {'alias': 'musicvenues', 'title': 'Music Venues'}]"
53403,Maxine's,$,4.5,3,"[{'alias': 'bars', 'title': 'Bars'}]"
53403,Tino's Carry Out,$,4.5,7,"[{'alias': 'restaurants', 'title': 'Restaurants'}]"
53403,DeRango The Pizza King,$$,3.0,21,"[{'alias': 'italian', 'title': 'Italian'}, {'alias': 'pizza', 'title': 'Pizza'}]"
53403,Roberta,,5.0,3,"[{'alias': 'newamerican', 'title': 'American (New)'}, {'alias': 'cocktailbars', 'title': 'Cocktail Bars'}]"
53403,The Dish,$,3.5,19,"[{'alias': 'pizza', 'title': 'Pizza'}, {'alias': 'sandwiches', 'title': 'Sandwiches'}, {'alias': 'salad', 'title': 'Salad'}]"
53403,Asian Buffet,$$,3.0,33,"[{'alias': 'buffets', 'title': 'Buffets'}]"
53403,The Farm Family Restaurant,$,3.0,28,"[{'alias': 'tradamerican', 'title': 'American (Traditional)'}]"
53403,Whey Chai Chinese Restaurant,$,2.5,25,"[{'alias': 'chinese', 'title': 'Chinese'}]"
53403,Infusino's Pizzeria,$$,3.0,16,"[{'alias': 'pizza', 'title': 'Pizza'}, {'alias': 'newamerican', 'title': 'American (New)'}, {'alias': 'italian', 'title': 'Italian'}]"
53403,Meadowbrook Country Club,$$,4.0,11,"[{'alias': 'italian', 'title': 'Italian'}, {'alias': 'venues', 'title': 'Venues & Event Spaces'}, {'alias': 'tradamerican', 'title': 'American (Traditional)'}]"
53403,Racine Danish Kringles,$,4.0,12,"[{'alias': 'bakeries', 'title': 'Bakeries'}]"
53403,McAuliffe's Pub,$$$$,4.0,9,"[{'alias': 'pubs', 'title': 'Pubs'}]"
53403,Chez Bob's Cafe,$,4.5,2,"[{'alias': 'breakfast_brunch', 'title': 'Breakfast & Brunch'}, {'alias': 'cafes', 'title': 'Cafes'}]"
53403,Tommy's Chicago Dogs Subs & Soups,$,4.0,9,"[{'alias': 'soup', 'title': 'Soup'}, {'alias': 'hotdog', 'title': 'Hot Dogs'}, {'alias': 'sandwiches', 'title': 'Sandwiches'}]"
53403,Park Inn,$,3.5,12,"[{'alias': 'diners', 'title': 'Diners'}, {'alias': 'breakfast_brunch', 'title': 'Breakfast & Brunch'}, {'alias': 'burgers', 'title': 'Burgers'}]"
53403,China House II,$,4.0,9,"[{'alias': 'chinese', 'title': 'Chinese'}]"
53403,Main Street Bakery,,5.0,2,"[{'alias': 'bakeries', 'title': 'Bakeries'}, {'alias': 'desserts', 'title': 'Desserts'}, {'alias': 'customcakes', 'title': 'Custom Cakes'}]"
53403,Rooster's Restaurant,$,3.5,13,"[{'alias': 'tradamerican', 'title': 'American (Traditional)'}, {'alias': 'breakfast_brunch', 'title': 'Breakfast & Brunch'}]"
53403,Tony Chen's,$,3.0,17,"[{'alias': 'chinese', 'title': 'Chinese'}]"
53403,Racine Heritage Museum,,4.0,4,"[{'alias': 'museums', 'title': 'Museums'}]"
53403,Bernie's Hometown Pizzeria,$,3.5,12,"[{'alias': 'pizza', 'title': 'Pizza'}, {'alias': 'italian', 'title': 'Italian'}]"
53403,Montoya's Mexican American Carryout,,5.0,3,"[{'alias': 'tradamerican', 'title': 'American (Traditional)'}, {'alias': 'mexican', 'title': 'Mexican'}]"
53403,Lehmann's Bakery,$$,4.5,5,"[{'alias': 'bakeries', 'title': 'Bakeries'}]"
53403,Tino's Carry Out,,5.0,1,"[{'alias': 'hotdog', 'title': 'Hot Dogs'}]"
53403,Sugar Shack Sweet Shoppe,$$,4.0,4,"[{'alias': 'icecream', 'title': 'Ice Cream & Frozen Yogurt'}, {'alias': 'candy', 'title': 'Candy Stores'}, {'alias': 'popcorn', 'title': 'Popcorn Shops'}]"
53403,Ferraro's Pizza,$$,3.5,13,"[{'alias': 'pizza', 'title': 'Pizza'}, {'alias': 'fishnchips', 'title': 'Fish & Chips'}, {'alias': 'italian', 'title': 'Italian'}]"
53403,Mario's Italian Sports Bar,$$,3.5,10,"[{'alias': 'pizza', 'title': 'Pizza'}, {'alias': 'italian', 'title': 'Italian'}, {'alias': 'bars', 'title': 'Bars'}]"
53403,Golden Chicken,$,4.5,5,"[{'alias': 'chicken_wings', 'title': 'Chicken Wings'}, {'alias': 'pizza', 'title': 'Pizza'}, {'alias': 'seafood', 'title': 'Seafood'}]"
53403,River Run Restaurant,$,3.5,10,"[{'alias': 'restaurants', 'title': 'Restaurants'}]"
53403,Scores Sports Bar & Grill,$,3.0,32,"[{'alias': 'sportsbars', 'title': 'Sports Bars'}, {'alias': 'tradamerican', 'title': 'American (Traditional)'}]"
53403,DeRango The Pizza King & Premium Chocolates,,4.0,5,"[{'alias': 'italian', 'title': 'Italian'}, {'alias': 'seafood', 'title': 'Seafood'}, {'alias': 'sandwiches', 'title': 'Sandwiches'}]"
53403,Stone Corral Mexican American Restaurant,$$,4.0,9,"[{'alias': 'mexican', 'title': 'Mexican'}]"
53403,McAuliffe's On the Square,,4.0,2,"[{'alias': 'bars', 'title': 'Bars'}]"
53403,Engine House No 3,,5.0,1,"[{'alias': 'museums', 'title': 'Museums'}]"
53403,Marco's Pizza,$,4.0,6,"[{'alias': 'pizza', 'title': 'Pizza'}]"
53403,Main Moon 2,$$,2.5,18,"[{'alias': 'chinese', 'title': 'Chinese'}]"
53403,Tahmazian Crepes,,5.0,1,"[{'alias': 'streetvendors', 'title': 'Street Vendors'}]"
53403,Wustum Chas A Museum of Fine Arts,,4.5,3,"[{'alias': 'museums', 'title': 'Museums'}, {'alias': 'artschools', 'title': 'Art Schools'}]"
53403,Paul's Pub,$,4.5,3,"[{'alias': 'pubs', 'title': 'Pubs'}]"
53403,Super Steak and Potato,,2.5,5,"[{'alias': 'restaurants', 'title': 'Restaurants'}]"
53403,Subway,,5.0,1,"[{'alias': 'sandwiches', 'title': 'Sandwiches'}, {'alias': 'hotdogs', 'title': 'Fast Food'}]"
53403,Reflections Family Restaurant,$,3.0,9,"[{'alias': 'tradamerican', 'title': 'American (Traditional)'}]"
53403,The Brickhouse,,4.0,2,"[{'alias': 'bars', 'title': 'Bars'}]"
53403,Mexico Lindo Restaurant,$,3.0,5,"[{'alias': 'mexican', 'title': 'Mexican'}]"
53403,Main Hub,$$,4.5,2,"[{'alias': 'sportsbars', 'title': 'Sports Bars'}, {'alias': 'newamerican', 'title': 'American (New)'}]"
53403,Casablanca De Mexico,$$,2.0,14,"[{'alias': 'mexican', 'title': 'Mexican'}]"
53403,Russ's Tap,,3.5,2,"[{'alias': 'bars', 'title': 'Bars'}]"
53403,AA Supreme Buffet,,3.0,9,"[{'alias': 'buffets', 'title': 'Buffets'}, {'alias': 'chinese', 'title': 'Chinese'}, {'alias': 'bubbletea', 'title': 'Bubble Tea'}]"
53403,The Boiler Room,$,4.0,4,"[{'alias': 'pubs', 'title': 'Pubs'}]"
53403,tony's bar and grill,$$,5.0,1,"[{'alias': 'bars', 'title': 'Bars'}, {'alias': 'mexican', 'title': 'Mexican'}]"
53403,Michigan's Pub,$,3.5,4,"[{'alias': 'pubs', 'title': 'Pubs'}]"
53403,Redline Tavern,,5.0,1,"[{'alias': 'bars', 'title': 'Bars'}]"
53403,Dickie's Bar,,3.5,2,"[{'alias': 'sportsbars', 'title': 'Sports Bars'}, {'alias': 'poolhalls', 'title': 'Pool Halls'}]"
53403,Rhino Bar,,4.0,3,"[{'alias': 'sportsbars', 'title': 'Sports Bars'}, {'alias': 'karaoke', 'title': 'Karaoke'}]"
53403,Papa Murphy's,,3.5,3,"[{'alias': 'pizza', 'title': 'Pizza'}]"
53403,The Foxhole Lounge,$,3.5,2,"[{'alias': 'lounges', 'title': 'Lounges'}]"
53403,Buona Vita Pizzeria Restaurant,$$,3.0,8,"[{'alias': 'italian', 'title': 'Italian'}, {'alias': 'pizza', 'title': 'Pizza'}, {'alias': 'salad', 'title': 'Salad'}]"
53403,Teezers,,3.5,4,"[{'alias': 'bars', 'title': 'Bars'}]"
53403,De Rose Bar,,5.0,1,"[{'alias': 'restaurants', 'title': 'Restaurants'}]"
53403,Wendy's,$$,3.5,3,"[{'alias': 'burgers', 'title': 'Burgers'}, {'alias': 'hotdogs', 'title': 'Fast Food'}]"
53403,Beachside Oasis,$,5.0,1,"[{'alias': 'foodstands', 'title': 'Food Stands'}]"
53403,Popeyes Louisiana Kitchen,$,1.5,3,"[{'alias': 'hotdogs', 'title': 'Fast Food'}, {'alias': 'chicken_wings', 'title': 'Chicken Wings'}]"
53403,Ricky's Place,,1.5,6,"[{'alias': 'bars', 'title': 'Bars'}]"
53403,McDonald's,$,2.5,4,"[{'alias': 'burgers', 'title': 'Burgers'}, {'alias': 'hotdogs', 'title': 'Fast Food'}, {'alias': 'coffee', 'title': 'Coffee & Tea'}]"
53403,Catfish & More,,5.0,1,"[{'alias': 'seafood', 'title': 'Seafood'}, {'alias': 'hotdogs', 'title': 'Fast Food'}]"
53403,Domino's Pizza,$,2.5,7,"[{'alias': 'pizza', 'title': 'Pizza'}, {'alias': 'chicken_wings', 'title': 'Chicken Wings'}, {'alias': 'sandwiches', 'title': 'Sandwiches'}]"
53403,Hammes Tavern,$,3.0,1,"[{'alias': 'bars', 'title': 'Bars'}]"
53403,Pizza Hut,$,1.5,12,"[{'alias': 'pizza', 'title': 'Pizza'}, {'alias': 'italian', 'title': 'Italian'}, {'alias': 'chicken_wings', 'title': 'Chicken Wings'}]"
53403,My Soulé,,2.0,2,"[{'alias': 'tradamerican', 'title': 'American (Traditional)'}]"
53403,Subway,,3.0,2,"[{'alias': 'hotdogs', 'title': 'Fast Food'}, {'alias': 'sandwiches', 'title': 'Sandwiches'}]"
53403,Deli Station,$,3.0,1,"[{'alias': 'delis', 'title': 'Delis'}]"
53403,Chamtap,,2.5,2,"[{'alias': 'pubs', 'title': 'Pubs'}]"
53403,Dairy Queen,,3.0,2,"[{'alias': 'hotdogs', 'title': 'Fast Food'}, {'alias': 'icecream', 'title': 'Ice Cream & Frozen Yogurt'}]"
53403,Mariscos Jimmy,,1.0,1,"[{'alias': 'mexican', 'title': 'Mexican'}, {'alias': 'seafood', 'title': 'Seafood'}, {'alias': 'juicebars', 'title': 'Juice Bars & Smoothies'}]"
53403,Rudy's,$,4.0,1,"[{'alias': 'steak', 'title': 'Steakhouses'}, {'alias': 'chicken_wings', 'title': 'Chicken Wings'}]"
53403,Pizza Hut,$$,1.0,9,"[{'alias': 'pizza', 'title': 'Pizza'}, {'alias': 'italian', 'title': 'Italian'}, {'alias': 'chicken_wings', 'title': 'Chicken Wings'}]"
53403,El Gustazo Puerto Rican Restaurant,,5.0,2,"[{'alias': 'puertorican', 'title': 'Puerto Rican'}]"
53403,Yellow Ginger Chinese Restaurant,$,3.0,3,"[{'alias': 'chinese', 'title': 'Chinese'}]"
53403,Jerry's Fresh Pizza,$,5.0,1,"[{'alias': 'pizza', 'title': 'Pizza'}]"
53403,McDonald's,$,1.0,6,"[{'alias': 'burgers', 'title': 'Burgers'}, {'alias': 'hotdogs', 'title': 'Fast Food'}, {'alias': 'coffee', 'title': 'Coffee & Tea'}]"
53403,McDonald's,$,1.0,9,"[{'alias': 'hotdogs', 'title': 'Fast Food'}, {'alias': 'burgers', 'title': 'Burgers'}, {'alias': 'coffee', 'title': 'Coffee & Tea'}]"
53403,DeMarks Bar & Restaurant,,5.0,1,"[{'alias': 'burgers', 'title': 'Burgers'}, {'alias': 'pizza', 'title': 'Pizza'}, {'alias': 'sandwiches', 'title': 'Sandwiches'}]"
53403,Zak's Fish & Chicken,,5.0,1,"[{'alias': 'chicken_wings', 'title': 'Chicken Wings'}, {'alias': 'sandwiches', 'title': 'Sandwiches'}]"
53403,Doobies Beer Joint,,2.0,2,"[{'alias': 'bars', 'title': 'Bars'}]"
53403,Little Caesars Pizza,,1.0,2,"[{'alias': 'pizza', 'title': 'Pizza'}, {'alias': 'hotdogs', 'title': 'Fast Food'}]"
