alias,categories,coordinates,display_phone,distance,id,image_url,is_closed,location,name,phone,price,rating,review_count,transactions,url
js-bbq-ripon,"[{'alias': 'bbq', 'title': 'Barbeque'}]","{'latitude': 43.84313, 'longitude': -88.83844}",(920) 748-2232,11335.850816859167,S_hlfiPH_rQMh62eM1YxMw,https://s3-media3.fl.yelpcdn.com/bphoto/ALYWm7dqOhbu4yVAU0qRvQ/o.jpg,False,"{'address1': '333 Watson St', 'address2': '', 'address3': '', 'city': 'Ripon', 'zip_code': '54971', 'country': 'US', 'state': 'WI', 'display_address': ['333 Watson St', 'Ripon, WI 54971']}",J's BBQ,+19207482232,$$,4.5,61,[],https://www.yelp.com/biz/js-bbq-ripon?adjust_creative=GVWAITeAe13hPk5JlriDSg&utm_campaign=yelp_api_v3&utm_medium=api_v3_business_search&utm_source=GVWAITeAe13hPk5JlriDSg
knuth-brewing-company-ripon-2,"[{'alias': 'coffee', 'title': 'Coffee & Tea'}, {'alias': 'breweries', 'title': 'Breweries'}, {'alias': 'pizza', 'title': 'Pizza'}]","{'latitude': 43.8446799, 'longitude': -88.83863}",(920) 748-5188,11497.253393603909,IBFdUTf9EL9R4JEhsIw5dw,https://s3-media2.fl.yelpcdn.com/bphoto/J7i_wq1_MN3c2hP1m6F4JA/o.jpg,False,"{'address1': '221 Watson St', 'address2': '', 'address3': '', 'city': 'Ripon', 'zip_code': '54971', 'country': 'US', 'state': 'WI', 'display_address': ['221 Watson St', 'Ripon, WI 54971']}",Knuth Brewing Company,+19207485188,$$,4.5,54,[],https://www.yelp.com/biz/knuth-brewing-company-ripon-2?adjust_creative=GVWAITeAe13hPk5JlriDSg&utm_campaign=yelp_api_v3&utm_medium=api_v3_business_search&utm_source=GVWAITeAe13hPk5JlriDSg
mr-and-mrs-ps-eatery-ripon,"[{'alias': 'bakeries', 'title': 'Bakeries'}, {'alias': 'breakfast_brunch', 'title': 'Breakfast & Brunch'}]","{'latitude': 43.8542823791504, 'longitude': -88.8601913452148}",(920) 896-0696,12446.187094108369,CVQHCE1gUISA44FRiqe65g,https://s3-media2.fl.yelpcdn.com/bphoto/p_SYhyGaRNpTAt2t6FbhkQ/o.jpg,False,"{'address1': '1100 W Fond Du Lac St', 'address2': '', 'address3': '', 'city': 'Ripon', 'zip_code': '54971', 'country': 'US', 'state': 'WI', 'display_address': ['1100 W Fond Du Lac St', 'Ripon, WI 54971']}",Mr & Mrs P's Eatery,+19208960696,$$,4.5,62,[],https://www.yelp.com/biz/mr-and-mrs-ps-eatery-ripon?adjust_creative=GVWAITeAe13hPk5JlriDSg&utm_campaign=yelp_api_v3&utm_medium=api_v3_business_search&utm_source=GVWAITeAe13hPk5JlriDSg
roadhouse-pizza-ripon,"[{'alias': 'pizza', 'title': 'Pizza'}, {'alias': 'bars', 'title': 'Bars'}, {'alias': 'tradamerican', 'title': 'American (Traditional)'}]","{'latitude': 43.84612, 'longitude': -88.83931}",(920) 748-3322,11664.373569685507,UuUnOM9DJ1eNVcNPyYe1WA,https://s3-media1.fl.yelpcdn.com/bphoto/S-IBzkYCd3P9MKF_Us2r9Q/o.jpg,False,"{'address1': '102 Watson St', 'address2': '', 'address3': '', 'city': 'Ripon', 'zip_code': '54971', 'country': 'US', 'state': 'WI', 'display_address': ['102 Watson St', 'Ripon, WI 54971']}",Roadhouse Pizza,+19207483322,$$,4.5,33,[],https://www.yelp.com/biz/roadhouse-pizza-ripon?adjust_creative=GVWAITeAe13hPk5JlriDSg&utm_campaign=yelp_api_v3&utm_medium=api_v3_business_search&utm_source=GVWAITeAe13hPk5JlriDSg
sassafras-green-lake-2,"[{'alias': 'coffee', 'title': 'Coffee & Tea'}, {'alias': 'breakfast_brunch', 'title': 'Breakfast & Brunch'}, {'alias': 'sandwiches', 'title': 'Sandwiches'}]","{'latitude': 43.845498026172, 'longitude': -88.9600422123032}",(920) 807-0727,13968.369198643986,GWd5o-OXwkzqYZUa38_YmQ,https://s3-media3.fl.yelpcdn.com/bphoto/sfdWB2fT8Fsjm_rBGzOBtA/o.jpg,False,"{'address1': '524 Mill St', 'address2': None, 'address3': '', 'city': 'Green Lake', 'zip_code': '54941', 'country': 'US', 'state': 'WI', 'display_address': ['524 Mill St', 'Green Lake, WI 54941']}",Sassafras,+19208070727,$,5.0,22,[],https://www.yelp.com/biz/sassafras-green-lake-2?adjust_creative=GVWAITeAe13hPk5JlriDSg&utm_campaign=yelp_api_v3&utm_medium=api_v3_business_search&utm_source=GVWAITeAe13hPk5JlriDSg
mugs-coffee-house-ripon,"[{'alias': 'coffee', 'title': 'Coffee & Tea'}, {'alias': 'sandwiches', 'title': 'Sandwiches'}]","{'latitude': 43.84384, 'longitude': -88.83862}",(920) 896-0550,11413.39966680279,N1IJ823Xrs7JpipjgUZODw,https://s3-media2.fl.yelpcdn.com/bphoto/SVhMrGfSZbL6HxGtMrP6Lg/o.jpg,False,"{'address1': '307 Watson St', 'address2': '', 'address3': '', 'city': 'Ripon', 'zip_code': '54971', 'country': 'US', 'state': 'WI', 'display_address': ['307 Watson St', 'Ripon, WI 54971']}",Mugs Coffee House,+19208960550,$,4.5,20,[],https://www.yelp.com/biz/mugs-coffee-house-ripon?adjust_creative=GVWAITeAe13hPk5JlriDSg&utm_campaign=yelp_api_v3&utm_medium=api_v3_business_search&utm_source=GVWAITeAe13hPk5JlriDSg
el-fogón-ripon-3,"[{'alias': 'mexican', 'title': 'Mexican'}]","{'latitude': 43.8507657, 'longitude': -88.8515817}",(920) 896-0283,12065.482260629818,J8ibbI0T4TJJ8dUprJRnDg,https://s3-media4.fl.yelpcdn.com/bphoto/hNuR33iraFEQPK4ARtudJg/o.jpg,False,"{'address1': '800 W Fond Du Lac St', 'address2': '', 'address3': None, 'city': 'Ripon', 'zip_code': '54971', 'country': 'US', 'state': 'WI', 'display_address': ['800 W Fond Du Lac St', 'Ripon, WI 54971']}",El Fogón,+19208960283,$$,4.5,21,[],https://www.yelp.com/biz/el-fog%C3%B3n-ripon-3?adjust_creative=GVWAITeAe13hPk5JlriDSg&utm_campaign=yelp_api_v3&utm_medium=api_v3_business_search&utm_source=GVWAITeAe13hPk5JlriDSg
goose-blind-grill-and-bar-green-lake,"[{'alias': 'tradamerican', 'title': 'American (Traditional)'}, {'alias': 'burgers', 'title': 'Burgers'}, {'alias': 'pizza', 'title': 'Pizza'}]","{'latitude': 43.844839, 'longitude': -88.961504}",(920) 294-6363,13976.067388165155,tk6lxDgkWBcmIQd5M-mgog,https://s3-media2.fl.yelpcdn.com/bphoto/iQqGyckSj_cKzDJlGgIO_g/o.jpg,False,"{'address1': '512 Gold St', 'address2': None, 'address3': '', 'city': 'Green Lake', 'zip_code': '54941', 'country': 'US', 'state': 'WI', 'display_address': ['512 Gold St', 'Green Lake, WI 54941']}",Goose Blind Grill & Bar,+19202946363,$$,3.5,51,"['pickup', 'delivery']",https://www.yelp.com/biz/goose-blind-grill-and-bar-green-lake?adjust_creative=GVWAITeAe13hPk5JlriDSg&utm_campaign=yelp_api_v3&utm_medium=api_v3_business_search&utm_source=GVWAITeAe13hPk5JlriDSg
little-corporal-restaurant-green-lake,"[{'alias': 'tradamerican', 'title': 'American (Traditional)'}, {'alias': 'breakfast_brunch', 'title': 'Breakfast & Brunch'}, {'alias': 'burgers', 'title': 'Burgers'}]","{'latitude': 43.845, 'longitude': -88.96032}",(920) 294-6772,13935.674836774424,YCksRWeilxdvT9ZjpZ-_FQ,https://s3-media3.fl.yelpcdn.com/bphoto/sNaaA1LtDDSXnmZ-LkPJPw/o.jpg,False,"{'address1': '499 Hill St', 'address2': '', 'address3': '', 'city': 'Green Lake', 'zip_code': '54941', 'country': 'US', 'state': 'WI', 'display_address': ['499 Hill St', 'Green Lake, WI 54941']}",Little Corporal Restaurant,+19202946772,$,4.0,35,[],https://www.yelp.com/biz/little-corporal-restaurant-green-lake?adjust_creative=GVWAITeAe13hPk5JlriDSg&utm_campaign=yelp_api_v3&utm_medium=api_v3_business_search&utm_source=GVWAITeAe13hPk5JlriDSg
chops-fine-cuisine-green-lake,"[{'alias': 'seafood', 'title': 'Seafood'}, {'alias': 'steak', 'title': 'Steakhouses'}, {'alias': 'bars', 'title': 'Bars'}]","{'latitude': 43.8452931741645, 'longitude': -88.9596418663859}",(920) 807-0050,13931.320343613377,8Lpwl8kp2iiBawA5hhb6dA,https://s3-media1.fl.yelpcdn.com/bphoto/qTnpY8rmwiiFSMPc0sBUhA/o.jpg,False,"{'address1': '506 Hill St', 'address2': '', 'address3': None, 'city': 'Green Lake', 'zip_code': '54941', 'country': 'US', 'state': 'WI', 'display_address': ['506 Hill St', 'Green Lake, WI 54941']}",Chops Fine Cuisine,+19208070050,$$$,4.0,30,[],https://www.yelp.com/biz/chops-fine-cuisine-green-lake?adjust_creative=GVWAITeAe13hPk5JlriDSg&utm_campaign=yelp_api_v3&utm_medium=api_v3_business_search&utm_source=GVWAITeAe13hPk5JlriDSg
pastimes-pub-and-grille-ripon,"[{'alias': 'tradamerican', 'title': 'American (Traditional)'}]","{'latitude': 43.8455467224121, 'longitude': -88.8376846313477}",(920) 748-8222,11612.245110028705,7lm230lFQ7kDnfpDTP468Q,https://s3-media3.fl.yelpcdn.com/bphoto/-VhhLZ0mfN8s4iBuXHrNJg/o.jpg,False,"{'address1': '120 Scott St', 'address2': '', 'address3': '', 'city': 'Ripon', 'zip_code': '54971', 'country': 'US', 'state': 'WI', 'display_address': ['120 Scott St', 'Ripon, WI 54971']}",Pastimes Pub & Grille,+19207488222,$,4.0,18,[],https://www.yelp.com/biz/pastimes-pub-and-grille-ripon?adjust_creative=GVWAITeAe13hPk5JlriDSg&utm_campaign=yelp_api_v3&utm_medium=api_v3_business_search&utm_source=GVWAITeAe13hPk5JlriDSg
nortons-of-green-lake-green-lake,"[{'alias': 'tradamerican', 'title': 'American (Traditional)'}, {'alias': 'cocktailbars', 'title': 'Cocktail Bars'}]","{'latitude': 43.8372304, 'longitude': -88.9705332134919}",(920) 294-6577,13750.136365943168,IajbrzYkuzqdWFrwbgaSUQ,https://s3-media4.fl.yelpcdn.com/bphoto/8_t8W8QVzNTvTArm4WVr9w/o.jpg,False,"{'address1': '380 S Lawson Dr', 'address2': '', 'address3': '', 'city': 'Green Lake', 'zip_code': '54941', 'country': 'US', 'state': 'WI', 'display_address': ['380 S Lawson Dr', 'Green Lake, WI 54941']}",Norton's of Green Lake,+19202946577,$$,3.5,39,[],https://www.yelp.com/biz/nortons-of-green-lake-green-lake?adjust_creative=GVWAITeAe13hPk5JlriDSg&utm_campaign=yelp_api_v3&utm_medium=api_v3_business_search&utm_source=GVWAITeAe13hPk5JlriDSg
christianos-pizza-green-lake-3,"[{'alias': 'pizza', 'title': 'Pizza'}, {'alias': 'italian', 'title': 'Italian'}]","{'latitude': 43.8464663614401, 'longitude': -88.9749399484101}",(920) 294-3200,14769.156388579391,TJQBqn9DYqFHXe--2AuCnA,https://s3-media2.fl.yelpcdn.com/bphoto/_DnPB3I2pvn4-gAirPHdbg/o.jpg,False,"{'address1': '530 State Rd Rte 23', 'address2': '', 'address3': '', 'city': 'Green Lake', 'zip_code': '54941', 'country': 'US', 'state': 'WI', 'display_address': ['530 State Rd Rte 23', 'Green Lake, WI 54941']}",Christianos Pizza,+19202943200,$$,4.0,28,"['pickup', 'delivery']",https://www.yelp.com/biz/christianos-pizza-green-lake-3?adjust_creative=GVWAITeAe13hPk5JlriDSg&utm_campaign=yelp_api_v3&utm_medium=api_v3_business_search&utm_source=GVWAITeAe13hPk5JlriDSg
grey-rock-green-lake,"[{'alias': 'newamerican', 'title': 'American (New)'}]","{'latitude': 43.835087, 'longitude': -88.947904}",(800) 444-2812,12462.636145949897,9hWynXG87u3PbRTfl_KiVg,https://s3-media4.fl.yelpcdn.com/bphoto/CAm4ubV6-B6hlzrUK-WLdQ/o.jpg,False,"{'address1': '643 Illinois Ave', 'address2': '', 'address3': 'Heidel House Resort Spa', 'city': 'Green Lake', 'zip_code': '54941', 'country': 'US', 'state': 'WI', 'display_address': ['643 Illinois Ave', 'Heidel House Resort Spa', 'Green Lake, WI 54941']}",Grey Rock,+18004442812,$$$,3.5,32,['restaurant_reservation'],https://www.yelp.com/biz/grey-rock-green-lake?adjust_creative=GVWAITeAe13hPk5JlriDSg&utm_campaign=yelp_api_v3&utm_medium=api_v3_business_search&utm_source=GVWAITeAe13hPk5JlriDSg
680-north-green-lake,"[{'alias': 'newamerican', 'title': 'American (New)'}, {'alias': 'salad', 'title': 'Salad'}, {'alias': 'soup', 'title': 'Soup'}]","{'latitude': 43.8368074, 'longitude': -88.940141}",(920) 294-3240,12285.735928914444,x8kPKzZqImAA9152jNYM0A,https://s3-media2.fl.yelpcdn.com/bphoto/UeqIUarRl9MBkaM1-Ht3-A/o.jpg,False,"{'address1': '680 Illinois Ave', 'address2': '', 'address3': '', 'city': 'Green Lake', 'zip_code': '54941', 'country': 'US', 'state': 'WI', 'display_address': ['680 Illinois Ave', 'Green Lake, WI 54941']}",680 North,+19202943240,$$,3.5,27,[],https://www.yelp.com/biz/680-north-green-lake?adjust_creative=GVWAITeAe13hPk5JlriDSg&utm_campaign=yelp_api_v3&utm_medium=api_v3_business_search&utm_source=GVWAITeAe13hPk5JlriDSg
center-house-ripon,"[{'alias': 'newamerican', 'title': 'American (New)'}, {'alias': 'sportsbars', 'title': 'Sports Bars'}]","{'latitude': 43.791194, 'longitude': -88.956223}",(920) 398-3379,9404.626612061493,ktSTsG-CSP2QeKEJL9Azfw,https://s3-media4.fl.yelpcdn.com/bphoto/G5_-_tnWXdHRX6eAP9PkWA/o.jpg,False,"{'address1': 'N4443 Horner Rd', 'address2': '', 'address3': '', 'city': 'Ripon', 'zip_code': '54971', 'country': 'US', 'state': 'WI', 'display_address': ['N4443 Horner Rd', 'Ripon, WI 54971']}",Center House,+19203983379,$$,4.5,10,[],https://www.yelp.com/biz/center-house-ripon?adjust_creative=GVWAITeAe13hPk5JlriDSg&utm_campaign=yelp_api_v3&utm_medium=api_v3_business_search&utm_source=GVWAITeAe13hPk5JlriDSg
adams-rib-green-lake,"[{'alias': 'bars', 'title': 'Bars'}, {'alias': 'tradamerican', 'title': 'American (Traditional)'}]","{'latitude': 43.84634, 'longitude': -88.96002}",(920) 294-9903,14051.984704724748,D_cZ0vqjK6b8etBbRq0opw,https://s3-media3.fl.yelpcdn.com/bphoto/uPsiEKbWuvHt-ag3qRf5gQ/o.jpg,False,"{'address1': '538 Mill St', 'address2': '', 'address3': '', 'city': 'Green Lake', 'zip_code': '54941', 'country': 'US', 'state': 'WI', 'display_address': ['538 Mill St', 'Green Lake, WI 54941']}",Adam's Rib,+19202949903,$$,3.5,27,[],https://www.yelp.com/biz/adams-rib-green-lake?adjust_creative=GVWAITeAe13hPk5JlriDSg&utm_campaign=yelp_api_v3&utm_medium=api_v3_business_search&utm_source=GVWAITeAe13hPk5JlriDSg
brittain-house-supper-club-waupun,"[{'alias': 'tradamerican', 'title': 'American (Traditional)'}]","{'latitude': 43.6225300133431, 'longitude': -88.7243001535535}",(920) 345-1800,17256.34784192731,J5izUTU69C6RmeE_5UP9Jw,https://s3-media4.fl.yelpcdn.com/bphoto/51dQzK9w1yaNPVIcGb3MQw/o.jpg,False,"{'address1': '735 S Watertown St', 'address2': '', 'address3': None, 'city': 'Waupun', 'zip_code': '53963', 'country': 'US', 'state': 'WI', 'display_address': ['735 S Watertown St', 'Waupun, WI 53963']}",Brittain House Supper Club,+19203451800,$$,4.5,11,[],https://www.yelp.com/biz/brittain-house-supper-club-waupun?adjust_creative=GVWAITeAe13hPk5JlriDSg&utm_campaign=yelp_api_v3&utm_medium=api_v3_business_search&utm_source=GVWAITeAe13hPk5JlriDSg
sandys-diner-markesan,"[{'alias': 'sandwiches', 'title': 'Sandwiches'}, {'alias': 'diners', 'title': 'Diners'}]","{'latitude': 43.706784, 'longitude': -88.9883697}",(920) 398-1422,11013.13463421072,aqo1HqSnUjR9FUaihNSntw,https://s3-media4.fl.yelpcdn.com/bphoto/zynl_VdBvdYW2ae8SUjsDw/o.jpg,False,"{'address1': '51 W Water St', 'address2': None, 'address3': None, 'city': 'Markesan', 'zip_code': '53946', 'country': 'US', 'state': 'WI', 'display_address': ['51 W Water St', 'Markesan, WI 53946']}",Sandy's Diner,+19203981422,$,5.0,5,[],https://www.yelp.com/biz/sandys-diner-markesan?adjust_creative=GVWAITeAe13hPk5JlriDSg&utm_campaign=yelp_api_v3&utm_medium=api_v3_business_search&utm_source=GVWAITeAe13hPk5JlriDSg
helens-kitchen-waupun,"[{'alias': 'diners', 'title': 'Diners'}, {'alias': 'cafes', 'title': 'Cafes'}]","{'latitude': 43.6332249, 'longitude': -88.7616349}",(920) 324-3441,14439.240939136062,B4vpUy6s_xx7Ey3zNsswTQ,https://s3-media1.fl.yelpcdn.com/bphoto/iCBBnUovSN3JiRfEtAQQLw/o.jpg,False,"{'address1': '1116 W Main St', 'address2': '', 'address3': '', 'city': 'Waupun', 'zip_code': '53963', 'country': 'US', 'state': 'WI', 'display_address': ['1116 W Main St', 'Waupun, WI 53963']}",Helen's Kitchen,+19203243441,$,3.5,25,[],https://www.yelp.com/biz/helens-kitchen-waupun?adjust_creative=GVWAITeAe13hPk5JlriDSg&utm_campaign=yelp_api_v3&utm_medium=api_v3_business_search&utm_source=GVWAITeAe13hPk5JlriDSg
tonys-pizza-waupun,"[{'alias': 'pizza', 'title': 'Pizza'}]","{'latitude': 43.6410484313965, 'longitude': -88.7207183837891}",(920) 324-9162,15937.043976113335,BF7KwRuEYI3D8b5EoHluSQ,https://s3-media1.fl.yelpcdn.com/bphoto/npjk3KydrbmreO7z_pY1hw/o.jpg,False,"{'address1': '420 Fond Du Lac St', 'address2': '', 'address3': '', 'city': 'Waupun', 'zip_code': '53963', 'country': 'US', 'state': 'WI', 'display_address': ['420 Fond Du Lac St', 'Waupun, WI 53963']}",Tony's Pizza,+19203249162,$$,4.5,9,[],https://www.yelp.com/biz/tonys-pizza-waupun?adjust_creative=GVWAITeAe13hPk5JlriDSg&utm_campaign=yelp_api_v3&utm_medium=api_v3_business_search&utm_source=GVWAITeAe13hPk5JlriDSg
china-one-ripon,"[{'alias': 'chinese', 'title': 'Chinese'}]","{'latitude': 43.8509674072266, 'longitude': -88.8537292480469}",(920) 748-6877,12077.669488520707,zJcPCu_DYwkAI6D91SDNyg,https://s3-media3.fl.yelpcdn.com/bphoto/wJTjWkTwRRLX8pfCjhl6Jw/o.jpg,False,"{'address1': '821 W Fond Du Lac St', 'address2': None, 'address3': None, 'city': 'Ripon', 'zip_code': '54971', 'country': 'US', 'state': 'WI', 'display_address': ['821 W Fond Du Lac St', 'Ripon, WI 54971']}",China One,+19207486877,$,4.0,12,[],https://www.yelp.com/biz/china-one-ripon?adjust_creative=GVWAITeAe13hPk5JlriDSg&utm_campaign=yelp_api_v3&utm_medium=api_v3_business_search&utm_source=GVWAITeAe13hPk5JlriDSg
schaumburg-dinner-club-randolph,"[{'alias': 'tradamerican', 'title': 'American (Traditional)'}]","{'latitude': 43.62915, 'longitude': -88.9616099}",(920) 928-3348,15070.22319541698,kWXSHiND6cxwBoh4OkixEA,https://s3-media1.fl.yelpcdn.com/bphoto/h9blpshtPC6Zqvb6gGs2wA/o.jpg,False,"{'address1': 'N11935 County Rd A', 'address2': '', 'address3': '', 'city': 'Randolph', 'zip_code': '53956', 'country': 'US', 'state': 'WI', 'display_address': ['N11935 County Rd A', 'Randolph, WI 53956']}",Schaumburg Dinner Club,+19209283348,$$,3.5,21,[],https://www.yelp.com/biz/schaumburg-dinner-club-randolph?adjust_creative=GVWAITeAe13hPk5JlriDSg&utm_campaign=yelp_api_v3&utm_medium=api_v3_business_search&utm_source=GVWAITeAe13hPk5JlriDSg
bayview-landing-ice-cream-parlor-green-lake,"[{'alias': 'icecream', 'title': 'Ice Cream & Frozen Yogurt'}]","{'latitude': 43.84392, 'longitude': -88.95983}",(920) 294-3066,13814.503997647993,cG_rCqQPlpaqbWUGNwaXag,https://s3-media4.fl.yelpcdn.com/bphoto/t48Q6Wf6j9OCnq8hIccm4Q/o.jpg,False,"{'address1': '496 Bayview Ct', 'address2': '', 'address3': '', 'city': 'Green Lake', 'zip_code': '54941', 'country': 'US', 'state': 'WI', 'display_address': ['496 Bayview Ct', 'Green Lake, WI 54941']}",Bayview Landing Ice Cream Parlor,+19202943066,$,4.5,9,[],https://www.yelp.com/biz/bayview-landing-ice-cream-parlor-green-lake?adjust_creative=GVWAITeAe13hPk5JlriDSg&utm_campaign=yelp_api_v3&utm_medium=api_v3_business_search&utm_source=GVWAITeAe13hPk5JlriDSg
christianos-pizza-and-catering-ripon,"[{'alias': 'italian', 'title': 'Italian'}, {'alias': 'pizza', 'title': 'Pizza'}]","{'latitude': 43.8463883657063, 'longitude': -88.974827792369}",(920) 294-3200,14756.770351525052,nfhlfJZBPCS5aze688mDzA,https://s3-media2.fl.yelpcdn.com/bphoto/aC0jdG9rdUzT1826dYmDNg/o.jpg,False,"{'address1': '526 Hwy 23', 'address2': '', 'address3': '', 'city': 'Ripon', 'zip_code': '54971', 'country': 'US', 'state': 'WI', 'display_address': ['526 Hwy 23', 'Ripon, WI 54971']}",Christiano's Pizza & Catering,+19202943200,$,4.0,14,[],https://www.yelp.com/biz/christianos-pizza-and-catering-ripon?adjust_creative=GVWAITeAe13hPk5JlriDSg&utm_campaign=yelp_api_v3&utm_medium=api_v3_business_search&utm_source=GVWAITeAe13hPk5JlriDSg
kristinas-family-cafe-ripon,"[{'alias': 'restaurants', 'title': 'Restaurants'}]","{'latitude': 43.843566, 'longitude': -88.8386751}",(920) 748-5890,11378.986313742069,D_ZdxMx5hd45HhpKPBRGKA,https://s3-media1.fl.yelpcdn.com/bphoto/MSFf8Lpy9scTSl7_kg5OAw/o.jpg,False,"{'address1': '317 Watson St', 'address2': '', 'address3': '', 'city': 'Ripon', 'zip_code': '54971', 'country': 'US', 'state': 'WI', 'display_address': ['317 Watson St', 'Ripon, WI 54971']}",Kristina's Family Cafe,+19207485890,$$,3.5,10,[],https://www.yelp.com/biz/kristinas-family-cafe-ripon?adjust_creative=GVWAITeAe13hPk5JlriDSg&utm_campaign=yelp_api_v3&utm_medium=api_v3_business_search&utm_source=GVWAITeAe13hPk5JlriDSg
reillys-pub-markesan,"[{'alias': 'pubs', 'title': 'Pubs'}]","{'latitude': 43.7778491625464, 'longitude': -89.0597248077393}",(920) 295-0656,16475.80440153825,9kbOeM3jnI0HyJIk0fohHg,https://s3-media2.fl.yelpcdn.com/bphoto/LmPM0O0bcnPtUgUfBRMQBA/o.jpg,False,"{'address1': 'N4111 S Lakeshore Dr', 'address2': None, 'address3': None, 'city': 'Markesan', 'zip_code': '53946', 'country': 'US', 'state': 'WI', 'display_address': ['N4111 S Lakeshore Dr', 'Markesan, WI 53946']}",Reilly's Pub,+19202950656,$$,3.5,20,[],https://www.yelp.com/biz/reillys-pub-markesan?adjust_creative=GVWAITeAe13hPk5JlriDSg&utm_campaign=yelp_api_v3&utm_medium=api_v3_business_search&utm_source=GVWAITeAe13hPk5JlriDSg
walkers-kollerville-green-lake,"[{'alias': 'sportsbars', 'title': 'Sports Bars'}, {'alias': 'tradamerican', 'title': 'American (Traditional)'}]","{'latitude': 43.7934486133312, 'longitude': -88.9261719211936}",(920) 748-3661,7743.17718413722,qqW13IP4iZ27dhgV13AJpA,https://s3-media2.fl.yelpcdn.com/bphoto/iJfch35tQQkj3YYtevfqOQ/o.jpg,False,"{'address1': 'W905 Jct Cty Trk K & A', 'address2': '', 'address3': '', 'city': 'Green Lake', 'zip_code': '54941', 'country': 'US', 'state': 'WI', 'display_address': ['W905 Jct Cty Trk K & A', 'Green Lake, WI 54941']}",Walker's-Kollerville,+19207483661,$$,3.5,9,[],https://www.yelp.com/biz/walkers-kollerville-green-lake?adjust_creative=GVWAITeAe13hPk5JlriDSg&utm_campaign=yelp_api_v3&utm_medium=api_v3_business_search&utm_source=GVWAITeAe13hPk5JlriDSg
thunderboss-bar-and-grill-green-lake-2,"[{'alias': 'tradamerican', 'title': 'American (Traditional)'}, {'alias': 'bars', 'title': 'Bars'}]","{'latitude': 43.842937, 'longitude': -88.95905}",(920) 294-0443,13689.665138363367,cPAlnD6FHiv1GZAJYMN6Wg,https://s3-media3.fl.yelpcdn.com/bphoto/28AVP7UW4rRLxvrg7Nwr2g/o.jpg,False,"{'address1': '477 B Lake St', 'address2': '', 'address3': None, 'city': 'Green Lake', 'zip_code': '54941', 'country': 'US', 'state': 'WI', 'display_address': ['477 B Lake St', 'Green Lake, WI 54941']}",Thunderboss Bar and Grill,+19202940443,$$,3.0,26,['restaurant_reservation'],https://www.yelp.com/biz/thunderboss-bar-and-grill-green-lake-2?adjust_creative=GVWAITeAe13hPk5JlriDSg&utm_campaign=yelp_api_v3&utm_medium=api_v3_business_search&utm_source=GVWAITeAe13hPk5JlriDSg
tabberts-rosendale,"[{'alias': 'newamerican', 'title': 'American (New)'}]","{'latitude': 43.8014640808105, 'longitude': -88.6747894287109}",(920) 872-2222,16292.06624445226,yPmdo58z3218dnqWU52JvQ,https://s3-media1.fl.yelpcdn.com/bphoto/ZIg9SDGyjwyqZx45lecEVA/o.jpg,False,"{'address1': '221 S Main', 'address2': '', 'address3': '', 'city': 'Rosendale', 'zip_code': '54902', 'country': 'US', 'state': 'WI', 'display_address': ['221 S Main', 'Rosendale, WI 54902']}",Tabbert's,+19208722222,$,3.5,16,[],https://www.yelp.com/biz/tabberts-rosendale?adjust_creative=GVWAITeAe13hPk5JlriDSg&utm_campaign=yelp_api_v3&utm_medium=api_v3_business_search&utm_source=GVWAITeAe13hPk5JlriDSg
the-goose-shot-waupun,"[{'alias': 'divebars', 'title': 'Dive Bars'}, {'alias': 'sportsbars', 'title': 'Sports Bars'}]","{'latitude': 43.6330251, 'longitude': -88.73506}",(920) 324-2275,15818.318072892816,WGpt_KNVtoD-p4uk3VaMSQ,https://s3-media1.fl.yelpcdn.com/bphoto/skLy9yAJo8MtzZNoz8G54Q/o.jpg,False,"{'address1': '5 W Main St', 'address2': '', 'address3': '', 'city': 'Waupun', 'zip_code': '53963', 'country': 'US', 'state': 'WI', 'display_address': ['5 W Main St', 'Waupun, WI 53963']}",The Goose Shot,+19203242275,$,4.5,8,[],https://www.yelp.com/biz/the-goose-shot-waupun?adjust_creative=GVWAITeAe13hPk5JlriDSg&utm_campaign=yelp_api_v3&utm_medium=api_v3_business_search&utm_source=GVWAITeAe13hPk5JlriDSg
ripon-family-restaurant-ripon-3,"[{'alias': 'diners', 'title': 'Diners'}]","{'latitude': 43.85015, 'longitude': -88.84911}",(920) 748-5444,12020.13950094962,YADmIxPmKbKdn7vbaK2iAg,https://s3-media4.fl.yelpcdn.com/bphoto/CYv9hnMbztEv8LroUJp4nQ/o.jpg,False,"{'address1': '708 W Fond Du Lac St', 'address2': '', 'address3': '', 'city': 'Ripon', 'zip_code': '54971', 'country': 'US', 'state': 'WI', 'display_address': ['708 W Fond Du Lac St', 'Ripon, WI 54971']}",Ripon Family Restaurant,+19207485444,$,3.5,12,[],https://www.yelp.com/biz/ripon-family-restaurant-ripon-3?adjust_creative=GVWAITeAe13hPk5JlriDSg&utm_campaign=yelp_api_v3&utm_medium=api_v3_business_search&utm_source=GVWAITeAe13hPk5JlriDSg
the-other-bar-waupun,"[{'alias': 'bars', 'title': 'Bars'}, {'alias': 'tradamerican', 'title': 'American (Traditional)'}, {'alias': 'sandwiches', 'title': 'Sandwiches'}]","{'latitude': 43.6329574584961, 'longitude': -88.7331771850586}",(920) 324-5505,15907.79849235528,6wwbPHZBK3MrUaJDTHE5hg,https://s3-media1.fl.yelpcdn.com/bphoto/5OT8Uikwv1J7ruttGPLBcw/o.jpg,False,"{'address1': '105 E Main St', 'address2': '', 'address3': '', 'city': 'Waupun', 'zip_code': '53963', 'country': 'US', 'state': 'WI', 'display_address': ['105 E Main St', 'Waupun, WI 53963']}",The Other Bar,+19203245505,$,4.5,5,[],https://www.yelp.com/biz/the-other-bar-waupun?adjust_creative=GVWAITeAe13hPk5JlriDSg&utm_campaign=yelp_api_v3&utm_medium=api_v3_business_search&utm_source=GVWAITeAe13hPk5JlriDSg
tuscumbia-golf-course-green-lake,"[{'alias': 'golf', 'title': 'Golf'}]","{'latitude': 43.8367949, 'longitude': -88.9401396}",(920) 294-3382,12284.490814880308,SKAWTHaQNceg9lGwW34j2g,https://s3-media4.fl.yelpcdn.com/bphoto/k9z3jqZcykZQcpfi-lR_Ew/o.jpg,False,"{'address1': '637 Illinois Ave', 'address2': '', 'address3': None, 'city': 'Green Lake', 'zip_code': '54941', 'country': 'US', 'state': 'WI', 'display_address': ['637 Illinois Ave', 'Green Lake, WI 54941']}",Tuscumbia Golf Course,+19202943382,,4.5,7,[],https://www.yelp.com/biz/tuscumbia-golf-course-green-lake?adjust_creative=GVWAITeAe13hPk5JlriDSg&utm_campaign=yelp_api_v3&utm_medium=api_v3_business_search&utm_source=GVWAITeAe13hPk5JlriDSg
boathouse-pub-green-lake,"[{'alias': 'pubs', 'title': 'Pubs'}, {'alias': 'sportsbars', 'title': 'Sports Bars'}, {'alias': 'gastropubs', 'title': 'Gastropubs'}]","{'latitude': 43.835231, 'longitude': -88.947954}",(800) 444-2812,12478.12635900889,-FperS6xh-S4cR2gPWEYqA,https://s3-media2.fl.yelpcdn.com/bphoto/M15OuY3GO_cCaRQOu4fKOg/o.jpg,False,"{'address1': '643 Illinois Ave', 'address2': '', 'address3': 'Heidel House Resort & Spa', 'city': 'Green Lake', 'zip_code': '54941', 'country': 'US', 'state': 'WI', 'display_address': ['643 Illinois Ave', 'Heidel House Resort & Spa', 'Green Lake, WI 54941']}",BoatHouse Pub,+18004442812,$$,2.5,15,[],https://www.yelp.com/biz/boathouse-pub-green-lake?adjust_creative=GVWAITeAe13hPk5JlriDSg&utm_campaign=yelp_api_v3&utm_medium=api_v3_business_search&utm_source=GVWAITeAe13hPk5JlriDSg
a-and-w-restaurant-waupun,"[{'alias': 'burgers', 'title': 'Burgers'}, {'alias': 'hotdogs', 'title': 'Fast Food'}, {'alias': 'chicken_wings', 'title': 'Chicken Wings'}]","{'latitude': 43.63296, 'longitude': -88.74732}",(920) 324-5615,15210.253567162521,_xQ40nvOhlhZaKdcWt-JDA,https://s3-media2.fl.yelpcdn.com/bphoto/DZMdas6EzWQUuLtUWN8fEQ/o.jpg,False,"{'address1': '715 W Main St', 'address2': None, 'address3': None, 'city': 'Waupun', 'zip_code': '53963', 'country': 'US', 'state': 'WI', 'display_address': ['715 W Main St', 'Waupun, WI 53963']}",A & W Restaurant,+19203245615,$,4.0,6,[],https://www.yelp.com/biz/a-and-w-restaurant-waupun?adjust_creative=GVWAITeAe13hPk5JlriDSg&utm_campaign=yelp_api_v3&utm_medium=api_v3_business_search&utm_source=GVWAITeAe13hPk5JlriDSg
millers-tavern-ripon,"[{'alias': 'mexican', 'title': 'Mexican'}, {'alias': 'bars', 'title': 'Bars'}]","{'latitude': 43.8428077697754, 'longitude': -88.8379364013672}",(920) 748-2249,11307.361076114204,QiwIfGoq4aAS3hGZ1u8fpw,https://s3-media4.fl.yelpcdn.com/bphoto/D_8CG54GSzRllwM-_JSk7w/o.jpg,False,"{'address1': '102 E Fond Du Lac St', 'address2': '', 'address3': '', 'city': 'Ripon', 'zip_code': '54971', 'country': 'US', 'state': 'WI', 'display_address': ['102 E Fond Du Lac St', 'Ripon, WI 54971']}",Miller's Tavern,+19207482249,$$,3.0,7,[],https://www.yelp.com/biz/millers-tavern-ripon?adjust_creative=GVWAITeAe13hPk5JlriDSg&utm_campaign=yelp_api_v3&utm_medium=api_v3_business_search&utm_source=GVWAITeAe13hPk5JlriDSg
green-lake-sub-green-lake,"[{'alias': 'sandwiches', 'title': 'Sandwiches'}]","{'latitude': 43.844596, 'longitude': -88.960395}",(920) 294-0255,13901.940502124871,qTKufydgZgsk_halsjJhDw,https://s3-media1.fl.yelpcdn.com/bphoto/YE3OgGlBWJRaU3dz6oKYzg/o.jpg,False,"{'address1': '505 Mill St', 'address2': '', 'address3': '', 'city': 'Green Lake', 'zip_code': '54941', 'country': 'US', 'state': 'WI', 'display_address': ['505 Mill St', 'Green Lake, WI 54941']}",Green Lake Sub,+19202940255,$$,4.0,5,[],https://www.yelp.com/biz/green-lake-sub-green-lake?adjust_creative=GVWAITeAe13hPk5JlriDSg&utm_campaign=yelp_api_v3&utm_medium=api_v3_business_search&utm_source=GVWAITeAe13hPk5JlriDSg
cucos-mexican-restaurant-waupun,"[{'alias': 'mexican', 'title': 'Mexican'}]","{'latitude': 43.63291, 'longitude': -88.72947}",(920) 324-5008,16113.125607856859,HKf2HmW5mFiODbXr7Mt2VA,https://s3-media3.fl.yelpcdn.com/bphoto/mTJZT3QMlwec1GZO0N5NpA/o.jpg,False,"{'address1': '405 E Main St', 'address2': '', 'address3': '', 'city': 'Waupun', 'zip_code': '53963', 'country': 'US', 'state': 'WI', 'display_address': ['405 E Main St', 'Waupun, WI 53963']}",Cuco's Mexican Restaurant,+19203245008,$,3.0,12,[],https://www.yelp.com/biz/cucos-mexican-restaurant-waupun?adjust_creative=GVWAITeAe13hPk5JlriDSg&utm_campaign=yelp_api_v3&utm_medium=api_v3_business_search&utm_source=GVWAITeAe13hPk5JlriDSg
lake-view-inn-markesan,"[{'alias': 'restaurants', 'title': 'Restaurants'}]","{'latitude': 43.73516, 'longitude': -88.972717}",(920) 398-3030,9045.87409568782,hwP6gCLdMLjGKw9nY1tCnw,,False,"{'address1': 'N2905 State Road 44', 'address2': '', 'address3': '', 'city': 'Markesan', 'zip_code': '53946', 'country': 'US', 'state': 'WI', 'display_address': ['N2905 State Road 44', 'Markesan, WI 53946']}",Lake View Inn,+19203983030,,3.5,4,[],https://www.yelp.com/biz/lake-view-inn-markesan?adjust_creative=GVWAITeAe13hPk5JlriDSg&utm_campaign=yelp_api_v3&utm_medium=api_v3_business_search&utm_source=GVWAITeAe13hPk5JlriDSg
chang-jiang-waupun,"[{'alias': 'chinese', 'title': 'Chinese'}]","{'latitude': 43.6332249, 'longitude': -88.7618232}",(920) 324-0888,14428.574837025652,4GXSsRk1ausq4oHqsRDkPg,https://s3-media3.fl.yelpcdn.com/bphoto/Gs2VWWDBVdPIPSvxe8Yc0Q/o.jpg,False,"{'address1': '1118 W Main St', 'address2': None, 'address3': None, 'city': 'Waupun', 'zip_code': '53963', 'country': 'US', 'state': 'WI', 'display_address': ['1118 W Main St', 'Waupun, WI 53963']}",Chang Jiang,+19203240888,$,4.0,4,[],https://www.yelp.com/biz/chang-jiang-waupun?adjust_creative=GVWAITeAe13hPk5JlriDSg&utm_campaign=yelp_api_v3&utm_medium=api_v3_business_search&utm_source=GVWAITeAe13hPk5JlriDSg
cousins-subs-ripon,"[{'alias': 'sandwiches', 'title': 'Sandwiches'}, {'alias': 'delis', 'title': 'Delis'}]","{'latitude': 43.8523601391222, 'longitude': -88.8580733446486}",(920) 748-7005,12223.035425626478,eVUoPAK_fS8hTWpdqHe3gQ,https://s3-media1.fl.yelpcdn.com/bphoto/HmSbDRGTA7FiGMqwYtn5nQ/o.jpg,False,"{'address1': '1075 W Fond Du Lac St', 'address2': None, 'address3': None, 'city': 'Ripon', 'zip_code': '54971', 'country': 'US', 'state': 'WI', 'display_address': ['1075 W Fond Du Lac St', 'Ripon, WI 54971']}",Cousins Subs,+19207487005,,5.0,2,[],https://www.yelp.com/biz/cousins-subs-ripon?adjust_creative=GVWAITeAe13hPk5JlriDSg&utm_campaign=yelp_api_v3&utm_medium=api_v3_business_search&utm_source=GVWAITeAe13hPk5JlriDSg
pizza-ranch-waupun,"[{'alias': 'pizza', 'title': 'Pizza'}]","{'latitude': 43.63358, 'longitude': -88.7519}",(920) 324-9000,14913.006920000478,GVkZ_EElIHtrWta2rlyNJw,https://s3-media2.fl.yelpcdn.com/bphoto/drjT_HA10up8CBnnFQ2Eqw/o.jpg,False,"{'address1': '900 W Main St', 'address2': None, 'address3': None, 'city': 'Waupun', 'zip_code': '53963', 'country': 'US', 'state': 'WI', 'display_address': ['900 W Main St', 'Waupun, WI 53963']}",Pizza Ranch,+19203249000,$,3.5,6,[],https://www.yelp.com/biz/pizza-ranch-waupun?adjust_creative=GVWAITeAe13hPk5JlriDSg&utm_campaign=yelp_api_v3&utm_medium=api_v3_business_search&utm_source=GVWAITeAe13hPk5JlriDSg
taco-bell-waupun,"[{'alias': 'tex-mex', 'title': 'Tex-Mex'}, {'alias': 'hotdogs', 'title': 'Fast Food'}, {'alias': 'mexican', 'title': 'Mexican'}]","{'latitude': 43.63243, 'longitude': -88.71723}",(920) 324-3070,16804.509436888944,HLteB5f6Y-1owm45wmyJoQ,https://s3-media1.fl.yelpcdn.com/bphoto/J1v-Rx2HTcsqgdf3VAtPXQ/o.jpg,False,"{'address1': '114 Shaler', 'address2': None, 'address3': None, 'city': 'Waupun', 'zip_code': '53963', 'country': 'US', 'state': 'WI', 'display_address': ['114 Shaler', 'Waupun, WI 53963']}",Taco Bell,+19203243070,,3.5,7,[],https://www.yelp.com/biz/taco-bell-waupun?adjust_creative=GVWAITeAe13hPk5JlriDSg&utm_campaign=yelp_api_v3&utm_medium=api_v3_business_search&utm_source=GVWAITeAe13hPk5JlriDSg
watson-street-tea-and-treats-ripon,"[{'alias': 'coffee', 'title': 'Coffee & Tea'}, {'alias': 'tea', 'title': 'Tea Rooms'}, {'alias': 'chocolate', 'title': 'Chocolatiers & Shops'}]","{'latitude': 43.845018, 'longitude': -88.839141}",(920) 748-1273,11533.330310859796,B5pw0VaQDhtRZKRDokhNgg,https://s3-media1.fl.yelpcdn.com/bphoto/JDsIGv_UYw9XyhftZZWQWA/o.jpg,False,"{'address1': '208 Watson St', 'address2': '', 'address3': '', 'city': 'Ripon', 'zip_code': '54971', 'country': 'US', 'state': 'WI', 'display_address': ['208 Watson St', 'Ripon, WI 54971']}",Watson Street Tea & Treats,+19207481273,$$,5.0,1,[],https://www.yelp.com/biz/watson-street-tea-and-treats-ripon?adjust_creative=GVWAITeAe13hPk5JlriDSg&utm_campaign=yelp_api_v3&utm_medium=api_v3_business_search&utm_source=GVWAITeAe13hPk5JlriDSg
the-bakers-bar-ripon,"[{'alias': 'bakeries', 'title': 'Bakeries'}]","{'latitude': 43.84561, 'longitude': -88.83842}",(920) 896-0400,11607.498287699773,wVi6YRkTUdOsB34O3V4loQ,https://s3-media3.fl.yelpcdn.com/bphoto/C7_dF9r_uVOOTHAktSfONQ/o.jpg,False,"{'address1': '119 Watson St', 'address2': None, 'address3': None, 'city': 'Ripon', 'zip_code': '54971', 'country': 'US', 'state': 'WI', 'display_address': ['119 Watson St', 'Ripon, WI 54971']}",The Baker's Bar,+19208960400,,5.0,1,[],https://www.yelp.com/biz/the-bakers-bar-ripon?adjust_creative=GVWAITeAe13hPk5JlriDSg&utm_campaign=yelp_api_v3&utm_medium=api_v3_business_search&utm_source=GVWAITeAe13hPk5JlriDSg
players-bar-and-grill-ripon,"[{'alias': 'restaurants', 'title': 'Restaurants'}]","{'latitude': 43.821392, 'longitude': -88.76126}",(920) 748-7333,11868.600715730718,84kedQsdwVTBvDnugO4mSQ,,False,"{'address1': 'W12010 Rose Eld Rd', 'address2': '', 'address3': '', 'city': 'Ripon', 'zip_code': '54971', 'country': 'US', 'state': 'WI', 'display_address': ['W12010 Rose Eld Rd', 'Ripon, WI 54971']}",Player's Bar & Grill,+19207487333,,4.5,2,[],https://www.yelp.com/biz/players-bar-and-grill-ripon?adjust_creative=GVWAITeAe13hPk5JlriDSg&utm_campaign=yelp_api_v3&utm_medium=api_v3_business_search&utm_source=GVWAITeAe13hPk5JlriDSg
green-lake-campground-green-lake,"[{'alias': 'golf', 'title': 'Golf'}]","{'latitude': 43.838104, 'longitude': -88.999384}",(920) 294-3543,15407.421365445329,tTXV-7xCw96fRZoU1LDO_g,https://s3-media1.fl.yelpcdn.com/bphoto/0Z-FqNj75x4AGYZE6_tzjQ/o.jpg,False,"{'address1': 'W2360 State Rd 23', 'address2': '', 'address3': '', 'city': 'Green Lake', 'zip_code': '54941', 'country': 'US', 'state': 'WI', 'display_address': ['W2360 State Rd 23', 'Green Lake, WI 54941']}",Green Lake Campground,+19202943543,,4.0,3,[],https://www.yelp.com/biz/green-lake-campground-green-lake?adjust_creative=GVWAITeAe13hPk5JlriDSg&utm_campaign=yelp_api_v3&utm_medium=api_v3_business_search&utm_source=GVWAITeAe13hPk5JlriDSg
wayside-amoco-manchester,"[{'alias': 'beer_and_wine', 'title': 'Beer, Wine & Spirits'}, {'alias': 'convenience', 'title': 'Convenience Stores'}, {'alias': 'restaurants', 'title': 'Restaurants'}]","{'latitude': 43.6973763, 'longitude': -89.0510788}",(920) 398-3484,16075.333737068822,v68KLGiAdaVQyEfC0DOdlA,,False,"{'address1': 'N1894 State Road 44 And 73', 'address2': '', 'address3': '', 'city': 'Manchester', 'zip_code': '53946', 'country': 'US', 'state': 'WI', 'display_address': ['N1894 State Road 44 And 73', 'Manchester, WI 53946']}",Wayside Amoco,+19203983484,,5.0,2,[],https://www.yelp.com/biz/wayside-amoco-manchester?adjust_creative=GVWAITeAe13hPk5JlriDSg&utm_campaign=yelp_api_v3&utm_medium=api_v3_business_search&utm_source=GVWAITeAe13hPk5JlriDSg
sunroom-green-lake,"[{'alias': 'cafes', 'title': 'Cafes'}]","{'latitude': 43.834958, 'longitude': -88.947827}",(800) 444-2812,12447.30572512437,ZMkqebjMHWUcQVCmv6y9eQ,https://s3-media2.fl.yelpcdn.com/bphoto/Yfe8qGImQY-61ToVE3A3vQ/o.jpg,False,"{'address1': '643 Illinois Ave', 'address2': '', 'address3': 'Heidel House Resort', 'city': 'Green Lake', 'zip_code': '54941', 'country': 'US', 'state': 'WI', 'display_address': ['643 Illinois Ave', 'Heidel House Resort', 'Green Lake, WI 54941']}",Sunroom,+18004442812,,2.5,8,[],https://www.yelp.com/biz/sunroom-green-lake?adjust_creative=GVWAITeAe13hPk5JlriDSg&utm_campaign=yelp_api_v3&utm_medium=api_v3_business_search&utm_source=GVWAITeAe13hPk5JlriDSg
tall-pauls-ripon-ripon,"[{'alias': 'pubs', 'title': 'Pubs'}]","{'latitude': 43.843642, 'longitude': -88.839113}",(920) 748-2239,11382.392558751293,_YpJipcKHn_wt_-v68WgGA,https://s3-media2.fl.yelpcdn.com/bphoto/BGjZcr0O6hAMHvrfcxChlg/o.jpg,False,"{'address1': '318 Watson St', 'address2': '', 'address3': '', 'city': 'Ripon', 'zip_code': '54971', 'country': 'US', 'state': 'WI', 'display_address': ['318 Watson St', 'Ripon, WI 54971']}",Tall Paul's Ripon,+19207482239,,5.0,1,[],https://www.yelp.com/biz/tall-pauls-ripon-ripon?adjust_creative=GVWAITeAe13hPk5JlriDSg&utm_campaign=yelp_api_v3&utm_medium=api_v3_business_search&utm_source=GVWAITeAe13hPk5JlriDSg
culvers-waupun,"[{'alias': 'hotdogs', 'title': 'Fast Food'}, {'alias': 'burgers', 'title': 'Burgers'}]","{'latitude': 43.63511, 'longitude': -88.71775}",(920) 324-5224,16554.927481226965,VxCsvVU1K_XFkuEBslW3bQ,https://s3-media2.fl.yelpcdn.com/bphoto/NSLnjGuwOkgv95-_2HUpAw/o.jpg,False,"{'address1': '900 Kelly Ave', 'address2': '', 'address3': '', 'city': 'Waupun', 'zip_code': '53963', 'country': 'US', 'state': 'WI', 'display_address': ['900 Kelly Ave', 'Waupun, WI 53963']}",Culver's,+19203245224,$,3.5,6,[],https://www.yelp.com/biz/culvers-waupun?adjust_creative=GVWAITeAe13hPk5JlriDSg&utm_campaign=yelp_api_v3&utm_medium=api_v3_business_search&utm_source=GVWAITeAe13hPk5JlriDSg
lawsonia-golf-courses-green-lake,"[{'alias': 'golf', 'title': 'Golf'}]","{'latitude': 43.829825, 'longitude': -89.00943}",(920) 294-3320,15404.569982967983,APGjkq_Ql1GriD_yxSm7Vw,https://s3-media3.fl.yelpcdn.com/bphoto/XtD9b_AsPE4itvPR9w4IoQ/o.jpg,False,"{'address1': 'W2615 Valley View Dr', 'address2': '', 'address3': '', 'city': 'Green Lake', 'zip_code': '54941', 'country': 'US', 'state': 'WI', 'display_address': ['W2615 Valley View Dr', 'Green Lake, WI 54941']}",Lawsonia Golf Courses,+19202943320,,3.5,6,[],https://www.yelp.com/biz/lawsonia-golf-courses-green-lake?adjust_creative=GVWAITeAe13hPk5JlriDSg&utm_campaign=yelp_api_v3&utm_medium=api_v3_business_search&utm_source=GVWAITeAe13hPk5JlriDSg
the-hitching-post-manchester,"[{'alias': 'beerbar', 'title': 'Beer Bar'}]","{'latitude': 43.6895156046456, 'longitude': -89.0484357158691}",(920) 398-2443,16209.622262355697,WCEtRNLaFubnCDTVPnjH2Q,https://s3-media1.fl.yelpcdn.com/bphoto/xPxrQPrCULQAsOFaM2JcZA/o.jpg,False,"{'address1': 'W3350 Main St', 'address2': '', 'address3': '', 'city': 'Manchester', 'zip_code': '53946', 'country': 'US', 'state': 'WI', 'display_address': ['W3350 Main St', 'Manchester, WI 53946']}",The Hitching Post,+19203982443,$$,4.5,2,[],https://www.yelp.com/biz/the-hitching-post-manchester?adjust_creative=GVWAITeAe13hPk5JlriDSg&utm_campaign=yelp_api_v3&utm_medium=api_v3_business_search&utm_source=GVWAITeAe13hPk5JlriDSg
a-and-w-restaurant-ripon-2,"[{'alias': 'hotdogs', 'title': 'Fast Food'}, {'alias': 'burgers', 'title': 'Burgers'}, {'alias': 'hotdog', 'title': 'Hot Dogs'}]","{'latitude': 43.842751, 'longitude': -88.836501}",(920) 748-5769,11318.272464637825,w4zsDai_CF-H7okAmmCSzQ,https://s3-media2.fl.yelpcdn.com/bphoto/nud3kkxpLEhU-B4BK-zu0Q/o.jpg,False,"{'address1': '401 Blackburn St', 'address2': '', 'address3': '', 'city': 'Ripon', 'zip_code': '54971', 'country': 'US', 'state': 'WI', 'display_address': ['401 Blackburn St', 'Ripon, WI 54971']}",A & W Restaurant,+19207485769,$,2.0,7,[],https://www.yelp.com/biz/a-and-w-restaurant-ripon-2?adjust_creative=GVWAITeAe13hPk5JlriDSg&utm_campaign=yelp_api_v3&utm_medium=api_v3_business_search&utm_source=GVWAITeAe13hPk5JlriDSg
guths-end-of-the-trail-green-lake,"[{'alias': 'desserts', 'title': 'Desserts'}, {'alias': 'candy', 'title': 'Candy Stores'}, {'alias': 'icecream', 'title': 'Ice Cream & Frozen Yogurt'}]","{'latitude': 43.843364352805, 'longitude': -88.9613108780319}",(920) 948-0593,13833.805799599408,L5zrkP5_hEenWcFDY-VgEQ,https://s3-media4.fl.yelpcdn.com/bphoto/1RCaTwKQdISxCIgo_NHFBA/o.jpg,False,"{'address1': '485 Park Dr', 'address2': '', 'address3': '', 'city': 'Green Lake', 'zip_code': '54941', 'country': 'US', 'state': 'WI', 'display_address': ['485 Park Dr', 'Green Lake, WI 54941']}",Guth's End of the Trail,+19209480593,,5.0,1,[],https://www.yelp.com/biz/guths-end-of-the-trail-green-lake?adjust_creative=GVWAITeAe13hPk5JlriDSg&utm_campaign=yelp_api_v3&utm_medium=api_v3_business_search&utm_source=GVWAITeAe13hPk5JlriDSg
guths-candy-shoppe-green-lake-3,"[{'alias': 'candy', 'title': 'Candy Stores'}, {'alias': 'popcorn', 'title': 'Popcorn Shops'}, {'alias': 'icecream', 'title': 'Ice Cream & Frozen Yogurt'}]","{'latitude': 43.844776, 'longitude': -88.960395}",(920) 948-0593,13918.43426445327,Md8Z5vSNkNKYGJr_MWQjXg,,False,"{'address1': '509 Mill St', 'address2': '', 'address3': None, 'city': 'Green Lake', 'zip_code': '54941', 'country': 'US', 'state': 'WI', 'display_address': ['509 Mill St', 'Green Lake, WI 54941']}",Guth's Candy Shoppe,+19209480593,,3.5,3,[],https://www.yelp.com/biz/guths-candy-shoppe-green-lake-3?adjust_creative=GVWAITeAe13hPk5JlriDSg&utm_campaign=yelp_api_v3&utm_medium=api_v3_business_search&utm_source=GVWAITeAe13hPk5JlriDSg
mcdonalds-waupun-3,"[{'alias': 'burgers', 'title': 'Burgers'}, {'alias': 'coffee', 'title': 'Coffee & Tea'}, {'alias': 'hotdogs', 'title': 'Fast Food'}]","{'latitude': 43.6336233510494, 'longitude': -88.7176117300987}",(920) 324-4937,16686.927844615486,oE4oh_vFYcTE3wR0DMZ42w,https://s3-media1.fl.yelpcdn.com/bphoto/6rN_dK6JiOxC-aeK4mMvDQ/o.jpg,False,"{'address1': '932 E Main St', 'address2': '', 'address3': '', 'city': 'Waupun', 'zip_code': '53963', 'country': 'US', 'state': 'WI', 'display_address': ['932 E Main St', 'Waupun, WI 53963']}",McDonald's,+19203244937,$,2.0,14,[],https://www.yelp.com/biz/mcdonalds-waupun-3?adjust_creative=GVWAITeAe13hPk5JlriDSg&utm_campaign=yelp_api_v3&utm_medium=api_v3_business_search&utm_source=GVWAITeAe13hPk5JlriDSg
mcdonalds-ripon,"[{'alias': 'hotdogs', 'title': 'Fast Food'}, {'alias': 'burgers', 'title': 'Burgers'}, {'alias': 'coffee', 'title': 'Coffee & Tea'}]","{'latitude': 43.8532023479099, 'longitude': -88.8602247834206}",(920) 748-9299,12315.139336166985,BjH0VR3Y5zgQXoaAcbLaPQ,https://s3-media3.fl.yelpcdn.com/bphoto/E_ReUtA_z5uVskPOw3pyeA/o.jpg,False,"{'address1': '1113 W Fond Du Lac St', 'address2': '', 'address3': '', 'city': 'Ripon', 'zip_code': '54971', 'country': 'US', 'state': 'WI', 'display_address': ['1113 W Fond Du Lac St', 'Ripon, WI 54971']}",McDonald's,+19207489299,$,2.0,5,[],https://www.yelp.com/biz/mcdonalds-ripon?adjust_creative=GVWAITeAe13hPk5JlriDSg&utm_campaign=yelp_api_v3&utm_medium=api_v3_business_search&utm_source=GVWAITeAe13hPk5JlriDSg
golden-cup-cafe-waupun,"[{'alias': 'coffee', 'title': 'Coffee & Tea'}, {'alias': 'breakfast_brunch', 'title': 'Breakfast & Brunch'}, {'alias': 'sandwiches', 'title': 'Sandwiches'}]","{'latitude': 43.63338, 'longitude': -88.72959}",(920) 324-6135,16060.979608271668,Dedpl-qY0uCwIakg1-O6Tw,https://s3-media3.fl.yelpcdn.com/bphoto/ky5cwyN2Y5xJNrvxkNqxyA/o.jpg,False,"{'address1': '400 E Main St', 'address2': None, 'address3': None, 'city': 'Waupun', 'zip_code': '53963', 'country': 'US', 'state': 'WI', 'display_address': ['400 E Main St', 'Waupun, WI 53963']}",Golden Cup Cafe,+19203246135,,3.0,3,[],https://www.yelp.com/biz/golden-cup-cafe-waupun?adjust_creative=GVWAITeAe13hPk5JlriDSg&utm_campaign=yelp_api_v3&utm_medium=api_v3_business_search&utm_source=GVWAITeAe13hPk5JlriDSg
marsh-haven-nature-center-waupun,"[{'alias': 'parks', 'title': 'Parks'}]","{'latitude': 43.634335, 'longitude': -88.667144}",(920) 324-5818,19653.492699859038,EsYMHvfUScbKyio5B9VGCQ,https://s3-media1.fl.yelpcdn.com/bphoto/XdNqa5tnEJ11209KcorsqQ/o.jpg,False,"{'address1': 'W10145 State Rd 49', 'address2': '', 'address3': '', 'city': 'Waupun', 'zip_code': '53963', 'country': 'US', 'state': 'WI', 'display_address': ['W10145 State Rd 49', 'Waupun, WI 53963']}",Marsh Haven Nature Center,+19203245818,,4.0,2,[],https://www.yelp.com/biz/marsh-haven-nature-center-waupun?adjust_creative=GVWAITeAe13hPk5JlriDSg&utm_campaign=yelp_api_v3&utm_medium=api_v3_business_search&utm_source=GVWAITeAe13hPk5JlriDSg
green-lake-conference-center-green-lake-2,"[{'alias': 'venues', 'title': 'Venues & Event Spaces'}, {'alias': 'hotels', 'title': 'Hotels'}, {'alias': 'golf', 'title': 'Golf'}]","{'latitude': 43.8156620592974, 'longitude': -89.0171023326019}",(920) 294-3323,14977.367028777762,yPtHOzkjNp4NL_NONPk-hg,https://s3-media1.fl.yelpcdn.com/bphoto/YMmNuIcsTi9AVGY6cB60hg/o.jpg,False,"{'address1': 'W2511 State Rd 23', 'address2': '', 'address3': '', 'city': 'Green Lake', 'zip_code': '54941', 'country': 'US', 'state': 'WI', 'display_address': ['W2511 State Rd 23', 'Green Lake, WI 54941']}",Green Lake Conference Center,+19202943323,,3.5,2,[],https://www.yelp.com/biz/green-lake-conference-center-green-lake-2?adjust_creative=GVWAITeAe13hPk5JlriDSg&utm_campaign=yelp_api_v3&utm_medium=api_v3_business_search&utm_source=GVWAITeAe13hPk5JlriDSg
holliday-food-and-sport-waupun,"[{'alias': 'coffee', 'title': 'Coffee & Tea'}, {'alias': 'huntingfishingsupplies', 'title': 'Hunting & Fishing Supplies'}, {'alias': 'guns_and_ammo', 'title': 'Guns & Ammo'}]","{'latitude': 43.63296, 'longitude': -88.74732}",(920) 324-4062,15210.253567162521,PHM_AzakUmea83lWGPGRHg,https://s3-media4.fl.yelpcdn.com/bphoto/-fAlFkuFdAMbPSVucsf1gQ/o.jpg,False,"{'address1': '715 W Main St', 'address2': '', 'address3': '', 'city': 'Waupun', 'zip_code': '53963', 'country': 'US', 'state': 'WI', 'display_address': ['715 W Main St', 'Waupun, WI 53963']}",Holliday Food & Sport,+19203244062,$$,4.0,1,[],https://www.yelp.com/biz/holliday-food-and-sport-waupun?adjust_creative=GVWAITeAe13hPk5JlriDSg&utm_campaign=yelp_api_v3&utm_medium=api_v3_business_search&utm_source=GVWAITeAe13hPk5JlriDSg
a-spoonful-of-sugar-green-lake,"[{'alias': 'desserts', 'title': 'Desserts'}, {'alias': 'bakeries', 'title': 'Bakeries'}, {'alias': 'cupcakes', 'title': 'Cupcakes'}]","{'latitude': 43.8452415, 'longitude': -88.9607925}",(608) 697-5282,14031.66368844784,ATw6FvmcjumgwedEbPopBA,,False,"{'address1': '492 Hill St', 'address2': None, 'address3': '', 'city': 'Green Lake', 'zip_code': '54941', 'country': 'US', 'state': 'WI', 'display_address': ['492 Hill St', 'Green Lake, WI 54941']}",A Spoonful of Sugar,+16086975282,,4.0,1,[],https://www.yelp.com/biz/a-spoonful-of-sugar-green-lake?adjust_creative=GVWAITeAe13hPk5JlriDSg&utm_campaign=yelp_api_v3&utm_medium=api_v3_business_search&utm_source=GVWAITeAe13hPk5JlriDSg
langfords-pub-and-grill-green-lake,"[{'alias': 'salad', 'title': 'Salad'}, {'alias': 'bars', 'title': 'Bars'}, {'alias': 'burgers', 'title': 'Burgers'}]","{'latitude': 43.8296564, 'longitude': -89.0130138}",(920) 294-3805,15617.242657328781,212EKdW6vIrhuhJ2M6HZEg,https://s3-media4.fl.yelpcdn.com/bphoto/rThlNmyH6QpwndehX1sbJw/o.jpg,False,"{'address1': 'W2615 S Valley View Dr', 'address2': '', 'address3': 'Golf Courses of Lawsonia Hwy 23 West', 'city': 'Green Lake', 'zip_code': '54941', 'country': 'US', 'state': 'WI', 'display_address': ['W2615 S Valley View Dr', 'Golf Courses of Lawsonia Hwy 23 West', 'Green Lake, WI 54941']}",Langford's Pub & Grill,+19202943805,$$,4.0,1,[],https://www.yelp.com/biz/langfords-pub-and-grill-green-lake?adjust_creative=GVWAITeAe13hPk5JlriDSg&utm_campaign=yelp_api_v3&utm_medium=api_v3_business_search&utm_source=GVWAITeAe13hPk5JlriDSg
kfc-ripon,"[{'alias': 'hotdogs', 'title': 'Fast Food'}, {'alias': 'chicken_wings', 'title': 'Chicken Wings'}, {'alias': 'chickenshop', 'title': 'Chicken Shop'}]","{'latitude': 43.8551, 'longitude': -88.8622}",(920) 745-3003,12526.859621241958,q92bZwsXtLMPGM2eIeyRhg,https://s3-media4.fl.yelpcdn.com/bphoto/Al9Upr__QfHXny4CnIZjcg/o.jpg,False,"{'address1': '1180 W Fond Du Lac', 'address2': None, 'address3': None, 'city': 'Ripon', 'zip_code': '54971', 'country': 'US', 'state': 'WI', 'display_address': ['1180 W Fond Du Lac', 'Ripon, WI 54971']}",KFC,+19207453003,,2.0,3,[],https://www.yelp.com/biz/kfc-ripon?adjust_creative=GVWAITeAe13hPk5JlriDSg&utm_campaign=yelp_api_v3&utm_medium=api_v3_business_search&utm_source=GVWAITeAe13hPk5JlriDSg
dominos-pizza-waupun,"[{'alias': 'pizza', 'title': 'Pizza'}, {'alias': 'chicken_wings', 'title': 'Chicken Wings'}, {'alias': 'sandwiches', 'title': 'Sandwiches'}]","{'latitude': 43.6334066323562, 'longitude': -88.7282714205764}",(920) 324-6111,16126.873479844737,azM4281i40ZQTnqm8vULgQ,,False,"{'address1': '106 Shaler Dr', 'address2': '', 'address3': '', 'city': 'Waupun', 'zip_code': '53963', 'country': 'US', 'state': 'WI', 'display_address': ['106 Shaler Dr', 'Waupun, WI 53963']}",Domino's Pizza,+19203246111,$$,2.0,3,[],https://www.yelp.com/biz/dominos-pizza-waupun?adjust_creative=GVWAITeAe13hPk5JlriDSg&utm_campaign=yelp_api_v3&utm_medium=api_v3_business_search&utm_source=GVWAITeAe13hPk5JlriDSg
culvers-ripon,"[{'alias': 'icecream', 'title': 'Ice Cream & Frozen Yogurt'}, {'alias': 'hotdogs', 'title': 'Fast Food'}, {'alias': 'burgers', 'title': 'Burgers'}]","{'latitude': 43.8535423278809, 'longitude': -88.8587493896484}",(920) 748-8099,12354.126787704055,1Gx7Vyx3XcolkJCmxqVsrQ,https://s3-media1.fl.yelpcdn.com/bphoto/rG8zYtUmBCuTonmqqq4gYg/o.jpg,False,"{'address1': '1086 W Fond Du Lac St', 'address2': '', 'address3': '', 'city': 'Ripon', 'zip_code': '54971', 'country': 'US', 'state': 'WI', 'display_address': ['1086 W Fond Du Lac St', 'Ripon, WI 54971']}",Culver's,+19207488099,$,2.5,3,[],https://www.yelp.com/biz/culvers-ripon?adjust_creative=GVWAITeAe13hPk5JlriDSg&utm_campaign=yelp_api_v3&utm_medium=api_v3_business_search&utm_source=GVWAITeAe13hPk5JlriDSg
sadoff-field-hill-ripon,"[{'alias': 'parks', 'title': 'Parks'}, {'alias': 'playgrounds', 'title': 'Playgrounds'}, {'alias': 'venues', 'title': 'Venues & Event Spaces'}]","{'latitude': 43.8419750368257, 'longitude': -88.8482447375921}",,11110.415341014075,Ku-xZ4Jbu_ifTFgDg4UfLQ,,False,"{'address1': '', 'address2': '', 'address3': 'Ripon College', 'city': 'Ripon', 'zip_code': '54971', 'country': 'US', 'state': 'WI', 'display_address': ['Ripon College', 'Ripon, WI 54971']}",Sadoff Field Hill,,,5.0,1,[],https://www.yelp.com/biz/sadoff-field-hill-ripon?adjust_creative=GVWAITeAe13hPk5JlriDSg&utm_campaign=yelp_api_v3&utm_medium=api_v3_business_search&utm_source=GVWAITeAe13hPk5JlriDSg
our-bar-waupun,"[{'alias': 'bars', 'title': 'Bars'}]","{'latitude': 43.63293, 'longitude': -88.72837}",(920) 324-4869,16161.278976874022,pBJsgHqMXusqrhRtTlsXvA,,False,"{'address1': '433 E Main St', 'address2': '', 'address3': '', 'city': 'Waupun', 'zip_code': '53963', 'country': 'US', 'state': 'WI', 'display_address': ['433 E Main St', 'Waupun, WI 53963']}",Our Bar,+19203244869,,3.0,1,[],https://www.yelp.com/biz/our-bar-waupun?adjust_creative=GVWAITeAe13hPk5JlriDSg&utm_campaign=yelp_api_v3&utm_medium=api_v3_business_search&utm_source=GVWAITeAe13hPk5JlriDSg
a-and-w-ripon,"[{'alias': 'tradamerican', 'title': 'American (Traditional)'}]","{'latitude': 43.8425119026985, 'longitude': -88.836438}",(920) 748-5769,11292.940067443973,n6ImPNw5rTM_L7zB0a5Hrg,,False,"{'address1': '204 E Fond Du Lac', 'address2': '', 'address3': '', 'city': 'Ripon', 'zip_code': '54971', 'country': 'US', 'state': 'WI', 'display_address': ['204 E Fond Du Lac', 'Ripon, WI 54971']}",A&W,+19207485769,,1.0,1,[],https://www.yelp.com/biz/a-and-w-ripon?adjust_creative=GVWAITeAe13hPk5JlriDSg&utm_campaign=yelp_api_v3&utm_medium=api_v3_business_search&utm_source=GVWAITeAe13hPk5JlriDSg
taco-bell-ripon-2,"[{'alias': 'tex-mex', 'title': 'Tex-Mex'}, {'alias': 'hotdogs', 'title': 'Fast Food'}, {'alias': 'mexican', 'title': 'Mexican'}]","{'latitude': 43.8552435733534, 'longitude': -88.8621729835294}",(920) 745-3003,12542.800062469287,Kmcg6fG66iwgmHpiIfz1Yg,https://s3-media4.fl.yelpcdn.com/bphoto/KDMofOLZVTCg7ze8WuTzow/o.jpg,False,"{'address1': '1180 West Fond Du Lac', 'address2': '', 'address3': '', 'city': 'Ripon', 'zip_code': '54971', 'country': 'US', 'state': 'WI', 'display_address': ['1180 West Fond Du Lac', 'Ripon, WI 54971']}",Taco Bell,+19207453003,,1.5,4,[],https://www.yelp.com/biz/taco-bell-ripon-2?adjust_creative=GVWAITeAe13hPk5JlriDSg&utm_campaign=yelp_api_v3&utm_medium=api_v3_business_search&utm_source=GVWAITeAe13hPk5JlriDSg
dominos-pizza-ripon,"[{'alias': 'pizza', 'title': 'Pizza'}, {'alias': 'chicken_wings', 'title': 'Chicken Wings'}, {'alias': 'sandwiches', 'title': 'Sandwiches'}]","{'latitude': 43.8460184633732, 'longitude': -88.8370840251446}",(920) 748-7272,11698.966524165395,iYnci6kXJvuHIDpxyLLWlg,,False,"{'address1': '120 Blackburn St', 'address2': '', 'address3': '', 'city': 'Ripon', 'zip_code': '54971', 'country': 'US', 'state': 'WI', 'display_address': ['120 Blackburn St', 'Ripon, WI 54971']}",Domino's Pizza,+19207487272,,2.5,2,[],https://www.yelp.com/biz/dominos-pizza-ripon?adjust_creative=GVWAITeAe13hPk5JlriDSg&utm_campaign=yelp_api_v3&utm_medium=api_v3_business_search&utm_source=GVWAITeAe13hPk5JlriDSg
subway-ripon,"[{'alias': 'sandwiches', 'title': 'Sandwiches'}, {'alias': 'hotdogs', 'title': 'Fast Food'}]","{'latitude': 43.85207, 'longitude': -88.8572499}",(920) 748-7555,12186.432117572507,XDarCaCgoG8gsyTDV1OaOA,https://s3-media2.fl.yelpcdn.com/bphoto/ZBX6HhQWZse0KJ_wPtIFAw/o.jpg,False,"{'address1': '1061 W Fond Du Lac St', 'address2': '', 'address3': '', 'city': 'Ripon', 'zip_code': '54971', 'country': 'US', 'state': 'WI', 'display_address': ['1061 W Fond Du Lac St', 'Ripon, WI 54971']}",Subway,+19207487555,$,1.0,2,[],https://www.yelp.com/biz/subway-ripon?adjust_creative=GVWAITeAe13hPk5JlriDSg&utm_campaign=yelp_api_v3&utm_medium=api_v3_business_search&utm_source=GVWAITeAe13hPk5JlriDSg
village-grounds-rosendale,"[{'alias': 'coffee', 'title': 'Coffee & Tea'}, {'alias': 'wraps', 'title': 'Wraps'}, {'alias': 'sandwiches', 'title': 'Sandwiches'}]","{'latitude': 43.8075303, 'longitude': -88.6752818}",(920) 852-0070,16523.8757403335,xO5hNKoSdRVoNXqu6en_bg,https://s3-media2.fl.yelpcdn.com/bphoto/dRKpkfDuiQZoLIXpXMpZMA/o.jpg,False,"{'address1': '100 S Main St', 'address2': None, 'address3': '', 'city': 'Rosendale', 'zip_code': '54974', 'country': 'US', 'state': 'WI', 'display_address': ['100 S Main St', 'Rosendale, WI 54974']}",Village Grounds,+19208520070,,5.0,1,[],https://www.yelp.com/biz/village-grounds-rosendale?adjust_creative=GVWAITeAe13hPk5JlriDSg&utm_campaign=yelp_api_v3&utm_medium=api_v3_business_search&utm_source=GVWAITeAe13hPk5JlriDSg
from-scratch-kitchen-and-bakery-waupun,"[{'alias': 'bbq', 'title': 'Barbeque'}, {'alias': 'bakeries', 'title': 'Bakeries'}, {'alias': 'fishnchips', 'title': 'Fish & Chips'}]","{'latitude': 43.63277, 'longitude': -88.75083}",(920) 345-1238,15033.098394410083,4fokSVyZKDIZjUStmIfNeQ,https://s3-media3.fl.yelpcdn.com/bphoto/TwflBXjYiOcUw9lSyxLV3Q/o.jpg,False,"{'address1': '815 W Main St', 'address2': None, 'address3': '', 'city': 'Waupun', 'zip_code': '53963', 'country': 'US', 'state': 'WI', 'display_address': ['815 W Main St', 'Waupun, WI 53963']}",From Scratch Kitchen And Bakery,+19203451238,,3.0,1,[],https://www.yelp.com/biz/from-scratch-kitchen-and-bakery-waupun?adjust_creative=GVWAITeAe13hPk5JlriDSg&utm_campaign=yelp_api_v3&utm_medium=api_v3_business_search&utm_source=GVWAITeAe13hPk5JlriDSg
piggly-wiggly-waupun-3,"[{'alias': 'grocery', 'title': 'Grocery'}, {'alias': 'beer_and_wine', 'title': 'Beer, Wine & Spirits'}, {'alias': 'delis', 'title': 'Delis'}]","{'latitude': 43.6354217529297, 'longitude': -88.7169570922852}",(920) 324-5526,16568.50710601696,4KPCY9AmPZyCLc0mLqHchw,https://s3-media1.fl.yelpcdn.com/bphoto/THyOz6W4JfVRTb9KZA5UDQ/o.jpg,False,"{'address1': '100 Gateway Dr', 'address2': '', 'address3': '', 'city': 'Waupun', 'zip_code': '53963', 'country': 'US', 'state': 'WI', 'display_address': ['100 Gateway Dr', 'Waupun, WI 53963']}",Piggly Wiggly,+19203245526,,2.5,2,[],https://www.yelp.com/biz/piggly-wiggly-waupun-3?adjust_creative=GVWAITeAe13hPk5JlriDSg&utm_campaign=yelp_api_v3&utm_medium=api_v3_business_search&utm_source=GVWAITeAe13hPk5JlriDSg
