zipcode,name,price,rating,review_count,categories
53186,Tofte's Table,$$$,4.5,110,"[{'alias': 'comfortfood', 'title': 'Comfort Food'}, {'alias': 'newamerican', 'title': 'American (New)'}, {'alias': 'cocktailbars', 'title': 'Cocktail Bars'}]"
53186,Taylor's People's Park,$$,4.0,230,"[{'alias': 'newamerican', 'title': 'American (New)'}, {'alias': 'cocktailbars', 'title': 'Cocktail Bars'}]"
53186,Taqueria Guadalajara,$,5.0,71,"[{'alias': 'mexican', 'title': 'Mexican'}]"
53186,Rochester Deli,$,4.0,103,"[{'alias': 'delis', 'title': 'Delis'}, {'alias': 'bakeries', 'title': 'Bakeries'}, {'alias': 'catering', 'title': 'Caterers'}]"
53186,Mainstream Bar & Grill,$$,4.5,127,"[{'alias': 'burgers', 'title': 'Burgers'}, {'alias': 'sportsbars', 'title': 'Sports Bars'}, {'alias': 'tradamerican', 'title': 'American (Traditional)'}]"
53186,Fuzzy's Sports Pub & Grill,$,4.0,69,"[{'alias': 'tradamerican', 'title': 'American (Traditional)'}, {'alias': 'sportsbars', 'title': 'Sports Bars'}, {'alias': 'breakfast_brunch', 'title': 'Breakfast & Brunch'}]"
53186,John's Drive-In,$,4.5,37,"[{'alias': 'hotdogs', 'title': 'Fast Food'}, {'alias': 'hotdog', 'title': 'Hot Dogs'}, {'alias': 'sandwiches', 'title': 'Sandwiches'}]"
53186,The Steaming Cup,$,4.0,99,"[{'alias': 'breakfast_brunch', 'title': 'Breakfast & Brunch'}, {'alias': 'cafes', 'title': 'Cafes'}, {'alias': 'sandwiches', 'title': 'Sandwiches'}]"
53186,Meiji,$$,4.0,182,"[{'alias': 'chinese', 'title': 'Chinese'}, {'alias': 'japanese', 'title': 'Japanese'}, {'alias': 'sushi', 'title': 'Sushi Bars'}]"
53186,Kopp's Frozen Custard,$,4.0,251,"[{'alias': 'icecream', 'title': 'Ice Cream & Frozen Yogurt'}, {'alias': 'burgers', 'title': 'Burgers'}]"
53186,Pat's Rib Place,$$,4.5,101,"[{'alias': 'bbq', 'title': 'Barbeque'}, {'alias': 'tradamerican', 'title': 'American (Traditional)'}]"
53186,Sobelman's Pub & Grill,$$,4.0,66,"[{'alias': 'burgers', 'title': 'Burgers'}, {'alias': 'pubs', 'title': 'Pubs'}]"
53186,Jimmy's Grotto,$,3.5,109,"[{'alias': 'pizza', 'title': 'Pizza'}, {'alias': 'italian', 'title': 'Italian'}]"
53186,Gyros Corner West,$$,4.0,49,"[{'alias': 'tradamerican', 'title': 'American (Traditional)'}]"
53186,La Estacion,$$,3.5,146,"[{'alias': 'mexican', 'title': 'Mexican'}, {'alias': 'wine_bars', 'title': 'Wine Bars'}]"
53186,FreshFin Poké,,5.0,33,"[{'alias': 'sushi', 'title': 'Sushi Bars'}, {'alias': 'poke', 'title': 'Poke'}, {'alias': 'vegetarian', 'title': 'Vegetarian'}]"
53186,Pho King on Sunset,$$,4.5,76,"[{'alias': 'vietnamese', 'title': 'Vietnamese'}]"
53186,Spring City Wine House,$$,4.5,19,"[{'alias': 'wine_bars', 'title': 'Wine Bars'}]"
53186,Cafe De Arts,$,4.5,33,"[{'alias': 'sandwiches', 'title': 'Sandwiches'}, {'alias': 'coffeeroasteries', 'title': 'Coffee Roasteries'}, {'alias': 'turkish', 'title': 'Turkish'}]"
53186,Jose's Blue Sombrero,$$,3.5,195,"[{'alias': 'mexican', 'title': 'Mexican'}]"
53186,Golden Gate Restaurant,$$,4.0,60,"[{'alias': 'chinese', 'title': 'Chinese'}]"
53186,Cafe Hollander - Brookfield,$$,3.5,193,"[{'alias': 'bars', 'title': 'Bars'}, {'alias': 'belgian', 'title': 'Belgian'}, {'alias': 'breakfast_brunch', 'title': 'Breakfast & Brunch'}]"
53186,El Palmar,$,4.0,40,"[{'alias': 'mexican', 'title': 'Mexican'}]"
53186,Cooper's Hawk Winery & Restaurant - Brookfield,$$,4.0,290,"[{'alias': 'newamerican', 'title': 'American (New)'}, {'alias': 'wine_bars', 'title': 'Wine Bars'}, {'alias': 'winetastingroom', 'title': 'Wine Tasting Room'}]"
53186,Divino Gelato Café,$,4.0,28,"[{'alias': 'italian', 'title': 'Italian'}, {'alias': 'icecream', 'title': 'Ice Cream & Frozen Yogurt'}]"
53186,Neighbors Bar & Grille,$$,4.0,44,"[{'alias': 'bars', 'title': 'Bars'}, {'alias': 'chicken_wings', 'title': 'Chicken Wings'}, {'alias': 'sandwiches', 'title': 'Sandwiches'}]"
53186,Mama D's Coffee,$,4.5,13,"[{'alias': 'coffee', 'title': 'Coffee & Tea'}, {'alias': 'sandwiches', 'title': 'Sandwiches'}, {'alias': 'soup', 'title': 'Soup'}]"
53186,Cafe Manna,$$,4.0,212,"[{'alias': 'vegetarian', 'title': 'Vegetarian'}, {'alias': 'vegan', 'title': 'Vegan'}, {'alias': 'desserts', 'title': 'Desserts'}]"
53186,The Chocolate Factory,$$,4.0,25,"[{'alias': 'sandwiches', 'title': 'Sandwiches'}, {'alias': 'icecream', 'title': 'Ice Cream & Frozen Yogurt'}, {'alias': 'soup', 'title': 'Soup'}]"
53186,Oscar's Frozen Custard,$,4.0,60,"[{'alias': 'icecream', 'title': 'Ice Cream & Frozen Yogurt'}, {'alias': 'burgers', 'title': 'Burgers'}]"
53186,Dady-Oh's,$,4.0,33,"[{'alias': 'breakfast_brunch', 'title': 'Breakfast & Brunch'}]"
53186,Bonefish Grill,$$,4.0,158,"[{'alias': 'seafood', 'title': 'Seafood'}, {'alias': 'newamerican', 'title': 'American (New)'}, {'alias': 'cocktailbars', 'title': 'Cocktail Bars'}]"
53186,Los Tacos,$,4.0,49,"[{'alias': 'mexican', 'title': 'Mexican'}]"
53186,Blaze Fast-Fire'd Pizza,$,4.0,142,"[{'alias': 'pizza', 'title': 'Pizza'}, {'alias': 'salad', 'title': 'Salad'}, {'alias': 'hotdogs', 'title': 'Fast Food'}]"
53186,First Watch,$$,4.0,181,"[{'alias': 'breakfast_brunch', 'title': 'Breakfast & Brunch'}, {'alias': 'cafes', 'title': 'Cafes'}, {'alias': 'tradamerican', 'title': 'American (Traditional)'}]"
53186,EB's Milwaukee Pizza Company,$,4.0,23,"[{'alias': 'pizza', 'title': 'Pizza'}]"
53186,The Machine Shed - Pewaukee,$$,3.5,123,"[{'alias': 'tradamerican', 'title': 'American (Traditional)'}]"
53186,Fujiyama,$$,4.0,172,"[{'alias': 'japanese', 'title': 'Japanese'}, {'alias': 'sushi', 'title': 'Sushi Bars'}]"
53186,Nice Ash Cigar Bar,$$,4.0,32,"[{'alias': 'tobaccoshops', 'title': 'Tobacco Shops'}, {'alias': 'bars', 'title': 'Bars'}]"
53186,Meli,$$,3.5,70,"[{'alias': 'bars', 'title': 'Bars'}, {'alias': 'mediterranean', 'title': 'Mediterranean'}, {'alias': 'newamerican', 'title': 'American (New)'}]"
53186,Minooka Park,,4.5,19,"[{'alias': 'hiking', 'title': 'Hiking'}, {'alias': 'beaches', 'title': 'Beaches'}, {'alias': 'dog_parks', 'title': 'Dog Parks'}]"
53186,The Roots Coffeebar & Cafe,$$,4.0,25,"[{'alias': 'cafes', 'title': 'Cafes'}]"
53186,Artisan 179,$$,4.0,157,"[{'alias': 'bars', 'title': 'Bars'}, {'alias': 'newamerican', 'title': 'American (New)'}, {'alias': 'venues', 'title': 'Venues & Event Spaces'}]"
53186,House Of Guinness,$$,4.0,21,"[{'alias': 'pubs', 'title': 'Pubs'}]"
53186,Daylee Public House,$$,4.5,18,"[{'alias': 'bars', 'title': 'Bars'}, {'alias': 'tradamerican', 'title': 'American (Traditional)'}]"
53186,Taste of India,$$,4.0,140,"[{'alias': 'indpak', 'title': 'Indian'}, {'alias': 'vegetarian', 'title': 'Vegetarian'}]"
53186,Naf Naf Grill,$,4.5,81,"[{'alias': 'mideastern', 'title': 'Middle Eastern'}, {'alias': 'salad', 'title': 'Salad'}, {'alias': 'falafel', 'title': 'Falafel'}]"
53186,Jack's Cafe,$$,3.5,36,"[{'alias': 'newamerican', 'title': 'American (New)'}]"
53186,Point Burger Bar,$$,3.0,117,"[{'alias': 'burgers', 'title': 'Burgers'}, {'alias': 'newamerican', 'title': 'American (New)'}, {'alias': 'beer_and_wine', 'title': 'Beer, Wine & Spirits'}]"
53186,Tallys Tap & Eatery,$$,4.0,44,"[{'alias': 'newamerican', 'title': 'American (New)'}]"
53186,Sakura Japan Sushi & Grill,$$,3.0,49,"[{'alias': 'sushi', 'title': 'Sushi Bars'}, {'alias': 'japanese', 'title': 'Japanese'}, {'alias': 'newamerican', 'title': 'American (New)'}]"
53186,The Original Pancake House,$$,4.0,144,"[{'alias': 'breakfast_brunch', 'title': 'Breakfast & Brunch'}, {'alias': 'waffles', 'title': 'Waffles'}, {'alias': 'creperies', 'title': 'Creperies'}]"
53186,Chicken Palace,,5.0,14,"[{'alias': 'mexican', 'title': 'Mexican'}]"
53186,Texas Roadhouse,$$,3.5,59,"[{'alias': 'steak', 'title': 'Steakhouses'}, {'alias': 'bbq', 'title': 'Barbeque'}, {'alias': 'tradamerican', 'title': 'American (Traditional)'}]"
53186,Taco Amigo,$$,4.0,55,"[{'alias': 'mexican', 'title': 'Mexican'}]"
53186,The Crossing Restaurant,$,4.5,27,"[{'alias': 'tradamerican', 'title': 'American (Traditional)'}]"
53186,Chancery Pub and Restaurant,$$,3.5,37,"[{'alias': 'pubs', 'title': 'Pubs'}]"
53186,Thunder Bay Restaurant,$$,3.0,102,"[{'alias': 'tradamerican', 'title': 'American (Traditional)'}]"
53186,Bernie's Tap Room,$$,3.0,57,"[{'alias': 'pubs', 'title': 'Pubs'}, {'alias': 'newamerican', 'title': 'American (New)'}, {'alias': 'pizza', 'title': 'Pizza'}]"
53186,Nothing Bundt Cakes,,5.0,22,"[{'alias': 'cupcakes', 'title': 'Cupcakes'}, {'alias': 'desserts', 'title': 'Desserts'}, {'alias': 'bakeries', 'title': 'Bakeries'}]"
53186,Mr Wok,$,4.0,48,"[{'alias': 'chinese', 'title': 'Chinese'}, {'alias': 'malaysian', 'title': 'Malaysian'}]"
53186,Magellans On Main St,$$,3.5,41,"[{'alias': 'pizza', 'title': 'Pizza'}, {'alias': 'beerbar', 'title': 'Beer Bar'}]"
53186,El Sol De Mexico,$,3.5,24,"[{'alias': 'mexican', 'title': 'Mexican'}]"
53186,Bullwinkle's,$$,3.0,94,"[{'alias': 'sportsbars', 'title': 'Sports Bars'}, {'alias': 'chicken_wings', 'title': 'Chicken Wings'}]"
53186,Sal's Pizza,$$,4.0,32,"[{'alias': 'pizza', 'title': 'Pizza'}, {'alias': 'mexican', 'title': 'Mexican'}, {'alias': 'sandwiches', 'title': 'Sandwiches'}]"
53186,Shawarma House,$,4.0,79,"[{'alias': 'mideastern', 'title': 'Middle Eastern'}, {'alias': 'persian', 'title': 'Persian/Iranian'}]"
53186,Grimaldi's Pizzeria,$$,3.0,76,"[{'alias': 'pizza', 'title': 'Pizza'}]"
53186,Michael's Italian Restaurant,$$,3.5,67,"[{'alias': 'pizza', 'title': 'Pizza'}, {'alias': 'italian', 'title': 'Italian'}]"
53186,Sweet Perfections Bake Shoppe,$$$,4.0,15,"[{'alias': 'bakeries', 'title': 'Bakeries'}]"
53186,MOD Pizza,$,4.5,53,"[{'alias': 'pizza', 'title': 'Pizza'}, {'alias': 'hotdogs', 'title': 'Fast Food'}]"
53186,Belair Cantina - Brookfield,$$,3.0,106,"[{'alias': 'tex-mex', 'title': 'Tex-Mex'}, {'alias': 'tacos', 'title': 'Tacos'}]"
53186,Mr. B's - A Bartolotta Steakhouse,$$$,3.5,152,"[{'alias': 'steak', 'title': 'Steakhouses'}, {'alias': 'seafood', 'title': 'Seafood'}]"
53186,The Melting Pot - Brookfield,$$$,3.5,69,"[{'alias': 'fondue', 'title': 'Fondue'}]"
53186,Mitchell's Fish Market,$$,3.5,149,"[{'alias': 'seafood', 'title': 'Seafood'}, {'alias': 'bars', 'title': 'Bars'}]"
53186,Christina's Family Restaurant,$,3.5,33,"[{'alias': 'diners', 'title': 'Diners'}, {'alias': 'breakfast_brunch', 'title': 'Breakfast & Brunch'}]"
53186,Murf's Frozen Custard & Jumbo Burgers,$,4.0,21,"[{'alias': 'icecream', 'title': 'Ice Cream & Frozen Yogurt'}, {'alias': 'burgers', 'title': 'Burgers'}]"
53186,Harvest Cafe,$$,4.0,33,"[{'alias': 'cafes', 'title': 'Cafes'}, {'alias': 'coffee', 'title': 'Coffee & Tea'}, {'alias': 'breakfast_brunch', 'title': 'Breakfast & Brunch'}]"
53186,Good Harvest Market,$$,4.0,28,"[{'alias': 'grocery', 'title': 'Grocery'}, {'alias': 'cafes', 'title': 'Cafes'}]"
53186,Mia's Italian Restaurant,$$,3.5,31,"[{'alias': 'italian', 'title': 'Italian'}, {'alias': 'pizza', 'title': 'Pizza'}]"
53186,Sunny Side Up Cafe - New Berlin,$$,4.0,73,"[{'alias': 'breakfast_brunch', 'title': 'Breakfast & Brunch'}, {'alias': 'newamerican', 'title': 'American (New)'}, {'alias': 'cafes', 'title': 'Cafes'}]"
53186,Grassroots Salad Company,$$,4.5,38,"[{'alias': 'salad', 'title': 'Salad'}, {'alias': 'juicebars', 'title': 'Juice Bars & Smoothies'}, {'alias': 'vegetarian', 'title': 'Vegetarian'}]"
53186,Buttercream Bakery,,4.5,7,"[{'alias': 'bakeries', 'title': 'Bakeries'}]"
53186,Arepanita's,$$,4.0,17,"[{'alias': 'venezuelan', 'title': 'Venezuelan'}]"
53186,Le Caffe Bistro,$$,4.5,15,"[{'alias': 'coffee', 'title': 'Coffee & Tea'}]"
53186,Portillo's Hot Dogs,$,3.0,205,"[{'alias': 'hotdog', 'title': 'Hot Dogs'}, {'alias': 'burgers', 'title': 'Burgers'}, {'alias': 'sandwiches', 'title': 'Sandwiches'}]"
53186,Lagniappe Brasserie,$$,4.0,53,"[{'alias': 'brasseries', 'title': 'Brasseries'}]"
53186,Crush Wine Bar,$$,4.0,15,"[{'alias': 'wine_bars', 'title': 'Wine Bars'}]"
53186,Casa Tequila Restaurant,$$,4.0,20,"[{'alias': 'mexican', 'title': 'Mexican'}]"
53186,Marty's Pizza Pasta & Subs,$$,3.5,98,"[{'alias': 'pizza', 'title': 'Pizza'}, {'alias': 'italian', 'title': 'Italian'}]"
53186,Doc's Dry Dock,$$,4.0,55,"[{'alias': 'pizza', 'title': 'Pizza'}]"
53186,5Points Brew & Sweets,$,4.5,7,"[{'alias': 'beerbar', 'title': 'Beer Bar'}, {'alias': 'icecream', 'title': 'Ice Cream & Frozen Yogurt'}, {'alias': 'desserts', 'title': 'Desserts'}]"
53186,Eric's Porter Haus,$$,3.0,45,"[{'alias': 'german', 'title': 'German'}, {'alias': 'steak', 'title': 'Steakhouses'}, {'alias': 'seafood', 'title': 'Seafood'}]"
53186,Albanese's Roadhouse,$$,3.0,48,"[{'alias': 'sportsbars', 'title': 'Sports Bars'}, {'alias': 'italian', 'title': 'Italian'}]"
53186,The Blue Ribbon,$,4.5,7,"[{'alias': 'tex-mex', 'title': 'Tex-Mex'}, {'alias': 'divebars', 'title': 'Dive Bars'}]"
53186,Saloon On Calhoun,$$,3.5,129,"[{'alias': 'sportsbars', 'title': 'Sports Bars'}]"
53186,Jake's Burger,$$,3.5,141,"[{'alias': 'burgers', 'title': 'Burgers'}]"
53186,BRAVO! Cucina Italiana,$$,3.5,110,"[{'alias': 'italian', 'title': 'Italian'}, {'alias': 'gluten_free', 'title': 'Gluten-Free'}, {'alias': 'bars', 'title': 'Bars'}]"
53186,Carrabba's Italian Grill,$$,3.5,64,"[{'alias': 'italian', 'title': 'Italian'}, {'alias': 'seafood', 'title': 'Seafood'}]"
53186,Fuddruckers,$$,3.5,72,"[{'alias': 'burgers', 'title': 'Burgers'}, {'alias': 'tradamerican', 'title': 'American (Traditional)'}]"
53186,Brookfield Family Restaurant,$,3.5,49,"[{'alias': 'newamerican', 'title': 'American (New)'}]"
53186,Taco John's,$,3.5,18,"[{'alias': 'mexican', 'title': 'Mexican'}, {'alias': 'hotdogs', 'title': 'Fast Food'}]"
53186,Jake's Restaurant,$$$,4.0,65,"[{'alias': 'steak', 'title': 'Steakhouses'}]"
53186,Boscos Social Club,$,3.0,22,"[{'alias': 'lounges', 'title': 'Lounges'}, {'alias': 'sportsbars', 'title': 'Sports Bars'}]"
53186,Malabar Coast Coffee & Tea,$,4.5,25,"[{'alias': 'coffee', 'title': 'Coffee & Tea'}, {'alias': 'bakeries', 'title': 'Bakeries'}, {'alias': 'sandwiches', 'title': 'Sandwiches'}]"
53186,Andrea's Red Rooster,$$,3.0,31,"[{'alias': 'tradamerican', 'title': 'American (Traditional)'}]"
53186,Yee Peggy Emperor's Kitchen,$$,3.5,54,"[{'alias': 'chinese', 'title': 'Chinese'}]"
53186,Cue Club Of Wisconsin,$$,4.0,19,"[{'alias': 'sportsbars', 'title': 'Sports Bars'}, {'alias': 'poolhalls', 'title': 'Pool Halls'}]"
53186,George Webb,$,4.5,8,"[{'alias': 'restaurants', 'title': 'Restaurants'}]"
53186,Goddess and the Baker,,3.5,26,"[{'alias': 'bakeries', 'title': 'Bakeries'}, {'alias': 'cafes', 'title': 'Cafes'}]"
53186,Curly's Waterfront Sports Bar & Grill,$$,3.5,58,"[{'alias': 'sportsbars', 'title': 'Sports Bars'}, {'alias': 'tradamerican', 'title': 'American (Traditional)'}, {'alias': 'pizza', 'title': 'Pizza'}]"
53186,The Chocolate Factory,$,4.0,32,"[{'alias': 'icecream', 'title': 'Ice Cream & Frozen Yogurt'}, {'alias': 'sandwiches', 'title': 'Sandwiches'}, {'alias': 'soup', 'title': 'Soup'}]"
53186,Margaritas Mexican Grill,$$,3.5,14,"[{'alias': 'mexican', 'title': 'Mexican'}]"
53186,Maxims Restaurant,$$,4.0,56,"[{'alias': 'newamerican', 'title': 'American (New)'}]"
53186,Asian Fusion Bistro,$$,3.0,59,"[{'alias': 'asianfusion', 'title': 'Asian Fusion'}, {'alias': 'sushi', 'title': 'Sushi Bars'}, {'alias': 'indpak', 'title': 'Indian'}]"
53186,La Cabana,,4.0,12,"[{'alias': 'mexican', 'title': 'Mexican'}, {'alias': 'breakfast_brunch', 'title': 'Breakfast & Brunch'}]"
53186,Sunset Family Restaurant,$,3.5,32,"[{'alias': 'greek', 'title': 'Greek'}, {'alias': 'tradamerican', 'title': 'American (Traditional)'}]"
53186,Culver's,$,4.5,13,"[{'alias': 'icecream', 'title': 'Ice Cream & Frozen Yogurt'}, {'alias': 'burgers', 'title': 'Burgers'}, {'alias': 'hotdogs', 'title': 'Fast Food'}]"
53186,Dave's Family Restaurant,$,3.0,27,"[{'alias': 'tradamerican', 'title': 'American (Traditional)'}, {'alias': 'breakfast_brunch', 'title': 'Breakfast & Brunch'}]"
53186,New China Buffet,$,2.5,30,"[{'alias': 'chinese', 'title': 'Chinese'}]"
53186,North Star American Bistro,$$,3.5,65,"[{'alias': 'newamerican', 'title': 'American (New)'}]"
53186,Bougey's Bar & Grill,$$,4.0,34,"[{'alias': 'tradamerican', 'title': 'American (Traditional)'}, {'alias': 'breakfast_brunch', 'title': 'Breakfast & Brunch'}, {'alias': 'chicken_wings', 'title': 'Chicken Wings'}]"
53186,Toppers,$,3.5,14,"[{'alias': 'pizza', 'title': 'Pizza'}]"
53186,Potbelly Sandwich Shop,$,4.0,31,"[{'alias': 'sandwiches', 'title': 'Sandwiches'}, {'alias': 'hotdogs', 'title': 'Fast Food'}, {'alias': 'salad', 'title': 'Salad'}]"
53186,Asiana Fine Dining Restaurant,$$,3.0,82,"[{'alias': 'sushi', 'title': 'Sushi Bars'}, {'alias': 'asianfusion', 'title': 'Asian Fusion'}, {'alias': 'japanese', 'title': 'Japanese'}]"
53186,Stir Crazy Fresh Asian Grill,$$,2.5,165,"[{'alias': 'asianfusion', 'title': 'Asian Fusion'}, {'alias': 'chinese', 'title': 'Chinese'}]"
53186,5 O'Clock Club,$$,3.5,65,"[{'alias': 'tradamerican', 'title': 'American (Traditional)'}]"
53186,George Webb,$,4.0,16,"[{'alias': 'diners', 'title': 'Diners'}]"
53186,Misson BBQ,,4.0,21,"[{'alias': 'bbq', 'title': 'Barbeque'}, {'alias': 'sandwiches', 'title': 'Sandwiches'}]"
53186,Casablanca Brookfield,$$$,3.5,68,"[{'alias': 'mideastern', 'title': 'Middle Eastern'}, {'alias': 'vegan', 'title': 'Vegan'}, {'alias': 'hookah_bars', 'title': 'Hookah Bars'}]"
53186,Allo! Chocolat,$$,3.5,9,"[{'alias': 'candy', 'title': 'Candy Stores'}, {'alias': 'desserts', 'title': 'Desserts'}, {'alias': 'chocolate', 'title': 'Chocolatiers & Shops'}]"
53186,Jason's Deli,$,3.5,51,"[{'alias': 'delis', 'title': 'Delis'}, {'alias': 'salad', 'title': 'Salad'}, {'alias': 'sandwiches', 'title': 'Sandwiches'}]"
53186,Fava Tea Company,$$,4.0,15,"[{'alias': 'coffee', 'title': 'Coffee & Tea'}]"
53186,Feng's Kitchen,$$,3.0,36,"[{'alias': 'chinese', 'title': 'Chinese'}]"
53186,Bubba's Frozen Custard,$,3.5,41,"[{'alias': 'icecream', 'title': 'Ice Cream & Frozen Yogurt'}, {'alias': 'burgers', 'title': 'Burgers'}]"
53186,Perkins Family Restaurant & Bakery,$,3.0,20,"[{'alias': 'hotdogs', 'title': 'Fast Food'}]"
53186,Casa Tequila,$$,3.5,73,"[{'alias': 'mexican', 'title': 'Mexican'}, {'alias': 'bars', 'title': 'Bars'}]"
53186,Glacial Drumlin Trail,,4.5,5,"[{'alias': 'parks', 'title': 'Parks'}]"
53186,Red Robin Gourmet Burgers,$$,3.0,77,"[{'alias': 'burgers', 'title': 'Burgers'}, {'alias': 'tradamerican', 'title': 'American (Traditional)'}]"
53186,Kat's Café,$,4.0,30,"[{'alias': 'cafes', 'title': 'Cafes'}, {'alias': 'pizza', 'title': 'Pizza'}]"
53186,Michael's House of Prime,$$$,3.5,41,"[{'alias': 'seafood', 'title': 'Seafood'}, {'alias': 'steak', 'title': 'Steakhouses'}, {'alias': 'newamerican', 'title': 'American (New)'}]"
53186,Cousins Subs,$$$,4.0,8,"[{'alias': 'sandwiches', 'title': 'Sandwiches'}, {'alias': 'delis', 'title': 'Delis'}]"
53186,Loaf & Jug Restaurant,$,3.5,42,"[{'alias': 'salad', 'title': 'Salad'}, {'alias': 'sandwiches', 'title': 'Sandwiches'}, {'alias': 'desserts', 'title': 'Desserts'}]"
53186,Five Points Pub,$$,2.5,19,"[{'alias': 'irish', 'title': 'Irish'}, {'alias': 'irish_pubs', 'title': 'Irish Pub'}]"
53186,POParazzi,,4.5,4,"[{'alias': 'coffee', 'title': 'Coffee & Tea'}, {'alias': 'popcorn', 'title': 'Popcorn Shops'}]"
53186,Golden Corral,$$,2.0,40,"[{'alias': 'tradamerican', 'title': 'American (Traditional)'}]"
53186,Starbucks,$$,3.0,17,"[{'alias': 'coffee', 'title': 'Coffee & Tea'}]"
53186,Jersey Mike's Subs,$,3.5,21,"[{'alias': 'sandwiches', 'title': 'Sandwiches'}, {'alias': 'hotdogs', 'title': 'Fast Food'}, {'alias': 'delis', 'title': 'Delis'}]"
53186,The Original Suburpia,$,4.0,12,"[{'alias': 'sandwiches', 'title': 'Sandwiches'}]"
53186,Canyon City Wood Grille,$$,3.0,33,"[{'alias': 'newamerican', 'title': 'American (New)'}, {'alias': 'steak', 'title': 'Steakhouses'}, {'alias': 'sportsbars', 'title': 'Sports Bars'}]"
53186,Salty Toad,$,3.0,14,"[{'alias': 'bars', 'title': 'Bars'}]"
53186,New Berlin Ale House,$$,3.5,42,"[{'alias': 'venues', 'title': 'Venues & Event Spaces'}, {'alias': 'sportsbars', 'title': 'Sports Bars'}, {'alias': 'bowling', 'title': 'Bowling'}]"
53186,Vino Cappuccino,$$,3.0,89,"[{'alias': 'italian', 'title': 'Italian'}]"
53186,Plaza Garibaldi,$$,3.5,39,"[{'alias': 'mexican', 'title': 'Mexican'}]"
53186,Broadway Cafe,$,3.0,14,"[{'alias': 'diners', 'title': 'Diners'}, {'alias': 'cafes', 'title': 'Cafes'}]"
53186,Lumber Axe,$$,4.0,6,"[{'alias': 'bars', 'title': 'Bars'}, {'alias': 'axethrowing', 'title': 'Axe Throwing'}]"
53186,Grumpy's Pizza @ Dave's On Silvernail,$$$,4.5,7,"[{'alias': 'pizza', 'title': 'Pizza'}]"
53186,Waukesha County Historical Society & Museum,,5.0,2,"[{'alias': 'museums', 'title': 'Museums'}]"
53186,Starbucks,$$,3.0,20,"[{'alias': 'coffee', 'title': 'Coffee & Tea'}]"
53186,Butler Inn of Pewaukee,$$$,3.0,70,"[{'alias': 'newamerican', 'title': 'American (New)'}]"
53186,Chili's,$$,3.5,30,"[{'alias': 'bars', 'title': 'Bars'}, {'alias': 'tradamerican', 'title': 'American (Traditional)'}, {'alias': 'tex-mex', 'title': 'Tex-Mex'}]"
53186,Olive Garden Italian Restaurant,$$,2.5,64,"[{'alias': 'italian', 'title': 'Italian'}, {'alias': 'salad', 'title': 'Salad'}]"
53186,Kim's Garden,$$$,3.5,10,"[{'alias': 'chinese', 'title': 'Chinese'}]"
53186,Starbucks,$$,3.5,24,"[{'alias': 'coffee', 'title': 'Coffee & Tea'}]"
53186,Edgewater Supper Club,$,4.5,13,"[{'alias': 'bars', 'title': 'Bars'}, {'alias': 'cajun', 'title': 'Cajun/Creole'}, {'alias': 'salad', 'title': 'Salad'}]"
53186,Le Gong Gourmet,$$,3.0,26,"[{'alias': 'chinese', 'title': 'Chinese'}]"
53186,Tee Aire Golf Range & Miniature Golf,,4.5,10,"[{'alias': 'golf', 'title': 'Golf'}]"
53186,The Spot on broadway,,3.0,8,"[{'alias': 'tradamerican', 'title': 'American (Traditional)'}, {'alias': 'mexican', 'title': 'Mexican'}]"
53186,Waukesha Skateland,,3.0,10,"[{'alias': 'amusementparks', 'title': 'Amusement Parks'}, {'alias': 'skatingrinks', 'title': 'Skating Rinks'}]"
53186,Spring Garden,$,3.0,12,"[{'alias': 'chinese', 'title': 'Chinese'}]"
53186,Yo Mama!,$,4.5,16,"[{'alias': 'icecream', 'title': 'Ice Cream & Frozen Yogurt'}, {'alias': 'bakeries', 'title': 'Bakeries'}]"
53186,Club 400,$$,4.0,8,"[{'alias': 'bars', 'title': 'Bars'}, {'alias': 'burgers', 'title': 'Burgers'}]"
53186,Culver's,$,3.5,7,"[{'alias': 'icecream', 'title': 'Ice Cream & Frozen Yogurt'}, {'alias': 'burgers', 'title': 'Burgers'}, {'alias': 'hotdogs', 'title': 'Fast Food'}]"
53186,QDOBA Mexican Eats,$,3.5,11,"[{'alias': 'mexican', 'title': 'Mexican'}, {'alias': 'hotdogs', 'title': 'Fast Food'}]"
53186,Malone Park,,5.0,6,"[{'alias': 'parks', 'title': 'Parks'}]"
53186,King's Wok,$,4.0,24,"[{'alias': 'chinese', 'title': 'Chinese'}]"
53186,Cousins Subs,$$,3.5,7,"[{'alias': 'sandwiches', 'title': 'Sandwiches'}, {'alias': 'delis', 'title': 'Delis'}]"
53186,QDOBA Mexican Eats,$,3.0,8,"[{'alias': 'mexican', 'title': 'Mexican'}, {'alias': 'hotdogs', 'title': 'Fast Food'}]"
53186,Rox Bar & Grille,$$,3.0,22,"[{'alias': 'sportsbars', 'title': 'Sports Bars'}, {'alias': 'beer_and_wine', 'title': 'Beer, Wine & Spirits'}, {'alias': 'pubs', 'title': 'Pubs'}]"
53186,Bake Street Cafe,$,4.5,7,"[{'alias': 'bakeries', 'title': 'Bakeries'}, {'alias': 'cafes', 'title': 'Cafes'}, {'alias': 'catering', 'title': 'Caterers'}]"
53186,Armeli's Restaurant & Pizzeria,$$,3.5,30,"[{'alias': 'pizza', 'title': 'Pizza'}, {'alias': 'italian', 'title': 'Italian'}, {'alias': 'buffets', 'title': 'Buffets'}]"
53186,Denny's,$,3.0,18,"[{'alias': 'diners', 'title': 'Diners'}, {'alias': 'tradamerican', 'title': 'American (Traditional)'}, {'alias': 'breakfast_brunch', 'title': 'Breakfast & Brunch'}]"
53186,Spring City Restaurant,$,3.0,21,"[{'alias': 'pizza', 'title': 'Pizza'}]"
53186,Orange Leaf Frozen Yogurt,$,4.5,6,"[{'alias': 'icecream', 'title': 'Ice Cream & Frozen Yogurt'}]"
53186,Marco's Pizza,$,3.0,10,"[{'alias': 'pizza', 'title': 'Pizza'}]"
53186,Jimmy John's,$,5.0,4,"[{'alias': 'delis', 'title': 'Delis'}, {'alias': 'sandwiches', 'title': 'Sandwiches'}, {'alias': 'hotdogs', 'title': 'Fast Food'}]"
53186,Fox Brook Park,,4.5,8,"[{'alias': 'parks', 'title': 'Parks'}]"
53186,Mama Mia's,$$,2.5,50,"[{'alias': 'pizza', 'title': 'Pizza'}, {'alias': 'salad', 'title': 'Salad'}, {'alias': 'sandwiches', 'title': 'Sandwiches'}]"
53186,Cakes While U Wait,$$,3.0,48,"[{'alias': 'bakeries', 'title': 'Bakeries'}]"
53186,Firewise Barbecue Company,$$,4.5,10,"[{'alias': 'foodtrucks', 'title': 'Food Trucks'}, {'alias': 'bbq', 'title': 'Barbeque'}]"
53186,Cafe Esperanza,$,4.5,2,"[{'alias': 'coffee', 'title': 'Coffee & Tea'}, {'alias': 'mexican', 'title': 'Mexican'}, {'alias': 'venues', 'title': 'Venues & Event Spaces'}]"
53186,Great Wall Restaurant,$$,4.0,15,"[{'alias': 'chinese', 'title': 'Chinese'}]"
53186,Periwinkle's Bakery on Broadway,$,3.5,7,"[{'alias': 'bakeries', 'title': 'Bakeries'}, {'alias': 'cupcakes', 'title': 'Cupcakes'}, {'alias': 'customcakes', 'title': 'Custom Cakes'}]"
53186,The Beer Depot,$,5.0,6,"[{'alias': 'beer_and_wine', 'title': 'Beer, Wine & Spirits'}, {'alias': 'convenience', 'title': 'Convenience Stores'}, {'alias': 'delis', 'title': 'Delis'}]"
53186,Mings,$,3.5,34,"[{'alias': 'chinese', 'title': 'Chinese'}]"
53186,Culver's,$,3.5,11,"[{'alias': 'icecream', 'title': 'Ice Cream & Frozen Yogurt'}, {'alias': 'burgers', 'title': 'Burgers'}, {'alias': 'hotdogs', 'title': 'Fast Food'}]"
53186,Brunch,$$,3.0,48,"[{'alias': 'breakfast_brunch', 'title': 'Breakfast & Brunch'}]"
53186,TGI Fridays,$$,2.5,51,"[{'alias': 'tradamerican', 'title': 'American (Traditional)'}]"
53186,Seester's Mexican Cantina,$$,3.0,52,"[{'alias': 'mexican', 'title': 'Mexican'}]"
53186,Rosati's Pizza,$,2.5,11,"[{'alias': 'pizza', 'title': 'Pizza'}]"
53186,Frame Park,,5.0,1,"[{'alias': 'parks', 'title': 'Parks'}]"
53186,Swing Time Golf & Baseball,,3.5,3,"[{'alias': 'golf', 'title': 'Golf'}, {'alias': 'mini_golf', 'title': 'Mini Golf'}, {'alias': 'battingcages', 'title': 'Batting Cages'}]"
53186,Hooters,$$,2.5,53,"[{'alias': 'sportsbars', 'title': 'Sports Bars'}, {'alias': 'tradamerican', 'title': 'American (Traditional)'}, {'alias': 'chicken_wings', 'title': 'Chicken Wings'}]"
53186,Chili's,$$,3.5,15,"[{'alias': 'bars', 'title': 'Bars'}, {'alias': 'tex-mex', 'title': 'Tex-Mex'}, {'alias': 'tradamerican', 'title': 'American (Traditional)'}]"
53186,Señor Luna,$$,3.0,26,"[{'alias': 'mexican', 'title': 'Mexican'}]"
53186,Taco Bell,$,2.5,15,"[{'alias': 'mexican', 'title': 'Mexican'}, {'alias': 'hotdogs', 'title': 'Fast Food'}]"
53186,Storm's Golf Range,,5.0,5,"[{'alias': 'golf', 'title': 'Golf'}, {'alias': 'golflessons', 'title': 'Golf Lessons'}]"
53186,Buffalo Wild Wings,$$,3.0,29,"[{'alias': 'sportsbars', 'title': 'Sports Bars'}, {'alias': 'tradamerican', 'title': 'American (Traditional)'}, {'alias': 'chicken_wings', 'title': 'Chicken Wings'}]"
53186,Smoked At 225,,4.5,13,"[{'alias': 'foodtrucks', 'title': 'Food Trucks'}, {'alias': 'bbq', 'title': 'Barbeque'}]"
53186,Brewer's Two Cafe,$,3.5,25,"[{'alias': 'coffee', 'title': 'Coffee & Tea'}]"
53186,Billy-Ho's,$,4.0,12,"[{'alias': 'tradamerican', 'title': 'American (Traditional)'}, {'alias': 'pubs', 'title': 'Pubs'}]"
53186,Panera Bread,$,3.0,38,"[{'alias': 'sandwiches', 'title': 'Sandwiches'}, {'alias': 'salad', 'title': 'Salad'}, {'alias': 'soup', 'title': 'Soup'}]"
53186,The Station Pub & Grill,$,4.5,5,"[{'alias': 'sportsbars', 'title': 'Sports Bars'}, {'alias': 'tradamerican', 'title': 'American (Traditional)'}]"
53186,Domino's Pizza,$$,2.5,8,"[{'alias': 'pizza', 'title': 'Pizza'}, {'alias': 'chicken_wings', 'title': 'Chicken Wings'}, {'alias': 'sandwiches', 'title': 'Sandwiches'}]"
53186,BLVD Kitchen and Bar,$$,3.0,7,"[{'alias': 'newamerican', 'title': 'American (New)'}, {'alias': 'lounges', 'title': 'Lounges'}]"
53186,Retzer Nature Center,,5.0,5,"[{'alias': 'parks', 'title': 'Parks'}]"
53186,Papa Murphy's,$,4.0,3,"[{'alias': 'pizza', 'title': 'Pizza'}]"
53186,Jimmy John's,$,1.5,23,"[{'alias': 'sandwiches', 'title': 'Sandwiches'}, {'alias': 'delis', 'title': 'Delis'}, {'alias': 'hotdogs', 'title': 'Fast Food'}]"
53186,Dunkin' Donuts,$,2.5,28,"[{'alias': 'donuts', 'title': 'Donuts'}, {'alias': 'coffee', 'title': 'Coffee & Tea'}]"
53186,Golden Chicken,$,3.5,4,"[{'alias': 'pizza', 'title': 'Pizza'}, {'alias': 'chickenshop', 'title': 'Chicken Shop'}, {'alias': 'sandwiches', 'title': 'Sandwiches'}]"
53186,Panera Bread,$,2.5,47,"[{'alias': 'salad', 'title': 'Salad'}, {'alias': 'soup', 'title': 'Soup'}, {'alias': 'sandwiches', 'title': 'Sandwiches'}]"
53186,Point Burger Bar,,3.0,43,"[{'alias': 'burgers', 'title': 'Burgers'}]"
53186,Subway,,4.5,2,"[{'alias': 'sandwiches', 'title': 'Sandwiches'}, {'alias': 'hotdogs', 'title': 'Fast Food'}]"
53186,The Lincoln Pub,$,3.0,5,"[{'alias': 'pubs', 'title': 'Pubs'}]"
53186,Ground Round Grill & Bar,$,3.0,29,"[{'alias': 'sportsbars', 'title': 'Sports Bars'}, {'alias': 'tradamerican', 'title': 'American (Traditional)'}, {'alias': 'gluten_free', 'title': 'Gluten-Free'}]"
53186,Buffalo Wild Wings,$$,2.5,40,"[{'alias': 'chicken_wings', 'title': 'Chicken Wings'}, {'alias': 'tradamerican', 'title': 'American (Traditional)'}, {'alias': 'sportsbars', 'title': 'Sports Bars'}]"
53186,Martin's,$,5.0,4,"[{'alias': 'divebars', 'title': 'Dive Bars'}]"
53186,Matteos Italian Ristorante,$$,2.5,16,"[{'alias': 'italian', 'title': 'Italian'}, {'alias': 'pizza', 'title': 'Pizza'}]"
53186,Moe's Southwest Grill,$,3.0,40,"[{'alias': 'mexican', 'title': 'Mexican'}, {'alias': 'tex-mex', 'title': 'Tex-Mex'}]"
53186,Cookies by Design,$$,4.0,8,"[{'alias': 'bakeries', 'title': 'Bakeries'}, {'alias': 'desserts', 'title': 'Desserts'}, {'alias': 'flowers', 'title': 'Flowers & Gifts'}]"
53186,Jersey Mike's Subs,$,3.5,13,"[{'alias': 'delis', 'title': 'Delis'}, {'alias': 'hotdogs', 'title': 'Fast Food'}, {'alias': 'sandwiches', 'title': 'Sandwiches'}]"
53186,Pizza Hut,$,4.5,3,"[{'alias': 'pizza', 'title': 'Pizza'}, {'alias': 'italian', 'title': 'Italian'}, {'alias': 'chicken_wings', 'title': 'Chicken Wings'}]"
53186,Wendy's,$,2.5,6,"[{'alias': 'hotdogs', 'title': 'Fast Food'}, {'alias': 'burgers', 'title': 'Burgers'}]"
53186,Charleys Philly Steaks,$,5.0,5,"[{'alias': 'sandwiches', 'title': 'Sandwiches'}]"
53186,Four Star Family Restaurant,$$,3.5,17,"[{'alias': 'tradamerican', 'title': 'American (Traditional)'}]"
53186,New China Express,$,2.0,16,"[{'alias': 'chinese', 'title': 'Chinese'}]"
53186,Cousins Subs,$,4.0,5,"[{'alias': 'sandwiches', 'title': 'Sandwiches'}, {'alias': 'delis', 'title': 'Delis'}]"
53186,Cutler Park,,4.0,2,"[{'alias': 'parks', 'title': 'Parks'}, {'alias': 'playgrounds', 'title': 'Playgrounds'}]"
53186,Rosati's Pizza of Pewaukee,$$,3.5,14,"[{'alias': 'pizza', 'title': 'Pizza'}]"
53186,China Dragon,$$,3.5,21,"[{'alias': 'chinese', 'title': 'Chinese'}, {'alias': 'seafood', 'title': 'Seafood'}, {'alias': 'cocktailbars', 'title': 'Cocktail Bars'}]"
53186,Becky's Blissful Bakery,$$,4.5,5,"[{'alias': 'desserts', 'title': 'Desserts'}, {'alias': 'candy', 'title': 'Candy Stores'}, {'alias': 'chocolate', 'title': 'Chocolatiers & Shops'}]"
53186,Asia Restaurant,$,3.0,21,"[{'alias': 'asianfusion', 'title': 'Asian Fusion'}]"
53186,Alpha Gyros,$,4.0,10,"[{'alias': 'greek', 'title': 'Greek'}, {'alias': 'hotdogs', 'title': 'Fast Food'}]"
53186,Dairy Queen Brazier,$,2.5,7,"[{'alias': 'restaurants', 'title': 'Restaurants'}]"
53186,Salvo's Pizzeria,$$,4.0,9,"[{'alias': 'pizza', 'title': 'Pizza'}]"
53186,Laestrella Bakery,,5.0,2,"[{'alias': 'bakeries', 'title': 'Bakeries'}]"
53186,Five Joints @ 5 Points,,5.0,1,"[{'alias': 'restaurants', 'title': 'Restaurants'}]"
53186,Park Avenue Pizza Company Pub & Restaurant,$$,3.0,28,"[{'alias': 'pizza', 'title': 'Pizza'}, {'alias': 'pubs', 'title': 'Pubs'}, {'alias': 'fishnchips', 'title': 'Fish & Chips'}]"
53186,Firehouse Subs,$$,3.5,7,"[{'alias': 'hotdogs', 'title': 'Fast Food'}, {'alias': 'delis', 'title': 'Delis'}, {'alias': 'sandwiches', 'title': 'Sandwiches'}]"
53186,Culver's,$,3.5,10,"[{'alias': 'burgers', 'title': 'Burgers'}, {'alias': 'hotdogs', 'title': 'Fast Food'}, {'alias': 'icecream', 'title': 'Ice Cream & Frozen Yogurt'}]"
53186,Dickey's Barbecue Pit,$$,2.0,55,"[{'alias': 'bbq', 'title': 'Barbeque'}, {'alias': 'tradamerican', 'title': 'American (Traditional)'}, {'alias': 'southern', 'title': 'Southern'}]"
53186,McDonald's,$,2.0,4,"[{'alias': 'hotdogs', 'title': 'Fast Food'}, {'alias': 'burgers', 'title': 'Burgers'}, {'alias': 'coffee', 'title': 'Coffee & Tea'}]"
53186,Pizza Ranch,,3.0,7,"[{'alias': 'pizza', 'title': 'Pizza'}, {'alias': 'buffets', 'title': 'Buffets'}, {'alias': 'chickenshop', 'title': 'Chicken Shop'}]"
53186,Noodles & Company,$,3.0,18,"[{'alias': 'noodles', 'title': 'Noodles'}]"
53186,Noodles & Company,$,2.5,31,"[{'alias': 'noodles', 'title': 'Noodles'}]"
53186,Cousins Subs of Waukesha - Grandview Blvd,$,2.5,10,"[{'alias': 'sandwiches', 'title': 'Sandwiches'}, {'alias': 'delis', 'title': 'Delis'}]"
53186,Burger King Restaurants,$,1.5,13,"[{'alias': 'hotdogs', 'title': 'Fast Food'}, {'alias': 'burgers', 'title': 'Burgers'}]"
53186,Finnagains Sports Bar,$,3.0,5,"[{'alias': 'sportsbars', 'title': 'Sports Bars'}, {'alias': 'pizza', 'title': 'Pizza'}]"
53186,Bethesda Park,,4.0,2,"[{'alias': 'parks', 'title': 'Parks'}, {'alias': 'fishing', 'title': 'Fishing'}]"
53186,Arby's,$,2.5,6,"[{'alias': 'sandwiches', 'title': 'Sandwiches'}, {'alias': 'hotdogs', 'title': 'Fast Food'}]"
53186,Einstein Brothers Bagels,$,2.5,30,"[{'alias': 'bagels', 'title': 'Bagels'}, {'alias': 'coffee', 'title': 'Coffee & Tea'}]"
53186,Starbucks,$$,4.0,10,"[{'alias': 'coffee', 'title': 'Coffee & Tea'}]"
53186,Tee It Up Golf Range,,3.5,6,"[{'alias': 'golf', 'title': 'Golf'}]"
53186,Buffalo Wild Wings,$$,2.0,24,"[{'alias': 'tradamerican', 'title': 'American (Traditional)'}, {'alias': 'sportsbars', 'title': 'Sports Bars'}, {'alias': 'chicken_wings', 'title': 'Chicken Wings'}]"
53186,Noodles & Company,$,3.5,11,"[{'alias': 'noodles', 'title': 'Noodles'}]"
53186,Boomers Sports Pub & Grill,$,3.0,14,"[{'alias': 'sportsbars', 'title': 'Sports Bars'}, {'alias': 'tradamerican', 'title': 'American (Traditional)'}]"
53186,Rocky Rococo Pan Style Pizza & Pasta,$,4.0,4,"[{'alias': 'pizza', 'title': 'Pizza'}]"
53186,Rosati's Pizza of Brookfield,$$,3.0,20,"[{'alias': 'pizza', 'title': 'Pizza'}]"
53186,Starbucks,$$,3.5,12,"[{'alias': 'coffee', 'title': 'Coffee & Tea'}]"
53186,Applebee's Grill + Bar,$$,2.5,32,"[{'alias': 'tradamerican', 'title': 'American (Traditional)'}, {'alias': 'sportsbars', 'title': 'Sports Bars'}, {'alias': 'burgers', 'title': 'Burgers'}]"
53186,Franklin Wirth Park,,4.5,4,"[{'alias': 'parks', 'title': 'Parks'}]"
53186,Carlee's Bar & Grill,$,4.0,8,"[{'alias': 'bars', 'title': 'Bars'}, {'alias': 'tradamerican', 'title': 'American (Traditional)'}]"
53186,Orange Leaf Frozen Yogurt,$$,3.0,7,"[{'alias': 'desserts', 'title': 'Desserts'}, {'alias': 'icecream', 'title': 'Ice Cream & Frozen Yogurt'}, {'alias': 'diyfood', 'title': 'Do-It-Yourself Food'}]"
53186,Priedeman Park,,4.0,1,"[{'alias': 'parks', 'title': 'Parks'}, {'alias': 'playgrounds', 'title': 'Playgrounds'}]"
53186,Sports Dock,$$,3.0,15,"[{'alias': 'sportsbars', 'title': 'Sports Bars'}, {'alias': 'pizza', 'title': 'Pizza'}, {'alias': 'sandwiches', 'title': 'Sandwiches'}]"
53186,Speedway Inn,$,3.0,8,"[{'alias': 'bars', 'title': 'Bars'}]"
53186,Simply Cinnamon Bakery,$,4.5,6,"[{'alias': 'bakeries', 'title': 'Bakeries'}]"
53186,Toppers Pizza,$$,3.5,6,"[{'alias': 'pizza', 'title': 'Pizza'}]"
53186,Sendik's Food Market,,2.5,9,"[{'alias': 'grocery', 'title': 'Grocery'}, {'alias': 'delis', 'title': 'Delis'}]"
53186,Hillcrest Park,,4.0,1,"[{'alias': 'parks', 'title': 'Parks'}]"
53186,Buchner Park,,4.0,1,"[{'alias': 'parks', 'title': 'Parks'}, {'alias': 'swimmingpools', 'title': 'Swimming Pools'}, {'alias': 'playgrounds', 'title': 'Playgrounds'}]"
53186,Taco Bell,$,2.5,8,"[{'alias': 'mexican', 'title': 'Mexican'}, {'alias': 'tex-mex', 'title': 'Tex-Mex'}, {'alias': 'hotdogs', 'title': 'Fast Food'}]"
53186,McDonald's,,2.5,9,"[{'alias': 'hotdogs', 'title': 'Fast Food'}, {'alias': 'burgers', 'title': 'Burgers'}, {'alias': 'coffee', 'title': 'Coffee & Tea'}]"
53186,Carroll University Main Dining,,4.0,1,"[{'alias': 'cafeteria', 'title': 'Cafeteria'}, {'alias': 'coffee', 'title': 'Coffee & Tea'}, {'alias': 'breakfast_brunch', 'title': 'Breakfast & Brunch'}]"
53186,Subway,$,4.5,2,"[{'alias': 'sandwiches', 'title': 'Sandwiches'}, {'alias': 'hotdogs', 'title': 'Fast Food'}]"
53186,McDonald's,$,1.5,12,"[{'alias': 'hotdogs', 'title': 'Fast Food'}, {'alias': 'burgers', 'title': 'Burgers'}, {'alias': 'coffee', 'title': 'Coffee & Tea'}]"
53186,Hannon's Fine Foods & Cocktails,$,2.0,5,"[{'alias': 'pubs', 'title': 'Pubs'}]"
53186,Mustang Shelly's Roadhouse,$,3.0,12,"[{'alias': 'sportsbars', 'title': 'Sports Bars'}, {'alias': 'tradamerican', 'title': 'American (Traditional)'}]"
53186,Stone Creek Coffee,$,4.0,1,"[{'alias': 'coffee', 'title': 'Coffee & Tea'}]"
53186,George Webb,$$,3.0,5,"[{'alias': 'breakfast_brunch', 'title': 'Breakfast & Brunch'}, {'alias': 'burgers', 'title': 'Burgers'}, {'alias': 'hotdogs', 'title': 'Fast Food'}]"
53186,Au Bon Pain,$$,4.0,1,"[{'alias': 'cafes', 'title': 'Cafes'}, {'alias': 'tradamerican', 'title': 'American (Traditional)'}]"
53186,Panda Express,,2.5,11,"[{'alias': 'chinese', 'title': 'Chinese'}, {'alias': 'hotdogs', 'title': 'Fast Food'}]"
53186,Wendy's,$$,3.5,4,"[{'alias': 'hotdogs', 'title': 'Fast Food'}, {'alias': 'burgers', 'title': 'Burgers'}]"
53186,The Pizza & Crepe,,5.0,3,"[{'alias': 'pizza', 'title': 'Pizza'}, {'alias': 'creperies', 'title': 'Creperies'}]"
53186,Point On Main,,5.0,2,"[{'alias': 'burgers', 'title': 'Burgers'}, {'alias': 'bars', 'title': 'Bars'}]"
53186,Shri Foods,,5.0,2,"[{'alias': 'indpak', 'title': 'Indian'}]"
53186,QDOBA Mexican Eats,$,3.5,8,"[{'alias': 'mexican', 'title': 'Mexican'}, {'alias': 'hotdogs', 'title': 'Fast Food'}]"
53186,Pizza Hut,$,2.5,6,"[{'alias': 'pizza', 'title': 'Pizza'}, {'alias': 'italian', 'title': 'Italian'}, {'alias': 'chicken_wings', 'title': 'Chicken Wings'}]"
53186,Chuck E. Cheese's,$$,2.0,12,"[{'alias': 'pizza', 'title': 'Pizza'}, {'alias': 'arcades', 'title': 'Arcades'}]"
53186,Burger King,$,3.5,6,"[{'alias': 'burgers', 'title': 'Burgers'}]"
53186,Cousins Subs,$,3.5,9,"[{'alias': 'sandwiches', 'title': 'Sandwiches'}, {'alias': 'delis', 'title': 'Delis'}]"
53186,Panera Bread,$,2.5,12,"[{'alias': 'soup', 'title': 'Soup'}, {'alias': 'sandwiches', 'title': 'Sandwiches'}, {'alias': 'salad', 'title': 'Salad'}]"
53186,Moorewood Park,,4.0,1,"[{'alias': 'hiking', 'title': 'Hiking'}, {'alias': 'parks', 'title': 'Parks'}, {'alias': 'playgrounds', 'title': 'Playgrounds'}]"
53186,Coppers Pub & Grill,$$,3.0,7,"[{'alias': 'tradamerican', 'title': 'American (Traditional)'}, {'alias': 'pubs', 'title': 'Pubs'}]"
53186,Noodles & Company,$$,2.5,10,"[{'alias': 'noodles', 'title': 'Noodles'}]"
53186,Taco Bell,$,2.5,23,"[{'alias': 'mexican', 'title': 'Mexican'}, {'alias': 'tex-mex', 'title': 'Tex-Mex'}, {'alias': 'hotdogs', 'title': 'Fast Food'}]"
53186,McDonald's,$,2.0,11,"[{'alias': 'hotdogs', 'title': 'Fast Food'}, {'alias': 'burgers', 'title': 'Burgers'}, {'alias': 'coffee', 'title': 'Coffee & Tea'}]"
53186,Papa John's Pizza,$,2.0,8,"[{'alias': 'pizza', 'title': 'Pizza'}]"
53186,Panera Bread,$$,3.0,20,"[{'alias': 'soup', 'title': 'Soup'}, {'alias': 'salad', 'title': 'Salad'}, {'alias': 'sandwiches', 'title': 'Sandwiches'}]"
53186,Dunkin' Donuts,$,2.0,25,"[{'alias': 'donuts', 'title': 'Donuts'}, {'alias': 'coffee', 'title': 'Coffee & Tea'}]"
53186,Jimmy John's,,2.5,5,"[{'alias': 'delis', 'title': 'Delis'}, {'alias': 'sandwiches', 'title': 'Sandwiches'}, {'alias': 'hotdogs', 'title': 'Fast Food'}]"
53186,Donnie Boy's Tap,$,2.5,3,"[{'alias': 'sportsbars', 'title': 'Sports Bars'}]"
53186,Take Five cocktails & lounge,$$,4.0,1,"[{'alias': 'wine_bars', 'title': 'Wine Bars'}, {'alias': 'beerbar', 'title': 'Beer Bar'}, {'alias': 'cocktailbars', 'title': 'Cocktail Bars'}]"
53186,Deer Haven Banquets,,2.5,13,"[{'alias': 'golf', 'title': 'Golf'}]"
53186,Panda Express,,3.0,6,"[{'alias': 'chinese', 'title': 'Chinese'}, {'alias': 'hotdogs', 'title': 'Fast Food'}]"
53186,DAVIDsTEA,,3.5,3,"[{'alias': 'tea', 'title': 'Tea Rooms'}]"
53186,The Hilltop Pub,$,3.0,2,"[{'alias': 'pubs', 'title': 'Pubs'}]"
53186,Papa Murphy's,$$,3.5,5,"[{'alias': 'pizza', 'title': 'Pizza'}]"
53186,Cousins Subs,$,2.5,6,"[{'alias': 'sandwiches', 'title': 'Sandwiches'}, {'alias': 'delis', 'title': 'Delis'}]"
53186,KFC,,1.5,13,"[{'alias': 'hotdogs', 'title': 'Fast Food'}, {'alias': 'chicken_wings', 'title': 'Chicken Wings'}, {'alias': 'chickenshop', 'title': 'Chicken Shop'}]"
53186,Applebee's Grill + Bar,$$,2.0,21,"[{'alias': 'tradamerican', 'title': 'American (Traditional)'}, {'alias': 'sportsbars', 'title': 'Sports Bars'}, {'alias': 'burgers', 'title': 'Burgers'}]"
53186,McDonald's,$,1.5,18,"[{'alias': 'burgers', 'title': 'Burgers'}, {'alias': 'hotdogs', 'title': 'Fast Food'}, {'alias': 'coffee', 'title': 'Coffee & Tea'}]"
53186,Bistro 1600,$$,3.0,2,"[{'alias': 'newamerican', 'title': 'American (New)'}]"
53186,Kranky's Bar,,4.0,4,"[{'alias': 'bars', 'title': 'Bars'}]"
53186,Taco Bell,$,3.0,12,"[{'alias': 'tex-mex', 'title': 'Tex-Mex'}, {'alias': 'hotdogs', 'title': 'Fast Food'}, {'alias': 'mexican', 'title': 'Mexican'}]"
53186,KFC,$,1.5,21,"[{'alias': 'hotdogs', 'title': 'Fast Food'}, {'alias': 'chicken_wings', 'title': 'Chicken Wings'}, {'alias': 'chickenshop', 'title': 'Chicken Shop'}]"
53186,Billy D's,$,5.0,1,"[{'alias': 'bars', 'title': 'Bars'}]"
53186,Old World Wisconsin,,4.5,24,"[{'alias': 'museums', 'title': 'Museums'}, {'alias': 'tours', 'title': 'Tours'}, {'alias': 'daycamps', 'title': 'Day Camps'}]"
53186,Brookfield Hills Golf Course,,4.0,3,"[{'alias': 'golf', 'title': 'Golf'}]"
53186,dunkin donuts,,3.0,3,"[{'alias': 'donuts', 'title': 'Donuts'}, {'alias': 'coffee', 'title': 'Coffee & Tea'}]"
53186,Sunset Grill Pewaukee,,4.0,4,"[{'alias': 'pizza', 'title': 'Pizza'}, {'alias': 'tradamerican', 'title': 'American (Traditional)'}]"
53186,Plaza Garibaldi,,3.0,1,"[{'alias': 'mexican', 'title': 'Mexican'}]"
53186,Subway,,5.0,1,"[{'alias': 'sandwiches', 'title': 'Sandwiches'}, {'alias': 'hotdogs', 'title': 'Fast Food'}]"
53186,End Zone Sports Bar & Grill,,5.0,1,"[{'alias': 'sportsbars', 'title': 'Sports Bars'}]"
53186,McDonald's,$,1.5,10,"[{'alias': 'burgers', 'title': 'Burgers'}, {'alias': 'hotdogs', 'title': 'Fast Food'}, {'alias': 'coffee', 'title': 'Coffee & Tea'}]"
53186,Jimmy John's,$,1.5,15,"[{'alias': 'delis', 'title': 'Delis'}, {'alias': 'sandwiches', 'title': 'Sandwiches'}, {'alias': 'hotdogs', 'title': 'Fast Food'}]"
53186,Cielito Salvadoreño,,5.0,2,"[{'alias': 'foodtrucks', 'title': 'Food Trucks'}, {'alias': 'salvadoran', 'title': 'Salvadoran'}]"
53186,Subway,,2.5,3,"[{'alias': 'sandwiches', 'title': 'Sandwiches'}, {'alias': 'hotdogs', 'title': 'Fast Food'}]"
53186,Sendik's Food Markets,,3.0,3,"[{'alias': 'grocery', 'title': 'Grocery'}, {'alias': 'gourmet', 'title': 'Specialty Food'}, {'alias': 'delis', 'title': 'Delis'}]"
53186,Paz Pub,,5.0,1,"[{'alias': 'pubs', 'title': 'Pubs'}]"
53186,Domino's Pizza,$$,2.0,13,"[{'alias': 'pizza', 'title': 'Pizza'}, {'alias': 'chicken_wings', 'title': 'Chicken Wings'}, {'alias': 'sandwiches', 'title': 'Sandwiches'}]"
53186,Roberta Park,,3.0,1,"[{'alias': 'parks', 'title': 'Parks'}, {'alias': 'playgrounds', 'title': 'Playgrounds'}]"
53186,Subway,$,1.0,3,"[{'alias': 'sandwiches', 'title': 'Sandwiches'}, {'alias': 'hotdogs', 'title': 'Fast Food'}]"
53186,Milwaukee Iron - Arena Football League Team,,2.0,1,"[{'alias': 'localflavor', 'title': 'Local Flavor'}, {'alias': 'arts', 'title': 'Arts & Entertainment'}]"
53186,Papa Murphy's,,2.5,4,"[{'alias': 'pizza', 'title': 'Pizza'}]"
53186,Cousins Subs,$,3.0,4,"[{'alias': 'sandwiches', 'title': 'Sandwiches'}, {'alias': 'delis', 'title': 'Delis'}]"
53186,Little Caesars Pizza,$,1.5,7,"[{'alias': 'pizza', 'title': 'Pizza'}, {'alias': 'hotdogs', 'title': 'Fast Food'}]"
53186,Dairy Queen,$,4.5,2,"[{'alias': 'icecream', 'title': 'Ice Cream & Frozen Yogurt'}, {'alias': 'hotdogs', 'title': 'Fast Food'}]"
53186,Woops!,,5.0,1,"[{'alias': 'macarons', 'title': 'Macarons'}, {'alias': 'waffles', 'title': 'Waffles'}]"
53186,Golftec,,5.0,1,"[{'alias': 'golf', 'title': 'Golf'}, {'alias': 'golflessons', 'title': 'Golf Lessons'}]"
53186,Brew Town Tap,$$,3.0,4,"[{'alias': 'newamerican', 'title': 'American (New)'}]"
53186,Vishnu Foods,,2.5,5,"[{'alias': 'indpak', 'title': 'Indian'}]"
53186,Big Easy Cajun,$,3.5,4,"[{'alias': 'cajun', 'title': 'Cajun/Creole'}, {'alias': 'streetvendors', 'title': 'Street Vendors'}]"
53186,Billy D's Tavern,,3.0,1,"[{'alias': 'newamerican', 'title': 'American (New)'}]"
53186,4 Keeps,,5.0,1,"[{'alias': 'sportsbars', 'title': 'Sports Bars'}]"
53186,Subway,$,5.0,1,"[{'alias': 'hotdogs', 'title': 'Fast Food'}, {'alias': 'sandwiches', 'title': 'Sandwiches'}]"
53186,La Tejanita,,4.5,2,"[{'alias': 'mexican', 'title': 'Mexican'}]"
53186,QDOBA Mexican Eats,$,2.5,8,"[{'alias': 'mexican', 'title': 'Mexican'}, {'alias': 'hotdogs', 'title': 'Fast Food'}]"
53186,Subway,,2.5,6,"[{'alias': 'sandwiches', 'title': 'Sandwiches'}, {'alias': 'hotdogs', 'title': 'Fast Food'}]"
53186,Coffee & Bagels,,2.0,10,"[{'alias': 'coffee', 'title': 'Coffee & Tea'}, {'alias': 'donuts', 'title': 'Donuts'}, {'alias': 'breakfast_brunch', 'title': 'Breakfast & Brunch'}]"
53186,McDonald's,$,1.5,15,"[{'alias': 'burgers', 'title': 'Burgers'}, {'alias': 'hotdogs', 'title': 'Fast Food'}, {'alias': 'coffee', 'title': 'Coffee & Tea'}]"
53186,Taqueria El Pariente,,4.5,2,"[{'alias': 'mexican', 'title': 'Mexican'}, {'alias': 'foodtrucks', 'title': 'Food Trucks'}]"
53186,Pewaukee Lake Beach,,3.0,3,"[{'alias': 'beaches', 'title': 'Beaches'}]"
53186,Neighbors Bistro & Pub,,4.0,1,"[{'alias': 'restaurants', 'title': 'Restaurants'}]"
53186,Sentinel Park,,3.0,1,"[{'alias': 'parks', 'title': 'Parks'}, {'alias': 'playgrounds', 'title': 'Playgrounds'}]"
53186,Scrima's Pizza,,1.0,1,"[{'alias': 'pizza', 'title': 'Pizza'}, {'alias': 'italian', 'title': 'Italian'}]"
53186,Nettie's Irish Pub - NIP'S,$$,2.5,3,"[{'alias': 'irish_pubs', 'title': 'Irish Pub'}]"
53186,Restaurante Casa Noble,,5.0,1,"[{'alias': 'mexican', 'title': 'Mexican'}]"
53186,McDonald's,,2.0,6,"[{'alias': 'hotdogs', 'title': 'Fast Food'}, {'alias': 'burgers', 'title': 'Burgers'}, {'alias': 'coffee', 'title': 'Coffee & Tea'}]"
53186,Arby's,$,3.5,2,"[{'alias': 'hotdogs', 'title': 'Fast Food'}, {'alias': 'sandwiches', 'title': 'Sandwiches'}]"
53186,Pebble Valley Park,,3.0,1,"[{'alias': 'parks', 'title': 'Parks'}]"
53186,Subway,,3.0,1,"[{'alias': 'hotdogs', 'title': 'Fast Food'}, {'alias': 'sandwiches', 'title': 'Sandwiches'}]"
53186,Mission Cafe,$,5.0,1,"[{'alias': 'coffee', 'title': 'Coffee & Tea'}]"
53186,Wildflowers Restaurant,$$,2.0,3,"[{'alias': 'newamerican', 'title': 'American (New)'}]"
53186,Wonderland Tap,$,3.0,1,"[{'alias': 'pubs', 'title': 'Pubs'}]"
53186,Starbucks,$$,3.0,4,"[{'alias': 'coffee', 'title': 'Coffee & Tea'}]"
53186,Papa John's Pizza,,2.0,7,"[{'alias': 'pizza', 'title': 'Pizza'}]"
53186,Zilli's Grandview Inn,,5.0,1,"[{'alias': 'restaurants', 'title': 'Restaurants'}]"
53186,Sabella's Pub,,4.0,1,"[{'alias': 'pubs', 'title': 'Pubs'}]"
53186,McDonald's,$,1.5,9,"[{'alias': 'hotdogs', 'title': 'Fast Food'}, {'alias': 'coffee', 'title': 'Coffee & Tea'}, {'alias': 'burgers', 'title': 'Burgers'}]"
53186,Cinnabon,$,4.0,1,"[{'alias': 'bakeries', 'title': 'Bakeries'}]"
53186,WILLIAMS MITCHELL JR. PARK,,3.0,2,"[{'alias': 'parks', 'title': 'Parks'}]"
53186,Pizza Hut,,2.5,5,"[{'alias': 'pizza', 'title': 'Pizza'}, {'alias': 'italian', 'title': 'Italian'}]"
53186,Cousins Subs,,4.0,1,"[{'alias': 'sandwiches', 'title': 'Sandwiches'}, {'alias': 'delis', 'title': 'Delis'}]"
53186,Little Caesars Pizza,,4.0,1,"[{'alias': 'pizza', 'title': 'Pizza'}]"
53186,Subway,,4.0,1,"[{'alias': 'sandwiches', 'title': 'Sandwiches'}, {'alias': 'hotdogs', 'title': 'Fast Food'}]"
53186,Papa Murphy's,$,2.5,4,"[{'alias': 'pizza', 'title': 'Pizza'}]"
53186,Divino Gelato Cafe,,2.5,2,"[{'alias': 'gelato', 'title': 'Gelato'}]"
53186,Arbys,$,3.0,4,"[{'alias': 'sandwiches', 'title': 'Sandwiches'}, {'alias': 'hotdogs', 'title': 'Fast Food'}]"
53186,Double Gee,$$,2.5,2,"[{'alias': 'pubs', 'title': 'Pubs'}]"
53186,Wendy's,$,2.0,5,"[{'alias': 'burgers', 'title': 'Burgers'}, {'alias': 'hotdogs', 'title': 'Fast Food'}]"
53186,Cottonwood Trailer Pie,,5.0,1,"[{'alias': 'pizza', 'title': 'Pizza'}, {'alias': 'foodtrucks', 'title': 'Food Trucks'}]"
53186,7-Eleven,$$$,2.5,2,"[{'alias': 'convenience', 'title': 'Convenience Stores'}, {'alias': 'servicestations', 'title': 'Gas Stations'}, {'alias': 'coffee', 'title': 'Coffee & Tea'}]"
53186,Tallinger's Restaurant & Lounge,,1.0,1,"[{'alias': 'restaurants', 'title': 'Restaurants'}]"
53186,Starbucks,$$,2.5,2,"[{'alias': 'coffee', 'title': 'Coffee & Tea'}]"
53186,McDonald's,$,1.0,15,"[{'alias': 'hotdogs', 'title': 'Fast Food'}, {'alias': 'burgers', 'title': 'Burgers'}, {'alias': 'coffee', 'title': 'Coffee & Tea'}]"
53186,China Experience,,3.0,1,"[{'alias': 'chinese', 'title': 'Chinese'}]"
53186,Pizza Hut,$$,1.5,7,"[{'alias': 'pizza', 'title': 'Pizza'}, {'alias': 'italian', 'title': 'Italian'}, {'alias': 'chicken_wings', 'title': 'Chicken Wings'}]"
53186,Pickled Egg,,3.0,1,"[{'alias': 'bars', 'title': 'Bars'}]"
53186,Starbucks,$$,3.0,1,"[{'alias': 'coffee', 'title': 'Coffee & Tea'}]"
53186,Fuzzy's Southside Pub & Grill,,2.5,2,"[{'alias': 'tradamerican', 'title': 'American (Traditional)'}, {'alias': 'pubs', 'title': 'Pubs'}, {'alias': 'sportsbars', 'title': 'Sports Bars'}]"
53186,7-Eleven,,2.0,1,"[{'alias': 'convenience', 'title': 'Convenience Stores'}, {'alias': 'servicestations', 'title': 'Gas Stations'}, {'alias': 'coffee', 'title': 'Coffee & Tea'}]"
53186,Extra Special Touch Bakery,$$,5.0,1,"[{'alias': 'cupcakes', 'title': 'Cupcakes'}, {'alias': 'bakeries', 'title': 'Bakeries'}]"
53186,Papa Murphy's,,1.0,1,"[{'alias': 'pizza', 'title': 'Pizza'}]"
53186,Noodles & Company,$,2.0,1,"[{'alias': 'noodles', 'title': 'Noodles'}]"
53186,Eagles Club,,1.0,1,"[{'alias': 'bars', 'title': 'Bars'}]"
53186,Maxwell's Restaurant,$$$,1.0,2,"[{'alias': 'newamerican', 'title': 'American (New)'}]"
53186,Pewaukee Golf Club,,3.0,1,"[{'alias': 'golf', 'title': 'Golf'}]"
53186,Domino's Pizza,,2.0,1,"[{'alias': 'pizza', 'title': 'Pizza'}]"
53186,JJ's Wood Grill & Catering,,1.0,1,"[{'alias': 'sandwiches', 'title': 'Sandwiches'}, {'alias': 'catering', 'title': 'Caterers'}, {'alias': 'burgers', 'title': 'Burgers'}]"
