alias,categories,coordinates,display_phone,distance,id,image_url,is_closed,location,name,phone,price,rating,review_count,transactions,url
red-cabin-at-green-acres-fond-du-lac,"[{'alias': 'bars', 'title': 'Bars'}, {'alias': 'newamerican', 'title': 'American (New)'}]","{'latitude': 43.7550079, 'longitude': -88.292271}",(920) 906-9110,4389.794376406089,XRdmCvFmoMEzORMb2Bd33w,https://s3-media1.fl.yelpcdn.com/bphoto/Jcfz64Ovkz-Y6TnbFpfGSQ/o.jpg,False,"{'address1': 'W2701 4th Street Rd', 'address2': '', 'address3': '', 'city': 'Fond du Lac', 'zip_code': '54937', 'country': 'US', 'state': 'WI', 'display_address': ['W2701 4th Street Rd', 'Fond du Lac, WI 54937']}",Red Cabin At Green Acres,+19209069110,$$,4.0,23,[],https://www.yelp.com/biz/red-cabin-at-green-acres-fond-du-lac?adjust_creative=GVWAITeAe13hPk5JlriDSg&utm_campaign=yelp_api_v3&utm_medium=api_v3_business_search&utm_source=GVWAITeAe13hPk5JlriDSg
schwarzs-supper-club-new-holstein,"[{'alias': 'newamerican', 'title': 'American (New)'}, {'alias': 'seafood', 'title': 'Seafood'}, {'alias': 'steak', 'title': 'Steakhouses'}]","{'latitude': 43.891818, 'longitude': -88.121855}",(920) 894-3598,16064.58347093291,d7xUswNrdLNRyI1fwA78IQ,https://s3-media1.fl.yelpcdn.com/bphoto/HSOJLcnBV0Ki14veU5WyUw/o.jpg,False,"{'address1': 'W1688 Sheboygan Rd', 'address2': '', 'address3': '', 'city': 'New Holstein', 'zip_code': '53061', 'country': 'US', 'state': 'WI', 'display_address': ['W1688 Sheboygan Rd', 'New Holstein, WI 53061']}",Schwarz's Supper Club,+19208943598,$$,4.5,65,[],https://www.yelp.com/biz/schwarzs-supper-club-new-holstein?adjust_creative=GVWAITeAe13hPk5JlriDSg&utm_campaign=yelp_api_v3&utm_medium=api_v3_business_search&utm_source=GVWAITeAe13hPk5JlriDSg
the-green-dragon-fond-du-lac,"[{'alias': 'newamerican', 'title': 'American (New)'}, {'alias': 'salad', 'title': 'Salad'}, {'alias': 'sandwiches', 'title': 'Sandwiches'}]","{'latitude': 43.7730598449707, 'longitude': -88.4531097412109}",(920) 933-5224,15836.023808943097,TO_MW-i4BAKR03CebPHPzw,https://s3-media3.fl.yelpcdn.com/bphoto/jlzV7bPlddE-McDgyriYjw/o.jpg,False,"{'address1': '156 Western Ave', 'address2': '', 'address3': '', 'city': 'Fond du Lac', 'zip_code': '54935', 'country': 'US', 'state': 'WI', 'display_address': ['156 Western Ave', 'Fond du Lac, WI 54935']}",The Green Dragon,+19209335224,$$,4.0,88,[],https://www.yelp.com/biz/the-green-dragon-fond-du-lac?adjust_creative=GVWAITeAe13hPk5JlriDSg&utm_campaign=yelp_api_v3&utm_medium=api_v3_business_search&utm_source=GVWAITeAe13hPk5JlriDSg
urban-fuel-fond-du-lac,"[{'alias': 'coffee', 'title': 'Coffee & Tea'}, {'alias': 'wine_bars', 'title': 'Wine Bars'}]","{'latitude': 43.81779, 'longitude': -88.37652}",(920) 933-5590,10272.808483888179,YVL22N2HaexkO8EUD0YAXA,https://s3-media3.fl.yelpcdn.com/bphoto/K0_SA9UWl2TRDrnXWIThRg/o.jpg,False,"{'address1': 'N7645 Peebles Ln', 'address2': '', 'address3': '', 'city': 'Fond du Lac', 'zip_code': '54937', 'country': 'US', 'state': 'WI', 'display_address': ['N7645 Peebles Ln', 'Fond du Lac, WI 54937']}",Urban Fuel,+19209335590,$,5.0,17,[],https://www.yelp.com/biz/urban-fuel-fond-du-lac?adjust_creative=GVWAITeAe13hPk5JlriDSg&utm_campaign=yelp_api_v3&utm_medium=api_v3_business_search&utm_source=GVWAITeAe13hPk5JlriDSg
trepaniers-backyard-grill-and-bar-fond-du-lac,"[{'alias': 'newamerican', 'title': 'American (New)'}, {'alias': 'sandwiches', 'title': 'Sandwiches'}, {'alias': 'tradamerican', 'title': 'American (Traditional)'}]","{'latitude': 43.78335, 'longitude': -88.41447}",(920) 924-9400,12678.546278558139,cLpKqU9u9xcf_HBOe4WVQA,https://s3-media2.fl.yelpcdn.com/bphoto/vJJ-NTdN1jcrB__jsO8lRA/o.jpg,False,"{'address1': '838 E Johnson St', 'address2': '', 'address3': '', 'city': 'Fond du Lac', 'zip_code': '54935', 'country': 'US', 'state': 'WI', 'display_address': ['838 E Johnson St', 'Fond du Lac, WI 54935']}",Trepanier's Backyard Grill & Bar,+19209249400,$$,4.5,66,[],https://www.yelp.com/biz/trepaniers-backyard-grill-and-bar-fond-du-lac?adjust_creative=GVWAITeAe13hPk5JlriDSg&utm_campaign=yelp_api_v3&utm_medium=api_v3_business_search&utm_source=GVWAITeAe13hPk5JlriDSg
ang-an-eddies-fond-du-lac,"[{'alias': 'pizza', 'title': 'Pizza'}, {'alias': 'italian', 'title': 'Italian'}]","{'latitude': 43.7641349, 'longitude': -88.4473934}",(920) 929-8909,15496.281411445809,Cl2gfARvMpR6iXnyB2Ejtg,https://s3-media1.fl.yelpcdn.com/bphoto/VjBNkvtPMbtSMjpQThJDLQ/o.jpg,False,"{'address1': '7 14th St', 'address2': '', 'address3': '', 'city': 'Fond du Lac', 'zip_code': '54935', 'country': 'US', 'state': 'WI', 'display_address': ['7 14th St', 'Fond du Lac, WI 54935']}",Ang an Eddies,+19209298909,$$,4.5,40,[],https://www.yelp.com/biz/ang-an-eddies-fond-du-lac?adjust_creative=GVWAITeAe13hPk5JlriDSg&utm_campaign=yelp_api_v3&utm_medium=api_v3_business_search&utm_source=GVWAITeAe13hPk5JlriDSg
11-11-burgers-and-beignets-fond-du-lac-2,"[{'alias': 'burgers', 'title': 'Burgers'}]","{'latitude': 43.7673454284668, 'longitude': -88.4470977783203}",(920) 933-6566,15427.765296993317,AIxrjhfrPE3q2WEu6HHecg,https://s3-media1.fl.yelpcdn.com/bphoto/BP9hhy5ujot2ujWQUsHneQ/o.jpg,False,"{'address1': '417 S Main St', 'address2': '', 'address3': '', 'city': 'Fond du Lac', 'zip_code': '54935', 'country': 'US', 'state': 'WI', 'display_address': ['417 S Main St', 'Fond du Lac, WI 54935']}",11:11 Burgers & Beignets ,+19209336566,$,4.5,47,[],https://www.yelp.com/biz/11-11-burgers-and-beignets-fond-du-lac-2?adjust_creative=GVWAITeAe13hPk5JlriDSg&utm_campaign=yelp_api_v3&utm_medium=api_v3_business_search&utm_source=GVWAITeAe13hPk5JlriDSg
bryannas-bakery-fond-du-lac,"[{'alias': 'bakeries', 'title': 'Bakeries'}, {'alias': 'desserts', 'title': 'Desserts'}, {'alias': 'importedfood', 'title': 'Imported Food'}]","{'latitude': 43.7717699, 'longitude': -88.43917}",(920) 922-8056,14731.855220130028,AgeByX20Gfpo5OAEZ6K12g,https://s3-media3.fl.yelpcdn.com/bphoto/C-BL3B3qKTqmm5Jo9YS3Rg/o.jpg,False,"{'address1': '248 S Park Ave', 'address2': None, 'address3': None, 'city': 'Fond du Lac', 'zip_code': '54935', 'country': 'US', 'state': 'WI', 'display_address': ['248 S Park Ave', 'Fond du Lac, WI 54935']}",Bryanna's Bakery,+19209228056,$$,5.0,16,[],https://www.yelp.com/biz/bryannas-bakery-fond-du-lac?adjust_creative=GVWAITeAe13hPk5JlriDSg&utm_campaign=yelp_api_v3&utm_medium=api_v3_business_search&utm_source=GVWAITeAe13hPk5JlriDSg
the-sweet-and-salty-pig-fond-du-lac,"[{'alias': 'cuban', 'title': 'Cuban'}, {'alias': 'newamerican', 'title': 'American (New)'}, {'alias': 'breakfast_brunch', 'title': 'Breakfast & Brunch'}]","{'latitude': 43.75422, 'longitude': -88.45284}",(920) 907-9117,16124.18446180117,CF0286SzskOYtlL1OfCQrw,https://s3-media2.fl.yelpcdn.com/bphoto/AJI42JevLtwxuLu_4kMamQ/o.jpg,False,"{'address1': '99 W Pioneer Rd', 'address2': '', 'address3': None, 'city': 'Fond du Lac', 'zip_code': '54935', 'country': 'US', 'state': 'WI', 'display_address': ['99 W Pioneer Rd', 'Fond du Lac, WI 54935']}",The Sweet & Salty Pig,+19209079117,$$,4.5,30,[],https://www.yelp.com/biz/the-sweet-and-salty-pig-fond-du-lac?adjust_creative=GVWAITeAe13hPk5JlriDSg&utm_campaign=yelp_api_v3&utm_medium=api_v3_business_search&utm_source=GVWAITeAe13hPk5JlriDSg
schmittys-bar-and-grill-fond-du-lac,"[{'alias': 'tradamerican', 'title': 'American (Traditional)'}, {'alias': 'pizza', 'title': 'Pizza'}]","{'latitude': 43.79943, 'longitude': -88.42319}",(920) 907-4380,13477.112504209694,sGASmfy_zNxH8jbCpbR8gQ,https://s3-media1.fl.yelpcdn.com/bphoto/-ylNh3d47Qg-4ddJVAtLAw/o.jpg,False,"{'address1': 'N7044 Winnebago Dr', 'address2': '', 'address3': '', 'city': 'Fond Du Lac', 'zip_code': '54935', 'country': 'US', 'state': 'WI', 'display_address': ['N7044 Winnebago Dr', 'Fond Du Lac, WI 54935']}",Schmitty's Bar & Grill,+19209074380,$$,4.5,32,[],https://www.yelp.com/biz/schmittys-bar-and-grill-fond-du-lac?adjust_creative=GVWAITeAe13hPk5JlriDSg&utm_campaign=yelp_api_v3&utm_medium=api_v3_business_search&utm_source=GVWAITeAe13hPk5JlriDSg
fat-joes-fond-du-lac,"[{'alias': 'burgers', 'title': 'Burgers'}, {'alias': 'sportsbars', 'title': 'Sports Bars'}]","{'latitude': 43.7787395320047, 'longitude': -88.4476828862365}",(920) 933-3833,15355.070612063775,-jgX3aIam7g6mm_qDnYIzQ,https://s3-media1.fl.yelpcdn.com/bphoto/T0ZHnc8ttJ4DcYHD91wBRw/o.jpg,False,"{'address1': '15 W Division St', 'address2': '', 'address3': '', 'city': 'Fond du Lac', 'zip_code': '54935', 'country': 'US', 'state': 'WI', 'display_address': ['15 W Division St', 'Fond du Lac, WI 54935']}",Fat Joes,+19209333833,$$,4.0,46,[],https://www.yelp.com/biz/fat-joes-fond-du-lac?adjust_creative=GVWAITeAe13hPk5JlriDSg&utm_campaign=yelp_api_v3&utm_medium=api_v3_business_search&utm_source=GVWAITeAe13hPk5JlriDSg
idlewile-inn-saint-cloud,"[{'alias': 'newamerican', 'title': 'American (New)'}]","{'latitude': 43.82367, 'longitude': -88.16687}",(920) 999-4404,8380.190905718178,eaWqKXEHrM31Blrx40Wt7Q,https://s3-media4.fl.yelpcdn.com/bphoto/Su5xxAq7o-IdI_3iAFku8w/o.jpg,False,"{'address1': '1306 Main St', 'address2': '', 'address3': '', 'city': 'Saint Cloud', 'zip_code': '53079', 'country': 'US', 'state': 'WI', 'display_address': ['1306 Main St', 'Saint Cloud, WI 53079']}",Idlewile Inn,+19209994404,$$$,4.5,10,[],https://www.yelp.com/biz/idlewile-inn-saint-cloud?adjust_creative=GVWAITeAe13hPk5JlriDSg&utm_campaign=yelp_api_v3&utm_medium=api_v3_business_search&utm_source=GVWAITeAe13hPk5JlriDSg
connies-diner-fond-du-lac,"[{'alias': 'diners', 'title': 'Diners'}, {'alias': 'burgers', 'title': 'Burgers'}, {'alias': 'breakfast_brunch', 'title': 'Breakfast & Brunch'}]","{'latitude': 43.77403, 'longitude': -88.4467}",(920) 921-9660,15321.298493884084,mE5TncWtXbeTf3wEAOv8iQ,https://s3-media3.fl.yelpcdn.com/bphoto/nzgr04rRgrSn_Vz8A4ET4g/o.jpg,False,"{'address1': '175 S Main St', 'address2': '', 'address3': '', 'city': 'Fond du Lac', 'zip_code': '54935', 'country': 'US', 'state': 'WI', 'display_address': ['175 S Main St', 'Fond du Lac, WI 54935']}",Connie's Diner,+19209219660,$,4.5,20,[],https://www.yelp.com/biz/connies-diner-fond-du-lac?adjust_creative=GVWAITeAe13hPk5JlriDSg&utm_campaign=yelp_api_v3&utm_medium=api_v3_business_search&utm_source=GVWAITeAe13hPk5JlriDSg
annies-fountain-city-cafe-fond-du-lac,"[{'alias': 'tradamerican', 'title': 'American (Traditional)'}, {'alias': 'coffee', 'title': 'Coffee & Tea'}, {'alias': 'breakfast_brunch', 'title': 'Breakfast & Brunch'}]","{'latitude': 43.7768, 'longitude': -88.44728}",(920) 933-5337,15335.509763104279,ln2XN1EUb4H0bLLo2sk9Sg,https://s3-media1.fl.yelpcdn.com/bphoto/iArh9KSxKoN2dBsglpqaOQ/o.jpg,False,"{'address1': '72 S Main St', 'address2': '', 'address3': '', 'city': 'Fond du Lac', 'zip_code': '54935', 'country': 'US', 'state': 'WI', 'display_address': ['72 S Main St', 'Fond du Lac, WI 54935']}",Annie's Fountain City Cafe,+19209335337,,4.5,18,[],https://www.yelp.com/biz/annies-fountain-city-cafe-fond-du-lac?adjust_creative=GVWAITeAe13hPk5JlriDSg&utm_campaign=yelp_api_v3&utm_medium=api_v3_business_search&utm_source=GVWAITeAe13hPk5JlriDSg
laclare-family-creamery-malone,"[{'alias': 'gourmet', 'title': 'Specialty Food'}, {'alias': 'burgers', 'title': 'Burgers'}, {'alias': 'icecream', 'title': 'Ice Cream & Frozen Yogurt'}]","{'latitude': 43.921368, 'longitude': -88.308359}",(920) 670-0051,15728.561411801,nhbI-VAzPPtt2WsadWfZWg,https://s3-media2.fl.yelpcdn.com/bphoto/myE9_MZxTUUZXkgDe98mrg/o.jpg,False,"{'address1': 'W 2994 Country Rd Hh', 'address2': '', 'address3': '', 'city': 'Malone', 'zip_code': '53049', 'country': 'US', 'state': 'WI', 'display_address': ['W 2994 Country Rd Hh', 'Malone, WI 53049']}",LaClare Family Creamery,+19206700051,$$,4.5,19,[],https://www.yelp.com/biz/laclare-family-creamery-malone?adjust_creative=GVWAITeAe13hPk5JlriDSg&utm_campaign=yelp_api_v3&utm_medium=api_v3_business_search&utm_source=GVWAITeAe13hPk5JlriDSg
saltys-seafood-and-spirits-fond-du-lac,"[{'alias': 'seafood', 'title': 'Seafood'}]","{'latitude': 43.7925338745117, 'longitude': -88.4390487670898}",(920) 922-9940,14671.10701438827,WTmF2d1Bjnzt_gYItCSFWQ,https://s3-media2.fl.yelpcdn.com/bphoto/bW_LviGJP8SFOmgbhn5KJw/o.jpg,False,"{'address1': '503 N Park Ave', 'address2': '', 'address3': '', 'city': 'Fond du Lac', 'zip_code': '54935', 'country': 'US', 'state': 'WI', 'display_address': ['503 N Park Ave', 'Fond du Lac, WI 54935']}",Salty's Seafood & Spirits,+19209229940,$$,4.0,36,[],https://www.yelp.com/biz/saltys-seafood-and-spirits-fond-du-lac?adjust_creative=GVWAITeAe13hPk5JlriDSg&utm_campaign=yelp_api_v3&utm_medium=api_v3_business_search&utm_source=GVWAITeAe13hPk5JlriDSg
sebastians-steak-house-fond-du-lac,"[{'alias': 'steak', 'title': 'Steakhouses'}, {'alias': 'lounges', 'title': 'Lounges'}]","{'latitude': 43.7577705383301, 'longitude': -88.4490203857422}",(920) 922-3333,15765.571109159475,mDm7dwggp-ahQwvPG6e2Tw,https://s3-media3.fl.yelpcdn.com/bphoto/GNMQC_JGNA_E_wz1xi_1kA/o.jpg,False,"{'address1': '770 S Main St', 'address2': '', 'address3': '', 'city': 'Fond du Lac', 'zip_code': '54935', 'country': 'US', 'state': 'WI', 'display_address': ['770 S Main St', 'Fond du Lac, WI 54935']}",Sebastian's Steak House,+19209223333,$$,4.0,30,[],https://www.yelp.com/biz/sebastians-steak-house-fond-du-lac?adjust_creative=GVWAITeAe13hPk5JlriDSg&utm_campaign=yelp_api_v3&utm_medium=api_v3_business_search&utm_source=GVWAITeAe13hPk5JlriDSg
joes-fox-hut-fond-du-lac,"[{'alias': 'pizza', 'title': 'Pizza'}, {'alias': 'burgers', 'title': 'Burgers'}, {'alias': 'chicken_wings', 'title': 'Chicken Wings'}]","{'latitude': 43.78011, 'longitude': -88.44669}",(920) 921-9700,15272.253329529689,NuDiaGzXGJHKTTCETXjn_Q,https://s3-media4.fl.yelpcdn.com/bphoto/qLBxzZB1A8F8FQ35vWhemw/o.jpg,False,"{'address1': '41 N Main St', 'address2': '', 'address3': '', 'city': 'Fond Du Lac', 'zip_code': '54935', 'country': 'US', 'state': 'WI', 'display_address': ['41 N Main St', 'Fond Du Lac, WI 54935']}",Joe's Fox Hut,+19209219700,$,4.0,25,[],https://www.yelp.com/biz/joes-fox-hut-fond-du-lac?adjust_creative=GVWAITeAe13hPk5JlriDSg&utm_campaign=yelp_api_v3&utm_medium=api_v3_business_search&utm_source=GVWAITeAe13hPk5JlriDSg
sunset-on-the-water-fond-du-lac,"[{'alias': 'steak', 'title': 'Steakhouses'}, {'alias': 'burgers', 'title': 'Burgers'}, {'alias': 'sandwiches', 'title': 'Sandwiches'}]","{'latitude': 43.807859, 'longitude': -88.398594}",(920) 922-4540,11677.728399463154,YpPLVhMaLS-FZoJ6i8dETQ,https://s3-media1.fl.yelpcdn.com/bphoto/jen7w2a1QHErMJkCx8R_hQ/o.jpg,False,"{'address1': 'N7364 Winnebago Dr', 'address2': '', 'address3': '', 'city': 'Fond du Lac', 'zip_code': '54935', 'country': 'US', 'state': 'WI', 'display_address': ['N7364 Winnebago Dr', 'Fond du Lac, WI 54935']}",Sunset On the Water,+19209224540,$$,4.0,22,[],https://www.yelp.com/biz/sunset-on-the-water-fond-du-lac?adjust_creative=GVWAITeAe13hPk5JlriDSg&utm_campaign=yelp_api_v3&utm_medium=api_v3_business_search&utm_source=GVWAITeAe13hPk5JlriDSg
coliseum-fond-du-lac-2,"[{'alias': 'tradamerican', 'title': 'American (Traditional)'}, {'alias': 'sportsbars', 'title': 'Sports Bars'}]","{'latitude': 43.7762985229492, 'longitude': -88.4466247558594}",(920) 924-9599,15284.567453151836,1SOl1c83VTojkT_HnQks0Q,https://s3-media3.fl.yelpcdn.com/bphoto/EtwPXdUv_ZWwdKtVS39UKA/o.jpg,False,"{'address1': '91 S Main St', 'address2': None, 'address3': None, 'city': 'Fond du Lac', 'zip_code': '54935', 'country': 'US', 'state': 'WI', 'display_address': ['91 S Main St', 'Fond du Lac, WI 54935']}",Coliseum,+19209249599,$,3.5,33,[],https://www.yelp.com/biz/coliseum-fond-du-lac-2?adjust_creative=GVWAITeAe13hPk5JlriDSg&utm_campaign=yelp_api_v3&utm_medium=api_v3_business_search&utm_source=GVWAITeAe13hPk5JlriDSg
theos-24-prime-steaks-seafood-and-wine-bar-fond-du-lac,"[{'alias': 'steak', 'title': 'Steakhouses'}, {'alias': 'wine_bars', 'title': 'Wine Bars'}, {'alias': 'seafood', 'title': 'Seafood'}]","{'latitude': 43.7795849, 'longitude': -88.4473072}",(920) 907-9192,15320.898685666005,6M642jk9DL44cOAvARRRdQ,https://s3-media2.fl.yelpcdn.com/bphoto/pGWS1FkDl8I1bjZpROs0Wg/o.jpg,False,"{'address1': '24 N Main St', 'address2': '', 'address3': '', 'city': 'Fond Du Lac', 'zip_code': '54935', 'country': 'US', 'state': 'WI', 'display_address': ['24 N Main St', 'Fond Du Lac, WI 54935']}",Theo's 24 Prime Steak's Seafood And Wine Bar,+19209079192,$$$,4.0,20,[],https://www.yelp.com/biz/theos-24-prime-steaks-seafood-and-wine-bar-fond-du-lac?adjust_creative=GVWAITeAe13hPk5JlriDSg&utm_campaign=yelp_api_v3&utm_medium=api_v3_business_search&utm_source=GVWAITeAe13hPk5JlriDSg
kings-chef-fond-du-lac-2,"[{'alias': 'chinese', 'title': 'Chinese'}, {'alias': 'seafood', 'title': 'Seafood'}]","{'latitude': 43.7836767333753, 'longitude': -88.4034166259775}",(920) 923-9888,11816.382490056274,mLFRelXhj7Knb64vDwqzlg,https://s3-media2.fl.yelpcdn.com/bphoto/LbBmOTU7Ly5zn2o2kk6nig/o.jpg,False,"{'address1': '1151 E Johnson St', 'address2': '', 'address3': '', 'city': 'Fond Du Lac', 'zip_code': '54935', 'country': 'US', 'state': 'WI', 'display_address': ['1151 E Johnson St', 'Fond Du Lac, WI 54935']}",King's Chef,+19209239888,$,4.0,14,[],https://www.yelp.com/biz/kings-chef-fond-du-lac-2?adjust_creative=GVWAITeAe13hPk5JlriDSg&utm_campaign=yelp_api_v3&utm_medium=api_v3_business_search&utm_source=GVWAITeAe13hPk5JlriDSg
blanck-s-supper-club-malone,"[{'alias': 'seafood', 'title': 'Seafood'}, {'alias': 'sandwiches', 'title': 'Sandwiches'}, {'alias': 'steak', 'title': 'Steakhouses'}]","{'latitude': 43.87788, 'longitude': -88.2898}",(920) 795-4484,10654.069925479422,Q3JLO-YLVqkrTz8Nbcr7uA,https://s3-media2.fl.yelpcdn.com/bphoto/VDH3-AO-YzRyoR7Z6sJKFA/o.jpg,False,"{'address1': 'W2655 County Rd Q', 'address2': '', 'address3': '', 'city': 'Malone', 'zip_code': '53049', 'country': 'US', 'state': 'WI', 'display_address': ['W2655 County Rd Q', 'Malone, WI 53049']}","Blanck""s Supper Club",+19207954484,$$,4.0,12,[],https://www.yelp.com/biz/blanck-s-supper-club-malone?adjust_creative=GVWAITeAe13hPk5JlriDSg&utm_campaign=yelp_api_v3&utm_medium=api_v3_business_search&utm_source=GVWAITeAe13hPk5JlriDSg
armstrong-apples-orchard-and-winery-campbellsport-2,"[{'alias': 'wineries', 'title': 'Wineries'}, {'alias': 'bakeries', 'title': 'Bakeries'}, {'alias': 'cideries', 'title': 'Cideries'}]","{'latitude': 43.7074179, 'longitude': -88.201327}",(920) 477-3007,9695.529065699722,-6NbYhH08uT2fmnnuwKvfQ,https://s3-media1.fl.yelpcdn.com/bphoto/_ZkAMzWHb2JPN-LyvdhbGA/o.jpg,False,"{'address1': 'W853 County R B', 'address2': '', 'address3': '', 'city': 'Campbellsport', 'zip_code': '53010', 'country': 'US', 'state': 'WI', 'display_address': ['W853 County R B', 'Campbellsport, WI 53010']}",Armstrong Apples Orchard and Winery,+19204773007,$$,4.5,8,[],https://www.yelp.com/biz/armstrong-apples-orchard-and-winery-campbellsport-2?adjust_creative=GVWAITeAe13hPk5JlriDSg&utm_campaign=yelp_api_v3&utm_medium=api_v3_business_search&utm_source=GVWAITeAe13hPk5JlriDSg
jim-and-lindas-lakeview-club-malone,"[{'alias': 'seafood', 'title': 'Seafood'}]","{'latitude': 43.914222, 'longitude': -88.332618}",(920) 795-4116,15628.869025076614,HjzorSrh4xWaAYzvwTUXcw,https://s3-media2.fl.yelpcdn.com/bphoto/qiVt80cDHd_XbiX7Rx8n9w/o.jpg,False,"{'address1': 'W3496 County Rd W', 'address2': '', 'address3': '', 'city': 'Malone', 'zip_code': '53049', 'country': 'US', 'state': 'WI', 'display_address': ['W3496 County Rd W', 'Malone, WI 53049']}",Jim & Linda's Lakeview Club,+19207954116,$$,3.5,37,[],https://www.yelp.com/biz/jim-and-lindas-lakeview-club-malone?adjust_creative=GVWAITeAe13hPk5JlriDSg&utm_campaign=yelp_api_v3&utm_medium=api_v3_business_search&utm_source=GVWAITeAe13hPk5JlriDSg
the-bagelmeister-fond-du-lac,"[{'alias': 'bagels', 'title': 'Bagels'}, {'alias': 'breakfast_brunch', 'title': 'Breakfast & Brunch'}, {'alias': 'sandwiches', 'title': 'Sandwiches'}]","{'latitude': 43.7758, 'longitude': -88.44733}",(920) 926-0046,15345.929841816278,P0BiR5DvnX2zMMfWUYvESg,https://s3-media1.fl.yelpcdn.com/bphoto/EHegwTubmWWvTJ0HRxvkLQ/o.jpg,False,"{'address1': '110 S Main St', 'address2': '', 'address3': '', 'city': 'Fond du Lac', 'zip_code': '54935', 'country': 'US', 'state': 'WI', 'display_address': ['110 S Main St', 'Fond du Lac, WI 54935']}",The Bagelmeister,+19209260046,$,4.5,11,[],https://www.yelp.com/biz/the-bagelmeister-fond-du-lac?adjust_creative=GVWAITeAe13hPk5JlriDSg&utm_campaign=yelp_api_v3&utm_medium=api_v3_business_search&utm_source=GVWAITeAe13hPk5JlriDSg
kelley-country-creamery-fond-du-lac,"[{'alias': 'icecream', 'title': 'Ice Cream & Frozen Yogurt'}]","{'latitude': 43.690016, 'longitude': -88.41512}",(920) 923-1715,16539.710351531954,1aY1qqztl4aXi11u-G02jg,https://s3-media1.fl.yelpcdn.com/bphoto/WuQaufxVqTNn_Jd0nojt9g/o.jpg,False,"{'address1': 'W5215 County Rd B', 'address2': '', 'address3': '', 'city': 'Fond Du Lac', 'zip_code': '54937', 'country': 'US', 'state': 'WI', 'display_address': ['W5215 County Rd B', 'Fond Du Lac, WI 54937']}",Kelley Country Creamery,+19209231715,$,4.5,43,[],https://www.yelp.com/biz/kelley-country-creamery-fond-du-lac?adjust_creative=GVWAITeAe13hPk5JlriDSg&utm_campaign=yelp_api_v3&utm_medium=api_v3_business_search&utm_source=GVWAITeAe13hPk5JlriDSg
ziggys-pub-fond-du-lac,"[{'alias': 'pubs', 'title': 'Pubs'}, {'alias': 'comedyclubs', 'title': 'Comedy Clubs'}, {'alias': 'burgers', 'title': 'Burgers'}]","{'latitude': 43.7729501, 'longitude': -88.4467943}",(920) 266-8135,15327.031371505964,wjjvxIG1jEO7vp4-6ayaoA,https://s3-media2.fl.yelpcdn.com/bphoto/nWs1fIuVeH7hOAxkzJsG1w/o.jpg,False,"{'address1': '213 S Main St', 'address2': '', 'address3': '', 'city': 'Fond Du Lac', 'zip_code': '54935', 'country': 'US', 'state': 'WI', 'display_address': ['213 S Main St', 'Fond Du Lac, WI 54935']}",Ziggy's Pub,+19202668135,,4.5,11,[],https://www.yelp.com/biz/ziggys-pub-fond-du-lac?adjust_creative=GVWAITeAe13hPk5JlriDSg&utm_campaign=yelp_api_v3&utm_medium=api_v3_business_search&utm_source=GVWAITeAe13hPk5JlriDSg
guidos-spirits-and-sandwich-byron,"[{'alias': 'tradamerican', 'title': 'American (Traditional)'}, {'alias': 'bars', 'title': 'Bars'}, {'alias': 'sandwiches', 'title': 'Sandwiches'}]","{'latitude': 43.65128, 'longitude': -88.45061}",(920) 922-0112,21539.036064778375,cSbSAB6QMzosYN_GCRq3Bg,https://s3-media4.fl.yelpcdn.com/bphoto/7CUxO7YUHKPME9im3Kruag/o.jpg,False,"{'address1': 'N3041 Hwy 175', 'address2': '', 'address3': '', 'city': 'Byron', 'zip_code': '53006', 'country': 'US', 'state': 'WI', 'display_address': ['N3041 Hwy 175', 'Byron, WI 53006']}",Guido's Spirits & Sandwich,+19209220112,$,5.0,7,[],https://www.yelp.com/biz/guidos-spirits-and-sandwich-byron?adjust_creative=GVWAITeAe13hPk5JlriDSg&utm_campaign=yelp_api_v3&utm_medium=api_v3_business_search&utm_source=GVWAITeAe13hPk5JlriDSg
hamburger-haus-campbellsport,"[{'alias': 'burgers', 'title': 'Burgers'}]","{'latitude': 43.64969, 'longitude': -88.17819}",(920) 533-5046,16304.679187244317,QO4WyIahkBLULREyWS7N7g,https://s3-media2.fl.yelpcdn.com/bphoto/tgNngSrL8NJLoihhi9n2DQ/o.jpg,False,"{'address1': 'N3059 State Road 67', 'address2': '', 'address3': None, 'city': 'Campbellsport', 'zip_code': '53010', 'country': 'US', 'state': 'WI', 'display_address': ['N3059 State Road 67', 'Campbellsport, WI 53010']}",Hamburger Haus,+19205335046,$,4.0,10,[],https://www.yelp.com/biz/hamburger-haus-campbellsport?adjust_creative=GVWAITeAe13hPk5JlriDSg&utm_campaign=yelp_api_v3&utm_medium=api_v3_business_search&utm_source=GVWAITeAe13hPk5JlriDSg
bensons-holiday-hide-a-way-resort-campbellsport,"[{'alias': 'tradamerican', 'title': 'American (Traditional)'}]","{'latitude': 43.693508, 'longitude': -88.171447}",(920) 533-8219,12253.30439268131,cfQmrYZYXo9MgMocMvlBxA,https://s3-media2.fl.yelpcdn.com/bphoto/XTO9y2BVAzEBD5ZiOqurqA/o.jpg,False,"{'address1': 'N4241 Boy Scout Dr', 'address2': '', 'address3': '', 'city': 'Campbellsport', 'zip_code': '53010', 'country': 'US', 'state': 'WI', 'display_address': ['N4241 Boy Scout Dr', 'Campbellsport, WI 53010']}",Benson's Holiday Hide-A-Way Resort,+19205338219,$,4.5,7,[],https://www.yelp.com/biz/bensons-holiday-hide-a-way-resort-campbellsport?adjust_creative=GVWAITeAe13hPk5JlriDSg&utm_campaign=yelp_api_v3&utm_medium=api_v3_business_search&utm_source=GVWAITeAe13hPk5JlriDSg
big-al-capones-malone,"[{'alias': 'pizza', 'title': 'Pizza'}, {'alias': 'sandwiches', 'title': 'Sandwiches'}, {'alias': 'bars', 'title': 'Bars'}]","{'latitude': 43.91431, 'longitude': -88.31333}",(920) 795-4140,15089.197664567519,x9YrSPiwAi3dF2ejGmh_6w,https://s3-media3.fl.yelpcdn.com/bphoto/gBVECY86FhtAh_FIE_8VjQ/o.jpg,False,"{'address1': 'N10302  Hwy 151', 'address2': None, 'address3': None, 'city': 'Malone', 'zip_code': '53049', 'country': 'US', 'state': 'WI', 'display_address': ['N10302  Hwy 151', 'Malone, WI 53049']}",Big Al Capone's,+19207954140,$,3.5,20,[],https://www.yelp.com/biz/big-al-capones-malone?adjust_creative=GVWAITeAe13hPk5JlriDSg&utm_campaign=yelp_api_v3&utm_medium=api_v3_business_search&utm_source=GVWAITeAe13hPk5JlriDSg
sals-pizza-fond-du-lac,"[{'alias': 'pizza', 'title': 'Pizza'}]","{'latitude': 43.7759132385254, 'longitude': -88.4466247558594}",(920) 923-9191,15287.11906400932,2kWgp7AR0VixTZCvr0sy1g,https://s3-media4.fl.yelpcdn.com/bphoto/GWQp8jdfq463gMJkg-3QnQ/o.jpg,False,"{'address1': '105 S Main St', 'address2': '', 'address3': '', 'city': 'Fond du Lac', 'zip_code': '54935', 'country': 'US', 'state': 'WI', 'display_address': ['105 S Main St', 'Fond du Lac, WI 54935']}",Sal's Pizza,+19209239191,$,3.5,16,"['delivery', 'pickup']",https://www.yelp.com/biz/sals-pizza-fond-du-lac?adjust_creative=GVWAITeAe13hPk5JlriDSg&utm_campaign=yelp_api_v3&utm_medium=api_v3_business_search&utm_source=GVWAITeAe13hPk5JlriDSg
gilles-frozen-custard-fond-du-lac,"[{'alias': 'burgers', 'title': 'Burgers'}, {'alias': 'tradamerican', 'title': 'American (Traditional)'}, {'alias': 'icecream', 'title': 'Ice Cream & Frozen Yogurt'}]","{'latitude': 43.756343, 'longitude': -88.4479866}",(920) 922-4900,15692.205363523657,00izQCCY5e126DNm8YzuzQ,https://s3-media1.fl.yelpcdn.com/bphoto/SiQYmVeOiCA44GPBvokTXg/o.jpg,False,"{'address1': '819 S Main St', 'address2': '', 'address3': '', 'city': 'Fond Du Lac', 'zip_code': '54935', 'country': 'US', 'state': 'WI', 'display_address': ['819 S Main St', 'Fond Du Lac, WI 54935']}",Gilles Frozen Custard,+19209224900,$,4.5,32,['pickup'],https://www.yelp.com/biz/gilles-frozen-custard-fond-du-lac?adjust_creative=GVWAITeAe13hPk5JlriDSg&utm_campaign=yelp_api_v3&utm_medium=api_v3_business_search&utm_source=GVWAITeAe13hPk5JlriDSg
party-palace-fond-du-lac,"[{'alias': 'pubs', 'title': 'Pubs'}, {'alias': 'tradamerican', 'title': 'American (Traditional)'}]","{'latitude': 43.75389, 'longitude': -88.26149}",(920) 922-4210,3474.8337057898007,5gEA1sMwHAN1oqoO_qZmdg,https://s3-media3.fl.yelpcdn.com/bphoto/Ad3fqm07G8PuC0ltBQeZ2Q/o.jpg,False,"{'address1': 'W2104 4th St Rd', 'address2': '', 'address3': '', 'city': 'Fond du Lac', 'zip_code': '54935', 'country': 'US', 'state': 'WI', 'display_address': ['W2104 4th St Rd', 'Fond du Lac, WI 54935']}",Party Palace,+19209224210,,5.0,1,[],https://www.yelp.com/biz/party-palace-fond-du-lac?adjust_creative=GVWAITeAe13hPk5JlriDSg&utm_campaign=yelp_api_v3&utm_medium=api_v3_business_search&utm_source=GVWAITeAe13hPk5JlriDSg
the-uba-fond-du-lac,"[{'alias': 'coffee', 'title': 'Coffee & Tea'}, {'alias': 'juicebars', 'title': 'Juice Bars & Smoothies'}]","{'latitude': 43.7562440967924, 'longitude': -88.4487333521247}",(920) 539-0250,15753.163303514862,b-lF04uWvD7C7l23HeIbqA,https://s3-media1.fl.yelpcdn.com/bphoto/QjZzkCogGgM6z8TkzBnOIg/o.jpg,False,"{'address1': '814 S Main St', 'address2': '', 'address3': '', 'city': 'Fond du Lac', 'zip_code': '54935', 'country': 'US', 'state': 'WI', 'display_address': ['814 S Main St', 'Fond du Lac, WI 54935']}",The Uba,+19205390250,$$,5.0,3,[],https://www.yelp.com/biz/the-uba-fond-du-lac?adjust_creative=GVWAITeAe13hPk5JlriDSg&utm_campaign=yelp_api_v3&utm_medium=api_v3_business_search&utm_source=GVWAITeAe13hPk5JlriDSg
oasis-family-restaurant-fond-du-lac,"[{'alias': 'newamerican', 'title': 'American (New)'}, {'alias': 'tradamerican', 'title': 'American (Traditional)'}, {'alias': 'mexican', 'title': 'Mexican'}]","{'latitude': 43.78807, 'longitude': -88.44649}",(920) 907-1111,15252.360439163342,F0xZzbwsxE8nmBD5l1a2Tw,https://s3-media4.fl.yelpcdn.com/bphoto/W7sacm8bgbL62NLj7E27Ww/o.jpg,False,"{'address1': '339 N Main St', 'address2': '', 'address3': '', 'city': 'Fond du Lac', 'zip_code': '54935', 'country': 'US', 'state': 'WI', 'display_address': ['339 N Main St', 'Fond du Lac, WI 54935']}",Oasis Family Restaurant,+19209071111,$,3.5,11,[],https://www.yelp.com/biz/oasis-family-restaurant-fond-du-lac?adjust_creative=GVWAITeAe13hPk5JlriDSg&utm_campaign=yelp_api_v3&utm_medium=api_v3_business_search&utm_source=GVWAITeAe13hPk5JlriDSg
mancinos-pizza-and-grinders-fond-du-lac-2,"[{'alias': 'pizza', 'title': 'Pizza'}, {'alias': 'sandwiches', 'title': 'Sandwiches'}, {'alias': 'food', 'title': 'Food'}]","{'latitude': 43.756353, 'longitude': -88.449624}",(920) 926-9899,15820.75320078992,mGPkCXanu8X1TTeqZB0ceA,https://s3-media3.fl.yelpcdn.com/bphoto/_zdZoKJ6_vm0mJHbHSQzlg/o.jpg,False,"{'address1': '818 S Main St', 'address2': '', 'address3': '', 'city': 'Fond du Lac', 'zip_code': '54935', 'country': 'US', 'state': 'WI', 'display_address': ['818 S Main St', 'Fond du Lac, WI 54935']}",Mancino's Pizza & Grinders,+19209269899,$$,3.0,13,"['delivery', 'pickup']",https://www.yelp.com/biz/mancinos-pizza-and-grinders-fond-du-lac-2?adjust_creative=GVWAITeAe13hPk5JlriDSg&utm_campaign=yelp_api_v3&utm_medium=api_v3_business_search&utm_source=GVWAITeAe13hPk5JlriDSg
las-islas-restaurant-and-bar-fond-du-lac,"[{'alias': 'caribbean', 'title': 'Caribbean'}, {'alias': 'bars', 'title': 'Bars'}, {'alias': 'latin', 'title': 'Latin American'}]","{'latitude': 43.775481, 'longitude': -88.446738}",(920) 933-3130,15300.310201396293,YmXbEf4zuh5jQ-AvQd_IWg,https://s3-media1.fl.yelpcdn.com/bphoto/yjvHK29eTFymfH48G-9UkA/o.jpg,False,"{'address1': '119 S Main St', 'address2': '', 'address3': None, 'city': 'Fond du Lac', 'zip_code': '54935', 'country': 'US', 'state': 'WI', 'display_address': ['119 S Main St', 'Fond du Lac, WI 54935']}",Las Islas Restaurant & Bar,+19209333130,,3.5,11,[],https://www.yelp.com/biz/las-islas-restaurant-and-bar-fond-du-lac?adjust_creative=GVWAITeAe13hPk5JlriDSg&utm_campaign=yelp_api_v3&utm_medium=api_v3_business_search&utm_source=GVWAITeAe13hPk5JlriDSg
the-little-farmer-malone-2,"[{'alias': 'farmersmarket', 'title': 'Farmers Market'}, {'alias': 'bakeries', 'title': 'Bakeries'}, {'alias': 'farms', 'title': 'Farms'}]","{'latitude': 43.88252, 'longitude': -88.34196}",(920) 921-4784,12825.955501373644,X2V0BwiIy_DlR-TVATRdtQ,https://s3-media2.fl.yelpcdn.com/bphoto/hQMGCYyTNa5HXrkpLCVS4A/o.jpg,False,"{'address1': 'N9438 Hwy 151', 'address2': '', 'address3': '', 'city': 'Malone', 'zip_code': '53049', 'country': 'US', 'state': 'WI', 'display_address': ['N9438 Hwy 151', 'Malone, WI 53049']}",The Little Farmer,+19209214784,$$,5.0,3,[],https://www.yelp.com/biz/the-little-farmer-malone-2?adjust_creative=GVWAITeAe13hPk5JlriDSg&utm_campaign=yelp_api_v3&utm_medium=api_v3_business_search&utm_source=GVWAITeAe13hPk5JlriDSg
downtown-deli-to-go-fond-du-lac,"[{'alias': 'delis', 'title': 'Delis'}, {'alias': 'breakfast_brunch', 'title': 'Breakfast & Brunch'}, {'alias': 'sandwiches', 'title': 'Sandwiches'}]","{'latitude': 43.77666, 'longitude': -88.44729}",(920) 644-6096,15333.775985439446,SLfCUodsTy0R9Kh_Xa9SDQ,https://s3-media2.fl.yelpcdn.com/bphoto/L0NvETwIKANGn-RrtnoSLA/o.jpg,False,"{'address1': '74 S Main St', 'address2': 'Ste 104', 'address3': '', 'city': 'Fond Du Lac', 'zip_code': '54935', 'country': 'US', 'state': 'WI', 'display_address': ['74 S Main St', 'Ste 104', 'Fond Du Lac, WI 54935']}",Downtown Deli To Go,+19206446096,$,4.5,5,[],https://www.yelp.com/biz/downtown-deli-to-go-fond-du-lac?adjust_creative=GVWAITeAe13hPk5JlriDSg&utm_campaign=yelp_api_v3&utm_medium=api_v3_business_search&utm_source=GVWAITeAe13hPk5JlriDSg
lakeside-park-fond-du-lac,"[{'alias': 'parks', 'title': 'Parks'}]","{'latitude': 43.7956812142295, 'longitude': -88.443415330719}",(920) 322-3460,15042.497639190682,wwIITB-VeJHSfMraXWNriw,https://s3-media1.fl.yelpcdn.com/bphoto/mN5kah-SGptCdUWh_lh0zg/o.jpg,False,"{'address1': '555 N Park Ave', 'address2': '', 'address3': '', 'city': 'Fond du Lac', 'zip_code': '54935', 'country': 'US', 'state': 'WI', 'display_address': ['555 N Park Ave', 'Fond du Lac, WI 54935']}",Lakeside Park,+19203223460,,4.5,4,[],https://www.yelp.com/biz/lakeside-park-fond-du-lac?adjust_creative=GVWAITeAe13hPk5JlriDSg&utm_campaign=yelp_api_v3&utm_medium=api_v3_business_search&utm_source=GVWAITeAe13hPk5JlriDSg
a-and-w-drive-in-fond-du-lac,"[{'alias': 'tradamerican', 'title': 'American (Traditional)'}]","{'latitude': 43.7929649353027, 'longitude': -88.4372406005859}",(920) 921-4320,14521.798711183495,YDIjY6UqTvZqIHkWrjzhvg,https://s3-media1.fl.yelpcdn.com/bphoto/k0mJBttfKLQ7WG2n2kwNZg/o.jpg,False,"{'address1': '269 Winnebago Dr', 'address2': '', 'address3': '', 'city': 'Fond du Lac', 'zip_code': '54935', 'country': 'US', 'state': 'WI', 'display_address': ['269 Winnebago Dr', 'Fond du Lac, WI 54935']}",A&W Drive In,+19209214320,,4.0,7,[],https://www.yelp.com/biz/a-and-w-drive-in-fond-du-lac?adjust_creative=GVWAITeAe13hPk5JlriDSg&utm_campaign=yelp_api_v3&utm_medium=api_v3_business_search&utm_source=GVWAITeAe13hPk5JlriDSg
yummy-chinese-restaurant-fond-du-lac,"[{'alias': 'chinese', 'title': 'Chinese'}]","{'latitude': 43.78224, 'longitude': -88.41448}",(920) 923-6668,12682.627716636536,k-KMlF-YXftSEOq-9gkwlQ,https://s3-media1.fl.yelpcdn.com/bphoto/0Ayi7I3eeiXifclylCHTUQ/o.jpg,False,"{'address1': '129 University Dr', 'address2': '', 'address3': '', 'city': 'Fond du Lac', 'zip_code': '54935', 'country': 'US', 'state': 'WI', 'display_address': ['129 University Dr', 'Fond du Lac, WI 54935']}",Yummy Chinese Restaurant,+19209236668,$$,3.0,15,[],https://www.yelp.com/biz/yummy-chinese-restaurant-fond-du-lac?adjust_creative=GVWAITeAe13hPk5JlriDSg&utm_campaign=yelp_api_v3&utm_medium=api_v3_business_search&utm_source=GVWAITeAe13hPk5JlriDSg
eden-grill-fond-du-lac,"[{'alias': 'tradamerican', 'title': 'American (Traditional)'}, {'alias': 'burgers', 'title': 'Burgers'}, {'alias': 'salad', 'title': 'Salad'}]","{'latitude': 43.8170538263233, 'longitude': -88.3854115702915}",(920) 924-6800,10936.939735486889,L8CGhTJIbY370S26KukcnA,https://s3-media3.fl.yelpcdn.com/bphoto/XFIT3W5wCUvCyWQ1U4-SDA/o.jpg,False,"{'address1': 'N7591 Taycheedah Way', 'address2': '', 'address3': '', 'city': 'Fond du Lac', 'zip_code': '54935', 'country': 'US', 'state': 'WI', 'display_address': ['N7591 Taycheedah Way', 'Fond du Lac, WI 54935']}",Eden Grill,+19209246800,$,3.5,11,[],https://www.yelp.com/biz/eden-grill-fond-du-lac?adjust_creative=GVWAITeAe13hPk5JlriDSg&utm_campaign=yelp_api_v3&utm_medium=api_v3_business_search&utm_source=GVWAITeAe13hPk5JlriDSg
culvers-restaurant-fond-du-lac,"[{'alias': 'burgers', 'title': 'Burgers'}, {'alias': 'hotdogs', 'title': 'Fast Food'}, {'alias': 'icecream', 'title': 'Ice Cream & Frozen Yogurt'}]","{'latitude': 43.75425, 'longitude': -88.45226}",(920) 922-2826,16076.116150402137,MozCaP0g3Iwfm-RpoTeFig,https://s3-media1.fl.yelpcdn.com/bphoto/PLJAKf6mV-sDrbsi8XfrDw/o.jpg,False,"{'address1': '81 W Pioneer Rd', 'address2': '', 'address3': '', 'city': 'Fond du Lac', 'zip_code': '54935', 'country': 'US', 'state': 'WI', 'display_address': ['81 W Pioneer Rd', 'Fond du Lac, WI 54935']}",Culvers Restaurant,+19209222826,$,4.0,6,[],https://www.yelp.com/biz/culvers-restaurant-fond-du-lac?adjust_creative=GVWAITeAe13hPk5JlriDSg&utm_campaign=yelp_api_v3&utm_medium=api_v3_business_search&utm_source=GVWAITeAe13hPk5JlriDSg
slim-and-chubbys-fond-du-lac,"[{'alias': 'bars', 'title': 'Bars'}, {'alias': 'danceclubs', 'title': 'Dance Clubs'}]","{'latitude': 43.7757999, 'longitude': -88.44663}",(920) 322-9375,15290.933702834227,e1cmB2mWw7mfHb0iebI6KQ,https://s3-media3.fl.yelpcdn.com/bphoto/ozmp5s4PbwBmB6QGeaYu2w/o.jpg,False,"{'address1': '109 S Main St', 'address2': None, 'address3': None, 'city': 'Fond du Lac', 'zip_code': '54935', 'country': 'US', 'state': 'WI', 'display_address': ['109 S Main St', 'Fond du Lac, WI 54935']}",Slim and Chubbys,+19203229375,$,4.5,4,[],https://www.yelp.com/biz/slim-and-chubbys-fond-du-lac?adjust_creative=GVWAITeAe13hPk5JlriDSg&utm_campaign=yelp_api_v3&utm_medium=api_v3_business_search&utm_source=GVWAITeAe13hPk5JlriDSg
irishs-bar-fond-du-lac,"[{'alias': 'bars', 'title': 'Bars'}]","{'latitude': 43.773063659668, 'longitude': -88.4475708007812}",(920) 921-9737,15387.269134457989,5FpPr761Hek4boWv7SSjPw,https://s3-media2.fl.yelpcdn.com/bphoto/cjyseGmQ1MmJrgoSnx46oQ/o.jpg,False,"{'address1': '10 Western Ave', 'address2': '', 'address3': '', 'city': 'Fond du Lac', 'zip_code': '54935', 'country': 'US', 'state': 'WI', 'display_address': ['10 Western Ave', 'Fond du Lac, WI 54935']}",Irish's Bar,+19209219737,$,4.0,7,[],https://www.yelp.com/biz/irishs-bar-fond-du-lac?adjust_creative=GVWAITeAe13hPk5JlriDSg&utm_campaign=yelp_api_v3&utm_medium=api_v3_business_search&utm_source=GVWAITeAe13hPk5JlriDSg
mix-it-up-bakery-fond-du-lac,"[{'alias': 'cupcakes', 'title': 'Cupcakes'}, {'alias': 'donuts', 'title': 'Donuts'}, {'alias': 'bakeries', 'title': 'Bakeries'}]","{'latitude': 43.7806664077467, 'longitude': -88.4472182393074}",(920) 933-3898,15309.428846459237,4BpR2Y033LywfZFkMI-Pvg,,False,"{'address1': '64 N Main St', 'address2': '', 'address3': '', 'city': 'Fond du Lac', 'zip_code': '54935', 'country': 'US', 'state': 'WI', 'display_address': ['64 N Main St', 'Fond du Lac, WI 54935']}",Mix It Up Bakery,+19209333898,$,5.0,3,[],https://www.yelp.com/biz/mix-it-up-bakery-fond-du-lac?adjust_creative=GVWAITeAe13hPk5JlriDSg&utm_campaign=yelp_api_v3&utm_medium=api_v3_business_search&utm_source=GVWAITeAe13hPk5JlriDSg
whispering-springs-golf-club-fond-du-lac,"[{'alias': 'golf', 'title': 'Golf'}, {'alias': 'venues', 'title': 'Venues & Event Spaces'}, {'alias': 'wedding_planning', 'title': 'Wedding Planning'}]","{'latitude': 43.78936, 'longitude': -88.37159}",(920) 921-8053,9343.786564509315,83WqXfYaTMVVgyQaYiCtew,https://s3-media1.fl.yelpcdn.com/bphoto/mUpnk36dj31qA4WO2yo2fg/o.jpg,False,"{'address1': '380 Whispering Springs Dr', 'address2': '', 'address3': '', 'city': 'Fond du Lac', 'zip_code': '54935', 'country': 'US', 'state': 'WI', 'display_address': ['380 Whispering Springs Dr', 'Fond du Lac, WI 54935']}",Whispering Springs Golf Club,+19209218053,,4.5,3,[],https://www.yelp.com/biz/whispering-springs-golf-club-fond-du-lac?adjust_creative=GVWAITeAe13hPk5JlriDSg&utm_campaign=yelp_api_v3&utm_medium=api_v3_business_search&utm_source=GVWAITeAe13hPk5JlriDSg
chinatown-kitchen-fond-du-lac,"[{'alias': 'chinese', 'title': 'Chinese'}]","{'latitude': 43.7794189453125, 'longitude': -88.4473342895508}",(920) 923-9688,15318.503778237113,u6Ozh8GkMw5V3qR8FH8nww,https://s3-media4.fl.yelpcdn.com/bphoto/kEjObTw-djB8eATcQ47hqQ/o.jpg,False,"{'address1': '18 N Main St', 'address2': '', 'address3': '', 'city': 'Fond du Lac', 'zip_code': '54935', 'country': 'US', 'state': 'WI', 'display_address': ['18 N Main St', 'Fond du Lac, WI 54935']}",Chinatown Kitchen,+19209239688,$,3.0,19,[],https://www.yelp.com/biz/chinatown-kitchen-fond-du-lac?adjust_creative=GVWAITeAe13hPk5JlriDSg&utm_campaign=yelp_api_v3&utm_medium=api_v3_business_search&utm_source=GVWAITeAe13hPk5JlriDSg
paddys-pizza-pubnrestaurant-eden,"[{'alias': 'pizza', 'title': 'Pizza'}]","{'latitude': 43.692076, 'longitude': -88.369194}",(920) 477-2077,13726.426978771344,2D6RFOkOS_mvVca6InJFxA,https://s3-media3.fl.yelpcdn.com/bphoto/n7fg_4XlzOnZQ8YUPMsJ7A/o.jpg,False,"{'address1': '302 W Main St', 'address2': '', 'address3': '', 'city': 'Eden', 'zip_code': '53019', 'country': 'US', 'state': 'WI', 'display_address': ['302 W Main St', 'Eden, WI 53019']}",Paddy's Pizza Pub'n'restaurant,+19204772077,$,4.0,7,[],https://www.yelp.com/biz/paddys-pizza-pubnrestaurant-eden?adjust_creative=GVWAITeAe13hPk5JlriDSg&utm_campaign=yelp_api_v3&utm_medium=api_v3_business_search&utm_source=GVWAITeAe13hPk5JlriDSg
wade-house-greenbush,"[{'alias': 'landmarks', 'title': 'Landmarks & Historical Buildings'}]","{'latitude': 43.7820705, 'longitude': -88.0897021}",(920) 526-3271,13402.588602491453,1AWw9E-ek11NlgFFZfzkHw,https://s3-media2.fl.yelpcdn.com/bphoto/xqA9MYrrCuRtO4B6BXahkw/o.jpg,False,"{'address1': 'W7965 Hwy 23', 'address2': '', 'address3': '', 'city': 'Greenbush', 'zip_code': '53026', 'country': 'US', 'state': 'WI', 'display_address': ['W7965 Hwy 23', 'Greenbush, WI 53026']}",Wade House,+19205263271,,5.0,2,[],https://www.yelp.com/biz/wade-house-greenbush?adjust_creative=GVWAITeAe13hPk5JlriDSg&utm_campaign=yelp_api_v3&utm_medium=api_v3_business_search&utm_source=GVWAITeAe13hPk5JlriDSg
jets-pizza-fond-du-lac,"[{'alias': 'pizza', 'title': 'Pizza'}]","{'latitude': 43.7856014420371, 'longitude': -88.4030430066262}",(920) 922-5387,11755.495705254809,lPo0Ib3mJMxeScNcz0FphA,https://s3-media1.fl.yelpcdn.com/bphoto/bJP_1g0fDseGnp8GV1--iQ/o.jpg,False,"{'address1': '1111 E Johnson St', 'address2': '', 'address3': '', 'city': 'Fond du Lac', 'zip_code': '54935', 'country': 'US', 'state': 'WI', 'display_address': ['1111 E Johnson St', 'Fond du Lac, WI 54935']}",Jet's Pizza,+19209225387,$$,4.0,6,[],https://www.yelp.com/biz/jets-pizza-fond-du-lac?adjust_creative=GVWAITeAe13hPk5JlriDSg&utm_campaign=yelp_api_v3&utm_medium=api_v3_business_search&utm_source=GVWAITeAe13hPk5JlriDSg
dairy-queen-fond-du-lac,"[{'alias': 'restaurants', 'title': 'Restaurants'}]","{'latitude': 43.76904296875, 'longitude': -88.4303588867188}",(920) 922-2663,14070.843207687885,jBi0gTnx62Ka1dO5sX8VVQ,https://s3-media2.fl.yelpcdn.com/bphoto/M0Q7slkRglOfoVDSeTf58Q/o.jpg,False,"{'address1': '387 Fond Du Lac Ave', 'address2': '', 'address3': '', 'city': 'Fond du Lac', 'zip_code': '54935', 'country': 'US', 'state': 'WI', 'display_address': ['387 Fond Du Lac Ave', 'Fond du Lac, WI 54935']}",Dairy Queen,+19209222663,$,3.5,7,[],https://www.yelp.com/biz/dairy-queen-fond-du-lac?adjust_creative=GVWAITeAe13hPk5JlriDSg&utm_campaign=yelp_api_v3&utm_medium=api_v3_business_search&utm_source=GVWAITeAe13hPk5JlriDSg
tommy-js-bar-malone,"[{'alias': 'bars', 'title': 'Bars'}]","{'latitude': 43.8775804789251, 'longitude': -88.290825611762}",(920) 795-4525,10661.706348276619,GIsJHHSnIKlRDdFi3SzQYg,https://s3-media3.fl.yelpcdn.com/bphoto/9fFj4zUMS-W-CgUiD_6m4Q/o.jpg,False,"{'address1': 'W2663 County Rd W', 'address2': '', 'address3': '', 'city': 'Malone', 'zip_code': '53049', 'country': 'US', 'state': 'WI', 'display_address': ['W2663 County Rd W', 'Malone, WI 53049']}",Tommy J's Bar,+19207954525,$$,4.5,3,[],https://www.yelp.com/biz/tommy-js-bar-malone?adjust_creative=GVWAITeAe13hPk5JlriDSg&utm_campaign=yelp_api_v3&utm_medium=api_v3_business_search&utm_source=GVWAITeAe13hPk5JlriDSg
blue-goose-coffee-house-fond-du-lac,"[{'alias': 'coffee', 'title': 'Coffee & Tea'}]","{'latitude': 43.783348936992, 'longitude': -88.4132480621338}",(920) 922-3727,12575.94122199331,16N-TlZi_-xPUE_CpN1HGw,https://s3-media4.fl.yelpcdn.com/bphoto/jy4VPpQHRe8m_qucSuBlCQ/o.jpg,False,"{'address1': '854 E Johnson St', 'address2': '', 'address3': '', 'city': 'Fond du Lac', 'zip_code': '54935', 'country': 'US', 'state': 'WI', 'display_address': ['854 E Johnson St', 'Fond du Lac, WI 54935']}",Blue Goose Coffee House,+19209223727,$$,4.5,3,[],https://www.yelp.com/biz/blue-goose-coffee-house-fond-du-lac?adjust_creative=GVWAITeAe13hPk5JlriDSg&utm_campaign=yelp_api_v3&utm_medium=api_v3_business_search&utm_source=GVWAITeAe13hPk5JlriDSg
pamelas-bar-and-grille-fond-du-lac,"[{'alias': 'bars', 'title': 'Bars'}, {'alias': 'newamerican', 'title': 'American (New)'}]","{'latitude': 43.8168603650614, 'longitude': -88.3769242908052}",(920) 933-5501,10288.124674874738,E7ViiurCIRZpy0cHWDBh7A,https://s3-media1.fl.yelpcdn.com/bphoto/D1_57yQiVATnpyQtcClmHw/o.jpg,False,"{'address1': 'N7640 County Road Wh', 'address2': '', 'address3': None, 'city': 'Fond du Lac', 'zip_code': '54937', 'country': 'US', 'state': 'WI', 'display_address': ['N7640 County Road Wh', 'Fond du Lac, WI 54937']}",Pamela's Bar & Grille,+19209335501,$$,3.0,9,[],https://www.yelp.com/biz/pamelas-bar-and-grille-fond-du-lac?adjust_creative=GVWAITeAe13hPk5JlriDSg&utm_campaign=yelp_api_v3&utm_medium=api_v3_business_search&utm_source=GVWAITeAe13hPk5JlriDSg
yummy-bones-barbecue-fond-du-lac,"[{'alias': 'bbq', 'title': 'Barbeque'}, {'alias': 'southern', 'title': 'Southern'}, {'alias': 'sandwiches', 'title': 'Sandwiches'}]","{'latitude': 43.78049, 'longitude': -88.44805}",(920) 204-0055,15396.727455315968,veZ4VEHBYWrDnEEdV-u8WA,https://s3-media3.fl.yelpcdn.com/bphoto/VEpuaEuFganZFxcoynwSxQ/o.jpg,False,"{'address1': '57 N Macy St', 'address2': None, 'address3': '', 'city': 'Fond du Lac', 'zip_code': '54935', 'country': 'US', 'state': 'WI', 'display_address': ['57 N Macy St', 'Fond du Lac, WI 54935']}",Yummy Bones Barbecue,+19202040055,,3.0,8,[],https://www.yelp.com/biz/yummy-bones-barbecue-fond-du-lac?adjust_creative=GVWAITeAe13hPk5JlriDSg&utm_campaign=yelp_api_v3&utm_medium=api_v3_business_search&utm_source=GVWAITeAe13hPk5JlriDSg
village-of-st-cloud-saint-cloud,"[{'alias': 'localflavor', 'title': 'Local Flavor'}]","{'latitude': 43.8227, 'longitude': -88.16614}",,8328.624644050065,nSlXFPa-FbmBjK4yMuruEg,,False,"{'address1': '', 'address2': None, 'address3': None, 'city': 'Saint Cloud', 'zip_code': '53079', 'country': 'US', 'state': 'WI', 'display_address': ['Saint Cloud, WI 53079']}",Village of St Cloud,,,5.0,1,[],https://www.yelp.com/biz/village-of-st-cloud-saint-cloud?adjust_creative=GVWAITeAe13hPk5JlriDSg&utm_campaign=yelp_api_v3&utm_medium=api_v3_business_search&utm_source=GVWAITeAe13hPk5JlriDSg
2-0-ale-house-fond-du-lac,"[{'alias': 'tradamerican', 'title': 'American (Traditional)'}, {'alias': 'beerbar', 'title': 'Beer Bar'}, {'alias': 'karaoke', 'title': 'Karaoke'}]","{'latitude': 43.780630097646, 'longitude': -88.4466398879886}",(920) 926-3017,15263.152240113597,jApZL7e-RTF4nzc6--kiUw,https://s3-media2.fl.yelpcdn.com/bphoto/t4nLtzeF0k5_BfV_lV4pGA/o.jpg,False,"{'address1': '65 N Main St', 'address2': '', 'address3': None, 'city': 'Fond du Lac', 'zip_code': '54935', 'country': 'US', 'state': 'WI', 'display_address': ['65 N Main St', 'Fond du Lac, WI 54935']}",2.0 Ale House,+19209263017,$,3.5,5,[],https://www.yelp.com/biz/2-0-ale-house-fond-du-lac?adjust_creative=GVWAITeAe13hPk5JlriDSg&utm_campaign=yelp_api_v3&utm_medium=api_v3_business_search&utm_source=GVWAITeAe13hPk5JlriDSg
cousins-subs-fond-du-lac-2,"[{'alias': 'sandwiches', 'title': 'Sandwiches'}, {'alias': 'delis', 'title': 'Delis'}]","{'latitude': 43.75344, 'longitude': -88.44959}",(920) 907-0172,15914.784653656092,wvOcA7wO424CFQr6FDJE3w,https://s3-media3.fl.yelpcdn.com/bphoto/Mvh0o8KO0HJrAoRcE56JdQ/o.jpg,False,"{'address1': '928 S Main St', 'address2': '', 'address3': None, 'city': 'Fond du Lac', 'zip_code': '54935', 'country': 'US', 'state': 'WI', 'display_address': ['928 S Main St', 'Fond du Lac, WI 54935']}",Cousins Subs,+19209070172,,5.0,2,[],https://www.yelp.com/biz/cousins-subs-fond-du-lac-2?adjust_creative=GVWAITeAe13hPk5JlriDSg&utm_campaign=yelp_api_v3&utm_medium=api_v3_business_search&utm_source=GVWAITeAe13hPk5JlriDSg
eden-cafe-eden,"[{'alias': 'tradamerican', 'title': 'American (Traditional)'}, {'alias': 'breakfast_brunch', 'title': 'Breakfast & Brunch'}, {'alias': 'pizza', 'title': 'Pizza'}]","{'latitude': 43.6910796, 'longitude': -88.368808}",(920) 477-4204,13789.71577788635,8NTFys7z_3Js8cagsijH2A,https://s3-media4.fl.yelpcdn.com/bphoto/UVnr4S8NhMAtHVOKeImQZQ/o.jpg,False,"{'address1': '303 W Main St', 'address2': '', 'address3': '', 'city': 'Eden', 'zip_code': '53019', 'country': 'US', 'state': 'WI', 'display_address': ['303 W Main St', 'Eden, WI 53019']}",Eden Cafe,+19204774204,$$,3.5,4,[],https://www.yelp.com/biz/eden-cafe-eden?adjust_creative=GVWAITeAe13hPk5JlriDSg&utm_campaign=yelp_api_v3&utm_medium=api_v3_business_search&utm_source=GVWAITeAe13hPk5JlriDSg
childrens-museum-of-fond-du-lac-fond-du-lac,"[{'alias': 'childrensmuseums', 'title': ""Children's Museums""}]","{'latitude': 43.7923, 'longitude': -88.44958}",(920) 929-0707,15523.844087604652,yPkZTZY5TsWyt4s8o6MSQw,https://s3-media1.fl.yelpcdn.com/bphoto/FrdFLqLw0o1W0bU7vs2psQ/o.jpg,False,"{'address1': '75 W Scott St', 'address2': None, 'address3': None, 'city': 'Fond du Lac', 'zip_code': '54935', 'country': 'US', 'state': 'WI', 'display_address': ['75 W Scott St', 'Fond du Lac, WI 54935']}",Children's Museum of Fond Du Lac,+19209290707,,4.5,2,[],https://www.yelp.com/biz/childrens-museum-of-fond-du-lac-fond-du-lac?adjust_creative=GVWAITeAe13hPk5JlriDSg&utm_campaign=yelp_api_v3&utm_medium=api_v3_business_search&utm_source=GVWAITeAe13hPk5JlriDSg
the-outpost-bar-and-grill-of-eden-eden,"[{'alias': 'beer_and_wine', 'title': 'Beer, Wine & Spirits'}, {'alias': 'sandwiches', 'title': 'Sandwiches'}]","{'latitude': 43.701908, 'longitude': -88.364555}",(920) 477-5700,12665.632021830224,iN_GOS4pn1Ymq4v3jkNfsA,,False,"{'address1': 'N4456 Highway 45', 'address2': '', 'address3': 'on Highway 45 North of Eden 1/4 mile', 'city': 'Eden', 'zip_code': '53019', 'country': 'US', 'state': 'WI', 'display_address': ['N4456 Highway 45', 'on Highway 45 North of Eden 1/4 mile', 'Eden, WI 53019']}",The Outpost Bar and Grill of Eden,+19204775700,,4.5,2,[],https://www.yelp.com/biz/the-outpost-bar-and-grill-of-eden-eden?adjust_creative=GVWAITeAe13hPk5JlriDSg&utm_campaign=yelp_api_v3&utm_medium=api_v3_business_search&utm_source=GVWAITeAe13hPk5JlriDSg
taco-johns-fond-du-lac,"[{'alias': 'mexican', 'title': 'Mexican'}, {'alias': 'hotdogs', 'title': 'Fast Food'}]","{'latitude': 43.7815915816746, 'longitude': -88.4473805129528}",(920) 922-4400,15319.49390735215,Z7rkS9tdg_IiN7SOKeVLvA,https://s3-media1.fl.yelpcdn.com/bphoto/FKEUH6OdqFWwSoBlsoor8A/o.jpg,False,"{'address1': '84 N Main St', 'address2': None, 'address3': None, 'city': 'Fond du Lac', 'zip_code': '54935', 'country': 'US', 'state': 'WI', 'display_address': ['84 N Main St', 'Fond du Lac, WI 54935']}",Taco John's,+19209224400,$,3.0,10,[],https://www.yelp.com/biz/taco-johns-fond-du-lac?adjust_creative=GVWAITeAe13hPk5JlriDSg&utm_campaign=yelp_api_v3&utm_medium=api_v3_business_search&utm_source=GVWAITeAe13hPk5JlriDSg
eatons-fresh-pizza-and-catering-fond-du-lac-2,"[{'alias': 'pizza', 'title': 'Pizza'}, {'alias': 'delis', 'title': 'Delis'}]","{'latitude': 43.76847, 'longitude': -88.43929}",(920) 921-9531,14779.070179304785,JRwacA7kVVeP_L42hM8hlQ,https://s3-media2.fl.yelpcdn.com/bphoto/k1wZMKj9mfz4XGGPluyZjw/o.jpg,False,"{'address1': '368 S Park Ave', 'address2': '', 'address3': '', 'city': 'Fond Du Lac', 'zip_code': '54935', 'country': 'US', 'state': 'WI', 'display_address': ['368 S Park Ave', 'Fond Du Lac, WI 54935']}",Eaton's Fresh Pizza & Catering,+19209219531,$,4.0,3,[],https://www.yelp.com/biz/eatons-fresh-pizza-and-catering-fond-du-lac-2?adjust_creative=GVWAITeAe13hPk5JlriDSg&utm_campaign=yelp_api_v3&utm_medium=api_v3_business_search&utm_source=GVWAITeAe13hPk5JlriDSg
back-stage-bar-and-grill-fond-du-lac,"[{'alias': 'bars', 'title': 'Bars'}, {'alias': 'tradamerican', 'title': 'American (Traditional)'}]","{'latitude': 43.78167, 'longitude': -88.44691}",(920) 933-6003,15253.833631165904,TZ0TMNChgsIS83JZkOz4FA,https://s3-media4.fl.yelpcdn.com/bphoto/2dXzmSri1qDnWyFxRli57A/o.jpg,False,"{'address1': '101 North Main St', 'address2': '', 'address3': None, 'city': 'Fond du Lac', 'zip_code': '54935', 'country': 'US', 'state': 'WI', 'display_address': ['101 North Main St', 'Fond du Lac, WI 54935']}",Back Stage Bar and Grill,+19209336003,,4.0,3,"['delivery', 'pickup']",https://www.yelp.com/biz/back-stage-bar-and-grill-fond-du-lac?adjust_creative=GVWAITeAe13hPk5JlriDSg&utm_campaign=yelp_api_v3&utm_medium=api_v3_business_search&utm_source=GVWAITeAe13hPk5JlriDSg
tuckers-hamburgers-fond-du-lac,"[{'alias': 'burgers', 'title': 'Burgers'}, {'alias': 'tradamerican', 'title': 'American (Traditional)'}]","{'latitude': 43.7535057067871, 'longitude': -88.4488830566406}",(920) 921-1146,15830.285572975961,K3g78gqNmJf7tDRSVby9dA,https://s3-media3.fl.yelpcdn.com/bphoto/wYX_GwYOHE7PIVIVE0jeRw/o.jpg,False,"{'address1': '927 S Main St', 'address2': '', 'address3': '', 'city': 'Fond Du Lac', 'zip_code': '54935', 'country': 'US', 'state': 'WI', 'display_address': ['927 S Main St', 'Fond Du Lac, WI 54935']}",Tucker's Hamburgers,+19209211146,$$,3.0,6,[],https://www.yelp.com/biz/tuckers-hamburgers-fond-du-lac?adjust_creative=GVWAITeAe13hPk5JlriDSg&utm_campaign=yelp_api_v3&utm_medium=api_v3_business_search&utm_source=GVWAITeAe13hPk5JlriDSg
christianos-brick-oven-pizza-fond-du-lac,"[{'alias': 'pizza', 'title': 'Pizza'}, {'alias': 'sandwiches', 'title': 'Sandwiches'}]","{'latitude': 43.75344, 'longitude': -88.44959}",(920) 933-5133,15914.784653656092,UlPXslVxcU-cbI7Sew7Mow,https://s3-media3.fl.yelpcdn.com/bphoto/EK1bf5EEs15q88otIGz4eg/o.jpg,False,"{'address1': '928 S Main St', 'address2': '', 'address3': None, 'city': 'Fond du Lac', 'zip_code': '54935', 'country': 'US', 'state': 'WI', 'display_address': ['928 S Main St', 'Fond du Lac, WI 54935']}",Christianos Brick Oven Pizza,+19209335133,,4.0,3,[],https://www.yelp.com/biz/christianos-brick-oven-pizza-fond-du-lac?adjust_creative=GVWAITeAe13hPk5JlriDSg&utm_campaign=yelp_api_v3&utm_medium=api_v3_business_search&utm_source=GVWAITeAe13hPk5JlriDSg
three-sheets-bar-fond-du-lac,"[{'alias': 'bars', 'title': 'Bars'}]","{'latitude': 43.8079530559569, 'longitude': -88.396914926404}",(920) 924-0775,11548.558783121598,I55OgZC5t6HxVMQ4UZVXPg,https://s3-media1.fl.yelpcdn.com/bphoto/a7zhkQQpv26XBmWh7RKO2A/o.jpg,False,"{'address1': 'W 4809 Golf Course Dr', 'address2': '', 'address3': '', 'city': 'Fond Du Lac', 'zip_code': '54935', 'country': 'US', 'state': 'WI', 'display_address': ['W 4809 Golf Course Dr', 'Fond Du Lac, WI 54935']}",Three Sheets Bar,+19209240775,$,4.0,2,[],https://www.yelp.com/biz/three-sheets-bar-fond-du-lac?adjust_creative=GVWAITeAe13hPk5JlriDSg&utm_campaign=yelp_api_v3&utm_medium=api_v3_business_search&utm_source=GVWAITeAe13hPk5JlriDSg
dominos-pizza-fond-du-lac-2,"[{'alias': 'pizza', 'title': 'Pizza'}, {'alias': 'chicken_wings', 'title': 'Chicken Wings'}, {'alias': 'sandwiches', 'title': 'Sandwiches'}]","{'latitude': 43.7705192565918, 'longitude': -88.4469223022461}",(920) 921-3800,15357.93336175077,lb2WQbCyiNaJi_GyIrllcw,,False,"{'address1': '301 S Main St', 'address2': '', 'address3': '', 'city': 'Fond Du Lac', 'zip_code': '54935', 'country': 'US', 'state': 'WI', 'display_address': ['301 S Main St', 'Fond Du Lac, WI 54935']}",Domino's Pizza,+19209213800,,3.5,6,[],https://www.yelp.com/biz/dominos-pizza-fond-du-lac-2?adjust_creative=GVWAITeAe13hPk5JlriDSg&utm_campaign=yelp_api_v3&utm_medium=api_v3_business_search&utm_source=GVWAITeAe13hPk5JlriDSg
culvers-fond-du-lac-2,"[{'alias': 'icecream', 'title': 'Ice Cream & Frozen Yogurt'}, {'alias': 'burgers', 'title': 'Burgers'}, {'alias': 'hotdogs', 'title': 'Fast Food'}]","{'latitude': 43.78417, 'longitude': -88.40909}",(920) 922-5559,12269.713123393365,lh9CwFc1tVb1SvudlmngiQ,https://s3-media1.fl.yelpcdn.com/bphoto/PKGeY28lsj4bvjH1m4T5lw/o.jpg,False,"{'address1': '969 E Johnson St', 'address2': None, 'address3': None, 'city': 'Fond du Lac', 'zip_code': '54935', 'country': 'US', 'state': 'WI', 'display_address': ['969 E Johnson St', 'Fond du Lac, WI 54935']}",Culver's,+19209225559,,3.0,5,[],https://www.yelp.com/biz/culvers-fond-du-lac-2?adjust_creative=GVWAITeAe13hPk5JlriDSg&utm_campaign=yelp_api_v3&utm_medium=api_v3_business_search&utm_source=GVWAITeAe13hPk5JlriDSg
parnell-tower-plymouth,"[{'alias': 'hiking', 'title': 'Hiking'}, {'alias': 'parks', 'title': 'Parks'}, {'alias': 'campgrounds', 'title': 'Campgrounds'}]","{'latitude': 43.6886245, 'longitude': -88.1293734}",(262) 626-2116,14804.20117870262,yvhBAbS1hbC2PrVEDnhzqg,https://s3-media1.fl.yelpcdn.com/bphoto/yUnJs20qs-PdqenqMibUvA/o.jpg,False,"{'address1': 'W7876 County Highway U', 'address2': '', 'address3': None, 'city': 'Plymouth', 'zip_code': '53073', 'country': 'US', 'state': 'WI', 'display_address': ['W7876 County Highway U', 'Plymouth, WI 53073']}",Parnell Tower,+12626262116,,5.0,1,[],https://www.yelp.com/biz/parnell-tower-plymouth?adjust_creative=GVWAITeAe13hPk5JlriDSg&utm_campaign=yelp_api_v3&utm_medium=api_v3_business_search&utm_source=GVWAITeAe13hPk5JlriDSg
wierl-wind-plymouth,"[{'alias': 'divebars', 'title': 'Dive Bars'}]","{'latitude': 43.71051, 'longitude': -88.14051}",(920) 526-3574,12451.351191286156,1f-Xbo8mzX2pFHlGCbwoIA,,False,"{'address1': 'W8902 State Road 67', 'address2': '', 'address3': '', 'city': 'Plymouth', 'zip_code': '53073', 'country': 'US', 'state': 'WI', 'display_address': ['W8902 State Road 67', 'Plymouth, WI 53073']}",Wierl Wind,+19205263574,,5.0,1,[],https://www.yelp.com/biz/wierl-wind-plymouth?adjust_creative=GVWAITeAe13hPk5JlriDSg&utm_campaign=yelp_api_v3&utm_medium=api_v3_business_search&utm_source=GVWAITeAe13hPk5JlriDSg
galloway-house-and-village-tours-fond-du-lac,"[{'alias': 'museums', 'title': 'Museums'}]","{'latitude': 43.754, 'longitude': -88.43629}",(920) 922-6390,14824.626902860608,YHcQ4kZUSL5Qr5kU_9PUeg,,False,"{'address1': '336 Old Pioneer Rd', 'address2': None, 'address3': None, 'city': 'Fond du Lac', 'zip_code': '54935', 'country': 'US', 'state': 'WI', 'display_address': ['336 Old Pioneer Rd', 'Fond du Lac, WI 54935']}",Galloway House & Village Tours,+19209226390,,5.0,1,[],https://www.yelp.com/biz/galloway-house-and-village-tours-fond-du-lac?adjust_creative=GVWAITeAe13hPk5JlriDSg&utm_campaign=yelp_api_v3&utm_medium=api_v3_business_search&utm_source=GVWAITeAe13hPk5JlriDSg
jimmy-johns-fond-du-lac,"[{'alias': 'sandwiches', 'title': 'Sandwiches'}, {'alias': 'delis', 'title': 'Delis'}, {'alias': 'hotdogs', 'title': 'Fast Food'}]","{'latitude': 43.784, 'longitude': -88.44838}",(920) 907-1234,15405.700469956568,FM_mOahsmxKvAUjPvpJEVw,,False,"{'address1': '180 N Main St', 'address2': None, 'address3': None, 'city': 'Fond du Lac', 'zip_code': '54935', 'country': 'US', 'state': 'WI', 'display_address': ['180 N Main St', 'Fond du Lac, WI 54935']}",Jimmy John's,+19209071234,,3.5,3,[],https://www.yelp.com/biz/jimmy-johns-fond-du-lac?adjust_creative=GVWAITeAe13hPk5JlriDSg&utm_campaign=yelp_api_v3&utm_medium=api_v3_business_search&utm_source=GVWAITeAe13hPk5JlriDSg
la-mexicana-minimart-and-restaurant-fond-du-lac-2,"[{'alias': 'mexican', 'title': 'Mexican'}, {'alias': 'bakeries', 'title': 'Bakeries'}, {'alias': 'breakfast_brunch', 'title': 'Breakfast & Brunch'}]","{'latitude': 43.77855, 'longitude': -88.45372}",(920) 933-6013,15848.499048211172,xtGlhp_9j51FR0HLvsyTJQ,https://s3-media2.fl.yelpcdn.com/bphoto/I8_p1kb4TWkwkHpEsYAwig/o.jpg,False,"{'address1': '174 W Division St', 'address2': None, 'address3': None, 'city': 'Fond Du Lac', 'zip_code': '54935', 'country': 'US', 'state': 'WI', 'display_address': ['174 W Division St', 'Fond Du Lac, WI 54935']}",La Mexicana Minimart & Restaurant,+19209336013,,5.0,1,[],https://www.yelp.com/biz/la-mexicana-minimart-and-restaurant-fond-du-lac-2?adjust_creative=GVWAITeAe13hPk5JlriDSg&utm_campaign=yelp_api_v3&utm_medium=api_v3_business_search&utm_source=GVWAITeAe13hPk5JlriDSg
brick-house-fond-du-lac,"[{'alias': 'cocktailbars', 'title': 'Cocktail Bars'}, {'alias': 'diners', 'title': 'Diners'}]","{'latitude': 43.7743438613823, 'longitude': -88.4467826196434}",(920) 933-5230,15313.228540049153,QUaRccb-9ITHaulWGPZW5g,https://s3-media1.fl.yelpcdn.com/bphoto/H1fHkSIcLC5FIxKXBYhepw/o.jpg,False,"{'address1': '161 S Main St', 'address2': '', 'address3': None, 'city': 'Fond du Lac', 'zip_code': '54935', 'country': 'US', 'state': 'WI', 'display_address': ['161 S Main St', 'Fond du Lac, WI 54935']}",Brick House,+19209335230,,2.5,9,[],https://www.yelp.com/biz/brick-house-fond-du-lac?adjust_creative=GVWAITeAe13hPk5JlriDSg&utm_campaign=yelp_api_v3&utm_medium=api_v3_business_search&utm_source=GVWAITeAe13hPk5JlriDSg
butternut-cafe-greenbush,"[{'alias': 'cafes', 'title': 'Cafes'}]","{'latitude': 43.7827731641205, 'longitude': -88.0903283574555}",(920) 526-3271,13350.617980382669,bVZJiT9c1tK4uVvyz-HRKg,https://s3-media4.fl.yelpcdn.com/bphoto/dc73AV3GObEg-3veFKD7CA/o.jpg,False,"{'address1': 'Wade House Historic Site', 'address2': '', 'address3': 'W7965 State Hwy 23', 'city': 'Greenbush', 'zip_code': '53026', 'country': 'US', 'state': 'WI', 'display_address': ['Wade House Historic Site', 'W7965 State Hwy 23', 'Greenbush, WI 53026']}",Butternut Cafe,+19205263271,,4.0,1,[],https://www.yelp.com/biz/butternut-cafe-greenbush?adjust_creative=GVWAITeAe13hPk5JlriDSg&utm_campaign=yelp_api_v3&utm_medium=api_v3_business_search&utm_source=GVWAITeAe13hPk5JlriDSg
subway-fond-du-lac-5,"[{'alias': 'sandwiches', 'title': 'Sandwiches'}, {'alias': 'hotdogs', 'title': 'Fast Food'}]","{'latitude': 43.791938417487, 'longitude': -88.4585022926331}",(920) 921-1117,16225.163361896843,7wHnJ59QLchoVMJcnF8dOw,https://s3-media2.fl.yelpcdn.com/bphoto/9m7RsJz6gg9a1jFpEP7JfQ/o.jpg,False,"{'address1': '295 W Scott St', 'address2': '', 'address3': '', 'city': 'Fond du Lac', 'zip_code': '54937', 'country': 'US', 'state': 'WI', 'display_address': ['295 W Scott St', 'Fond du Lac, WI 54937']}",Subway,+19209211117,,2.5,3,[],https://www.yelp.com/biz/subway-fond-du-lac-5?adjust_creative=GVWAITeAe13hPk5JlriDSg&utm_campaign=yelp_api_v3&utm_medium=api_v3_business_search&utm_source=GVWAITeAe13hPk5JlriDSg
mcdonalds-fond-du-lac,"[{'alias': 'hotdogs', 'title': 'Fast Food'}, {'alias': 'burgers', 'title': 'Burgers'}, {'alias': 'coffee', 'title': 'Coffee & Tea'}]","{'latitude': 43.7842513164559, 'longitude': -88.4109748899937}",(920) 924-0331,12392.365184090915,GUCm9gkG0kz3rBRM9OtdZA,https://s3-media3.fl.yelpcdn.com/bphoto/5xGQzMasObTZ5HOpTFQjTA/o.jpg,False,"{'address1': '929 E Johnson St', 'address2': None, 'address3': None, 'city': 'Fond Du Lac', 'zip_code': '54935', 'country': 'US', 'state': 'WI', 'display_address': ['929 E Johnson St', 'Fond Du Lac, WI 54935']}",McDonald's,+19209240331,$,2.5,3,[],https://www.yelp.com/biz/mcdonalds-fond-du-lac?adjust_creative=GVWAITeAe13hPk5JlriDSg&utm_campaign=yelp_api_v3&utm_medium=api_v3_business_search&utm_source=GVWAITeAe13hPk5JlriDSg
main-pub-fond-du-lac,"[{'alias': 'bars', 'title': 'Bars'}]","{'latitude': 43.7721, 'longitude': -88.44703}",(920) 924-7815,15339.025055002128,32TYkgkwmv4vNdn75FE2XQ,https://s3-media1.fl.yelpcdn.com/bphoto/oR-jV8hLh-DxrCzwWRCIJg/o.jpg,False,"{'address1': '241 S Main St', 'address2': '', 'address3': '', 'city': 'Fond du Lac', 'zip_code': '54935', 'country': 'US', 'state': 'WI', 'display_address': ['241 S Main St', 'Fond du Lac, WI 54935']}",Main Pub,+19209247815,$$,4.0,1,[],https://www.yelp.com/biz/main-pub-fond-du-lac?adjust_creative=GVWAITeAe13hPk5JlriDSg&utm_campaign=yelp_api_v3&utm_medium=api_v3_business_search&utm_source=GVWAITeAe13hPk5JlriDSg
paddys-north-pizza-pub-fond-du-lac-2,"[{'alias': 'pizza', 'title': 'Pizza'}]","{'latitude': 43.791289, 'longitude': -88.440805}",(920) 933-5055,14802.827633158187,CZ9PXQki8_2LV8iRcvm_9A,https://s3-media4.fl.yelpcdn.com/bphoto/ICwgwh-kGuH6IMAEwD8lxw/o.jpg,False,"{'address1': '160 E Scott St', 'address2': '', 'address3': None, 'city': 'Fond Du Lac', 'zip_code': '54935', 'country': 'US', 'state': 'WI', 'display_address': ['160 E Scott St', 'Fond Du Lac, WI 54935']}",Paddys North Pizza Pub,+19209335055,,2.0,5,[],https://www.yelp.com/biz/paddys-north-pizza-pub-fond-du-lac-2?adjust_creative=GVWAITeAe13hPk5JlriDSg&utm_campaign=yelp_api_v3&utm_medium=api_v3_business_search&utm_source=GVWAITeAe13hPk5JlriDSg
tiki-beach-resort-campbellsport-2,"[{'alias': 'tikibars', 'title': 'Tiki Bars'}, {'alias': 'resorts', 'title': 'Resorts'}, {'alias': 'venues', 'title': 'Venues & Event Spaces'}]","{'latitude': 43.651516, 'longitude': -88.201197}",(920) 533-8445,15488.802552333793,uVjryk1NUsSejkJhYGQ0Vg,https://s3-media1.fl.yelpcdn.com/bphoto/0ld9axYWnOrGBruf4wJmow/o.jpg,False,"{'address1': 'W921 Kettle Moraine Ln', 'address2': '', 'address3': None, 'city': 'Campbellsport', 'zip_code': '53010', 'country': 'US', 'state': 'WI', 'display_address': ['W921 Kettle Moraine Ln', 'Campbellsport, WI 53010']}",Tiki Beach Resort,+19205338445,$$,1.5,8,[],https://www.yelp.com/biz/tiki-beach-resort-campbellsport-2?adjust_creative=GVWAITeAe13hPk5JlriDSg&utm_campaign=yelp_api_v3&utm_medium=api_v3_business_search&utm_source=GVWAITeAe13hPk5JlriDSg
roosevelt-park-fond-du-lac,"[{'alias': 'parks', 'title': 'Parks'}]","{'latitude': 43.8068955980726, 'longitude': -88.4003714809661}",,11794.430834790452,AISdPRxxKmGYZZZVKIxgiA,https://s3-media2.fl.yelpcdn.com/bphoto/13MipBmWiCCKn1lUibjZYw/o.jpg,False,"{'address1': '7320 Winnebago Dr', 'address2': '', 'address3': None, 'city': 'Fond du Lac', 'zip_code': '54935', 'country': 'US', 'state': 'WI', 'display_address': ['7320 Winnebago Dr', 'Fond du Lac, WI 54935']}",Roosevelt Park,,,3.0,1,[],https://www.yelp.com/biz/roosevelt-park-fond-du-lac?adjust_creative=GVWAITeAe13hPk5JlriDSg&utm_campaign=yelp_api_v3&utm_medium=api_v3_business_search&utm_source=GVWAITeAe13hPk5JlriDSg
what-about-bobs-bar-and-grill-saint-cloud,"[{'alias': 'bars', 'title': 'Bars'}, {'alias': 'tradamerican', 'title': 'American (Traditional)'}, {'alias': 'steak', 'title': 'Steakhouses'}]","{'latitude': 43.82322, 'longitude': -88.16608}",(920) 624-1099,8415.053279768204,RbJQRY-A9U32htc9izhenQ,https://s3-media3.fl.yelpcdn.com/bphoto/29qgrRHd4hAw3jp3y32RIg/o.jpg,False,"{'address1': '1205 Main St', 'address2': None, 'address3': '', 'city': 'Saint Cloud', 'zip_code': '53079', 'country': 'US', 'state': 'WI', 'display_address': ['1205 Main St', 'Saint Cloud, WI 53079']}",What About Bob's Bar And Grill,+19206241099,$,5.0,1,[],https://www.yelp.com/biz/what-about-bobs-bar-and-grill-saint-cloud?adjust_creative=GVWAITeAe13hPk5JlriDSg&utm_campaign=yelp_api_v3&utm_medium=api_v3_business_search&utm_source=GVWAITeAe13hPk5JlriDSg
papa-murphys-fond-du-lac-2,"[{'alias': 'pizza', 'title': 'Pizza'}]","{'latitude': 43.784, 'longitude': -88.44838}",(920) 906-5050,15402.76650041255,XnMkzo_9y2eyDb66LtdC9w,,False,"{'address1': '186 N Main St', 'address2': None, 'address3': None, 'city': 'Fond Du Lac', 'zip_code': '54935', 'country': 'US', 'state': 'WI', 'display_address': ['186 N Main St', 'Fond Du Lac, WI 54935']}",Papa Murphy's,+19209065050,,2.5,3,[],https://www.yelp.com/biz/papa-murphys-fond-du-lac-2?adjust_creative=GVWAITeAe13hPk5JlriDSg&utm_campaign=yelp_api_v3&utm_medium=api_v3_business_search&utm_source=GVWAITeAe13hPk5JlriDSg
d-and-d-tavern-fond-du-lac,"[{'alias': 'bars', 'title': 'Bars'}]","{'latitude': 43.778392791748, 'longitude': -88.4593811035156}",(920) 921-9735,16292.38754326597,RTro7JWjFNAQr3fyRi5Plg,https://s3-media1.fl.yelpcdn.com/bphoto/rHqVKiYQ_pvBNvefn2ap6w/o.jpg,False,"{'address1': '334 W Division St', 'address2': '', 'address3': '', 'city': 'Fond du Lac', 'zip_code': '54935', 'country': 'US', 'state': 'WI', 'display_address': ['334 W Division St', 'Fond du Lac, WI 54935']}",D & D Tavern,+19209219735,,3.0,1,[],https://www.yelp.com/biz/d-and-d-tavern-fond-du-lac?adjust_creative=GVWAITeAe13hPk5JlriDSg&utm_campaign=yelp_api_v3&utm_medium=api_v3_business_search&utm_source=GVWAITeAe13hPk5JlriDSg
millers-pub-fond-du-lac,"[{'alias': 'bars', 'title': 'Bars'}]","{'latitude': 43.76245, 'longitude': -88.4225}",(920) 922-7077,13561.769319482291,DyWz9FrQB_4xzmLa9Q7QbQ,https://s3-media4.fl.yelpcdn.com/bphoto/eCW7xwa826h864zz3Tf-8g/o.jpg,False,"{'address1': '725 Fond Du Lac Ave', 'address2': None, 'address3': None, 'city': 'Fond du Lac', 'zip_code': '54935', 'country': 'US', 'state': 'WI', 'display_address': ['725 Fond Du Lac Ave', 'Fond du Lac, WI 54935']}",Millers Pub,+19209227077,,3.0,1,[],https://www.yelp.com/biz/millers-pub-fond-du-lac?adjust_creative=GVWAITeAe13hPk5JlriDSg&utm_campaign=yelp_api_v3&utm_medium=api_v3_business_search&utm_source=GVWAITeAe13hPk5JlriDSg
subway-fond-du-lac-7,"[{'alias': 'sandwiches', 'title': 'Sandwiches'}, {'alias': 'hotdogs', 'title': 'Fast Food'}]","{'latitude': 43.75256, 'longitude': -88.45105}",(920) 923-3100,16030.682788347742,R3ZRgrro4l4Xhr2coF4rXg,https://s3-media1.fl.yelpcdn.com/bphoto/mDYKvKK3qQAgYVuap5RpAg/o.jpg,False,"{'address1': '34 W Pioneer Rd', 'address2': '', 'address3': '', 'city': 'Fond du Lac', 'zip_code': '54935', 'country': 'US', 'state': 'WI', 'display_address': ['34 W Pioneer Rd', 'Fond du Lac, WI 54935']}",Subway,+19209233100,,3.0,1,[],https://www.yelp.com/biz/subway-fond-du-lac-7?adjust_creative=GVWAITeAe13hPk5JlriDSg&utm_campaign=yelp_api_v3&utm_medium=api_v3_business_search&utm_source=GVWAITeAe13hPk5JlriDSg
little-caesars-pizza-fond-du-lac,"[{'alias': 'pizza', 'title': 'Pizza'}]","{'latitude': 43.79258, 'longitude': -88.44717}",(920) 922-9222,15326.231336121571,GB_iic_bEjFMdOlFief_sw,https://s3-media1.fl.yelpcdn.com/bphoto/U4y-CBkiQK8KcDaJmby8Yw/o.jpg,False,"{'address1': '7 W Scott St', 'address2': '', 'address3': '', 'city': 'Fond du Lac', 'zip_code': '54935', 'country': 'US', 'state': 'WI', 'display_address': ['7 W Scott St', 'Fond du Lac, WI 54935']}",Little Caesar's Pizza,+19209229222,$$,3.0,1,[],https://www.yelp.com/biz/little-caesars-pizza-fond-du-lac?adjust_creative=GVWAITeAe13hPk5JlriDSg&utm_campaign=yelp_api_v3&utm_medium=api_v3_business_search&utm_source=GVWAITeAe13hPk5JlriDSg
sullys-of-fond-du-lac-fond-du-lac,"[{'alias': 'bars', 'title': 'Bars'}, {'alias': 'burgers', 'title': 'Burgers'}]","{'latitude': 43.7683334350586, 'longitude': -88.4477081298828}",(920) 922-0950,15448.094203004328,0L_Q_EZtXpqaLZNYlip_XQ,,False,"{'address1': '384 S Main St', 'address2': '', 'address3': '', 'city': 'Fond du Lac', 'zip_code': '54935', 'country': 'US', 'state': 'WI', 'display_address': ['384 S Main St', 'Fond du Lac, WI 54935']}",Sully's of Fond Du Lac,+19209220950,,3.0,1,[],https://www.yelp.com/biz/sullys-of-fond-du-lac-fond-du-lac?adjust_creative=GVWAITeAe13hPk5JlriDSg&utm_campaign=yelp_api_v3&utm_medium=api_v3_business_search&utm_source=GVWAITeAe13hPk5JlriDSg
ramjets-tavern-fond-du-lac,"[{'alias': 'bars', 'title': 'Bars'}]","{'latitude': 43.7797355651855, 'longitude': -88.4593048095703}",(920) 923-0095,16292.326651973723,NHXHcFoJYbaniCCkdC_KmQ,https://s3-media3.fl.yelpcdn.com/bphoto/VwY2mc5p6YF71iO2kc7xuA/o.jpg,False,"{'address1': '35 N Lincoln Ave', 'address2': '', 'address3': '', 'city': 'Fond du Lac', 'zip_code': '54935', 'country': 'US', 'state': 'WI', 'display_address': ['35 N Lincoln Ave', 'Fond du Lac, WI 54935']}",Ramjets Tavern,+19209230095,,3.0,1,[],https://www.yelp.com/biz/ramjets-tavern-fond-du-lac?adjust_creative=GVWAITeAe13hPk5JlriDSg&utm_campaign=yelp_api_v3&utm_medium=api_v3_business_search&utm_source=GVWAITeAe13hPk5JlriDSg
silver-springs-bar-and-grill-plymouth,"[{'alias': 'tradamerican', 'title': 'American (Traditional)'}, {'alias': 'salad', 'title': 'Salad'}]","{'latitude': 43.715411, 'longitude': -88.054354}",(920) 893-9700,17990.877169062678,sCgZAUxxh8w1JaVekzgNGQ,,False,"{'address1': 'W 6990 Silver Spring Ln', 'address2': '', 'address3': '', 'city': 'Plymouth', 'zip_code': '53073', 'country': 'US', 'state': 'WI', 'display_address': ['W 6990 Silver Spring Ln', 'Plymouth, WI 53073']}",Silver Springs Bar and Grill,+19208939700,,2.0,2,[],https://www.yelp.com/biz/silver-springs-bar-and-grill-plymouth?adjust_creative=GVWAITeAe13hPk5JlriDSg&utm_campaign=yelp_api_v3&utm_medium=api_v3_business_search&utm_source=GVWAITeAe13hPk5JlriDSg
bobs-pizza-fond-du-lac,"[{'alias': 'pizza', 'title': 'Pizza'}, {'alias': 'sandwiches', 'title': 'Sandwiches'}]","{'latitude': 43.78097, 'longitude': -88.446}",(920) 922-6505,15206.190500634626,Oj2JoWN-EVswCYFaneH-6w,https://s3-media2.fl.yelpcdn.com/bphoto/EoiaIpR54ebudkA3VKnr3w/o.jpg,False,"{'address1': '25 E Merrill Ave', 'address2': '', 'address3': '', 'city': 'Fond Du Lac', 'zip_code': '54935', 'country': 'US', 'state': 'WI', 'display_address': ['25 E Merrill Ave', 'Fond Du Lac, WI 54935']}",Bob's Pizza,+19209226505,,3.5,3,[],https://www.yelp.com/biz/bobs-pizza-fond-du-lac?adjust_creative=GVWAITeAe13hPk5JlriDSg&utm_campaign=yelp_api_v3&utm_medium=api_v3_business_search&utm_source=GVWAITeAe13hPk5JlriDSg
beer-run-malone,"[{'alias': 'bars', 'title': 'Bars'}]","{'latitude': 43.9143872250062, 'longitude': -88.312875777483}",(920) 670-0067,15085.651967269601,5ICGqoZUW5l-2ckZFeov2w,https://s3-media2.fl.yelpcdn.com/bphoto/9fgvVzK7xb9HzHVwKjCEYw/o.jpg,False,"{'address1': 'N10307 US Hwy 151', 'address2': '', 'address3': '', 'city': 'Malone', 'zip_code': '53049', 'country': 'US', 'state': 'WI', 'display_address': ['N10307 US Hwy 151', 'Malone, WI 53049']}",Beer Run,+19206700067,,2.0,1,[],https://www.yelp.com/biz/beer-run-malone?adjust_creative=GVWAITeAe13hPk5JlriDSg&utm_campaign=yelp_api_v3&utm_medium=api_v3_business_search&utm_source=GVWAITeAe13hPk5JlriDSg
subway-fond-du-lac-2,"[{'alias': 'sandwiches', 'title': 'Sandwiches'}, {'alias': 'hotdogs', 'title': 'Fast Food'}]","{'latitude': 43.7829818725586, 'longitude': -88.4092025756836}",(920) 923-1466,12268.728028064133,Lswh35HGt112w8meYXeRZQ,https://s3-media3.fl.yelpcdn.com/bphoto/wF0UHQeO-_dSK1os9jvaxA/o.jpg,False,"{'address1': '976 E Johnson St', 'address2': 'Ste 500', 'address3': None, 'city': 'Fond du Lac', 'zip_code': '54935', 'country': 'US', 'state': 'WI', 'display_address': ['976 E Johnson St', 'Ste 500', 'Fond du Lac, WI 54935']}",Subway,+19209231466,,5.0,1,[],https://www.yelp.com/biz/subway-fond-du-lac-2?adjust_creative=GVWAITeAe13hPk5JlriDSg&utm_campaign=yelp_api_v3&utm_medium=api_v3_business_search&utm_source=GVWAITeAe13hPk5JlriDSg
freshfit-cafe-fond-du-lac,"[{'alias': 'cafes', 'title': 'Cafes'}]","{'latitude': 43.7849784884035, 'longitude': -88.4028719730637}",(920) 907-9330,11741.59071634066,dEZLzJiLY4CnjWphHAYIhg,https://s3-media1.fl.yelpcdn.com/bphoto/YXT4UV4J1C58Bg1wRqQ7Ew/o.jpg,False,"{'address1': '1143 E Johnson St', 'address2': '', 'address3': None, 'city': 'Fond du Lac', 'zip_code': '54935', 'country': 'US', 'state': 'WI', 'display_address': ['1143 E Johnson St', 'Fond du Lac, WI 54935']}",FreshFit Cafe,+19209079330,,5.0,1,[],https://www.yelp.com/biz/freshfit-cafe-fond-du-lac?adjust_creative=GVWAITeAe13hPk5JlriDSg&utm_campaign=yelp_api_v3&utm_medium=api_v3_business_search&utm_source=GVWAITeAe13hPk5JlriDSg
the-american-legion-fond-du-lac,"[{'alias': 'venues', 'title': 'Venues & Event Spaces'}, {'alias': 'pubs', 'title': 'Pubs'}, {'alias': 'eventplanning', 'title': 'Party & Event Planning'}]","{'latitude': 43.76686, 'longitude': -88.42837}",(920) 921-8106,13964.672311605347,n9pxN1H7kqB9abCJ-KeVBQ,,False,"{'address1': '500 Fond Du Lac Ave', 'address2': '', 'address3': '', 'city': 'Fond Du Lac', 'zip_code': '54935', 'country': 'US', 'state': 'WI', 'display_address': ['500 Fond Du Lac Ave', 'Fond Du Lac, WI 54935']}",The American Legion,+19209218106,,5.0,1,[],https://www.yelp.com/biz/the-american-legion-fond-du-lac?adjust_creative=GVWAITeAe13hPk5JlriDSg&utm_campaign=yelp_api_v3&utm_medium=api_v3_business_search&utm_source=GVWAITeAe13hPk5JlriDSg
phillys-grocery-and-deli-fond-du-lac,"[{'alias': 'grocery', 'title': 'Grocery'}, {'alias': 'delis', 'title': 'Delis'}]","{'latitude': 43.7729882076181, 'longitude': -88.438889292194}",(920) 922-6130,14694.50058835501,ZBvVr9UTlKsh0rJw7_Ddcw,,False,"{'address1': '321 4th St', 'address2': '', 'address3': None, 'city': 'Fond du Lac', 'zip_code': '54935', 'country': 'US', 'state': 'WI', 'display_address': ['321 4th St', 'Fond du Lac, WI 54935']}",Philly's Grocery & Deli,+19209226130,,5.0,1,[],https://www.yelp.com/biz/phillys-grocery-and-deli-fond-du-lac?adjust_creative=GVWAITeAe13hPk5JlriDSg&utm_campaign=yelp_api_v3&utm_medium=api_v3_business_search&utm_source=GVWAITeAe13hPk5JlriDSg
three-aces-north-fond-du-lac,"[{'alias': 'bars', 'title': 'Bars'}]","{'latitude': 43.7820205688477, 'longitude': -88.4465637207031}",(920) 921-6588,15264.4410863314,lqSZXl2_KRoXHm8DQJXokA,,False,"{'address1': '111 N Main St', 'address2': '', 'address3': '', 'city': 'Fond du Lac', 'zip_code': '54935', 'country': 'US', 'state': 'WI', 'display_address': ['111 N Main St', 'Fond du Lac, WI 54935']}",Three Aces North,+19209216588,,5.0,1,[],https://www.yelp.com/biz/three-aces-north-fond-du-lac?adjust_creative=GVWAITeAe13hPk5JlriDSg&utm_campaign=yelp_api_v3&utm_medium=api_v3_business_search&utm_source=GVWAITeAe13hPk5JlriDSg
o-daveys-pub-fond-du-lac,"[{'alias': 'beer_and_wine', 'title': 'Beer, Wine & Spirits'}, {'alias': 'pubs', 'title': 'Pubs'}]","{'latitude': 43.7733764648438, 'longitude': -88.4456634521484}",,15232.251556753346,ep8kRndpz7bruuIVd65Q9A,https://s3-media2.fl.yelpcdn.com/bphoto/muo9sHQ0mXFfkfkPjFK7UA/o.jpg,False,"{'address1': '36 4th', 'address2': 'Ste et', 'address3': '', 'city': 'Fond du Lac', 'zip_code': '54935', 'country': 'US', 'state': 'WI', 'display_address': ['36 4th', 'Ste et', 'Fond du Lac, WI 54935']}",O'Davey's Pub,,$,1.0,2,[],https://www.yelp.com/biz/o-daveys-pub-fond-du-lac?adjust_creative=GVWAITeAe13hPk5JlriDSg&utm_campaign=yelp_api_v3&utm_medium=api_v3_business_search&utm_source=GVWAITeAe13hPk5JlriDSg
frenchies-sports-page-fond-du-lac,"[{'alias': 'pubs', 'title': 'Pubs'}]","{'latitude': 43.7735354785009, 'longitude': -88.4456314}",(920) 921-5190,15228.396892383715,CFVI8J-ilPdzUqajs3jCFw,,False,"{'address1': '36 Fourth St Rd', 'address2': '', 'address3': '', 'city': 'Fond Du Lac', 'zip_code': '54935', 'country': 'US', 'state': 'WI', 'display_address': ['36 Fourth St Rd', 'Fond Du Lac, WI 54935']}",Frenchie's Sports Page,+19209215190,,1.0,1,[],https://www.yelp.com/biz/frenchies-sports-page-fond-du-lac?adjust_creative=GVWAITeAe13hPk5JlriDSg&utm_campaign=yelp_api_v3&utm_medium=api_v3_business_search&utm_source=GVWAITeAe13hPk5JlriDSg
taco-bell-fond-du-lac-4,"[{'alias': 'mexican', 'title': 'Mexican'}, {'alias': 'tex-mex', 'title': 'Tex-Mex'}, {'alias': 'hotdogs', 'title': 'Fast Food'}]","{'latitude': 43.78308, 'longitude': -88.412068}",(920) 923-9990,12481.703311394267,-LPwzaQkR5_PClTzNJLw4g,https://s3-media1.fl.yelpcdn.com/bphoto/vM5TM6lJCjIPIDeXsRYf4Q/o.jpg,False,"{'address1': '892 East Johnson Street', 'address2': None, 'address3': None, 'city': 'Fond Du Lac', 'zip_code': '54935', 'country': 'US', 'state': 'WI', 'display_address': ['892 East Johnson Street', 'Fond Du Lac, WI 54935']}",Taco Bell,+19209239990,,1.5,2,[],https://www.yelp.com/biz/taco-bell-fond-du-lac-4?adjust_creative=GVWAITeAe13hPk5JlriDSg&utm_campaign=yelp_api_v3&utm_medium=api_v3_business_search&utm_source=GVWAITeAe13hPk5JlriDSg
subway-fond-du-lac-3,"[{'alias': 'sandwiches', 'title': 'Sandwiches'}, {'alias': 'hotdogs', 'title': 'Fast Food'}]","{'latitude': 43.7694244384766, 'longitude': -88.430793762207}",(920) 924-9100,14082.25590432748,rQ37hdEw-dX4DB7DTFMz4Q,,False,"{'address1': '365 Fond Du Lac Ave', 'address2': None, 'address3': None, 'city': 'Fond du Lac', 'zip_code': '54935', 'country': 'US', 'state': 'WI', 'display_address': ['365 Fond Du Lac Ave', 'Fond du Lac, WI 54935']}",Subway,+19209249100,$,1.5,2,[],https://www.yelp.com/biz/subway-fond-du-lac-3?adjust_creative=GVWAITeAe13hPk5JlriDSg&utm_campaign=yelp_api_v3&utm_medium=api_v3_business_search&utm_source=GVWAITeAe13hPk5JlriDSg
starbucks-fond-du-lac-4,"[{'alias': 'coffee', 'title': 'Coffee & Tea'}]","{'latitude': 43.784242, 'longitude': -88.405043}",(920) 579-6684,11916.189622301888,SHJks2C-j5EGUA33KtY7tQ,https://s3-media1.fl.yelpcdn.com/bphoto/sIC49jL1Hg1ZYIis6p_A_g/o.jpg,False,"{'address1': '1071 East Johnson St. #1', 'address2': '', 'address3': None, 'city': 'Fond du Lac', 'zip_code': '54935', 'country': 'US', 'state': 'WI', 'display_address': ['1071 East Johnson St. #1', 'Fond du Lac, WI 54935']}",Starbucks,+19205796684,,1.0,2,[],https://www.yelp.com/biz/starbucks-fond-du-lac-4?adjust_creative=GVWAITeAe13hPk5JlriDSg&utm_campaign=yelp_api_v3&utm_medium=api_v3_business_search&utm_source=GVWAITeAe13hPk5JlriDSg
dimos-ii-eden,"[{'alias': 'bars', 'title': 'Bars'}, {'alias': 'burgers', 'title': 'Burgers'}, {'alias': 'pizza', 'title': 'Pizza'}]","{'latitude': 43.6929142084175, 'longitude': -88.3608433976769}",(920) 477-4030,13221.638575597957,Klt_PXyABjaQLUEagZxeZg,https://s3-media2.fl.yelpcdn.com/bphoto/ybLR6bH45WnmEiwdLRb_cg/o.jpg,False,"{'address1': '143 E Main St', 'address2': '', 'address3': '', 'city': 'Eden', 'zip_code': '53019', 'country': 'US', 'state': 'WI', 'display_address': ['143 E Main St', 'Eden, WI 53019']}",Dimo's II,+19204774030,,1.0,1,[],https://www.yelp.com/biz/dimos-ii-eden?adjust_creative=GVWAITeAe13hPk5JlriDSg&utm_campaign=yelp_api_v3&utm_medium=api_v3_business_search&utm_source=GVWAITeAe13hPk5JlriDSg
