alias,categories,coordinates,display_phone,distance,id,image_url,is_closed,location,name,phone,price,rating,review_count,transactions,url
mikeys-neighborhood-bar-and-grill-plover,"[{'alias': 'bars', 'title': 'Bars'}, {'alias': 'tradamerican', 'title': 'American (Traditional)'}, {'alias': 'seafood', 'title': 'Seafood'}]","{'latitude': 44.4521775, 'longitude': -89.5224371}",(715) 544-0157,3007.135478386053,VtgPGWgq0EBqvrZNRr-VYA,https://s3-media4.fl.yelpcdn.com/bphoto/wzbOUo70IbFsEgyHvO0PuA/o.jpg,False,"{'address1': '3018 Village Park Dr', 'address2': None, 'address3': None, 'city': 'Plover', 'zip_code': '54467', 'country': 'US', 'state': 'WI', 'display_address': ['3018 Village Park Dr', 'Plover, WI 54467']}",Mikey's Neighborhood Bar & Grill,+17155440157,$$,4.5,100,[],https://www.yelp.com/biz/mikeys-neighborhood-bar-and-grill-plover?adjust_creative=GVWAITeAe13hPk5JlriDSg&utm_campaign=yelp_api_v3&utm_medium=api_v3_business_search&utm_source=GVWAITeAe13hPk5JlriDSg
christians-bistro-plover-2,"[{'alias': 'newamerican', 'title': 'American (New)'}, {'alias': 'wine_bars', 'title': 'Wine Bars'}]","{'latitude': 44.4509469779621, 'longitude': -89.5248910385387}",(715) 344-3100,2802.8335113700064,wM5ldXgS-mIUdtXPlk0HTg,https://s3-media3.fl.yelpcdn.com/bphoto/qleHqgKdxXK6TdtcqgVKiA/o.jpg,False,"{'address1': '3066 Village Park Dr', 'address2': '', 'address3': '', 'city': 'Plover', 'zip_code': '54467', 'country': 'US', 'state': 'WI', 'display_address': ['3066 Village Park Dr', 'Plover, WI 54467']}",Christian's Bistro,+17153443100,$$,4.5,72,[],https://www.yelp.com/biz/christians-bistro-plover-2?adjust_creative=GVWAITeAe13hPk5JlriDSg&utm_campaign=yelp_api_v3&utm_medium=api_v3_business_search&utm_source=GVWAITeAe13hPk5JlriDSg
a-soshel-plover,"[{'alias': 'cocktailbars', 'title': 'Cocktail Bars'}, {'alias': 'mediterranean', 'title': 'Mediterranean'}]","{'latitude': 44.4515975, 'longitude': -89.5231329}",(715) 997-9500,2910.3054812892897,EwNSfyynS43-lRw0fi0s7g,https://s3-media3.fl.yelpcdn.com/bphoto/wHDiQZu0kxmKX704mbswNg/o.jpg,False,"{'address1': '3056 Village Park Dr', 'address2': '', 'address3': None, 'city': 'Plover', 'zip_code': '54467', 'country': 'US', 'state': 'WI', 'display_address': ['3056 Village Park Dr', 'Plover, WI 54467']}",A-Soshel,+17159979500,$$,4.5,31,[],https://www.yelp.com/biz/a-soshel-plover?adjust_creative=GVWAITeAe13hPk5JlriDSg&utm_campaign=yelp_api_v3&utm_medium=api_v3_business_search&utm_source=GVWAITeAe13hPk5JlriDSg
o-so-brewing-company-plover,"[{'alias': 'bars', 'title': 'Bars'}, {'alias': 'breweries', 'title': 'Breweries'}, {'alias': 'tours', 'title': 'Tours'}]","{'latitude': 44.4519319059382, 'longitude': -89.5244949397744}",(715) 254-2163,2916.007614562934,2A1GhMh2c-KIWN3QBwkzBA,https://s3-media3.fl.yelpcdn.com/bphoto/rwjr0G9PDNzJw1fgfI8iww/o.jpg,False,"{'address1': '3028 Village Park Dr', 'address2': '', 'address3': '', 'city': 'Plover', 'zip_code': '54467', 'country': 'US', 'state': 'WI', 'display_address': ['3028 Village Park Dr', 'Plover, WI 54467']}",O'so Brewing Company,+17152542163,$$,4.5,25,[],https://www.yelp.com/biz/o-so-brewing-company-plover?adjust_creative=GVWAITeAe13hPk5JlriDSg&utm_campaign=yelp_api_v3&utm_medium=api_v3_business_search&utm_source=GVWAITeAe13hPk5JlriDSg
samouens-happy-wok-plover,"[{'alias': 'thai', 'title': 'Thai'}, {'alias': 'sushi', 'title': 'Sushi Bars'}, {'alias': 'noodles', 'title': 'Noodles'}]","{'latitude': 44.4543876647949, 'longitude': -89.5214614868164}",(715) 544-4044,3269.252391434562,Y5iQ_Z4nkW7COq8ledVO8A,https://s3-media3.fl.yelpcdn.com/bphoto/zzbJiQMJPzpe9hCeALC76Q/o.jpg,False,"{'address1': '1540 Plover Rd', 'address2': '', 'address3': '', 'city': 'Plover', 'zip_code': '54467', 'country': 'US', 'state': 'WI', 'display_address': ['1540 Plover Rd', 'Plover, WI 54467']}",Samouen's Happy Wok,+17155444044,$$,4.0,36,[],https://www.yelp.com/biz/samouens-happy-wok-plover?adjust_creative=GVWAITeAe13hPk5JlriDSg&utm_campaign=yelp_api_v3&utm_medium=api_v3_business_search&utm_source=GVWAITeAe13hPk5JlriDSg
matsu-ya-sushi-and-grill-stevens-point,"[{'alias': 'sushi', 'title': 'Sushi Bars'}, {'alias': 'japanese', 'title': 'Japanese'}, {'alias': 'bars', 'title': 'Bars'}]","{'latitude': 44.52415, 'longitude': -89.50343}",(715) 341-8893,11083.609159637492,LOoX9XNGot2yf1lf395Gfg,https://s3-media2.fl.yelpcdn.com/bphoto/x_v1IpGynYIfIdTD23lRBw/o.jpg,False,"{'address1': '5725 Windy Dr', 'address2': 'Ste A', 'address3': None, 'city': 'Stevens Point', 'zip_code': '54482', 'country': 'US', 'state': 'WI', 'display_address': ['5725 Windy Dr', 'Ste A', 'Stevens Point, WI 54482']}",Matsu Ya Sushi & Grill,+17153418893,$$,4.5,90,[],https://www.yelp.com/biz/matsu-ya-sushi-and-grill-stevens-point?adjust_creative=GVWAITeAe13hPk5JlriDSg&utm_campaign=yelp_api_v3&utm_medium=api_v3_business_search&utm_source=GVWAITeAe13hPk5JlriDSg
paradise-bar-and-grill-plover,"[{'alias': 'tradamerican', 'title': 'American (Traditional)'}]","{'latitude': 44.44812, 'longitude': -89.54332}",(715) 341-1755,2298.923703008744,zehJfb0ZcokumEb3BMV_FQ,https://s3-media3.fl.yelpcdn.com/bphoto/W66SuXYi7JaOPCly-i8rgw/o.jpg,False,"{'address1': '3401 Post Rd', 'address2': None, 'address3': None, 'city': 'Plover', 'zip_code': '54467', 'country': 'US', 'state': 'WI', 'display_address': ['3401 Post Rd', 'Plover, WI 54467']}",Paradise Bar & Grill,+17153411755,$$,4.0,25,[],https://www.yelp.com/biz/paradise-bar-and-grill-plover?adjust_creative=GVWAITeAe13hPk5JlriDSg&utm_campaign=yelp_api_v3&utm_medium=api_v3_business_search&utm_source=GVWAITeAe13hPk5JlriDSg
father-fats-public-house-stevens-point,"[{'alias': 'newamerican', 'title': 'American (New)'}, {'alias': 'cocktailbars', 'title': 'Cocktail Bars'}]","{'latitude': 44.52229, 'longitude': -89.58501}",(715) 544-4054,11153.545808529847,VzizrOlJZ_Dg0tOSx1gfQQ,https://s3-media2.fl.yelpcdn.com/bphoto/7G1PE8XE0jgyr1Os0jy0_g/o.jpg,False,"{'address1': '945 Clark St', 'address2': '', 'address3': '', 'city': 'Stevens Point', 'zip_code': '54481', 'country': 'US', 'state': 'WI', 'display_address': ['945 Clark St', 'Stevens Point, WI 54481']}",Father Fats Public House,+17155444054,$$,4.5,82,[],https://www.yelp.com/biz/father-fats-public-house-stevens-point?adjust_creative=GVWAITeAe13hPk5JlriDSg&utm_campaign=yelp_api_v3&utm_medium=api_v3_business_search&utm_source=GVWAITeAe13hPk5JlriDSg
belts-soft-serv-stevens-point,"[{'alias': 'icecream', 'title': 'Ice Cream & Frozen Yogurt'}]","{'latitude': 44.515707, 'longitude': -89.575005}",(715) 344-0049,10202.797172121174,IH2t-FwBu6H8pDr2Yyym4w,https://s3-media3.fl.yelpcdn.com/bphoto/-PfovAGPc26Z9CyAdU9-hQ/o.jpg,False,"{'address1': '2140 Division St', 'address2': '', 'address3': '', 'city': 'Stevens Point', 'zip_code': '54481', 'country': 'US', 'state': 'WI', 'display_address': ['2140 Division St', 'Stevens Point, WI 54481']}",Belt's Soft Serv,+17153440049,$,4.5,51,[],https://www.yelp.com/biz/belts-soft-serv-stevens-point?adjust_creative=GVWAITeAe13hPk5JlriDSg&utm_campaign=yelp_api_v3&utm_medium=api_v3_business_search&utm_source=GVWAITeAe13hPk5JlriDSg
point-after-pub-and-grill-stevens-point,"[{'alias': 'newamerican', 'title': 'American (New)'}, {'alias': 'pubs', 'title': 'Pubs'}]","{'latitude': 44.5278, 'longitude': -89.58549}",(715) 344-7222,11740.146318520154,M4ppCz-HRkbt312-VHIZiw,https://s3-media3.fl.yelpcdn.com/bphoto/Lp5hdNRza-GvREIyiBMbbA/o.jpg,False,"{'address1': '801 2nd St', 'address2': '', 'address3': '', 'city': 'Stevens Point', 'zip_code': '54481', 'country': 'US', 'state': 'WI', 'display_address': ['801 2nd St', 'Stevens Point, WI 54481']}",Point After Pub & Grill,+17153447222,$,4.5,55,[],https://www.yelp.com/biz/point-after-pub-and-grill-stevens-point?adjust_creative=GVWAITeAe13hPk5JlriDSg&utm_campaign=yelp_api_v3&utm_medium=api_v3_business_search&utm_source=GVWAITeAe13hPk5JlriDSg
the-wooden-chair-stevens-point,"[{'alias': 'breakfast_brunch', 'title': 'Breakfast & Brunch'}]","{'latitude': 44.5231552124023, 'longitude': -89.583381652832}",(715) 341-1133,11210.037111873648,0MfMGmDu7W645mgXeFk36A,https://s3-media3.fl.yelpcdn.com/bphoto/ujC4ZhwhHoEMOUA7jZJ9AA/o.jpg,False,"{'address1': '1059 Main St', 'address2': '', 'address3': '', 'city': 'Stevens Point', 'zip_code': '54481', 'country': 'US', 'state': 'WI', 'display_address': ['1059 Main St', 'Stevens Point, WI 54481']}",The Wooden Chair,+17153411133,$,4.0,76,[],https://www.yelp.com/biz/the-wooden-chair-stevens-point?adjust_creative=GVWAITeAe13hPk5JlriDSg&utm_campaign=yelp_api_v3&utm_medium=api_v3_business_search&utm_source=GVWAITeAe13hPk5JlriDSg
hilltop-pub-and-grill-stevens-point-2,"[{'alias': 'pubs', 'title': 'Pubs'}, {'alias': 'tradamerican', 'title': 'American (Traditional)'}]","{'latitude': 44.52311, 'longitude': -89.53307}",(715) 341-3037,10618.020585328004,usNFRCnEG6zlTFT69Z4faw,https://s3-media2.fl.yelpcdn.com/bphoto/DOshwMvxEe7vla37VRG6qA/o.jpg,False,"{'address1': '4901 Main St', 'address2': '', 'address3': '', 'city': 'Stevens Point', 'zip_code': '54481', 'country': 'US', 'state': 'WI', 'display_address': ['4901 Main St', 'Stevens Point, WI 54481']}",Hilltop Pub & Grill,+17153413037,$$,3.5,109,[],https://www.yelp.com/biz/hilltop-pub-and-grill-stevens-point-2?adjust_creative=GVWAITeAe13hPk5JlriDSg&utm_campaign=yelp_api_v3&utm_medium=api_v3_business_search&utm_source=GVWAITeAe13hPk5JlriDSg
zest-bakery-and-coffeehouse-stevens-point,"[{'alias': 'coffee', 'title': 'Coffee & Tea'}, {'alias': 'bakeries', 'title': 'Bakeries'}]","{'latitude': 44.52916, 'longitude': -89.573875}",(715) 344-6185,11627.9030982125,k4r0aexgDn7cCjX7_0p5fA,https://s3-media3.fl.yelpcdn.com/bphoto/HDn991Mg2ALXFi3gel8koQ/o.jpg,False,"{'address1': '624 Isadore St', 'address2': None, 'address3': '', 'city': 'Stevens Point', 'zip_code': '54481', 'country': 'US', 'state': 'WI', 'display_address': ['624 Isadore St', 'Stevens Point, WI 54481']}",Zest Bakery and Coffeehouse,+17153446185,$,4.5,31,[],https://www.yelp.com/biz/zest-bakery-and-coffeehouse-stevens-point?adjust_creative=GVWAITeAe13hPk5JlriDSg&utm_campaign=yelp_api_v3&utm_medium=api_v3_business_search&utm_source=GVWAITeAe13hPk5JlriDSg
king-cone-plover,"[{'alias': 'icecream', 'title': 'Ice Cream & Frozen Yogurt'}]","{'latitude': 44.459687, 'longitude': -89.542981}",(715) 345-1855,3572.760366792878,7X1vusGShdEtmolDZ3H-pw,https://s3-media3.fl.yelpcdn.com/bphoto/MUljmuwwOXQt6DTc7a74Pw/o.jpg,False,"{'address1': '2534 Post Rd', 'address2': '', 'address3': '', 'city': 'Plover', 'zip_code': '54467', 'country': 'US', 'state': 'WI', 'display_address': ['2534 Post Rd', 'Plover, WI 54467']}",King Cone,+17153451855,$,4.5,9,[],https://www.yelp.com/biz/king-cone-plover?adjust_creative=GVWAITeAe13hPk5JlriDSg&utm_campaign=yelp_api_v3&utm_medium=api_v3_business_search&utm_source=GVWAITeAe13hPk5JlriDSg
emy-js-coffee-house-and-cafe-stevens-point,"[{'alias': 'coffee', 'title': 'Coffee & Tea'}, {'alias': 'breakfast_brunch', 'title': 'Breakfast & Brunch'}, {'alias': 'burgers', 'title': 'Burgers'}]","{'latitude': 44.52589, 'longitude': -89.5862}",(715) 345-0471,11564.4259816049,bCs1KjJYwkG4XaIiMh8wlg,https://s3-media4.fl.yelpcdn.com/bphoto/Yv3EKm0-nKzktpWWHpLybQ/o.jpg,False,"{'address1': '1009 1st St', 'address2': '', 'address3': '', 'city': 'Stevens Point', 'zip_code': '54481', 'country': 'US', 'state': 'WI', 'display_address': ['1009 1st St', 'Stevens Point, WI 54481']}",Emy J's Coffee House & Cafe,+17153450471,$,4.0,47,[],https://www.yelp.com/biz/emy-js-coffee-house-and-cafe-stevens-point?adjust_creative=GVWAITeAe13hPk5JlriDSg&utm_campaign=yelp_api_v3&utm_medium=api_v3_business_search&utm_source=GVWAITeAe13hPk5JlriDSg
south-point-restaurant-stevens-point,"[{'alias': 'tradamerican', 'title': 'American (Traditional)'}]","{'latitude': 44.5058999, 'longitude': -89.5672}",(715) 341-2340,8986.083888572919,7VfuYnqJvOrTOrrUiiL5BA,https://s3-media3.fl.yelpcdn.com/bphoto/A3sNVFZx4g_H-vuiMjS9PQ/o.jpg,False,"{'address1': '3057 Church St', 'address2': '', 'address3': '', 'city': 'Stevens Point', 'zip_code': '54481', 'country': 'US', 'state': 'WI', 'display_address': ['3057 Church St', 'Stevens Point, WI 54481']}",South Point Restaurant,+17153412340,$,4.0,43,[],https://www.yelp.com/biz/south-point-restaurant-stevens-point?adjust_creative=GVWAITeAe13hPk5JlriDSg&utm_campaign=yelp_api_v3&utm_medium=api_v3_business_search&utm_source=GVWAITeAe13hPk5JlriDSg
point-market-and-vietnamese-restaurant-stevens-point-2,"[{'alias': 'vietnamese', 'title': 'Vietnamese'}]","{'latitude': 44.49748, 'longitude': -89.55919}",(715) 345-1311,7935.932405291851,qSVg4egA_nR7QR7wPZdubw,https://s3-media4.fl.yelpcdn.com/bphoto/wWYoAQ1XFZ_ZSH3opNuDUg/o.jpg,False,"{'address1': '3511 Church St', 'address2': '', 'address3': '', 'city': 'Stevens Point', 'zip_code': '54481', 'country': 'US', 'state': 'WI', 'display_address': ['3511 Church St', 'Stevens Point, WI 54481']}",Point Market & Vietnamese Restaurant,+17153451311,$,4.0,30,[],https://www.yelp.com/biz/point-market-and-vietnamese-restaurant-stevens-point-2?adjust_creative=GVWAITeAe13hPk5JlriDSg&utm_campaign=yelp_api_v3&utm_medium=api_v3_business_search&utm_source=GVWAITeAe13hPk5JlriDSg
cozy-kitchen-stevens-point,"[{'alias': 'diners', 'title': 'Diners'}, {'alias': 'breakfast_brunch', 'title': 'Breakfast & Brunch'}, {'alias': 'tradamerican', 'title': 'American (Traditional)'}]","{'latitude': 44.5227099, 'longitude': -89.58502}",(715) 344-8620,11186.20086112344,6pVE7q5AGVlomiTaG5Upng,https://s3-media2.fl.yelpcdn.com/bphoto/1-4h4fgwOvpK9XAqK15mKw/o.jpg,False,"{'address1': '1338 3rd St', 'address2': '', 'address3': '', 'city': 'Stevens Point', 'zip_code': '54481', 'country': 'US', 'state': 'WI', 'display_address': ['1338 3rd St', 'Stevens Point, WI 54481']}",Cozy Kitchen,+17153448620,$,4.5,23,['pickup'],https://www.yelp.com/biz/cozy-kitchen-stevens-point?adjust_creative=GVWAITeAe13hPk5JlriDSg&utm_campaign=yelp_api_v3&utm_medium=api_v3_business_search&utm_source=GVWAITeAe13hPk5JlriDSg
four-star-family-restaurant-plover,"[{'alias': 'tradamerican', 'title': 'American (Traditional)'}]","{'latitude': 44.429411, 'longitude': -89.516092}",(715) 341-1832,1795.2250463678888,SD5a13VN7_Nf1zxa0rJHpw,https://s3-media1.fl.yelpcdn.com/bphoto/boJUdWq0evbHZCycdmKMfw/o.jpg,False,"{'address1': '5261 State Highway 54', 'address2': '', 'address3': '', 'city': 'Plover', 'zip_code': '54467', 'country': 'US', 'state': 'WI', 'display_address': ['5261 State Highway 54', 'Plover, WI 54467']}",Four Star Family Restaurant,+17153411832,$,4.5,7,[],https://www.yelp.com/biz/four-star-family-restaurant-plover?adjust_creative=GVWAITeAe13hPk5JlriDSg&utm_campaign=yelp_api_v3&utm_medium=api_v3_business_search&utm_source=GVWAITeAe13hPk5JlriDSg
politos-pizza-stevens-point,"[{'alias': 'pizza', 'title': 'Pizza'}, {'alias': 'sandwiches', 'title': 'Sandwiches'}]","{'latitude': 44.5235349, 'longitude': -89.5847799}",(715) 341-9980,11262.064207582764,5M7WnzsEAr_run8R4yCKdA,https://s3-media3.fl.yelpcdn.com/bphoto/g172MQXa7uDsii-gEgX7AQ/o.jpg,False,"{'address1': '960 Main St', 'address2': '', 'address3': '', 'city': 'Stevens Point', 'zip_code': '54481', 'country': 'US', 'state': 'WI', 'display_address': ['960 Main St', 'Stevens Point, WI 54481']}",Polito's Pizza,+17153419980,$,4.0,40,[],https://www.yelp.com/biz/politos-pizza-stevens-point?adjust_creative=GVWAITeAe13hPk5JlriDSg&utm_campaign=yelp_api_v3&utm_medium=api_v3_business_search&utm_source=GVWAITeAe13hPk5JlriDSg
mission-coffee-house-plover,"[{'alias': 'cafes', 'title': 'Cafes'}, {'alias': 'coffee', 'title': 'Coffee & Tea'}, {'alias': 'bakeries', 'title': 'Bakeries'}]","{'latitude': 44.454738, 'longitude': -89.54354}",(715) 544-0730,3031.0355156676483,d8PBOip3RqSQnH31k5ELXA,https://s3-media4.fl.yelpcdn.com/bphoto/e1TbBTeZwMgPYrmM993phQ/o.jpg,False,"{'address1': '2860 Post Rd', 'address2': None, 'address3': '', 'city': 'Plover', 'zip_code': '54467', 'country': 'US', 'state': 'WI', 'display_address': ['2860 Post Rd', 'Plover, WI 54467']}",Mission Coffee House,+17155440730,$,4.0,9,[],https://www.yelp.com/biz/mission-coffee-house-plover?adjust_creative=GVWAITeAe13hPk5JlriDSg&utm_campaign=yelp_api_v3&utm_medium=api_v3_business_search&utm_source=GVWAITeAe13hPk5JlriDSg
the-bamboo-house-plover-2,"[{'alias': 'japanese', 'title': 'Japanese'}, {'alias': 'asianfusion', 'title': 'Asian Fusion'}, {'alias': 'sushi', 'title': 'Sushi Bars'}]","{'latitude': 44.4522987571205, 'longitude': -89.5248069611675}",(715) 342-0988,2944.438622741339,_YKEEXjoLop5UQn_J2rC8Q,https://s3-media2.fl.yelpcdn.com/bphoto/E3j7rt06rjjF3bQzVrfIwA/o.jpg,False,"{'address1': '3012 Village Park Dr', 'address2': '', 'address3': '', 'city': 'Plover', 'zip_code': '54467', 'country': 'US', 'state': 'WI', 'display_address': ['3012 Village Park Dr', 'Plover, WI 54467']}",The Bamboo House,+17153420988,$$,3.0,36,[],https://www.yelp.com/biz/the-bamboo-house-plover-2?adjust_creative=GVWAITeAe13hPk5JlriDSg&utm_campaign=yelp_api_v3&utm_medium=api_v3_business_search&utm_source=GVWAITeAe13hPk5JlriDSg
ranchito-mexican-restaurant-stevens-point,"[{'alias': 'mexican', 'title': 'Mexican'}]","{'latitude': 44.49776, 'longitude': -89.56139}",(715) 344-5185,7984.5216147557585,x3bQpHSWDYvxcimV-z8FbQ,https://s3-media3.fl.yelpcdn.com/bphoto/LOUUBxTColCqNwhh_USF9Q/o.jpg,False,"{'address1': '3462 Church St', 'address2': '', 'address3': '', 'city': 'Stevens Point', 'zip_code': '54481', 'country': 'US', 'state': 'WI', 'display_address': ['3462 Church St', 'Stevens Point, WI 54481']}",Ranchito Mexican Restaurant,+17153445185,$$,3.5,27,[],https://www.yelp.com/biz/ranchito-mexican-restaurant-stevens-point?adjust_creative=GVWAITeAe13hPk5JlriDSg&utm_campaign=yelp_api_v3&utm_medium=api_v3_business_search&utm_source=GVWAITeAe13hPk5JlriDSg
guus-on-main-stevens-point,"[{'alias': 'bars', 'title': 'Bars'}, {'alias': 'tradamerican', 'title': 'American (Traditional)'}]","{'latitude': 44.52368, 'longitude': -89.58275}",(715) 344-3200,11169.059247839205,Sm9e9HY4LkdTNfJ4EhTgug,https://s3-media1.fl.yelpcdn.com/bphoto/Cj3A4PJ_5_ICHFUjNuQGNg/o.jpg,False,"{'address1': '1140 Main St', 'address2': '', 'address3': '', 'city': 'Stevens Point', 'zip_code': '54481', 'country': 'US', 'state': 'WI', 'display_address': ['1140 Main St', 'Stevens Point, WI 54481']}",Guu's On Main,+17153443200,$$,4.0,37,[],https://www.yelp.com/biz/guus-on-main-stevens-point?adjust_creative=GVWAITeAe13hPk5JlriDSg&utm_campaign=yelp_api_v3&utm_medium=api_v3_business_search&utm_source=GVWAITeAe13hPk5JlriDSg
wicked-willow-stevens-point,"[{'alias': 'vegan', 'title': 'Vegan'}, {'alias': 'vegetarian', 'title': 'Vegetarian'}]","{'latitude': 44.5233098160305, 'longitude': -89.58291079849}",(715) 544-1919,11197.066914951283,lD6wnjcF0RdV0h8pw8XxpQ,https://s3-media3.fl.yelpcdn.com/bphoto/z1jqFwqTgOrqhVp0MtBNwA/o.jpg,False,"{'address1': '1137 Main St', 'address2': '', 'address3': None, 'city': 'Stevens Point', 'zip_code': '54481', 'country': 'US', 'state': 'WI', 'display_address': ['1137 Main St', 'Stevens Point, WI 54481']}",Wicked Willow,+17155441919,$$,4.0,22,[],https://www.yelp.com/biz/wicked-willow-stevens-point?adjust_creative=GVWAITeAe13hPk5JlriDSg&utm_campaign=yelp_api_v3&utm_medium=api_v3_business_search&utm_source=GVWAITeAe13hPk5JlriDSg
rustys-backwater-saloon-stevens-point,"[{'alias': 'beerbar', 'title': 'Beer Bar'}]","{'latitude': 44.4645781069994, 'longitude': -89.6444450318813}",(715) 341-2490,9126.361053248971,GDjnLtdxMz0Opfn1QycAqQ,https://s3-media4.fl.yelpcdn.com/bphoto/BorVLQ3SwWPjELBkIQR6Jg/o.jpg,False,"{'address1': '1715 W River Dr W', 'address2': '', 'address3': '', 'city': 'Stevens Point', 'zip_code': '54481', 'country': 'US', 'state': 'WI', 'display_address': ['1715 W River Dr W', 'Stevens Point, WI 54481']}",Rusty's Backwater Saloon,+17153412490,$,4.5,13,[],https://www.yelp.com/biz/rustys-backwater-saloon-stevens-point?adjust_creative=GVWAITeAe13hPk5JlriDSg&utm_campaign=yelp_api_v3&utm_medium=api_v3_business_search&utm_source=GVWAITeAe13hPk5JlriDSg
habibis-gyros-and-kabob-house-stevens-point,"[{'alias': 'greek', 'title': 'Greek'}, {'alias': 'mediterranean', 'title': 'Mediterranean'}]","{'latitude': 44.52329, 'longitude': -89.58243}",(715) 341-5411,11183.603647721362,jtK53WjzleLPjeUH8Ovh6Q,https://s3-media1.fl.yelpcdn.com/bphoto/htDVn209z1PvNWBpJnqEGQ/o.jpg,False,"{'address1': '1157 Main St', 'address2': '', 'address3': '', 'city': 'Stevens Point', 'zip_code': '54481', 'country': 'US', 'state': 'WI', 'display_address': ['1157 Main St', 'Stevens Point, WI 54481']}",Habibi's Gyros and Kabob House,+17153415411,$$,3.5,45,[],https://www.yelp.com/biz/habibis-gyros-and-kabob-house-stevens-point?adjust_creative=GVWAITeAe13hPk5JlriDSg&utm_campaign=yelp_api_v3&utm_medium=api_v3_business_search&utm_source=GVWAITeAe13hPk5JlriDSg
grazies-italian-grill-stevens-point,"[{'alias': 'italian', 'title': 'Italian'}, {'alias': 'pizza', 'title': 'Pizza'}]","{'latitude': 44.5226783752441, 'longitude': -89.5226058959961}",(715) 345-7808,10636.936841719638,rupOoupePtXdViDCPQLnBg,https://s3-media2.fl.yelpcdn.com/bphoto/bMi6XWVKaO_UV4N8CE0HZA/o.jpg,False,"{'address1': '5327 US Hwy 10 E', 'address2': '', 'address3': '', 'city': 'Stevens Point', 'zip_code': '54482', 'country': 'US', 'state': 'WI', 'display_address': ['5327 US Hwy 10 E', 'Stevens Point, WI 54482']}",Grazies Italian Grill,+17153457808,$$,3.0,59,[],https://www.yelp.com/biz/grazies-italian-grill-stevens-point?adjust_creative=GVWAITeAe13hPk5JlriDSg&utm_campaign=yelp_api_v3&utm_medium=api_v3_business_search&utm_source=GVWAITeAe13hPk5JlriDSg
el-mezcal-stevens-point,"[{'alias': 'mexican', 'title': 'Mexican'}]","{'latitude': 44.5253531364271, 'longitude': -89.5026472221012}",(715) 342-1521,11225.278646415725,aykZmxlzHapeshrprosi_g,https://s3-media3.fl.yelpcdn.com/bphoto/uV3EXKLYvUbQhG8abuMJFw/o.jpg,False,"{'address1': '5720 Windy Dr', 'address2': '', 'address3': '', 'city': 'Stevens Point', 'zip_code': '54481', 'country': 'US', 'state': 'WI', 'display_address': ['5720 Windy Dr', 'Stevens Point, WI 54481']}",El Mezcal,+17153421521,$,3.5,47,[],https://www.yelp.com/biz/el-mezcal-stevens-point?adjust_creative=GVWAITeAe13hPk5JlriDSg&utm_campaign=yelp_api_v3&utm_medium=api_v3_business_search&utm_source=GVWAITeAe13hPk5JlriDSg
green-tea-restaurant-stevens-point,"[{'alias': 'chinese', 'title': 'Chinese'}]","{'latitude': 44.5232699, 'longitude': -89.58398}",(715) 345-2898,11224.527690940373,jODhwpJ-cn0ofBWW54XEqg,https://s3-media3.fl.yelpcdn.com/bphoto/AKOOmRXuIbx06rQHdREeRQ/o.jpg,False,"{'address1': '1035 Main St', 'address2': '', 'address3': '', 'city': 'Stevens Point', 'zip_code': '54481', 'country': 'US', 'state': 'WI', 'display_address': ['1035 Main St', 'Stevens Point, WI 54481']}",Green Tea Restaurant,+17153452898,$,3.5,43,[],https://www.yelp.com/biz/green-tea-restaurant-stevens-point?adjust_creative=GVWAITeAe13hPk5JlriDSg&utm_campaign=yelp_api_v3&utm_medium=api_v3_business_search&utm_source=GVWAITeAe13hPk5JlriDSg
sky-club-supper-club-plover,"[{'alias': 'tradamerican', 'title': 'American (Traditional)'}, {'alias': 'supperclubs', 'title': 'Supper Clubs'}]","{'latitude': 44.46502, 'longitude': -89.54415}",(715) 341-4000,4153.382027804887,Qkaqxg0p_6qQlPwJq3uczA,https://s3-media1.fl.yelpcdn.com/bphoto/ibnTuUWuNMr-rzq0_5zgRQ/o.jpg,False,"{'address1': '2202 Post Rd', 'address2': '', 'address3': '', 'city': 'Plover', 'zip_code': '54467', 'country': 'US', 'state': 'WI', 'display_address': ['2202 Post Rd', 'Plover, WI 54467']}",Sky Club Supper Club,+17153414000,$$,2.5,33,[],https://www.yelp.com/biz/sky-club-supper-club-plover?adjust_creative=GVWAITeAe13hPk5JlriDSg&utm_campaign=yelp_api_v3&utm_medium=api_v3_business_search&utm_source=GVWAITeAe13hPk5JlriDSg
chilis-plover,"[{'alias': 'bars', 'title': 'Bars'}, {'alias': 'tex-mex', 'title': 'Tex-Mex'}, {'alias': 'tradamerican', 'title': 'American (Traditional)'}]","{'latitude': 44.496385, 'longitude': -89.514331}",(715) 295-0156,7874.865451617842,ry92ubjVK4EsdyZcMiDf8Q,https://s3-media1.fl.yelpcdn.com/bphoto/XIVzMpisl3HZcoTr76ZuWw/o.jpg,False,"{'address1': '165 Crossroads Dr', 'address2': None, 'address3': None, 'city': 'Plover', 'zip_code': '54467', 'country': 'US', 'state': 'WI', 'display_address': ['165 Crossroads Dr', 'Plover, WI 54467']}",Chili's,+17152950156,$$,3.5,27,[],https://www.yelp.com/biz/chilis-plover?adjust_creative=GVWAITeAe13hPk5JlriDSg&utm_campaign=yelp_api_v3&utm_medium=api_v3_business_search&utm_source=GVWAITeAe13hPk5JlriDSg
amber-grill-stevens-point,"[{'alias': 'tradamerican', 'title': 'American (Traditional)'}, {'alias': 'newamerican', 'title': 'American (New)'}, {'alias': 'sandwiches', 'title': 'Sandwiches'}]","{'latitude': 44.5254905034453, 'longitude': -89.5046494997089}",(715) 344-9808,11200.818261035036,sC3ZBIEiIpu4B9XUW4VoJw,https://s3-media2.fl.yelpcdn.com/bphoto/miCEo2NGQouoPc_8EbaQ1w/o.jpg,False,"{'address1': '1001 Amber Ave', 'address2': None, 'address3': None, 'city': 'Stevens Point', 'zip_code': '54482', 'country': 'US', 'state': 'WI', 'display_address': ['1001 Amber Ave', 'Stevens Point, WI 54482']}",Amber Grill,+17153449808,$$,3.5,40,[],https://www.yelp.com/biz/amber-grill-stevens-point?adjust_creative=GVWAITeAe13hPk5JlriDSg&utm_campaign=yelp_api_v3&utm_medium=api_v3_business_search&utm_source=GVWAITeAe13hPk5JlriDSg
bills-pizza-shop-stevens-point,"[{'alias': 'pizza', 'title': 'Pizza'}]","{'latitude': 44.5231, 'longitude': -89.58329}",(715) 344-9557,11174.138144856734,hUDUq0LKjvJpT7BdQ790Kg,https://s3-media3.fl.yelpcdn.com/bphoto/wLkMYlNuVmRIbxdFBAa5tA/o.jpg,False,"{'address1': '1101 Main St', 'address2': '', 'address3': '', 'city': 'Stevens Point', 'zip_code': '54481', 'country': 'US', 'state': 'WI', 'display_address': ['1101 Main St', 'Stevens Point, WI 54481']}",Bill's Pizza Shop,+17153449557,$$,3.5,33,[],https://www.yelp.com/biz/bills-pizza-shop-stevens-point?adjust_creative=GVWAITeAe13hPk5JlriDSg&utm_campaign=yelp_api_v3&utm_medium=api_v3_business_search&utm_source=GVWAITeAe13hPk5JlriDSg
on-the-go-gyro-plover,"[{'alias': 'greek', 'title': 'Greek'}, {'alias': 'burgers', 'title': 'Burgers'}, {'alias': 'mediterranean', 'title': 'Mediterranean'}]","{'latitude': 44.454, 'longitude': -89.5462}",(715) 544-4976,2985.259942744024,ASbULJWhiNZ80us_VoR6Gw,https://s3-media2.fl.yelpcdn.com/bphoto/BuQA-Xj74NVjiuPUg1u-Lg/o.jpg,False,"{'address1': '2810 Plover Rd', 'address2': '', 'address3': '', 'city': 'Plover', 'zip_code': '54467', 'country': 'US', 'state': 'WI', 'display_address': ['2810 Plover Rd', 'Plover, WI 54467']}",On The Go Gyro,+17155444976,,4.5,6,[],https://www.yelp.com/biz/on-the-go-gyro-plover?adjust_creative=GVWAITeAe13hPk5JlriDSg&utm_campaign=yelp_api_v3&utm_medium=api_v3_business_search&utm_source=GVWAITeAe13hPk5JlriDSg
starbucks-plover,"[{'alias': 'coffee', 'title': 'Coffee & Tea'}]","{'latitude': 44.496891, 'longitude': -89.513002}",(715) 295-9641,7955.6838093728875,R4Y6XM13uDFwBS47z7MErA,https://s3-media4.fl.yelpcdn.com/bphoto/zFlW4ulq1zA8-VWf7r_jOw/o.jpg,False,"{'address1': '120 Crossroads Dr', 'address2': None, 'address3': None, 'city': 'Plover', 'zip_code': '54467', 'country': 'US', 'state': 'WI', 'display_address': ['120 Crossroads Dr', 'Plover, WI 54467']}",Starbucks,+17152959641,$$,4.0,10,[],https://www.yelp.com/biz/starbucks-plover?adjust_creative=GVWAITeAe13hPk5JlriDSg&utm_campaign=yelp_api_v3&utm_medium=api_v3_business_search&utm_source=GVWAITeAe13hPk5JlriDSg
micheles-restaurant-and-catering-stevens-point-3,"[{'alias': 'seafood', 'title': 'Seafood'}, {'alias': 'steak', 'title': 'Steakhouses'}, {'alias': 'fishnchips', 'title': 'Fish & Chips'}]","{'latitude': 44.53035, 'longitude': -89.574455}",(715) 341-3363,11762.619682688917,vExjsAANwVOx-82lUUs3Hw,https://s3-media2.fl.yelpcdn.com/bphoto/nOHnZo1eLsZlEq6rBA8wpg/o.jpg,False,"{'address1': '513 Division St', 'address2': '', 'address3': '', 'city': 'Stevens Point', 'zip_code': '54481', 'country': 'US', 'state': 'WI', 'display_address': ['513 Division St', 'Stevens Point, WI 54481']}",Michele's Restaurant and Catering,+17153413363,$$,4.0,20,[],https://www.yelp.com/biz/micheles-restaurant-and-catering-stevens-point-3?adjust_creative=GVWAITeAe13hPk5JlriDSg&utm_campaign=yelp_api_v3&utm_medium=api_v3_business_search&utm_source=GVWAITeAe13hPk5JlriDSg
el-jefes-tacos-y-tequila-stevens-point,"[{'alias': 'mexican', 'title': 'Mexican'}]","{'latitude': 44.52279, 'longitude': -89.58521}",(715) 544-1744,11201.100876125925,2rUBGPYAuQGkHX8-e8ZItw,https://s3-media2.fl.yelpcdn.com/bphoto/r7SnQc0eVqd_Xh-NpaduKw/o.jpg,False,"{'address1': '924 Clark St', 'address2': '', 'address3': '', 'city': 'Stevens Point', 'zip_code': '54481', 'country': 'US', 'state': 'WI', 'display_address': ['924 Clark St', 'Stevens Point, WI 54481']}",El Jefe's Tacos Y Tequila,+17155441744,$$,3.5,29,[],https://www.yelp.com/biz/el-jefes-tacos-y-tequila-stevens-point?adjust_creative=GVWAITeAe13hPk5JlriDSg&utm_campaign=yelp_api_v3&utm_medium=api_v3_business_search&utm_source=GVWAITeAe13hPk5JlriDSg
tempura-house-plover,"[{'alias': 'sushi', 'title': 'Sushi Bars'}, {'alias': 'chinese', 'title': 'Chinese'}, {'alias': 'japanese', 'title': 'Japanese'}]","{'latitude': 44.45445, 'longitude': -89.52663}",(715) 341-4944,3102.9364661938494,zCNrZ8oOIAF8cLsap_5xZA,https://s3-media3.fl.yelpcdn.com/bphoto/KTFnuObACQrykgBXX2gy4Q/o.jpg,False,"{'address1': '1830 Plover Rd', 'address2': '', 'address3': '', 'city': 'Plover', 'zip_code': '54467', 'country': 'US', 'state': 'WI', 'display_address': ['1830 Plover Rd', 'Plover, WI 54467']}",Tempura House,+17153414944,$$,2.5,23,[],https://www.yelp.com/biz/tempura-house-plover?adjust_creative=GVWAITeAe13hPk5JlriDSg&utm_campaign=yelp_api_v3&utm_medium=api_v3_business_search&utm_source=GVWAITeAe13hPk5JlriDSg
the-coffee-studio-stevens-point,"[{'alias': 'cafes', 'title': 'Cafes'}, {'alias': 'coffee', 'title': 'Coffee & Tea'}, {'alias': 'bakeries', 'title': 'Bakeries'}]","{'latitude': 44.5237198, 'longitude': -89.5833206}",(715) 341-3088,11247.965462711187,sTKf_6Ch_Zabgpst9PNbTg,https://s3-media4.fl.yelpcdn.com/bphoto/_co6AKIyfoHcKPOB6XdGXA/o.jpg,False,"{'address1': '1100 Main St', 'address2': '', 'address3': '', 'city': 'Stevens Point', 'zip_code': '54481', 'country': 'US', 'state': 'WI', 'display_address': ['1100 Main St', 'Stevens Point, WI 54481']}",The Coffee Studio,+17153413088,$,4.0,16,[],https://www.yelp.com/biz/the-coffee-studio-stevens-point?adjust_creative=GVWAITeAe13hPk5JlriDSg&utm_campaign=yelp_api_v3&utm_medium=api_v3_business_search&utm_source=GVWAITeAe13hPk5JlriDSg
chef-chus-stevens-point,"[{'alias': 'chinese', 'title': 'Chinese'}]","{'latitude': 44.5255185264141, 'longitude': -89.5033449153442}",(715) 295-0533,11229.159298747687,-Y35YH48pWPqT19qJifGdg,https://s3-media4.fl.yelpcdn.com/bphoto/jLZNdxXwyAhGeC_6OCuAuQ/o.jpg,False,"{'address1': '5720 Windy Dr', 'address2': '', 'address3': '', 'city': 'Stevens Point', 'zip_code': '54481', 'country': 'US', 'state': 'WI', 'display_address': ['5720 Windy Dr', 'Stevens Point, WI 54481']}",Chef Chu's,+17152950533,$$,3.5,20,[],https://www.yelp.com/biz/chef-chus-stevens-point?adjust_creative=GVWAITeAe13hPk5JlriDSg&utm_campaign=yelp_api_v3&utm_medium=api_v3_business_search&utm_source=GVWAITeAe13hPk5JlriDSg
shooters-banquet-and-recreational-facility-plover,"[{'alias': 'venues', 'title': 'Venues & Event Spaces'}, {'alias': 'restaurants', 'title': 'Restaurants'}]","{'latitude': 44.427673, 'longitude': -89.516736}",(715) 341-8878,1734.13519309457,RKX1Es3w4B3cjr1W0Gfu8g,https://s3-media3.fl.yelpcdn.com/bphoto/CgZrmPKtfdLHXSABB0wuig/o.jpg,False,"{'address1': 'Jct Hy 51 & 54 E', 'address2': '', 'address3': '', 'city': 'Plover', 'zip_code': '54467', 'country': 'US', 'state': 'WI', 'display_address': ['Jct Hy 51 & 54 E', 'Plover, WI 54467']}",Shooter's Banquet & Recreational Facility,+17153418878,,3.5,6,[],https://www.yelp.com/biz/shooters-banquet-and-recreational-facility-plover?adjust_creative=GVWAITeAe13hPk5JlriDSg&utm_campaign=yelp_api_v3&utm_medium=api_v3_business_search&utm_source=GVWAITeAe13hPk5JlriDSg
silver-coach-stevens-point,"[{'alias': 'tradamerican', 'title': 'American (Traditional)'}, {'alias': 'bars', 'title': 'Bars'}]","{'latitude': 44.52356, 'longitude': -89.54612}",(715) 341-6588,10670.501644691485,BXAUdAZBer_khu87nbckZA,https://s3-media4.fl.yelpcdn.com/bphoto/3LuI00xGVuYZG7Ct2QXQzQ/o.jpg,False,"{'address1': '38 Park Ridge Dr', 'address2': '', 'address3': '', 'city': 'Stevens Point', 'zip_code': '54481', 'country': 'US', 'state': 'WI', 'display_address': ['38 Park Ridge Dr', 'Stevens Point, WI 54481']}",Silver Coach,+17153416588,$$,3.5,24,[],https://www.yelp.com/biz/silver-coach-stevens-point?adjust_creative=GVWAITeAe13hPk5JlriDSg&utm_campaign=yelp_api_v3&utm_medium=api_v3_business_search&utm_source=GVWAITeAe13hPk5JlriDSg
the-main-grain-bakery-stevens-point,"[{'alias': 'bakeries', 'title': 'Bakeries'}, {'alias': 'customcakes', 'title': 'Custom Cakes'}]","{'latitude': 44.5258979797363, 'longitude': -89.5862045288086}",(715) 630-1486,11564.4259816049,Q9tVIZb_vVLXp0ITz5jUXw,https://s3-media4.fl.yelpcdn.com/bphoto/dLo8orZADPOpjwUnk-AAJA/o.jpg,False,"{'address1': '1009 1st St', 'address2': 'Ste C', 'address3': '', 'city': 'Stevens Point', 'zip_code': '54481', 'country': 'US', 'state': 'WI', 'display_address': ['1009 1st St', 'Ste C', 'Stevens Point, WI 54481']}",The Main Grain Bakery,+17156301486,$,4.5,7,[],https://www.yelp.com/biz/the-main-grain-bakery-stevens-point?adjust_creative=GVWAITeAe13hPk5JlriDSg&utm_campaign=yelp_api_v3&utm_medium=api_v3_business_search&utm_source=GVWAITeAe13hPk5JlriDSg
mi-pueblo-mexican-restaurant-stevens-point,"[{'alias': 'mexican', 'title': 'Mexican'}]","{'latitude': 44.52402, 'longitude': -89.53006}",(715) 254-4940,10747.184352830298,VBe6pM_IpRAvM-faeN8TRA,https://s3-media2.fl.yelpcdn.com/bphoto/KNauJX5rkWQjwFlPCODp8Q/o.jpg,False,"{'address1': '5110 Main St', 'address2': '', 'address3': None, 'city': 'Stevens Point', 'zip_code': '54481', 'country': 'US', 'state': 'WI', 'display_address': ['5110 Main St', 'Stevens Point, WI 54481']}",Mi Pueblo Mexican Restaurant,+17152544940,$$,4.5,16,[],https://www.yelp.com/biz/mi-pueblo-mexican-restaurant-stevens-point?adjust_creative=GVWAITeAe13hPk5JlriDSg&utm_campaign=yelp_api_v3&utm_medium=api_v3_business_search&utm_source=GVWAITeAe13hPk5JlriDSg
arbuckles-eatery-and-pub-stevens-point,"[{'alias': 'pizza', 'title': 'Pizza'}, {'alias': 'burgers', 'title': 'Burgers'}, {'alias': 'sandwiches', 'title': 'Sandwiches'}]","{'latitude': 44.52307, 'longitude': -89.58245}",(715) 341-2444,11175.505423487055,Hke1O00b0ywvPAHl_ipW_A,https://s3-media2.fl.yelpcdn.com/bphoto/sX1X17YDaakHdQkfeOZ0fA/o.jpg,False,"{'address1': '1320 Strongs Ave', 'address2': '', 'address3': '', 'city': 'Stevens Point', 'zip_code': '54481', 'country': 'US', 'state': 'WI', 'display_address': ['1320 Strongs Ave', 'Stevens Point, WI 54481']}",Arbuckles Eatery & Pub,+17153412444,$$,3.5,17,[],https://www.yelp.com/biz/arbuckles-eatery-and-pub-stevens-point?adjust_creative=GVWAITeAe13hPk5JlriDSg&utm_campaign=yelp_api_v3&utm_medium=api_v3_business_search&utm_source=GVWAITeAe13hPk5JlriDSg
culvers-stevens-point-3,"[{'alias': 'burgers', 'title': 'Burgers'}, {'alias': 'hotdogs', 'title': 'Fast Food'}]","{'latitude': 44.523995, 'longitude': -89.521867}",(715) 341-8666,10787.26966478679,SGHvrvp_vhsUS_S-mqr4dA,https://s3-media3.fl.yelpcdn.com/bphoto/WLtqjH8C2EWwkvukRXd9aA/o.jpg,False,"{'address1': '5346 US Hwy 10 E', 'address2': '', 'address3': '', 'city': 'Stevens Point', 'zip_code': '54481', 'country': 'US', 'state': 'WI', 'display_address': ['5346 US Hwy 10 E', 'Stevens Point, WI 54481']}",Culver's,+17153418666,$,3.5,17,[],https://www.yelp.com/biz/culvers-stevens-point-3?adjust_creative=GVWAITeAe13hPk5JlriDSg&utm_campaign=yelp_api_v3&utm_medium=api_v3_business_search&utm_source=GVWAITeAe13hPk5JlriDSg
elbow-room-bar-stevens-point,"[{'alias': 'divebars', 'title': 'Dive Bars'}]","{'latitude': 44.5229911804199, 'longitude': -89.5853500366211}",(715) 344-9840,11228.165292675749,uOwPPkDnutv0PqWzJwC8bw,https://s3-media1.fl.yelpcdn.com/bphoto/COlYJlzQ_tW7mmx9TVuFrw/o.jpg,False,"{'address1': '1321 2nd St', 'address2': '', 'address3': '', 'city': 'Stevens Point', 'zip_code': '54481', 'country': 'US', 'state': 'WI', 'display_address': ['1321 2nd St', 'Stevens Point, WI 54481']}",Elbow Room Bar,+17153449840,$,4.5,8,[],https://www.yelp.com/biz/elbow-room-bar-stevens-point?adjust_creative=GVWAITeAe13hPk5JlriDSg&utm_campaign=yelp_api_v3&utm_medium=api_v3_business_search&utm_source=GVWAITeAe13hPk5JlriDSg
feltzs-dairy-store-stevens-point,"[{'alias': 'icecream', 'title': 'Ice Cream & Frozen Yogurt'}, {'alias': 'meats', 'title': 'Meat Shops'}, {'alias': 'cheese', 'title': 'Cheese Shops'}]","{'latitude': 44.48518, 'longitude': -89.49602}",(715) 344-1293,7230.645218683373,LfArz3Rarveya7oIKVCtUA,https://s3-media3.fl.yelpcdn.com/bphoto/flwqfHi5RPGAjTB_vJaz4Q/o.jpg,False,"{'address1': '5796 Porter Dr', 'address2': '', 'address3': None, 'city': 'Stevens Point', 'zip_code': '54482', 'country': 'US', 'state': 'WI', 'display_address': ['5796 Porter Dr', 'Stevens Point, WI 54482']}",Feltz's Dairy Store,+17153441293,,5.0,3,[],https://www.yelp.com/biz/feltzs-dairy-store-stevens-point?adjust_creative=GVWAITeAe13hPk5JlriDSg&utm_campaign=yelp_api_v3&utm_medium=api_v3_business_search&utm_source=GVWAITeAe13hPk5JlriDSg
central-wisconsin-childrens-museum-stevens-point,"[{'alias': 'childrensmuseums', 'title': ""Children's Museums""}]","{'latitude': 44.52021, 'longitude': -89.57231}",(715) 344-2003,11035.884161650145,sjDoukqZL6pB7pFg5oJzew,https://s3-media4.fl.yelpcdn.com/bphoto/5wZpmfQB_IdgR7S6xIv09w/o.jpg,False,"{'address1': '', 'address2': '', 'address3': '', 'city': 'Stevens Point', 'zip_code': '54481', 'country': 'US', 'state': 'WI', 'display_address': ['Stevens Point, WI 54481']}",Central Wisconsin Children's Museum,+17153442003,,4.5,7,[],https://www.yelp.com/biz/central-wisconsin-childrens-museum-stevens-point?adjust_creative=GVWAITeAe13hPk5JlriDSg&utm_campaign=yelp_api_v3&utm_medium=api_v3_business_search&utm_source=GVWAITeAe13hPk5JlriDSg
mr-brews-taphouse-plover-2,"[{'alias': 'tradamerican', 'title': 'American (Traditional)'}, {'alias': 'brewpubs', 'title': 'Brewpubs'}]","{'latitude': 44.4967479386661, 'longitude': -89.5295063428963}",(715) 544-4245,7710.232345946639,5v0qA9CnulymWwIgZLLEuw,https://s3-media2.fl.yelpcdn.com/bphoto/rl3Ig8PD65IKfKZa6pUV-w/o.jpg,False,"{'address1': '2012 County Rd HH', 'address2': '', 'address3': None, 'city': 'Plover', 'zip_code': '54467', 'country': 'US', 'state': 'WI', 'display_address': ['2012 County Rd HH', 'Plover, WI 54467']}",Mr Brews Taphouse,+17155444245,$$,3.0,18,[],https://www.yelp.com/biz/mr-brews-taphouse-plover-2?adjust_creative=GVWAITeAe13hPk5JlriDSg&utm_campaign=yelp_api_v3&utm_medium=api_v3_business_search&utm_source=GVWAITeAe13hPk5JlriDSg
rookies-sport-pub-stevens-point,"[{'alias': 'sportsbars', 'title': 'Sports Bars'}, {'alias': 'beerbar', 'title': 'Beer Bar'}]","{'latitude': 44.49889, 'longitude': -89.56166}",(715) 344-7026,8112.444562175597,EGiL2V-ielxvjeFlBEhYHw,https://s3-media2.fl.yelpcdn.com/bphoto/EFmzXCg2uU19d8B-wjzNdQ/o.jpg,False,"{'address1': '3425 Church St', 'address2': None, 'address3': None, 'city': 'Stevens Point', 'zip_code': '54481', 'country': 'US', 'state': 'WI', 'display_address': ['3425 Church St', 'Stevens Point, WI 54481']}",Rookies Sport Pub,+17153447026,,4.5,5,[],https://www.yelp.com/biz/rookies-sport-pub-stevens-point?adjust_creative=GVWAITeAe13hPk5JlriDSg&utm_campaign=yelp_api_v3&utm_medium=api_v3_business_search&utm_source=GVWAITeAe13hPk5JlriDSg
kristins-riverwalk-food-and-spirits-stevens-point,"[{'alias': 'tradamerican', 'title': 'American (Traditional)'}, {'alias': 'pizza', 'title': 'Pizza'}, {'alias': 'sportsbars', 'title': 'Sports Bars'}]","{'latitude': 44.5226097106934, 'longitude': -89.5825271606445}",(715) 341-8178,11113.604978812784,ngXKYul1WFnx9KOPM4mO4Q,https://s3-media3.fl.yelpcdn.com/bphoto/KhKrxCqfJEiI7tEX3Ny-1g/o.jpg,False,"{'address1': '1140 Clark St', 'address2': '', 'address3': '', 'city': 'Stevens Point', 'zip_code': '54481', 'country': 'US', 'state': 'WI', 'display_address': ['1140 Clark St', 'Stevens Point, WI 54481']}",Kristin's Riverwalk Food & Spirits,+17153418178,$,3.5,18,[],https://www.yelp.com/biz/kristins-riverwalk-food-and-spirits-stevens-point?adjust_creative=GVWAITeAe13hPk5JlriDSg&utm_campaign=yelp_api_v3&utm_medium=api_v3_business_search&utm_source=GVWAITeAe13hPk5JlriDSg
two-harps-pub-stevens-point-3,"[{'alias': 'pubs', 'title': 'Pubs'}]","{'latitude': 44.51452, 'longitude': -89.57394}",(715) 344-8606,10061.527987814488,8G0FJuAFlsq6I19QSg0iEg,https://s3-media2.fl.yelpcdn.com/bphoto/t9F64mtzECLQo0LGrxkB-w/o.jpg,False,"{'address1': '2301 Church St', 'address2': None, 'address3': None, 'city': 'Stevens Point', 'zip_code': '54481', 'country': 'US', 'state': 'WI', 'display_address': ['2301 Church St', 'Stevens Point, WI 54481']}",Two Harps Pub,+17153448606,$,4.5,6,[],https://www.yelp.com/biz/two-harps-pub-stevens-point-3?adjust_creative=GVWAITeAe13hPk5JlriDSg&utm_campaign=yelp_api_v3&utm_medium=api_v3_business_search&utm_source=GVWAITeAe13hPk5JlriDSg
old-10-bistro-stevens-point,"[{'alias': 'newamerican', 'title': 'American (New)'}, {'alias': 'steak', 'title': 'Steakhouses'}, {'alias': 'seafood', 'title': 'Seafood'}]","{'latitude': 44.5274150745259, 'longitude': -89.6117580189104}",(715) 341-7714,12515.079879999594,_LJ1yerbFPqYHVLFh8cGZQ,https://s3-media2.fl.yelpcdn.com/bphoto/9W2BzbrWGG9tSHAzRf1Tag/o.jpg,False,"{'address1': '1222 County Rd Hh W', 'address2': None, 'address3': '', 'city': 'Stevens Point', 'zip_code': '54481', 'country': 'US', 'state': 'WI', 'display_address': ['1222 County Rd Hh W', 'Stevens Point, WI 54481']}",Old 10 Bistro,+17153417714,$$,4.0,10,[],https://www.yelp.com/biz/old-10-bistro-stevens-point?adjust_creative=GVWAITeAe13hPk5JlriDSg&utm_campaign=yelp_api_v3&utm_medium=api_v3_business_search&utm_source=GVWAITeAe13hPk5JlriDSg
sweet-frog-premium-frozen-yogurt-plover,"[{'alias': 'icecream', 'title': 'Ice Cream & Frozen Yogurt'}]","{'latitude': 44.4969056132171, 'longitude': -89.5124370270453}",(715) 344-4818,7968.8081259063765,go_9cPc_aFoV9TdRTMv53Q,https://s3-media3.fl.yelpcdn.com/bphoto/Jxb2RY4eHTqoiDDU13MQMQ/o.jpg,False,"{'address1': '140 Crossrds Common Dr', 'address2': '', 'address3': '', 'city': 'Plover', 'zip_code': '54467', 'country': 'US', 'state': 'WI', 'display_address': ['140 Crossrds Common Dr', 'Plover, WI 54467']}",Sweet Frog Premium Frozen Yogurt,+17153444818,$,3.5,6,[],https://www.yelp.com/biz/sweet-frog-premium-frozen-yogurt-plover?adjust_creative=GVWAITeAe13hPk5JlriDSg&utm_campaign=yelp_api_v3&utm_medium=api_v3_business_search&utm_source=GVWAITeAe13hPk5JlriDSg
big-apple-bagels-plover,"[{'alias': 'bagels', 'title': 'Bagels'}]","{'latitude': 44.4550666809082, 'longitude': -89.5230178833008}",(715) 342-5740,3290.805374382132,njnW0nSI1T9q_SXKBUSLtA,https://s3-media2.fl.yelpcdn.com/bphoto/tcgAkkfS3ej6ymvKISIVEw/o.jpg,False,"{'address1': '1600 American Dr', 'address2': '', 'address3': '', 'city': 'Plover', 'zip_code': '54467', 'country': 'US', 'state': 'WI', 'display_address': ['1600 American Dr', 'Plover, WI 54467']}",Big Apple Bagels,+17153425740,$,3.0,7,[],https://www.yelp.com/biz/big-apple-bagels-plover?adjust_creative=GVWAITeAe13hPk5JlriDSg&utm_campaign=yelp_api_v3&utm_medium=api_v3_business_search&utm_source=GVWAITeAe13hPk5JlriDSg
the-charcoal-grill-plover,"[{'alias': 'tradamerican', 'title': 'American (Traditional)'}, {'alias': 'desserts', 'title': 'Desserts'}, {'alias': 'wraps', 'title': 'Wraps'}]","{'latitude': 44.4953651428223, 'longitude': -89.512565612793}",(715) 295-0200,7800.016571473134,SqDS_c_KueUWvSC3sqwI_w,https://s3-media3.fl.yelpcdn.com/bphoto/WqGnf5V68XGBOT_lJqvj-w/o.jpg,False,"{'address1': '190 Crossroads Dr', 'address2': '', 'address3': '', 'city': 'Plover', 'zip_code': '54467', 'country': 'US', 'state': 'WI', 'display_address': ['190 Crossroads Dr', 'Plover, WI 54467']}",The Charcoal Grill,+17152950200,$$,2.0,39,[],https://www.yelp.com/biz/the-charcoal-grill-plover?adjust_creative=GVWAITeAe13hPk5JlriDSg&utm_campaign=yelp_api_v3&utm_medium=api_v3_business_search&utm_source=GVWAITeAe13hPk5JlriDSg
dunkin-donuts-plover,"[{'alias': 'coffee', 'title': 'Coffee & Tea'}, {'alias': 'donuts', 'title': 'Donuts'}]","{'latitude': 44.4533000099379, 'longitude': -89.5226998999715}",(715) 544-0515,3111.998919374191,xWzvUKHhk7YVnUmj0RhiUQ,https://s3-media4.fl.yelpcdn.com/bphoto/aI72QAu1xnkKXGezgGP7sw/o.jpg,False,"{'address1': '3001 Village Park Dr', 'address2': '', 'address3': '', 'city': 'Plover', 'zip_code': '54467', 'country': 'US', 'state': 'WI', 'display_address': ['3001 Village Park Dr', 'Plover, WI 54467']}",Dunkin' Donuts,+17155440515,$,2.0,15,[],https://www.yelp.com/biz/dunkin-donuts-plover?adjust_creative=GVWAITeAe13hPk5JlriDSg&utm_campaign=yelp_api_v3&utm_medium=api_v3_business_search&utm_source=GVWAITeAe13hPk5JlriDSg
lemkes-nancy-custom-wedding-cakes-stevens-point,"[{'alias': 'bakeries', 'title': 'Bakeries'}]","{'latitude': 44.496452, 'longitude': -89.545272}",(715) 344-7293,7665.674866403323,J1mQd54LMlFvz1T2G2hF5A,https://s3-media4.fl.yelpcdn.com/bphoto/Vp0hgL4LDSP7Y4IW4TGc0w/o.jpg,False,"{'address1': '407 Acorn St', 'address2': '', 'address3': '', 'city': 'Stevens Point', 'zip_code': '54481', 'country': 'US', 'state': 'WI', 'display_address': ['407 Acorn St', 'Stevens Point, WI 54481']}",Lemke's Nancy Custom Wedding Cakes,+17153447293,,5.0,3,[],https://www.yelp.com/biz/lemkes-nancy-custom-wedding-cakes-stevens-point?adjust_creative=GVWAITeAe13hPk5JlriDSg&utm_campaign=yelp_api_v3&utm_medium=api_v3_business_search&utm_source=GVWAITeAe13hPk5JlriDSg
r-ds-diner-plover,"[{'alias': 'diners', 'title': 'Diners'}]","{'latitude': 44.4905853461869, 'longitude': -89.5513462275267}",(715) 544-6709,7064.428235731728,XSF11Y3aqeg3gMqHG-mLdA,https://s3-media4.fl.yelpcdn.com/bphoto/Htcky5TQ_35fn4mpQ4ZOEg/o.jpg,False,"{'address1': '2404 Post Rd', 'address2': '', 'address3': '', 'city': 'Plover', 'zip_code': '54467', 'country': 'US', 'state': 'WI', 'display_address': ['2404 Post Rd', 'Plover, WI 54467']}",R D's Diner,+17155446709,$,4.5,4,[],https://www.yelp.com/biz/r-ds-diner-plover?adjust_creative=GVWAITeAe13hPk5JlriDSg&utm_campaign=yelp_api_v3&utm_medium=api_v3_business_search&utm_source=GVWAITeAe13hPk5JlriDSg
papa-murphys-stevens-point,"[{'alias': 'pizza', 'title': 'Pizza'}]","{'latitude': 44.52292, 'longitude': -89.5511}",(715) 343-0860,10630.529974937928,ufIbWux927mEohlmuo8Vbw,https://s3-media3.fl.yelpcdn.com/bphoto/NsPyPkplUTseaZ-pfX4XvQ/o.jpg,False,"{'address1': '3409 Main Street', 'address2': '', 'address3': '', 'city': 'Stevens Point', 'zip_code': '54481', 'country': 'US', 'state': 'WI', 'display_address': ['3409 Main Street', 'Stevens Point, WI 54481']}",Papa Murphy's,+17153430860,$$,4.0,6,[],https://www.yelp.com/biz/papa-murphys-stevens-point?adjust_creative=GVWAITeAe13hPk5JlriDSg&utm_campaign=yelp_api_v3&utm_medium=api_v3_business_search&utm_source=GVWAITeAe13hPk5JlriDSg
clanceys-stone-lion-custer-2,"[{'alias': 'irish_pubs', 'title': 'Irish Pub'}, {'alias': 'sandwiches', 'title': 'Sandwiches'}, {'alias': 'desserts', 'title': 'Desserts'}]","{'latitude': 44.51075, 'longitude': -89.42511}",(715) 592-4511,12901.130109846765,B9GoJ-ldgKlaiDhM_jGOWw,https://s3-media2.fl.yelpcdn.com/bphoto/F8dfPig5qfXZdzJPfmWS3w/o.jpg,False,"{'address1': '7214 Custer Dr', 'address2': '', 'address3': '', 'city': 'Custer', 'zip_code': '54423', 'country': 'US', 'state': 'WI', 'display_address': ['7214 Custer Dr', 'Custer, WI 54423']}",Clancey's Stone Lion,+17155924511,$$,4.0,9,[],https://www.yelp.com/biz/clanceys-stone-lion-custer-2?adjust_creative=GVWAITeAe13hPk5JlriDSg&utm_campaign=yelp_api_v3&utm_medium=api_v3_business_search&utm_source=GVWAITeAe13hPk5JlriDSg
main-street-taps-stevens-point,"[{'alias': 'tradamerican', 'title': 'American (Traditional)'}, {'alias': 'beerbar', 'title': 'Beer Bar'}]","{'latitude': 44.5237, 'longitude': -89.58475}",(715) 544-6500,11275.790319996027,DG9KEv8h9jW-Ur6JVdhGkA,https://s3-media4.fl.yelpcdn.com/bphoto/7MpFg5C2rJ0GMlc6Qu6j6Q/o.jpg,False,"{'address1': '956 Main St', 'address2': '', 'address3': None, 'city': 'Stevens Point', 'zip_code': '54481', 'country': 'US', 'state': 'WI', 'display_address': ['956 Main St', 'Stevens Point, WI 54481']}",Main Street Taps,+17155446500,,4.5,8,[],https://www.yelp.com/biz/main-street-taps-stevens-point?adjust_creative=GVWAITeAe13hPk5JlriDSg&utm_campaign=yelp_api_v3&utm_medium=api_v3_business_search&utm_source=GVWAITeAe13hPk5JlriDSg
buffalo-wild-wings-stevens-pt,"[{'alias': 'chicken_wings', 'title': 'Chicken Wings'}, {'alias': 'sportsbars', 'title': 'Sports Bars'}, {'alias': 'tradamerican', 'title': 'American (Traditional)'}]","{'latitude': 44.5244598, 'longitude': -89.5210571}",(715) 344-3287,10791.451202331653,2m3n22uaqIi-pqsULSW0Dg,https://s3-media2.fl.yelpcdn.com/bphoto/nu0JUKQMTtMBGkTxITU0WQ/o.jpg,False,"{'address1': '5370 Highway 10 East', 'address2': 'Suite H', 'address3': '', 'city': 'Stevens Pt', 'zip_code': '54482', 'country': 'US', 'state': 'WI', 'display_address': ['5370 Highway 10 East', 'Suite H', 'Stevens Pt, WI 54482']}",Buffalo Wild Wings,+17153443287,$$,2.5,21,[],https://www.yelp.com/biz/buffalo-wild-wings-stevens-pt?adjust_creative=GVWAITeAe13hPk5JlriDSg&utm_campaign=yelp_api_v3&utm_medium=api_v3_business_search&utm_source=GVWAITeAe13hPk5JlriDSg
ihop-plover,"[{'alias': 'breakfast_brunch', 'title': 'Breakfast & Brunch'}, {'alias': 'tradamerican', 'title': 'American (Traditional)'}, {'alias': 'burgers', 'title': 'Burgers'}]","{'latitude': 44.45237, 'longitude': -89.52244}",(715) 254-0955,3026.4161058140394,Xh2oTZJoQIkVeklrGWftxw,https://s3-media1.fl.yelpcdn.com/bphoto/C_Zsi_HIIbp-BZdj4tZoVw/o.jpg,False,"{'address1': '3025 Village Park Dr', 'address2': None, 'address3': None, 'city': 'Plover', 'zip_code': '54467', 'country': 'US', 'state': 'WI', 'display_address': ['3025 Village Park Dr', 'Plover, WI 54467']}",IHOP,+17152540955,$$,2.0,12,[],https://www.yelp.com/biz/ihop-plover?adjust_creative=GVWAITeAe13hPk5JlriDSg&utm_campaign=yelp_api_v3&utm_medium=api_v3_business_search&utm_source=GVWAITeAe13hPk5JlriDSg
taco-bell-stevens-point-2,"[{'alias': 'hotdogs', 'title': 'Fast Food'}, {'alias': 'mexican', 'title': 'Mexican'}, {'alias': 'tex-mex', 'title': 'Tex-Mex'}]","{'latitude': 44.52354, 'longitude': -89.512953}",(715) 345-9736,10847.891279928293,ql4J7JGMLM87ULvvef-xUQ,https://s3-media1.fl.yelpcdn.com/bphoto/TohAWuTMHHzxQFfbifSGPw/o.jpg,False,"{'address1': '5400 Highway 10 East', 'address2': None, 'address3': None, 'city': 'Stevens Point', 'zip_code': '54481', 'country': 'US', 'state': 'WI', 'display_address': ['5400 Highway 10 East', 'Stevens Point, WI 54481']}",Taco Bell,+17153459736,$,4.0,6,[],https://www.yelp.com/biz/taco-bell-stevens-point-2?adjust_creative=GVWAITeAe13hPk5JlriDSg&utm_campaign=yelp_api_v3&utm_medium=api_v3_business_search&utm_source=GVWAITeAe13hPk5JlriDSg
the-watchmans-gone-stevens-point-2,"[{'alias': 'tradamerican', 'title': 'American (Traditional)'}]","{'latitude': 44.51985, 'longitude': -89.5522}",(715) 345-2300,10294.931756139149,dzZ7CqdHxPEEjNRqjj7Rzw,https://s3-media4.fl.yelpcdn.com/bphoto/gGf83-HZEId8qmpCNsJ_Sg/o.jpg,False,"{'address1': '3324 Jefferson St', 'address2': '', 'address3': None, 'city': 'Stevens Point', 'zip_code': '54481', 'country': 'US', 'state': 'WI', 'display_address': ['3324 Jefferson St', 'Stevens Point, WI 54481']}",The Watchman's Gone,+17153452300,,4.0,5,[],https://www.yelp.com/biz/the-watchmans-gone-stevens-point-2?adjust_creative=GVWAITeAe13hPk5JlriDSg&utm_campaign=yelp_api_v3&utm_medium=api_v3_business_search&utm_source=GVWAITeAe13hPk5JlriDSg
erbert-and-gerberts-stevens-point,"[{'alias': 'sandwiches', 'title': 'Sandwiches'}]","{'latitude': 44.5236587524414, 'longitude': -89.5864105224609}",(715) 341-7827,11318.606134214033,VDONjRsa2p4cbDiU72RKOQ,https://s3-media1.fl.yelpcdn.com/bphoto/eL53Xt1j2u57yqtcr7W0Tg/o.jpg,False,"{'address1': '812 Main St', 'address2': '', 'address3': '', 'city': 'Stevens Point', 'zip_code': '54481', 'country': 'US', 'state': 'WI', 'display_address': ['812 Main St', 'Stevens Point, WI 54481']}",Erbert & Gerbert's,+17153417827,$,3.0,16,[],https://www.yelp.com/biz/erbert-and-gerberts-stevens-point?adjust_creative=GVWAITeAe13hPk5JlriDSg&utm_campaign=yelp_api_v3&utm_medium=api_v3_business_search&utm_source=GVWAITeAe13hPk5JlriDSg
kfc-plover,"[{'alias': 'hotdogs', 'title': 'Fast Food'}, {'alias': 'chicken_wings', 'title': 'Chicken Wings'}, {'alias': 'chickenshop', 'title': 'Chicken Shop'}]","{'latitude': 44.4541, 'longitude': -89.5242}",(715) 344-8449,3148.437137674796,6Zo8cg7iyuef1KXO0IWTFQ,https://s3-media3.fl.yelpcdn.com/bphoto/sYYxRuA2NHZZQ8WZ-q_F9Q/o.jpg,False,"{'address1': '1770 Plover Rd', 'address2': '', 'address3': '', 'city': 'Plover', 'zip_code': '54467', 'country': 'US', 'state': 'WI', 'display_address': ['1770 Plover Rd', 'Plover, WI 54467']}",KFC,+17153448449,,2.5,5,[],https://www.yelp.com/biz/kfc-plover?adjust_creative=GVWAITeAe13hPk5JlriDSg&utm_campaign=yelp_api_v3&utm_medium=api_v3_business_search&utm_source=GVWAITeAe13hPk5JlriDSg
burger-king-plover,"[{'alias': 'burgers', 'title': 'Burgers'}, {'alias': 'hotdogs', 'title': 'Fast Food'}]","{'latitude': 44.45396, 'longitude': -89.51647}",(715) 344-3472,3218.6315897476147,nX-gj81lrQPY0RC_GuZLiw,https://s3-media2.fl.yelpcdn.com/bphoto/Q-SDcYfRa83pVqCUCIGb5A/o.jpg,False,"{'address1': '1750 County Hwy B', 'address2': '', 'address3': '', 'city': 'Plover', 'zip_code': '54467', 'country': 'US', 'state': 'WI', 'display_address': ['1750 County Hwy B', 'Plover, WI 54467']}",Burger King,+17153443472,,3.0,4,[],https://www.yelp.com/biz/burger-king-plover?adjust_creative=GVWAITeAe13hPk5JlriDSg&utm_campaign=yelp_api_v3&utm_medium=api_v3_business_search&utm_source=GVWAITeAe13hPk5JlriDSg
panera-bread-plover,"[{'alias': 'soup', 'title': 'Soup'}, {'alias': 'sandwiches', 'title': 'Sandwiches'}, {'alias': 'salad', 'title': 'Salad'}]","{'latitude': 44.49678, 'longitude': -89.51482}",(715) 303-6048,7912.541295465852,CaWAcBdIKkxZ95stkjfgAg,https://s3-media4.fl.yelpcdn.com/bphoto/Dgj7umSwAELaNZjtZ3pD-A/o.jpg,False,"{'address1': '1250 Commerce Place', 'address2': '', 'address3': None, 'city': 'Plover', 'zip_code': '54467', 'country': 'US', 'state': 'WI', 'display_address': ['1250 Commerce Place', 'Plover, WI 54467']}",Panera Bread,+17153036048,$$,3.5,6,[],https://www.yelp.com/biz/panera-bread-plover?adjust_creative=GVWAITeAe13hPk5JlriDSg&utm_campaign=yelp_api_v3&utm_medium=api_v3_business_search&utm_source=GVWAITeAe13hPk5JlriDSg
the-cottage-cafe-plover,"[{'alias': 'bakeries', 'title': 'Bakeries'}, {'alias': 'cafes', 'title': 'Cafes'}]","{'latitude': 44.454319, 'longitude': -89.543602}",(715) 544-0370,2986.251250544401,4XNlvAuhPmq4gw-HUHhvdQ,,False,"{'address1': '2900 Post Rd', 'address2': '', 'address3': '', 'city': 'Plover', 'zip_code': '54467', 'country': 'US', 'state': 'WI', 'display_address': ['2900 Post Rd', 'Plover, WI 54467']}",The Cottage Cafe,+17155440370,,3.0,3,[],https://www.yelp.com/biz/the-cottage-cafe-plover?adjust_creative=GVWAITeAe13hPk5JlriDSg&utm_campaign=yelp_api_v3&utm_medium=api_v3_business_search&utm_source=GVWAITeAe13hPk5JlriDSg
copps-food-centers-plover,"[{'alias': 'bakeries', 'title': 'Bakeries'}, {'alias': 'grocery', 'title': 'Grocery'}, {'alias': 'beer_and_wine', 'title': 'Beer, Wine & Spirits'}]","{'latitude': 44.4559799, 'longitude': -89.52767}",(715) 342-0011,3297.037372385689,2okTRyNU-GKXWu0_XcSJow,https://s3-media3.fl.yelpcdn.com/bphoto/yCZJF8_C08Y5wYHO5K5yOg/o.jpg,False,"{'address1': '1850 Plover Rd', 'address2': '', 'address3': '', 'city': 'Plover', 'zip_code': '54467', 'country': 'US', 'state': 'WI', 'display_address': ['1850 Plover Rd', 'Plover, WI 54467']}",Copps Food Centers,+17153420011,,3.0,4,[],https://www.yelp.com/biz/copps-food-centers-plover?adjust_creative=GVWAITeAe13hPk5JlriDSg&utm_campaign=yelp_api_v3&utm_medium=api_v3_business_search&utm_source=GVWAITeAe13hPk5JlriDSg
sugar-bar-stevens-point,"[{'alias': 'pubs', 'title': 'Pubs'}]","{'latitude': 44.5229072570801, 'longitude': -89.5859909057617}",(715) 498-5862,11234.299204698553,wykeweMjaov2nUVxyTF3Eg,https://s3-media2.fl.yelpcdn.com/bphoto/m6oQ4LLtOQM6_b6K9s908A/o.jpg,False,"{'address1': '835 Main St', 'address2': '', 'address3': '', 'city': 'Stevens Point', 'zip_code': '54481', 'country': 'US', 'state': 'WI', 'display_address': ['835 Main St', 'Stevens Point, WI 54481']}",Sugar Bar,+17154985862,$$,3.5,6,[],https://www.yelp.com/biz/sugar-bar-stevens-point?adjust_creative=GVWAITeAe13hPk5JlriDSg&utm_campaign=yelp_api_v3&utm_medium=api_v3_business_search&utm_source=GVWAITeAe13hPk5JlriDSg
graffitis-sports-pub-stevens-point-3,"[{'alias': 'sportsbars', 'title': 'Sports Bars'}, {'alias': 'tradamerican', 'title': 'American (Traditional)'}, {'alias': 'pizza', 'title': 'Pizza'}]","{'latitude': 44.52362, 'longitude': -89.5854}",(715) 344-4450,11296.121264567666,lK6pmEvKkADFJfLFtO2z9A,https://s3-media3.fl.yelpcdn.com/bphoto/Qbu1yJMrVNjxKYCcRz1nnw/o.jpg,False,"{'address1': '912 Main St', 'address2': None, 'address3': None, 'city': 'Stevens Point', 'zip_code': '54481', 'country': 'US', 'state': 'WI', 'display_address': ['912 Main St', 'Stevens Point, WI 54481']}",Graffiti's Sports Pub,+17153444450,$,2.5,16,[],https://www.yelp.com/biz/graffitis-sports-pub-stevens-point-3?adjust_creative=GVWAITeAe13hPk5JlriDSg&utm_campaign=yelp_api_v3&utm_medium=api_v3_business_search&utm_source=GVWAITeAe13hPk5JlriDSg
taco-bell-plover-2,"[{'alias': 'mexican', 'title': 'Mexican'}, {'alias': 'tex-mex', 'title': 'Tex-Mex'}, {'alias': 'hotdogs', 'title': 'Fast Food'}]","{'latitude': 44.4546, 'longitude': -89.5243}",(715) 344-9301,3197.4933963384406,8eeklsVlq_eKAF2A4kQpbA,https://s3-media3.fl.yelpcdn.com/bphoto/WyEHMB29zqHX9DBZ8QjKsQ/o.jpg,False,"{'address1': '1550 Plover Road', 'address2': None, 'address3': None, 'city': 'Plover', 'zip_code': '54467', 'country': 'US', 'state': 'WI', 'display_address': ['1550 Plover Road', 'Plover, WI 54467']}",Taco Bell,+17153449301,$,2.0,6,[],https://www.yelp.com/biz/taco-bell-plover-2?adjust_creative=GVWAITeAe13hPk5JlriDSg&utm_campaign=yelp_api_v3&utm_medium=api_v3_business_search&utm_source=GVWAITeAe13hPk5JlriDSg
subway-plover-4,"[{'alias': 'hotdogs', 'title': 'Fast Food'}, {'alias': 'sandwiches', 'title': 'Sandwiches'}]","{'latitude': 44.45337, 'longitude': -89.54239}",(715) 341-1149,2870.102985465505,4DBbTR6iDZn0XijbSsCOTw,,False,"{'address1': '2551 Plover Rd', 'address2': '', 'address3': '', 'city': 'Plover', 'zip_code': '54467', 'country': 'US', 'state': 'WI', 'display_address': ['2551 Plover Rd', 'Plover, WI 54467']}",Subway,+17153411149,,3.0,2,[],https://www.yelp.com/biz/subway-plover-4?adjust_creative=GVWAITeAe13hPk5JlriDSg&utm_campaign=yelp_api_v3&utm_medium=api_v3_business_search&utm_source=GVWAITeAe13hPk5JlriDSg
the-outfit-stevens-point,"[{'alias': 'bars', 'title': 'Bars'}]","{'latitude': 44.523681, 'longitude': -89.586494}",(715) 344-2867,11330.630191448654,w_FPS6VMQUyGpCES2U7z4g,https://s3-media1.fl.yelpcdn.com/bphoto/SAErIuWa6YVjYkEggyKHUg/o.jpg,False,"{'address1': '804 Main St', 'address2': '', 'address3': '', 'city': 'Stevens Point', 'zip_code': '54481', 'country': 'US', 'state': 'WI', 'display_address': ['804 Main St', 'Stevens Point, WI 54481']}",The Outfit,+17153442867,,4.5,3,[],https://www.yelp.com/biz/the-outfit-stevens-point?adjust_creative=GVWAITeAe13hPk5JlriDSg&utm_campaign=yelp_api_v3&utm_medium=api_v3_business_search&utm_source=GVWAITeAe13hPk5JlriDSg
qdoba-mexican-eats-stevens-point,"[{'alias': 'mexican', 'title': 'Mexican'}, {'alias': 'hotdogs', 'title': 'Fast Food'}]","{'latitude': 44.5227603, 'longitude': -89.5218501}",(715) 203-8953,10651.988564949172,2WTZlL7_5RZ5Dh59lY-vkA,https://s3-media2.fl.yelpcdn.com/bphoto/Ynle6JOzGfAiPN7eNiWUcw/o.jpg,False,"{'address1': '5347 US-10', 'address2': '', 'address3': None, 'city': 'Stevens Point', 'zip_code': '54481', 'country': 'US', 'state': 'WI', 'display_address': ['5347 US-10', 'Stevens Point, WI 54481']}",QDOBA Mexican Eats,+17152038953,$,3.0,10,[],https://www.yelp.com/biz/qdoba-mexican-eats-stevens-point?adjust_creative=GVWAITeAe13hPk5JlriDSg&utm_campaign=yelp_api_v3&utm_medium=api_v3_business_search&utm_source=GVWAITeAe13hPk5JlriDSg
mead-park-stevens-point,"[{'alias': 'parks', 'title': 'Parks'}]","{'latitude': 44.5222396850586, 'longitude': -89.5934829711914}",,11035.884161650145,sWPcFWdnwxi1uONDNnOvnw,https://s3-media2.fl.yelpcdn.com/bphoto/TgdecYN6thwojs4evsXCdg/o.jpg,False,"{'address1': 'Whitney St Hwy 10', 'address2': '', 'address3': '', 'city': 'Stevens Point', 'zip_code': '', 'country': 'US', 'state': 'WI', 'display_address': ['Whitney St Hwy 10', 'Stevens Point, WI']}",Mead Park,,,5.0,2,[],https://www.yelp.com/biz/mead-park-stevens-point?adjust_creative=GVWAITeAe13hPk5JlriDSg&utm_campaign=yelp_api_v3&utm_medium=api_v3_business_search&utm_source=GVWAITeAe13hPk5JlriDSg
the-basement-brewhaus-stevens-point,"[{'alias': 'coffee', 'title': 'Coffee & Tea'}, {'alias': 'cafes', 'title': 'Cafes'}]","{'latitude': 44.5258899, 'longitude': -89.56928}",(715) 346-4949,11174.768000880342,q4ZgNis3iNKEZD9K2b5OYA,,False,"{'address1': '1015 Reserve St', 'address2': '', 'address3': '', 'city': 'Stevens Point', 'zip_code': '54481', 'country': 'US', 'state': 'WI', 'display_address': ['1015 Reserve St', 'Stevens Point, WI 54481']}",The Basement Brewhaus,+17153464949,,5.0,2,[],https://www.yelp.com/biz/the-basement-brewhaus-stevens-point?adjust_creative=GVWAITeAe13hPk5JlriDSg&utm_campaign=yelp_api_v3&utm_medium=api_v3_business_search&utm_source=GVWAITeAe13hPk5JlriDSg
blue-top-supper-club-stevens-point,"[{'alias': 'tradamerican', 'title': 'American (Traditional)'}]","{'latitude': 44.49889, 'longitude': -89.56166}",(715) 344-8420,8112.444562175597,Gb_AFW3NydIKBMlV3vZc_A,,False,"{'address1': '3425 Church St', 'address2': '', 'address3': '', 'city': 'Stevens Point', 'zip_code': '54481', 'country': 'US', 'state': 'WI', 'display_address': ['3425 Church St', 'Stevens Point, WI 54481']}",Blue Top Supper Club,+17153448420,$,2.5,7,[],https://www.yelp.com/biz/blue-top-supper-club-stevens-point?adjust_creative=GVWAITeAe13hPk5JlriDSg&utm_campaign=yelp_api_v3&utm_medium=api_v3_business_search&utm_source=GVWAITeAe13hPk5JlriDSg
wissota-chophouse-stevens-point-2,"[{'alias': 'steak', 'title': 'Steakhouses'}, {'alias': 'beerbar', 'title': 'Beer Bar'}]","{'latitude': 44.524858, 'longitude': -89.582925}",(715) 295-7273,11360.963559056105,5mskAOUUc38vBXwtXbo8tQ,https://s3-media1.fl.yelpcdn.com/bphoto/KEJ-bSFINaFp61m7CGLbOw/o.jpg,False,"{'address1': '1117 Center Point Dr', 'address2': '', 'address3': None, 'city': 'Stevens Point', 'zip_code': '54481', 'country': 'US', 'state': 'WI', 'display_address': ['1117 Center Point Dr', 'Stevens Point, WI 54481']}",Wissota Chophouse,+17152957273,,3.5,5,[],https://www.yelp.com/biz/wissota-chophouse-stevens-point-2?adjust_creative=GVWAITeAe13hPk5JlriDSg&utm_campaign=yelp_api_v3&utm_medium=api_v3_business_search&utm_source=GVWAITeAe13hPk5JlriDSg
jo-jos-family-restaurant-stevens-point,"[{'alias': 'diners', 'title': 'Diners'}]","{'latitude': 44.4906, 'longitude': -89.5513}",(715) 344-4500,7065.515407430061,H4nRjI3FzU9oRutVsthMPg,https://s3-media4.fl.yelpcdn.com/bphoto/aXVMjMoo_tyawXaNxg1fFw/o.jpg,False,"{'address1': '2404 Post Rd', 'address2': '', 'address3': '', 'city': 'Stevens Point', 'zip_code': '54481', 'country': 'US', 'state': 'WI', 'display_address': ['2404 Post Rd', 'Stevens Point, WI 54481']}",Jo Jo's Family Restaurant,+17153444500,$,3.0,5,[],https://www.yelp.com/biz/jo-jos-family-restaurant-stevens-point?adjust_creative=GVWAITeAe13hPk5JlriDSg&utm_campaign=yelp_api_v3&utm_medium=api_v3_business_search&utm_source=GVWAITeAe13hPk5JlriDSg
fazolis-stevens-point-2,"[{'alias': 'italian', 'title': 'Italian'}]","{'latitude': 44.523116, 'longitude': -89.505255}",(715) 344-8739,10933.004069423318,NcdpzZ5JSY6thGqMVuGu2w,https://s3-media2.fl.yelpcdn.com/bphoto/6N_6_EHMUsi1nkCSkqZSqg/o.jpg,False,"{'address1': '5665 Hwy 10 E', 'address2': '', 'address3': '', 'city': 'Stevens Point', 'zip_code': '54481', 'country': 'US', 'state': 'WI', 'display_address': ['5665 Hwy 10 E', 'Stevens Point, WI 54481']}",Fazoli's,+17153448739,$,4.0,5,[],https://www.yelp.com/biz/fazolis-stevens-point-2?adjust_creative=GVWAITeAe13hPk5JlriDSg&utm_campaign=yelp_api_v3&utm_medium=api_v3_business_search&utm_source=GVWAITeAe13hPk5JlriDSg
airport-bar-stevens-point,"[{'alias': 'bars', 'title': 'Bars'}]","{'latitude': 44.5235304497387, 'longitude': -89.5496343076229}",,10690.728100064674,rw0hZwzm9P_0AYLw4mtLKQ,https://s3-media2.fl.yelpcdn.com/bphoto/97MKCvaZEQcJte6ZRrITBQ/o.jpg,False,"{'address1': '4 Park Ridge', 'address2': '', 'address3': '', 'city': 'Stevens Point', 'zip_code': '54481', 'country': 'US', 'state': 'WI', 'display_address': ['4 Park Ridge', 'Stevens Point, WI 54481']}",Airport Bar,,$,3.5,4,[],https://www.yelp.com/biz/airport-bar-stevens-point?adjust_creative=GVWAITeAe13hPk5JlriDSg&utm_campaign=yelp_api_v3&utm_medium=api_v3_business_search&utm_source=GVWAITeAe13hPk5JlriDSg
dq-grill-and-chill-stevens-point,"[{'alias': 'hotdogs', 'title': 'Fast Food'}, {'alias': 'icecream', 'title': 'Ice Cream & Frozen Yogurt'}]","{'latitude': 44.5239944458008, 'longitude': -89.5199356079102}",(715) 344-3400,10806.051071494872,nMin8xRT0Ioz_28Eo_248Q,https://s3-media2.fl.yelpcdn.com/bphoto/USATuXXZ2VqiCoNd-IVgLQ/o.jpg,False,"{'address1': '5398 US Hwy 10 E', 'address2': None, 'address3': None, 'city': 'Stevens Point', 'zip_code': '54482', 'country': 'US', 'state': 'WI', 'display_address': ['5398 US Hwy 10 E', 'Stevens Point, WI 54482']}",Dq Grill and Chill,+17153443400,$,4.5,3,[],https://www.yelp.com/biz/dq-grill-and-chill-stevens-point?adjust_creative=GVWAITeAe13hPk5JlriDSg&utm_campaign=yelp_api_v3&utm_medium=api_v3_business_search&utm_source=GVWAITeAe13hPk5JlriDSg
tech-lounge-stevens-point,"[{'alias': 'cafes', 'title': 'Cafes'}, {'alias': 'arcades', 'title': 'Arcades'}]","{'latitude': 44.5234525948763, 'longitude': -89.5839726179838}",(715) 544-4800,11243.22801609147,7hx6bcLeEKzZtzzXWSQKKA,https://s3-media4.fl.yelpcdn.com/bphoto/ic9va8WRf33lydfViKsIbA/o.jpg,False,"{'address1': '1036 Main St', 'address2': None, 'address3': None, 'city': 'Stevens Point', 'zip_code': '54481', 'country': 'US', 'state': 'WI', 'display_address': ['1036 Main St', 'Stevens Point, WI 54481']}",Tech Lounge,+17155444800,$,5.0,2,[],https://www.yelp.com/biz/tech-lounge-stevens-point?adjust_creative=GVWAITeAe13hPk5JlriDSg&utm_campaign=yelp_api_v3&utm_medium=api_v3_business_search&utm_source=GVWAITeAe13hPk5JlriDSg
wisconsin-river-golf-club-stevens-point,"[{'alias': 'nightlife', 'title': 'Nightlife'}, {'alias': 'golf', 'title': 'Golf'}]","{'latitude': 44.4720153808594, 'longitude': -89.5945892333984}",(715) 344-9152,6620.2121455062925,dMi2qxRgcZdHlmTcM1iZWA,,False,"{'address1': '705 W River Dr W', 'address2': '', 'address3': '', 'city': 'Stevens Point', 'zip_code': '54481', 'country': 'US', 'state': 'WI', 'display_address': ['705 W River Dr W', 'Stevens Point, WI 54481']}",Wisconsin River Golf Club,+17153449152,,4.0,2,[],https://www.yelp.com/biz/wisconsin-river-golf-club-stevens-point?adjust_creative=GVWAITeAe13hPk5JlriDSg&utm_campaign=yelp_api_v3&utm_medium=api_v3_business_search&utm_source=GVWAITeAe13hPk5JlriDSg
applebees-grill-bar-stevens-point-2,"[{'alias': 'sportsbars', 'title': 'Sports Bars'}, {'alias': 'burgers', 'title': 'Burgers'}, {'alias': 'tradamerican', 'title': 'American (Traditional)'}]","{'latitude': 44.5229743, 'longitude': -89.508283}",(715) 345-0186,10862.042956292891,L-vrd5OBwfOFFc8yv8VyNQ,https://s3-media3.fl.yelpcdn.com/bphoto/jUmIdGjjwCY2lvFOdHZH7A/o.jpg,False,"{'address1': '5609 Hwy 10 E', 'address2': '', 'address3': '', 'city': 'Stevens Point', 'zip_code': '54482', 'country': 'US', 'state': 'WI', 'display_address': ['5609 Hwy 10 E', 'Stevens Point, WI 54482']}",Applebee's Grill + Bar,+17153450186,$,2.0,18,[],https://www.yelp.com/biz/applebees-grill-bar-stevens-point-2?adjust_creative=GVWAITeAe13hPk5JlriDSg&utm_campaign=yelp_api_v3&utm_medium=api_v3_business_search&utm_source=GVWAITeAe13hPk5JlriDSg
frank-and-ernie-s-stevens-point,"[{'alias': 'pubs', 'title': 'Pubs'}]","{'latitude': 44.5263599, 'longitude': -89.58557}",(715) 344-9911,11593.642822238076,KLwB0ghaRQ3RKfbEWIS5fA,https://s3-media4.fl.yelpcdn.com/bphoto/J-gB4XQX74kNfvGkLlpESg/o.jpg,False,"{'address1': '925 2nd St', 'address2': None, 'address3': None, 'city': 'Stevens Point', 'zip_code': '54481', 'country': 'US', 'state': 'WI', 'display_address': ['925 2nd St', 'Stevens Point, WI 54481']}",Frank & Ernie’s,+17153449911,,4.0,3,[],https://www.yelp.com/biz/frank-and-ernie-s-stevens-point?adjust_creative=GVWAITeAe13hPk5JlriDSg&utm_campaign=yelp_api_v3&utm_medium=api_v3_business_search&utm_source=GVWAITeAe13hPk5JlriDSg
smileys-bar-and-grill-plover,"[{'alias': 'bbq', 'title': 'Barbeque'}]","{'latitude': 44.43812, 'longitude': -89.5067399}",(715) 341-4530,2782.035709646857,ZboQk82xLEgPPVKi3GEk2A,,False,"{'address1': '5671 Pleasant Dr', 'address2': '', 'address3': '', 'city': 'Plover', 'zip_code': '54467', 'country': 'US', 'state': 'WI', 'display_address': ['5671 Pleasant Dr', 'Plover, WI 54467']}",Smiley's Bar & Grill,+17153414530,$,2.5,3,[],https://www.yelp.com/biz/smileys-bar-and-grill-plover?adjust_creative=GVWAITeAe13hPk5JlriDSg&utm_campaign=yelp_api_v3&utm_medium=api_v3_business_search&utm_source=GVWAITeAe13hPk5JlriDSg
point-dog-park-stevens-point,"[{'alias': 'dog_parks', 'title': 'Dog Parks'}]","{'latitude': 44.5108948, 'longitude': -89.5822754}",(715) 341-1136,9719.893026895674,tQOHFoJnAiyRPAZN84KnuQ,https://s3-media4.fl.yelpcdn.com/bphoto/jRBaVzEqVTJbWeaP9eyHrA/o.jpg,False,"{'address1': '601 Mason St', 'address2': '', 'address3': '', 'city': 'Stevens Point', 'zip_code': '54481', 'country': 'US', 'state': 'WI', 'display_address': ['601 Mason St', 'Stevens Point, WI 54481']}",Point Dog Park,+17153411136,,3.5,3,[],https://www.yelp.com/biz/point-dog-park-stevens-point?adjust_creative=GVWAITeAe13hPk5JlriDSg&utm_campaign=yelp_api_v3&utm_medium=api_v3_business_search&utm_source=GVWAITeAe13hPk5JlriDSg
fills-bar-inc-stevens-point,"[{'alias': 'bars', 'title': 'Bars'}]","{'latitude': 44.5117111206055, 'longitude': -89.5528717041016}",(715) 342-5826,9438.065525109201,OIw-QMDiemFZ9vSQhkDsUw,,False,"{'address1': '3301 Patch St', 'address2': '', 'address3': '', 'city': 'Stevens Point', 'zip_code': '54481', 'country': 'US', 'state': 'WI', 'display_address': ['3301 Patch St', 'Stevens Point, WI 54481']}","Fill's Bar, Inc",+17153425826,,5.0,1,[],https://www.yelp.com/biz/fills-bar-inc-stevens-point?adjust_creative=GVWAITeAe13hPk5JlriDSg&utm_campaign=yelp_api_v3&utm_medium=api_v3_business_search&utm_source=GVWAITeAe13hPk5JlriDSg
post-road-pub-plover,"[{'alias': 'sportsbars', 'title': 'Sports Bars'}]","{'latitude': 44.4797286987305, 'longitude': -89.5492248535156}",(715) 344-9800,5842.251036178799,ZhHhPGKkPoBoj_QOZM5gZg,https://s3-media2.fl.yelpcdn.com/bphoto/Cb06t-zyAybf4VrPlE988Q/o.jpg,False,"{'address1': '1211 Post Rd', 'address2': '', 'address3': '', 'city': 'Plover', 'zip_code': '54467', 'country': 'US', 'state': 'WI', 'display_address': ['1211 Post Rd', 'Plover, WI 54467']}",Post Road Pub,+17153449800,,4.0,1,[],https://www.yelp.com/biz/post-road-pub-plover?adjust_creative=GVWAITeAe13hPk5JlriDSg&utm_campaign=yelp_api_v3&utm_medium=api_v3_business_search&utm_source=GVWAITeAe13hPk5JlriDSg
panda-express-plover,"[{'alias': 'chinese', 'title': 'Chinese'}, {'alias': 'hotdogs', 'title': 'Fast Food'}]","{'latitude': 44.4960693885559, 'longitude': -89.5128808736835}",(715) 341-2325,7869.870719589605,bJHo15EWpwaiKn6L6puhuQ,https://s3-media1.fl.yelpcdn.com/bphoto/-d2m-jXQQu2_O5vFKKNCJA/o.jpg,False,"{'address1': '160 Crossrds Dr', 'address2': '', 'address3': '', 'city': 'Plover', 'zip_code': '54467', 'country': 'US', 'state': 'WI', 'display_address': ['160 Crossrds Dr', 'Plover, WI 54467']}",Panda Express,+17153412325,$,2.5,6,[],https://www.yelp.com/biz/panda-express-plover?adjust_creative=GVWAITeAe13hPk5JlriDSg&utm_campaign=yelp_api_v3&utm_medium=api_v3_business_search&utm_source=GVWAITeAe13hPk5JlriDSg
arbys-plover-2,"[{'alias': 'sandwiches', 'title': 'Sandwiches'}, {'alias': 'hotdogs', 'title': 'Fast Food'}]","{'latitude': 44.453346, 'longitude': -89.524831}",(715) 295-4076,3060.458937616948,qUo50PTaOQzuCpW2XhMqaQ,,False,"{'address1': '1825 Plover Rd', 'address2': '', 'address3': None, 'city': 'Plover', 'zip_code': '54467', 'country': 'US', 'state': 'WI', 'display_address': ['1825 Plover Rd', 'Plover, WI 54467']}",Arby's,+17152954076,,3.0,1,[],https://www.yelp.com/biz/arbys-plover-2?adjust_creative=GVWAITeAe13hPk5JlriDSg&utm_campaign=yelp_api_v3&utm_medium=api_v3_business_search&utm_source=GVWAITeAe13hPk5JlriDSg
club-forest-plover,"[{'alias': 'bars', 'title': 'Bars'}, {'alias': 'tradamerican', 'title': 'American (Traditional)'}]","{'latitude': 44.43942, 'longitude': -89.64099}",(715) 345-1220,8235.856720677835,fTXsccsI2dspyOPUgRAUMQ,https://s3-media3.fl.yelpcdn.com/bphoto/8sSYJGjxWik8cOq6doreBw/o.jpg,False,"{'address1': '1176 Club Forest Dr', 'address2': '', 'address3': '', 'city': 'Plover', 'zip_code': '54467', 'country': 'US', 'state': 'WI', 'display_address': ['1176 Club Forest Dr', 'Plover, WI 54467']}",Club Forest,+17153451220,,2.5,4,[],https://www.yelp.com/biz/club-forest-plover?adjust_creative=GVWAITeAe13hPk5JlriDSg&utm_campaign=yelp_api_v3&utm_medium=api_v3_business_search&utm_source=GVWAITeAe13hPk5JlriDSg
archies-cocktail-lounge-stevens-point,"[{'alias': 'bars', 'title': 'Bars'}]","{'latitude': 44.51424, 'longitude': -89.57454}",(715) 344-9895,10024.76576508547,TCVICo5a_LGVB6Zm7MNtrQ,,False,"{'address1': '2317 Division St', 'address2': '', 'address3': '', 'city': 'Stevens Point', 'zip_code': '54481', 'country': 'US', 'state': 'WI', 'display_address': ['2317 Division St', 'Stevens Point, WI 54481']}",Archie's Cocktail Lounge,+17153449895,,5.0,1,[],https://www.yelp.com/biz/archies-cocktail-lounge-stevens-point?adjust_creative=GVWAITeAe13hPk5JlriDSg&utm_campaign=yelp_api_v3&utm_medium=api_v3_business_search&utm_source=GVWAITeAe13hPk5JlriDSg
big-todds-stevens-point,"[{'alias': 'bars', 'title': 'Bars'}]","{'latitude': 44.5140232890844, 'longitude': -89.5760299265385}",(715) 341-9669,10045.14754614082,N6ooMKWPtIQ4InBySG9fhA,,False,"{'address1': '1109 Park St', 'address2': '', 'address3': '', 'city': 'Stevens Point', 'zip_code': '54481', 'country': 'US', 'state': 'WI', 'display_address': ['1109 Park St', 'Stevens Point, WI 54481']}",Big Todds,+17153419669,,5.0,1,[],https://www.yelp.com/biz/big-todds-stevens-point?adjust_creative=GVWAITeAe13hPk5JlriDSg&utm_campaign=yelp_api_v3&utm_medium=api_v3_business_search&utm_source=GVWAITeAe13hPk5JlriDSg
mcdonalds-plover-2,"[{'alias': 'hotdogs', 'title': 'Fast Food'}, {'alias': 'burgers', 'title': 'Burgers'}, {'alias': 'coffee', 'title': 'Coffee & Tea'}]","{'latitude': 44.4535977, 'longitude': -89.5431259274483}",(715) 341-3736,2901.086639209913,Vhlz6qqA5NSWXUN9KDsesg,https://s3-media4.fl.yelpcdn.com/bphoto/09YNnN6Re96TKORiGCvzCw/o.jpg,False,"{'address1': '2601 Plover Rd', 'address2': '', 'address3': '', 'city': 'Plover', 'zip_code': '54467', 'country': 'US', 'state': 'WI', 'display_address': ['2601 Plover Rd', 'Plover, WI 54467']}",McDonald's,+17153413736,,1.5,3,[],https://www.yelp.com/biz/mcdonalds-plover-2?adjust_creative=GVWAITeAe13hPk5JlriDSg&utm_campaign=yelp_api_v3&utm_medium=api_v3_business_search&utm_source=GVWAITeAe13hPk5JlriDSg
the-19th-hole-stevens-point,"[{'alias': 'newamerican', 'title': 'American (New)'}]","{'latitude': 44.472, 'longitude': -89.5946}",(715) 344-9152,6635.560904645082,AalUpVK89amM5FtytohoWA,,False,"{'address1': '705 W River Dr', 'address2': '', 'address3': '', 'city': 'Stevens Point', 'zip_code': '54481', 'country': 'US', 'state': 'WI', 'display_address': ['705 W River Dr', 'Stevens Point, WI 54481']}",The 19th Hole,+17153449152,,4.0,1,[],https://www.yelp.com/biz/the-19th-hole-stevens-point?adjust_creative=GVWAITeAe13hPk5JlriDSg&utm_campaign=yelp_api_v3&utm_medium=api_v3_business_search&utm_source=GVWAITeAe13hPk5JlriDSg
springville-sports-grill-plover,"[{'alias': 'tradamerican', 'title': 'American (Traditional)'}, {'alias': 'sportsbars', 'title': 'Sports Bars'}, {'alias': 'pizza', 'title': 'Pizza'}]","{'latitude': 44.4689865112305, 'longitude': -89.544059753418}",(715) 544-0336,4610.4369100995755,KnRBdWF47N3QZhBfh-w8EA,https://s3-media1.fl.yelpcdn.com/bphoto/99sN7M1UpdbGKVerLQniRg/o.jpg,False,"{'address1': '2811 Plover Spring Dr', 'address2': '', 'address3': '', 'city': 'Plover', 'zip_code': '54467', 'country': 'US', 'state': 'WI', 'display_address': ['2811 Plover Spring Dr', 'Plover, WI 54467']}",Springville Sports Grill,+17155440336,,5.0,2,[],https://www.yelp.com/biz/springville-sports-grill-plover?adjust_creative=GVWAITeAe13hPk5JlriDSg&utm_campaign=yelp_api_v3&utm_medium=api_v3_business_search&utm_source=GVWAITeAe13hPk5JlriDSg
top-hat-bar-stevens-point,"[{'alias': 'bars', 'title': 'Bars'}]","{'latitude': 44.52265, 'longitude': -89.58502}",(715) 341-8550,11189.301072483717,brSlHEE3WoflV-LRe44XPQ,https://s3-media1.fl.yelpcdn.com/bphoto/aipDDroPTjE5Zqr1HRHlgw/o.jpg,False,"{'address1': '1346 3rd St', 'address2': '', 'address3': '', 'city': 'Stevens Point', 'zip_code': '54481', 'country': 'US', 'state': 'WI', 'display_address': ['1346 3rd St', 'Stevens Point, WI 54481']}",Top Hat Bar,+17153418550,,4.5,3,[],https://www.yelp.com/biz/top-hat-bar-stevens-point?adjust_creative=GVWAITeAe13hPk5JlriDSg&utm_campaign=yelp_api_v3&utm_medium=api_v3_business_search&utm_source=GVWAITeAe13hPk5JlriDSg
arbys-stevens-point,"[{'alias': 'hotdogs', 'title': 'Fast Food'}, {'alias': 'sandwiches', 'title': 'Sandwiches'}]","{'latitude': 44.50559, 'longitude': -89.56712}",(715) 345-7888,8952.030461290851,NPTc73xf4-ZG8egvwkelZA,https://s3-media3.fl.yelpcdn.com/bphoto/_0U4SWqotZISvvIky7KnaQ/o.jpg,False,"{'address1': '3115 Church St', 'address2': '', 'address3': '', 'city': 'Stevens Point', 'zip_code': '54481', 'country': 'US', 'state': 'WI', 'display_address': ['3115 Church St', 'Stevens Point, WI 54481']}",Arby's,+17153457888,,2.5,4,[],https://www.yelp.com/biz/arbys-stevens-point?adjust_creative=GVWAITeAe13hPk5JlriDSg&utm_campaign=yelp_api_v3&utm_medium=api_v3_business_search&utm_source=GVWAITeAe13hPk5JlriDSg
joes-bar-stevens-point,"[{'alias': 'sportsbars', 'title': 'Sports Bars'}]","{'latitude': 44.52293, 'longitude': -89.58611}",(715) 344-9827,11236.959051628588,amqsQG4OjZ2f6Fz7DJR8ag,https://s3-media2.fl.yelpcdn.com/bphoto/Cb97ZIAxVAMU-fVTx_bPrg/o.jpg,False,"{'address1': '831 Main St', 'address2': '', 'address3': '', 'city': 'Stevens Point', 'zip_code': '54481', 'country': 'US', 'state': 'WI', 'display_address': ['831 Main St', 'Stevens Point, WI 54481']}",Joe's Bar,+17153449827,,3.5,4,[],https://www.yelp.com/biz/joes-bar-stevens-point?adjust_creative=GVWAITeAe13hPk5JlriDSg&utm_campaign=yelp_api_v3&utm_medium=api_v3_business_search&utm_source=GVWAITeAe13hPk5JlriDSg
tak-yee-products-stevens-point,"[{'alias': 'chinese', 'title': 'Chinese'}]","{'latitude': 44.456601, 'longitude': -89.446606}",(715) 344-1123,7976.680580457917,FLfRhStJLoahBOw3X1EGtg,https://s3-media1.fl.yelpcdn.com/bphoto/Rf02ajA4G1yzunsVt0fdFQ/o.jpg,False,"{'address1': '4477 County Road J', 'address2': '', 'address3': '', 'city': 'Stevens Point', 'zip_code': '54481', 'country': 'US', 'state': 'WI', 'display_address': ['4477 County Road J', 'Stevens Point, WI 54481']}",Tak Yee Products,+17153441123,,4.0,1,[],https://www.yelp.com/biz/tak-yee-products-stevens-point?adjust_creative=GVWAITeAe13hPk5JlriDSg&utm_campaign=yelp_api_v3&utm_medium=api_v3_business_search&utm_source=GVWAITeAe13hPk5JlriDSg
copps-food-center-stevens-point,"[{'alias': 'grocery', 'title': 'Grocery'}, {'alias': 'beer_and_wine', 'title': 'Beer, Wine & Spirits'}, {'alias': 'bakeries', 'title': 'Bakeries'}]","{'latitude': 44.5046691894531, 'longitude': -89.5683212280273}",(715) 345-1937,8876.998907161804,dMLBDZTZ1wOcBdgKl4n6aQ,https://s3-media4.fl.yelpcdn.com/bphoto/Cg98HaxmsZwERyJLzrFgMg/o.jpg,False,"{'address1': '1500 Pinecrest Ave', 'address2': '', 'address3': '', 'city': 'Stevens Point', 'zip_code': '54481', 'country': 'US', 'state': 'WI', 'display_address': ['1500 Pinecrest Ave', 'Stevens Point, WI 54481']}",Copps Food Center,+17153451937,$$,2.5,5,[],https://www.yelp.com/biz/copps-food-center-stevens-point?adjust_creative=GVWAITeAe13hPk5JlriDSg&utm_campaign=yelp_api_v3&utm_medium=api_v3_business_search&utm_source=GVWAITeAe13hPk5JlriDSg
little-caesars-stevens-point,"[{'alias': 'pizza', 'title': 'Pizza'}]","{'latitude': 44.51162, 'longitude': -89.57157}",(715) 345-2333,9687.974108490314,J-guyqI1f8Ao9o4ovj-2dg,https://s3-media2.fl.yelpcdn.com/bphoto/OytPYYNz0-Dd8vLrsX0DvQ/o.jpg,False,"{'address1': '2501 Church St', 'address2': None, 'address3': None, 'city': 'Stevens Point', 'zip_code': '54481', 'country': 'US', 'state': 'WI', 'display_address': ['2501 Church St', 'Stevens Point, WI 54481']}",Little Caesars,+17153452333,$,3.0,3,[],https://www.yelp.com/biz/little-caesars-stevens-point?adjust_creative=GVWAITeAe13hPk5JlriDSg&utm_campaign=yelp_api_v3&utm_medium=api_v3_business_search&utm_source=GVWAITeAe13hPk5JlriDSg
carl-ds-soft-serve-stevens-point,"[{'alias': 'icecream', 'title': 'Ice Cream & Frozen Yogurt'}, {'alias': 'popcorn', 'title': 'Popcorn Shops'}]","{'latitude': 44.5147, 'longitude': -89.57505}",(715) 340-3390,10097.630305801393,B5dYvcoCu0DeqVSNgYL1yA,https://s3-media4.fl.yelpcdn.com/bphoto/rXhxtd3abeeSeY1LeUqaBg/o.jpg,False,"{'address1': '1232 Park St', 'address2': '', 'address3': '', 'city': 'Stevens Point', 'zip_code': '54481', 'country': 'US', 'state': 'WI', 'display_address': ['1232 Park St', 'Stevens Point, WI 54481']}",Carl D's Soft Serve,+17153403390,$,3.0,13,[],https://www.yelp.com/biz/carl-ds-soft-serve-stevens-point?adjust_creative=GVWAITeAe13hPk5JlriDSg&utm_campaign=yelp_api_v3&utm_medium=api_v3_business_search&utm_source=GVWAITeAe13hPk5JlriDSg
hardees-stevens-point-2,"[{'alias': 'hotdogs', 'title': 'Fast Food'}]","{'latitude': 44.5295066833496, 'longitude': -89.5741577148438}",(715) 344-3331,11672.159212073782,AQvAzjvSvRqe-kIYPUzdLg,https://s3-media3.fl.yelpcdn.com/bphoto/eLCihBNwof_PxP_-KEQXoQ/o.jpg,False,"{'address1': '617 Division St', 'address2': '', 'address3': '', 'city': 'Stevens Point', 'zip_code': '54481', 'country': 'US', 'state': 'WI', 'display_address': ['617 Division St', 'Stevens Point, WI 54481']}",Hardee's,+17153443331,,2.5,3,[],https://www.yelp.com/biz/hardees-stevens-point-2?adjust_creative=GVWAITeAe13hPk5JlriDSg&utm_campaign=yelp_api_v3&utm_medium=api_v3_business_search&utm_source=GVWAITeAe13hPk5JlriDSg
hardees-stevens-point,"[{'alias': 'restaurants', 'title': 'Restaurants'}]","{'latitude': 44.50512, 'longitude': -89.56772}",(715) 341-6241,8914.348323351885,yxDBXZX7KavF5JkaRPtvyg,https://s3-media4.fl.yelpcdn.com/bphoto/qdRI0GAnNvX_C8A1Qw5RRQ/o.jpg,False,"{'address1': '3132 Church St', 'address2': '', 'address3': '', 'city': 'Stevens Point', 'zip_code': '54481', 'country': 'US', 'state': 'WI', 'display_address': ['3132 Church St', 'Stevens Point, WI 54481']}",Hardee's,+17153416241,,2.0,3,[],https://www.yelp.com/biz/hardees-stevens-point?adjust_creative=GVWAITeAe13hPk5JlriDSg&utm_campaign=yelp_api_v3&utm_medium=api_v3_business_search&utm_source=GVWAITeAe13hPk5JlriDSg
standing-rock-park-stevens-point,"[{'alias': 'parks', 'title': 'Parks'}]","{'latitude': 44.4329414367676, 'longitude': -89.398193359375}",(715) 824-3949,11161.266303259725,K4R0u2F0lUPClF9q0jF7Rw,,False,"{'address1': '7695 Standing Rocks Rd', 'address2': '', 'address3': '', 'city': 'Stevens Point', 'zip_code': '54482', 'country': 'US', 'state': 'WI', 'display_address': ['7695 Standing Rocks Rd', 'Stevens Point, WI 54482']}",Standing Rock Park,+17158243949,,4.0,1,[],https://www.yelp.com/biz/standing-rock-park-stevens-point?adjust_creative=GVWAITeAe13hPk5JlriDSg&utm_campaign=yelp_api_v3&utm_medium=api_v3_business_search&utm_source=GVWAITeAe13hPk5JlriDSg
new-habachi-buffet-stevens-point,"[{'alias': 'buffets', 'title': 'Buffets'}, {'alias': 'chinese', 'title': 'Chinese'}, {'alias': 'japanese', 'title': 'Japanese'}]","{'latitude': 44.5229330874205, 'longitude': -89.5133078098297}",(715) 342-8879,10776.338173185719,mcN1AdFhuLHcLF-tr9jkPg,,False,"{'address1': '5509 US Hwy 10 E', 'address2': '', 'address3': '', 'city': 'Stevens Point', 'zip_code': '54482', 'country': 'US', 'state': 'WI', 'display_address': ['5509 US Hwy 10 E', 'Stevens Point, WI 54482']}",New Habachi Buffet,+17153428879,,2.5,3,[],https://www.yelp.com/biz/new-habachi-buffet-stevens-point?adjust_creative=GVWAITeAe13hPk5JlriDSg&utm_campaign=yelp_api_v3&utm_medium=api_v3_business_search&utm_source=GVWAITeAe13hPk5JlriDSg
dominos-pizza-stevens-point-2,"[{'alias': 'pizza', 'title': 'Pizza'}, {'alias': 'chicken_wings', 'title': 'Chicken Wings'}, {'alias': 'sandwiches', 'title': 'Sandwiches'}]","{'latitude': 44.50652, 'longitude': -89.56755}",(715) 345-0901,9063.704592578066,hzlIEBjowD8lfBsxK8r1Cw,https://s3-media1.fl.yelpcdn.com/bphoto/TvjRJLC2cSrTdDGivu5g_w/o.jpg,False,"{'address1': '3033 Church St', 'address2': '', 'address3': '', 'city': 'Stevens Point', 'zip_code': '54481', 'country': 'US', 'state': 'WI', 'display_address': ['3033 Church St', 'Stevens Point, WI 54481']}",Domino's Pizza,+17153450901,$,1.5,5,[],https://www.yelp.com/biz/dominos-pizza-stevens-point-2?adjust_creative=GVWAITeAe13hPk5JlriDSg&utm_campaign=yelp_api_v3&utm_medium=api_v3_business_search&utm_source=GVWAITeAe13hPk5JlriDSg
cousins-subs-of-stevens-point-uwsp-campus-stevens-point,"[{'alias': 'sandwiches', 'title': 'Sandwiches'}, {'alias': 'delis', 'title': 'Delis'}]","{'latitude': 44.52917, 'longitude': -89.57435}",(715) 295-9650,11636.817686797538,lZMOPVUKrOQD2J6tibh4Ew,https://s3-media3.fl.yelpcdn.com/bphoto/eYuJZy8Z4B2eZOewBl7ebA/o.jpg,False,"{'address1': '641 B Division St', 'address2': '', 'address3': '', 'city': 'Stevens Point', 'zip_code': '54481', 'country': 'US', 'state': 'WI', 'display_address': ['641 B Division St', 'Stevens Point, WI 54481']}",Cousins Subs of Stevens Point - UWSP Campus,+17152959650,$,2.5,2,[],https://www.yelp.com/biz/cousins-subs-of-stevens-point-uwsp-campus-stevens-point?adjust_creative=GVWAITeAe13hPk5JlriDSg&utm_campaign=yelp_api_v3&utm_medium=api_v3_business_search&utm_source=GVWAITeAe13hPk5JlriDSg
butters-brickhause-tavern-stevens-point,"[{'alias': 'bars', 'title': 'Bars'}]","{'latitude': 44.522701, 'longitude': -89.585556}",(715) 344-9186,11200.986463546284,vX_dpejHNTi-Sbnh0h5Zxw,https://s3-media1.fl.yelpcdn.com/bphoto/5IlzuiqJGeMG2MrlZE3ssA/o.jpg,False,"{'address1': '1343 2nd St', 'address2': '', 'address3': '', 'city': 'Stevens Point', 'zip_code': '54481', 'country': 'US', 'state': 'WI', 'display_address': ['1343 2nd St', 'Stevens Point, WI 54481']}",Butters Brickhause Tavern,+17153449186,$$,2.5,3,[],https://www.yelp.com/biz/butters-brickhause-tavern-stevens-point?adjust_creative=GVWAITeAe13hPk5JlriDSg&utm_campaign=yelp_api_v3&utm_medium=api_v3_business_search&utm_source=GVWAITeAe13hPk5JlriDSg
rossiers-stockton-bar-stevens-point,"[{'alias': 'bars', 'title': 'Bars'}]","{'latitude': 44.51117, 'longitude': -89.4675}",(715) 592-6377,10862.42700399653,gOAjS5cf8cnMmt4yHsbfSA,,False,"{'address1': '6399 Old Highway 18', 'address2': '', 'address3': '', 'city': 'Stevens Point', 'zip_code': '54481', 'country': 'US', 'state': 'WI', 'display_address': ['6399 Old Highway 18', 'Stevens Point, WI 54481']}",Rossier's Stockton Bar,+17155926377,,3.0,1,[],https://www.yelp.com/biz/rossiers-stockton-bar-stevens-point?adjust_creative=GVWAITeAe13hPk5JlriDSg&utm_campaign=yelp_api_v3&utm_medium=api_v3_business_search&utm_source=GVWAITeAe13hPk5JlriDSg
buffys-lampoon-stevens-point,"[{'alias': 'bars', 'title': 'Bars'}]","{'latitude': 44.5228729248047, 'longitude': -89.5855560302734}",(715) 344-9909,11223.210080101566,Pi_EGNRP1DjwHujFp-J1sA,https://s3-media3.fl.yelpcdn.com/bphoto/iqHFGrggeRBJSB513zVLkQ/o.jpg,False,"{'address1': '1331 2nd St', 'address2': '', 'address3': '', 'city': 'Stevens Point', 'zip_code': '54481', 'country': 'US', 'state': 'WI', 'display_address': ['1331 2nd St', 'Stevens Point, WI 54481']}",Buffy's Lampoon,+17153449909,$,3.0,1,[],https://www.yelp.com/biz/buffys-lampoon-stevens-point?adjust_creative=GVWAITeAe13hPk5JlriDSg&utm_campaign=yelp_api_v3&utm_medium=api_v3_business_search&utm_source=GVWAITeAe13hPk5JlriDSg
archangel-cafe-stevens-point,"[{'alias': 'restaurants', 'title': 'Restaurants'}]","{'latitude': 44.5273895263672, 'longitude': -89.5670166015625}",,11311.149557742809,XlWDginQDwIW3p7flORPdQ,https://s3-media2.fl.yelpcdn.com/bphoto/I2GDEWhbGahsP0RpQAAZGQ/o.jpg,False,"{'address1': '900 Illinois Ave', 'address2': '', 'address3': '', 'city': 'Stevens Point', 'zip_code': '54481', 'country': 'US', 'state': 'WI', 'display_address': ['900 Illinois Ave', 'Stevens Point, WI 54481']}",Archangel Cafe,,$,3.0,1,[],https://www.yelp.com/biz/archangel-cafe-stevens-point?adjust_creative=GVWAITeAe13hPk5JlriDSg&utm_campaign=yelp_api_v3&utm_medium=api_v3_business_search&utm_source=GVWAITeAe13hPk5JlriDSg
pfiffner-pioneer-park-stevens-point,"[{'alias': 'parks', 'title': 'Parks'}]","{'latitude': 44.5257981716096, 'longitude': -89.5903790742159}",(715) 346-1531,11655.590463758785,uIlWJrgOsYdE0oMtn49gQA,https://s3-media1.fl.yelpcdn.com/bphoto/FjjshEbtpi4Oyan0G-v0zQ/o.jpg,False,"{'address1': '1100 Crosby Ave', 'address2': '', 'address3': None, 'city': 'Stevens Point', 'zip_code': '54481', 'country': 'US', 'state': 'WI', 'display_address': ['1100 Crosby Ave', 'Stevens Point, WI 54481']}",Pfiffner Pioneer Park,+17153461531,,3.0,1,[],https://www.yelp.com/biz/pfiffner-pioneer-park-stevens-point?adjust_creative=GVWAITeAe13hPk5JlriDSg&utm_campaign=yelp_api_v3&utm_medium=api_v3_business_search&utm_source=GVWAITeAe13hPk5JlriDSg
pizza-hut-plover,"[{'alias': 'pizza', 'title': 'Pizza'}, {'alias': 'italian', 'title': 'Italian'}, {'alias': 'chicken_wings', 'title': 'Chicken Wings'}]","{'latitude': 44.46293, 'longitude': -89.54467}",(715) 341-6565,3947.5879131653483,MpFbjN1V7aGxWJmlF5wGsQ,https://s3-media2.fl.yelpcdn.com/bphoto/mDVz2IpIRINDvo2EpZL1cw/o.jpg,False,"{'address1': '2321 Post Rd', 'address2': '', 'address3': 'Pizza Hut  268', 'city': 'Plover', 'zip_code': '54467', 'country': 'US', 'state': 'WI', 'display_address': ['2321 Post Rd', 'Pizza Hut  268', 'Plover, WI 54467']}",Pizza Hut,+17153416565,,1.5,3,[],https://www.yelp.com/biz/pizza-hut-plover?adjust_creative=GVWAITeAe13hPk5JlriDSg&utm_campaign=yelp_api_v3&utm_medium=api_v3_business_search&utm_source=GVWAITeAe13hPk5JlriDSg
arbys-stevens-point-2,"[{'alias': 'hotdogs', 'title': 'Fast Food'}, {'alias': 'sandwiches', 'title': 'Sandwiches'}]","{'latitude': 44.5239867423505, 'longitude': -89.5055998536168}",(715) 342-0950,11020.445304499128,Jmx24OeYMNReO7XglJ9VbA,https://s3-media2.fl.yelpcdn.com/bphoto/9_3MEAdSkkzyxDF_fAweoA/o.jpg,False,"{'address1': '5700 US Highway 10 E', 'address2': '', 'address3': '', 'city': 'Stevens Point', 'zip_code': '54481', 'country': 'US', 'state': 'WI', 'display_address': ['5700 US Highway 10 E', 'Stevens Point, WI 54481']}",Arby's,+17153420950,$,2.0,3,[],https://www.yelp.com/biz/arbys-stevens-point-2?adjust_creative=GVWAITeAe13hPk5JlriDSg&utm_campaign=yelp_api_v3&utm_medium=api_v3_business_search&utm_source=GVWAITeAe13hPk5JlriDSg
jeepers-gin-mill-and-grill-plover,"[{'alias': 'burgers', 'title': 'Burgers'}, {'alias': 'chicken_wings', 'title': 'Chicken Wings'}, {'alias': 'pizza', 'title': 'Pizza'}]","{'latitude': 44.4598553, 'longitude': -89.5436115}",(715) 295-9910,3642.5116044999227,YYArl1im83PKcTz5KdKTcg,,False,"{'address1': '2529 Post Rd', 'address2': '', 'address3': '', 'city': 'Plover', 'zip_code': '54467', 'country': 'US', 'state': 'WI', 'display_address': ['2529 Post Rd', 'Plover, WI 54467']}",Jeepers Gin Mill & Grill,+17152959910,,1.0,1,[],https://www.yelp.com/biz/jeepers-gin-mill-and-grill-plover?adjust_creative=GVWAITeAe13hPk5JlriDSg&utm_campaign=yelp_api_v3&utm_medium=api_v3_business_search&utm_source=GVWAITeAe13hPk5JlriDSg
plovers-express-drive-thru-plover,"[{'alias': 'restaurants', 'title': 'Restaurants'}]","{'latitude': 44.47764, 'longitude': -89.54876}",(715) 344-6165,5612.154498134289,v4x6PRZLik8N6G6e9pnYUg,,False,"{'address1': '1311 Post Rd', 'address2': '', 'address3': '', 'city': 'Plover', 'zip_code': '54467', 'country': 'US', 'state': 'WI', 'display_address': ['1311 Post Rd', 'Plover, WI 54467']}",Plover's Express Drive Thru,+17153446165,,2.0,3,[],https://www.yelp.com/biz/plovers-express-drive-thru-plover?adjust_creative=GVWAITeAe13hPk5JlriDSg&utm_campaign=yelp_api_v3&utm_medium=api_v3_business_search&utm_source=GVWAITeAe13hPk5JlriDSg
subway-plover,"[{'alias': 'sandwiches', 'title': 'Sandwiches'}, {'alias': 'hotdogs', 'title': 'Fast Food'}]","{'latitude': 44.4927101, 'longitude': -89.5107498}",(715) 254-2100,7555.170582078284,8W9FuesA2nnKHYy14aed-w,,False,"{'address1': '250 Crossroads Dr', 'address2': '', 'address3': '', 'city': 'Plover', 'zip_code': '54467', 'country': 'US', 'state': 'WI', 'display_address': ['250 Crossroads Dr', 'Plover, WI 54467']}",Subway,+17152542100,,1.0,1,[],https://www.yelp.com/biz/subway-plover?adjust_creative=GVWAITeAe13hPk5JlriDSg&utm_campaign=yelp_api_v3&utm_medium=api_v3_business_search&utm_source=GVWAITeAe13hPk5JlriDSg
colligans-bakery-stevens-point,"[{'alias': 'bakeries', 'title': 'Bakeries'}]","{'latitude': 44.5152435302734, 'longitude': -89.5742111206055}",(715) 341-9200,10142.007416155955,1Y0TMClw5OFbejBnOqNTdw,,False,"{'address1': '2201 Division St', 'address2': '', 'address3': '', 'city': 'Stevens Point', 'zip_code': '54481', 'country': 'US', 'state': 'WI', 'display_address': ['2201 Division St', 'Stevens Point, WI 54481']}",Colligan's Bakery,+17153419200,,5.0,1,[],https://www.yelp.com/biz/colligans-bakery-stevens-point?adjust_creative=GVWAITeAe13hPk5JlriDSg&utm_campaign=yelp_api_v3&utm_medium=api_v3_business_search&utm_source=GVWAITeAe13hPk5JlriDSg
mcdonalds-stevens-point-3,"[{'alias': 'burgers', 'title': 'Burgers'}, {'alias': 'hotdogs', 'title': 'Fast Food'}, {'alias': 'coffee', 'title': 'Coffee & Tea'}]","{'latitude': 44.5230143615653, 'longitude': -89.5066840946674}",(715) 345-9578,10895.148629928,F8Js7N4LumAsUymLBqTdWQ,https://s3-media2.fl.yelpcdn.com/bphoto/NIU7gW85Fxd_cEbeXezkyg/o.jpg,False,"{'address1': '5625 Hwy 10 E', 'address2': None, 'address3': None, 'city': 'Stevens Point', 'zip_code': '54481', 'country': 'US', 'state': 'WI', 'display_address': ['5625 Hwy 10 E', 'Stevens Point, WI 54481']}",McDonald's,+17153459578,,1.0,2,[],https://www.yelp.com/biz/mcdonalds-stevens-point-3?adjust_creative=GVWAITeAe13hPk5JlriDSg&utm_campaign=yelp_api_v3&utm_medium=api_v3_business_search&utm_source=GVWAITeAe13hPk5JlriDSg
the-hub-stevens-point,"[{'alias': 'bars', 'title': 'Bars'}]","{'latitude': 44.52287, 'longitude': -89.58605}",(414) 220-0579,11231.138565378858,-Ttc7eWwi_1vCwQudRnvYQ,https://s3-media2.fl.yelpcdn.com/bphoto/YO4R9id0kLNLGntO9ZI_qg/o.jpg,False,"{'address1': '1324 Second St', 'address2': None, 'address3': '', 'city': 'Stevens Point', 'zip_code': '54481', 'country': 'US', 'state': 'WI', 'display_address': ['1324 Second St', 'Stevens Point, WI 54481']}",The Hub,+14142200579,,5.0,1,[],https://www.yelp.com/biz/the-hub-stevens-point?adjust_creative=GVWAITeAe13hPk5JlriDSg&utm_campaign=yelp_api_v3&utm_medium=api_v3_business_search&utm_source=GVWAITeAe13hPk5JlriDSg
dominos-stevens-point,"[{'alias': 'pizza', 'title': 'Pizza'}]","{'latitude': 44.5065, 'longitude': -89.5675}",(715) 345-0901,9056.661784177093,A3K5wfXBAJEuoFcruw4Bpw,,False,"{'address1': '3033 Church St', 'address2': '', 'address3': '', 'city': 'Stevens Point', 'zip_code': '54481', 'country': 'US', 'state': 'WI', 'display_address': ['3033 Church St', 'Stevens Point, WI 54481']}",Domino's,+17153450901,,4.0,1,[],https://www.yelp.com/biz/dominos-stevens-point?adjust_creative=GVWAITeAe13hPk5JlriDSg&utm_campaign=yelp_api_v3&utm_medium=api_v3_business_search&utm_source=GVWAITeAe13hPk5JlriDSg
steve-os-stevens-point,"[{'alias': 'sportsbars', 'title': 'Sports Bars'}]","{'latitude': 44.5229301452637, 'longitude': -89.5853958129883}",(715) 344-9970,11220.72639960083,aNlHw2Tg0txU7NRQoW3mDw,https://s3-media2.fl.yelpcdn.com/bphoto/nPYjYBbj7WAI4QIHBfR1zA/o.jpg,False,"{'address1': '1327 2nd St', 'address2': None, 'address3': '', 'city': 'Stevens Point', 'zip_code': '54481', 'country': 'US', 'state': 'WI', 'display_address': ['1327 2nd St', 'Stevens Point, WI 54481']}",Steve-o's,+17153449970,,1.0,1,[],https://www.yelp.com/biz/steve-os-stevens-point?adjust_creative=GVWAITeAe13hPk5JlriDSg&utm_campaign=yelp_api_v3&utm_medium=api_v3_business_search&utm_source=GVWAITeAe13hPk5JlriDSg
