alias,categories,coordinates,display_phone,distance,id,image_url,is_closed,location,name,phone,price,rating,review_count,transactions,url
red-eye-brewing-company-wausau,"[{'alias': 'tradamerican', 'title': 'American (Traditional)'}, {'alias': 'breweries', 'title': 'Breweries'}]","{'latitude': 44.95887, 'longitude': -89.62262}",(715) 843-7334,11475.043771331637,8EZnC0s_4-ldI2utpnTj_g,https://s3-media1.fl.yelpcdn.com/bphoto/AHIKWGB5j1Ygp_tAqg0piA/o.jpg,False,"{'address1': '612 Washington St', 'address2': '', 'address3': '', 'city': 'Wausau', 'zip_code': '54403', 'country': 'US', 'state': 'WI', 'display_address': ['612 Washington St', 'Wausau, WI 54403']}",Red Eye Brewing Company,+17158437334,$$,4.5,300,['restaurant_reservation'],https://www.yelp.com/biz/red-eye-brewing-company-wausau?adjust_creative=GVWAITeAe13hPk5JlriDSg&utm_campaign=yelp_api_v3&utm_medium=api_v3_business_search&utm_source=GVWAITeAe13hPk5JlriDSg
6th-street-filling-station-wausau,"[{'alias': 'tradamerican', 'title': 'American (Traditional)'}, {'alias': 'breakfast_brunch', 'title': 'Breakfast & Brunch'}, {'alias': 'sandwiches', 'title': 'Sandwiches'}]","{'latitude': 44.96797, 'longitude': -89.62374}",(715) 848-3000,10959.447542438196,kglvVw70djzcNsgcOhPRNg,https://s3-media4.fl.yelpcdn.com/bphoto/BzenyRItTGm3miqkHZHSlA/o.jpg,False,"{'address1': '1314 N 6th St', 'address2': '', 'address3': '', 'city': 'Wausau', 'zip_code': '54403', 'country': 'US', 'state': 'WI', 'display_address': ['1314 N 6th St', 'Wausau, WI 54403']}",6th Street Filling Station,+17158483000,$,4.5,79,[],https://www.yelp.com/biz/6th-street-filling-station-wausau?adjust_creative=GVWAITeAe13hPk5JlriDSg&utm_campaign=yelp_api_v3&utm_medium=api_v3_business_search&utm_source=GVWAITeAe13hPk5JlriDSg
taqueria-tres-hermanos-wausau,"[{'alias': 'mexican', 'title': 'Mexican'}]","{'latitude': 44.96458, 'longitude': -89.62372}",(715) 843-5819,11177.538401038404,osxDXc-ZXM-EPUyS6S_z9Q,https://s3-media2.fl.yelpcdn.com/bphoto/oLBpb0WmrJcG5ckdX1J35w/o.jpg,False,"{'address1': '525 Fulton St', 'address2': '', 'address3': '', 'city': 'Wausau', 'zip_code': '54403', 'country': 'US', 'state': 'WI', 'display_address': ['525 Fulton St', 'Wausau, WI 54403']}",Taqueria Tres Hermanos,+17158435819,$,4.0,86,[],https://www.yelp.com/biz/taqueria-tres-hermanos-wausau?adjust_creative=GVWAITeAe13hPk5JlriDSg&utm_campaign=yelp_api_v3&utm_medium=api_v3_business_search&utm_source=GVWAITeAe13hPk5JlriDSg
thrive-foodery-wausau,"[{'alias': 'newamerican', 'title': 'American (New)'}]","{'latitude': 44.973312, 'longitude': -89.628488}",(715) 393-4040,11011.632242140504,CXr8u1btDK5fzzE6eYPOZw,https://s3-media3.fl.yelpcdn.com/bphoto/csitm3NIa7WZS1h2lLNYWw/o.jpg,False,"{'address1': '2105 N 2nd St', 'address2': '', 'address3': '', 'city': 'Wausau', 'zip_code': '54403', 'country': 'US', 'state': 'WI', 'display_address': ['2105 N 2nd St', 'Wausau, WI 54403']}",THRIVE Foodery,+17153934040,$$,4.0,109,[],https://www.yelp.com/biz/thrive-foodery-wausau?adjust_creative=GVWAITeAe13hPk5JlriDSg&utm_campaign=yelp_api_v3&utm_medium=api_v3_business_search&utm_source=GVWAITeAe13hPk5JlriDSg
mint-cafe-wausau,"[{'alias': 'diners', 'title': 'Diners'}]","{'latitude': 44.960323, 'longitude': -89.628135}",(715) 845-5879,11723.713376754988,ctdzgwiqgf0Bkvv5yx2LvQ,https://s3-media1.fl.yelpcdn.com/bphoto/yD3PqAEGWqVedq8XKg6pAw/o.jpg,False,"{'address1': '422 N 3rd St', 'address2': '', 'address3': '', 'city': 'Wausau', 'zip_code': '54401', 'country': 'US', 'state': 'WI', 'display_address': ['422 N 3rd St', 'Wausau, WI 54401']}",Mint Cafe,+17158455879,$,4.0,64,[],https://www.yelp.com/biz/mint-cafe-wausau?adjust_creative=GVWAITeAe13hPk5JlriDSg&utm_campaign=yelp_api_v3&utm_medium=api_v3_business_search&utm_source=GVWAITeAe13hPk5JlriDSg
patina-coffeehouse-wausau,"[{'alias': 'juicebars', 'title': 'Juice Bars & Smoothies'}, {'alias': 'coffee', 'title': 'Coffee & Tea'}, {'alias': 'cafes', 'title': 'Cafes'}]","{'latitude': 44.95884, 'longitude': -89.6230999}",(715) 298-0497,11493.381794845254,y3vx0LImnhGeU8TrTIiW1Q,https://s3-media4.fl.yelpcdn.com/bphoto/gPFCh1fnoOnvL4jfZ_vDKQ/o.jpg,False,"{'address1': '610 Washington St', 'address2': '', 'address3': '', 'city': 'Wausau', 'zip_code': '54403', 'country': 'US', 'state': 'WI', 'display_address': ['610 Washington St', 'Wausau, WI 54403']}",Patina Coffeehouse,+17152980497,$$,4.5,33,[],https://www.yelp.com/biz/patina-coffeehouse-wausau?adjust_creative=GVWAITeAe13hPk5JlriDSg&utm_campaign=yelp_api_v3&utm_medium=api_v3_business_search&utm_source=GVWAITeAe13hPk5JlriDSg
hiawatha-restaurant-and-lounge-wausau,"[{'alias': 'lounges', 'title': 'Lounges'}, {'alias': 'tradamerican', 'title': 'American (Traditional)'}]","{'latitude': 44.96162, 'longitude': -89.62022}",(715) 848-5166,11131.907859739082,YFTOjN4lmCi17al71qj4-A,https://s3-media3.fl.yelpcdn.com/bphoto/xspKHTkDvon9_HtBxZmPLg/o.jpg,False,"{'address1': '713 Grant St', 'address2': '', 'address3': '', 'city': 'Wausau', 'zip_code': '54403', 'country': 'US', 'state': 'WI', 'display_address': ['713 Grant St', 'Wausau, WI 54403']}",Hiawatha Restaurant & Lounge,+17158485166,$$,4.0,54,['delivery'],https://www.yelp.com/biz/hiawatha-restaurant-and-lounge-wausau?adjust_creative=GVWAITeAe13hPk5JlriDSg&utm_campaign=yelp_api_v3&utm_medium=api_v3_business_search&utm_source=GVWAITeAe13hPk5JlriDSg
bob-and-randys-bar-wausau,"[{'alias': 'tradamerican', 'title': 'American (Traditional)'}]","{'latitude': 44.969273, 'longitude': -89.62308}",(715) 845-9079,10857.805406884727,4QvgWCmjNwByI1Cqa09Oaw,https://s3-media4.fl.yelpcdn.com/bphoto/GEP9_qS2hth9AjX7yCYnZw/o.jpg,False,"{'address1': '1515 6th St', 'address2': '', 'address3': '', 'city': 'Wausau', 'zip_code': '54403', 'country': 'US', 'state': 'WI', 'display_address': ['1515 6th St', 'Wausau, WI 54403']}",Bob & Randy's Bar,+17158459079,$,4.5,15,[],https://www.yelp.com/biz/bob-and-randys-bar-wausau?adjust_creative=GVWAITeAe13hPk5JlriDSg&utm_campaign=yelp_api_v3&utm_medium=api_v3_business_search&utm_source=GVWAITeAe13hPk5JlriDSg
j-gumbos-wausau,"[{'alias': 'cajun', 'title': 'Cajun/Creole'}]","{'latitude': 44.9594764709473, 'longitude': -89.6282958984375}",(715) 848-6267,11789.65712241442,k7g7LDLvDfihXKDVCKndVg,https://s3-media2.fl.yelpcdn.com/bphoto/Be8je0SqIfNHIe_sCW_VdQ/o.jpg,False,"{'address1': '316 3rd St', 'address2': '', 'address3': '', 'city': 'Wausau', 'zip_code': '54403', 'country': 'US', 'state': 'WI', 'display_address': ['316 3rd St', 'Wausau, WI 54403']}",J. Gumbo's,+17158486267,$$,4.0,53,[],https://www.yelp.com/biz/j-gumbos-wausau?adjust_creative=GVWAITeAe13hPk5JlriDSg&utm_campaign=yelp_api_v3&utm_medium=api_v3_business_search&utm_source=GVWAITeAe13hPk5JlriDSg
back-when-cafe-wausau,"[{'alias': 'newamerican', 'title': 'American (New)'}, {'alias': 'wine_bars', 'title': 'Wine Bars'}]","{'latitude': 44.961700681046, 'longitude': -89.6279883384705}",(715) 848-5668,11631.616051725689,TeI8-gmxu04nputoZKSf8A,https://s3-media2.fl.yelpcdn.com/bphoto/9zeV8gj3ptb8jaxEJbEkTw/o.jpg,False,"{'address1': '606 N 3rd St', 'address2': '', 'address3': '', 'city': 'Wausau', 'zip_code': '54403', 'country': 'US', 'state': 'WI', 'display_address': ['606 N 3rd St', 'Wausau, WI 54403']}",Back When Cafe,+17158485668,$$$,4.0,54,[],https://www.yelp.com/biz/back-when-cafe-wausau?adjust_creative=GVWAITeAe13hPk5JlriDSg&utm_campaign=yelp_api_v3&utm_medium=api_v3_business_search&utm_source=GVWAITeAe13hPk5JlriDSg
townies-grill-wausau,"[{'alias': 'newamerican', 'title': 'American (New)'}, {'alias': 'pubs', 'title': 'Pubs'}]","{'latitude': 44.9600270390511, 'longitude': -89.6279682219028}",(715) 819-3663,11730.107112492142,a1rdsKOw8H8jF6YtDZz99w,https://s3-media4.fl.yelpcdn.com/bphoto/nwhneb1FprG93A0HFl3Mfg/o.jpg,False,"{'address1': '412 3rd St', 'address2': '', 'address3': '', 'city': 'Wausau', 'zip_code': '54403', 'country': 'US', 'state': 'WI', 'display_address': ['412 3rd St', 'Wausau, WI 54403']}",Townies Grill,+17158193663,$$,4.0,45,['delivery'],https://www.yelp.com/biz/townies-grill-wausau?adjust_creative=GVWAITeAe13hPk5JlriDSg&utm_campaign=yelp_api_v3&utm_medium=api_v3_business_search&utm_source=GVWAITeAe13hPk5JlriDSg
politos-pizza-wausau,"[{'alias': 'pizza', 'title': 'Pizza'}]","{'latitude': 44.95943, 'longitude': -89.62761}",(715) 298-9079,11748.204225049725,kAP7nu3RpiKu28Jf9wYvSA,https://s3-media4.fl.yelpcdn.com/bphoto/z5tYDGs2p9PRGhObRx7ruA/o.jpg,False,"{'address1': '311 N 3rd St', 'address2': '', 'address3': '', 'city': 'Wausau', 'zip_code': '54403', 'country': 'US', 'state': 'WI', 'display_address': ['311 N 3rd St', 'Wausau, WI 54403']}",Polito's Pizza,+17152989079,$,4.0,34,['delivery'],https://www.yelp.com/biz/politos-pizza-wausau?adjust_creative=GVWAITeAe13hPk5JlriDSg&utm_campaign=yelp_api_v3&utm_medium=api_v3_business_search&utm_source=GVWAITeAe13hPk5JlriDSg
jalapenos-mexican-restaurante-and-bar-wausau,"[{'alias': 'mexican', 'title': 'Mexican'}, {'alias': 'seafood', 'title': 'Seafood'}]","{'latitude': 44.9589676, 'longitude': -89.6281036}",(715) 842-9206,11808.49043902187,6ib3Lwgb0fwV9_Mlopf89Q,https://s3-media2.fl.yelpcdn.com/bphoto/8LDV33U123p-AyRhEcZXHw/o.jpg,False,"{'address1': '300 N 3rd St', 'address2': '', 'address3': '', 'city': 'Wausau', 'zip_code': '54403', 'country': 'US', 'state': 'WI', 'display_address': ['300 N 3rd St', 'Wausau, WI 54403']}",Jalapenos Mexican Restaurante & Bar,+17158429206,$$,4.0,41,[],https://www.yelp.com/biz/jalapenos-mexican-restaurante-and-bar-wausau?adjust_creative=GVWAITeAe13hPk5JlriDSg&utm_campaign=yelp_api_v3&utm_medium=api_v3_business_search&utm_source=GVWAITeAe13hPk5JlriDSg
blue-willow-cafe-wausau,"[{'alias': 'tradamerican', 'title': 'American (Traditional)'}, {'alias': 'coffee', 'title': 'Coffee & Tea'}, {'alias': 'breakfast_brunch', 'title': 'Breakfast & Brunch'}]","{'latitude': 44.9764823913574, 'longitude': -89.6403274536133}",(715) 675-4543,11703.787502972134,U0SVCqLj3R0gAFArAgMsFw,https://s3-media1.fl.yelpcdn.com/bphoto/-a2jKk687pSWa-fkgu7TVA/o.jpg,False,"{'address1': '1111 N 4th Ave', 'address2': '', 'address3': '', 'city': 'Wausau', 'zip_code': '54401', 'country': 'US', 'state': 'WI', 'display_address': ['1111 N 4th Ave', 'Wausau, WI 54401']}",Blue Willow Cafe,+17156754543,$,4.0,44,[],https://www.yelp.com/biz/blue-willow-cafe-wausau?adjust_creative=GVWAITeAe13hPk5JlriDSg&utm_campaign=yelp_api_v3&utm_medium=api_v3_business_search&utm_source=GVWAITeAe13hPk5JlriDSg
city-grill-wausau,"[{'alias': 'newamerican', 'title': 'American (New)'}]","{'latitude': 44.95971, 'longitude': -89.62869}",(715) 848-2900,11814.486277762648,vALTApozcooFNcPq7xV2Fg,https://s3-media3.fl.yelpcdn.com/bphoto/CWA_hWwAAWwDVqiTBHeyOA/o.jpg,False,"{'address1': '203 Jefferson St', 'address2': '', 'address3': '', 'city': 'Wausau', 'zip_code': '54403', 'country': 'US', 'state': 'WI', 'display_address': ['203 Jefferson St', 'Wausau, WI 54403']}",City Grill,+17158482900,$$,3.5,46,[],https://www.yelp.com/biz/city-grill-wausau?adjust_creative=GVWAITeAe13hPk5JlriDSg&utm_campaign=yelp_api_v3&utm_medium=api_v3_business_search&utm_source=GVWAITeAe13hPk5JlriDSg
malarkeys-pub-wausau-2,"[{'alias': 'pubs', 'title': 'Pubs'}]","{'latitude': 44.96008, 'longitude': -89.62811}",(715) 819-3663,11742.038784102275,96yjdCQGJpC48wVA2LyLLA,https://s3-media1.fl.yelpcdn.com/bphoto/gzv8j80Jp5AVUBdiPjP0gA/o.jpg,False,"{'address1': '408 3rd St', 'address2': None, 'address3': None, 'city': 'Wausau', 'zip_code': '54403', 'country': 'US', 'state': 'WI', 'display_address': ['408 3rd St', 'Wausau, WI 54403']}",Malarkey's Pub,+17158193663,$$,3.5,33,[],https://www.yelp.com/biz/malarkeys-pub-wausau-2?adjust_creative=GVWAITeAe13hPk5JlriDSg&utm_campaign=yelp_api_v3&utm_medium=api_v3_business_search&utm_source=GVWAITeAe13hPk5JlriDSg
the-mandarin-chinese-restaurant-wausau,"[{'alias': 'chinese', 'title': 'Chinese'}]","{'latitude': 44.9608, 'longitude': -89.6354999}",(715) 848-2120,12171.915934974912,18x8_dzm2igq6kBUEJ1NZQ,https://s3-media4.fl.yelpcdn.com/bphoto/v9JA4VpnaCVUXlRKyZ5klQ/o.jpg,False,"{'address1': '150 E Stewart Ave', 'address2': '', 'address3': '', 'city': 'Wausau', 'zip_code': '54401', 'country': 'US', 'state': 'WI', 'display_address': ['150 E Stewart Ave', 'Wausau, WI 54401']}",The Mandarin Chinese Restaurant,+17158482120,$$,4.0,27,['delivery'],https://www.yelp.com/biz/the-mandarin-chinese-restaurant-wausau?adjust_creative=GVWAITeAe13hPk5JlriDSg&utm_campaign=yelp_api_v3&utm_medium=api_v3_business_search&utm_source=GVWAITeAe13hPk5JlriDSg
sams-pizza-wausau-wausau,"[{'alias': 'pizza', 'title': 'Pizza'}, {'alias': 'wine_bars', 'title': 'Wine Bars'}, {'alias': 'gluten_free', 'title': 'Gluten-Free'}]","{'latitude': 44.96261, 'longitude': -89.6374}",(715) 842-3165,12205.216540840825,lyNXK6utjSA0K3zZAKxcQQ,https://s3-media3.fl.yelpcdn.com/bphoto/Ed4tufxBpD4DfPkpI46ZNA/o.jpg,False,"{'address1': '111 Elm St', 'address2': None, 'address3': '', 'city': 'Wausau', 'zip_code': '54401', 'country': 'US', 'state': 'WI', 'display_address': ['111 Elm St', 'Wausau, WI 54401']}",Sam's Pizza - Wausau,+17158423165,$$,4.5,14,[],https://www.yelp.com/biz/sams-pizza-wausau-wausau?adjust_creative=GVWAITeAe13hPk5JlriDSg&utm_campaign=yelp_api_v3&utm_medium=api_v3_business_search&utm_source=GVWAITeAe13hPk5JlriDSg
sweet-lolas-cupcakery-and-bake-shop-wausau,"[{'alias': 'bakeries', 'title': 'Bakeries'}, {'alias': 'customcakes', 'title': 'Custom Cakes'}, {'alias': 'cupcakes', 'title': 'Cupcakes'}]","{'latitude': 44.95914, 'longitude': -89.62772}",(715) 849-5698,11780.475092089568,xMMS7CnCU7OT6BCTez7qoA,https://s3-media1.fl.yelpcdn.com/bphoto/gtj_lTML4xc6aBpEdHqxmw/o.jpg,False,"{'address1': '303 Third St', 'address2': '', 'address3': '', 'city': 'Wausau', 'zip_code': '54403', 'country': 'US', 'state': 'WI', 'display_address': ['303 Third St', 'Wausau, WI 54403']}",Sweet Lola's Cupcakery & Bake Shop,+17158495698,$$,4.0,24,[],https://www.yelp.com/biz/sweet-lolas-cupcakery-and-bake-shop-wausau?adjust_creative=GVWAITeAe13hPk5JlriDSg&utm_campaign=yelp_api_v3&utm_medium=api_v3_business_search&utm_source=GVWAITeAe13hPk5JlriDSg
wausau-on-water-wausau-3,"[{'alias': 'lasertag', 'title': 'Laser Tag'}, {'alias': 'tradamerican', 'title': 'American (Traditional)'}, {'alias': 'arcades', 'title': 'Arcades'}]","{'latitude': 44.968784, 'longitude': -89.62946}",(715) 298-6012,11319.547887832172,I_WWYTfVM8gqP5Mx8-m-fg,https://s3-media3.fl.yelpcdn.com/bphoto/977KXOzz5hNTtMCVyTDj0Q/o.jpg,False,"{'address1': '1300 N River Dr', 'address2': None, 'address3': '', 'city': 'Wausau', 'zip_code': '54403', 'country': 'US', 'state': 'WI', 'display_address': ['1300 N River Dr', 'Wausau, WI 54403']}",Wausau On Water,+17152986012,$$,3.5,30,[],https://www.yelp.com/biz/wausau-on-water-wausau-3?adjust_creative=GVWAITeAe13hPk5JlriDSg&utm_campaign=yelp_api_v3&utm_medium=api_v3_business_search&utm_source=GVWAITeAe13hPk5JlriDSg
la-prima-wausau,"[{'alias': 'sandwiches', 'title': 'Sandwiches'}, {'alias': 'coffee', 'title': 'Coffee & Tea'}, {'alias': 'breakfast_brunch', 'title': 'Breakfast & Brunch'}]","{'latitude': 44.96132, 'longitude': -89.6275}",(715) 848-1260,11617.277096877373,XAgSDbxFyEgf6_UIZ_qmQw,https://s3-media3.fl.yelpcdn.com/bphoto/bWtCgBgf344XcbabXV7s9w/o.jpg,False,"{'address1': '529 N 3rd St', 'address2': '', 'address3': '', 'city': 'Wausau', 'zip_code': '54403', 'country': 'US', 'state': 'WI', 'display_address': ['529 N 3rd St', 'Wausau, WI 54403']}",La Prima,+17158481260,$,4.5,13,['delivery'],https://www.yelp.com/biz/la-prima-wausau?adjust_creative=GVWAITeAe13hPk5JlriDSg&utm_campaign=yelp_api_v3&utm_medium=api_v3_business_search&utm_source=GVWAITeAe13hPk5JlriDSg
the-loading-zone-wausau,"[{'alias': 'tradamerican', 'title': 'American (Traditional)'}, {'alias': 'seafood', 'title': 'Seafood'}, {'alias': 'lounges', 'title': 'Lounges'}]","{'latitude': 44.9673391364573, 'longitude': -89.5903057588608}",(715) 845-9585,8876.945746502368,oXnv8sD_Cb1kY49E_b-7-g,https://s3-media1.fl.yelpcdn.com/bphoto/PPDfi8pXeMtGggm8B2K3iA/o.jpg,False,"{'address1': '2704 E Hamilton St', 'address2': '', 'address3': '', 'city': 'Wausau', 'zip_code': '54403', 'country': 'US', 'state': 'WI', 'display_address': ['2704 E Hamilton St', 'Wausau, WI 54403']}",The Loading Zone,+17158459585,$$,4.0,14,[],https://www.yelp.com/biz/the-loading-zone-wausau?adjust_creative=GVWAITeAe13hPk5JlriDSg&utm_campaign=yelp_api_v3&utm_medium=api_v3_business_search&utm_source=GVWAITeAe13hPk5JlriDSg
fat-joes-pizzaria-wausau,"[{'alias': 'pizza', 'title': 'Pizza'}, {'alias': 'italian', 'title': 'Italian'}]","{'latitude': 44.93944, 'longitude': -89.61883}",(715) 298-0902,12634.747978181795,FidtNH0rw3a1gUulDyUEYg,https://s3-media4.fl.yelpcdn.com/bphoto/2bAZw-Z4gyqihAMApv-Wtw/o.jpg,False,"{'address1': '1716 Grand Ave', 'address2': '', 'address3': None, 'city': 'Wausau', 'zip_code': '54403', 'country': 'US', 'state': 'WI', 'display_address': ['1716 Grand Ave', 'Wausau, WI 54403']}",Fat Joe's Pizzaria,+17152980902,$$,4.5,14,[],https://www.yelp.com/biz/fat-joes-pizzaria-wausau?adjust_creative=GVWAITeAe13hPk5JlriDSg&utm_campaign=yelp_api_v3&utm_medium=api_v3_business_search&utm_source=GVWAITeAe13hPk5JlriDSg
leigh-yawkey-woodson-art-museum-wausau,"[{'alias': 'artmuseums', 'title': 'Art Museums'}]","{'latitude': 44.96277, 'longitude': -89.61326}",(715) 845-7010,10619.878576634368,pCyOZoFdDhjvkpNthA2XdA,https://s3-media2.fl.yelpcdn.com/bphoto/VTauNwXTnlkvo8uStZuaTg/o.jpg,False,"{'address1': '700 N 12th St', 'address2': '', 'address3': '', 'city': 'Wausau', 'zip_code': '54403', 'country': 'US', 'state': 'WI', 'display_address': ['700 N 12th St', 'Wausau, WI 54403']}",Leigh Yawkey Woodson Art Museum,+17158457010,,4.5,9,[],https://www.yelp.com/biz/leigh-yawkey-woodson-art-museum-wausau?adjust_creative=GVWAITeAe13hPk5JlriDSg&utm_campaign=yelp_api_v3&utm_medium=api_v3_business_search&utm_source=GVWAITeAe13hPk5JlriDSg
chang-garden-wausau-wausau,"[{'alias': 'chinese', 'title': 'Chinese'}, {'alias': 'sushi', 'title': 'Sushi Bars'}, {'alias': 'soup', 'title': 'Soup'}]","{'latitude': 44.9600868225098, 'longitude': -89.6298370361328}",(715) 841-1728,11853.413951300421,gvPU8im4vT2L-DbJLl2e_A,https://s3-media2.fl.yelpcdn.com/bphoto/B1CuenAVct5P5nIYooWKDA/o.jpg,False,"{'address1': '102 Jefferson St', 'address2': '', 'address3': '', 'city': 'Wausau', 'zip_code': '54403', 'country': 'US', 'state': 'WI', 'display_address': ['102 Jefferson St', 'Wausau, WI 54403']}",Chang Garden Wausau,+17158411728,$$,3.0,39,[],https://www.yelp.com/biz/chang-garden-wausau-wausau?adjust_creative=GVWAITeAe13hPk5JlriDSg&utm_campaign=yelp_api_v3&utm_medium=api_v3_business_search&utm_source=GVWAITeAe13hPk5JlriDSg
angelos-family-pizzeria-wausau,"[{'alias': 'pizza', 'title': 'Pizza'}]","{'latitude': 44.966739654541, 'longitude': -89.6236038208008}",(715) 845-6225,11046.212966558462,rC9JLAxvAw2SJdkQCDmSKw,https://s3-media1.fl.yelpcdn.com/bphoto/V_0NxxThncA33tL9H5YRNA/o.jpg,False,"{'address1': '1206 6th St', 'address2': '', 'address3': '', 'city': 'Wausau', 'zip_code': '54403', 'country': 'US', 'state': 'WI', 'display_address': ['1206 6th St', 'Wausau, WI 54403']}",Angelo's Family Pizzeria,+17158456225,$,3.5,22,[],https://www.yelp.com/biz/angelos-family-pizzeria-wausau?adjust_creative=GVWAITeAe13hPk5JlriDSg&utm_campaign=yelp_api_v3&utm_medium=api_v3_business_search&utm_source=GVWAITeAe13hPk5JlriDSg
erbert-and-gerberts-sandwich-shop-wausau,"[{'alias': 'sandwiches', 'title': 'Sandwiches'}, {'alias': 'soup', 'title': 'Soup'}]","{'latitude': 44.95958, 'longitude': -89.62656}",(715) 848-8300,11668.631380077622,hiX7zVyDiIp4lgVu5RjjMg,https://s3-media3.fl.yelpcdn.com/bphoto/W7odPIbhZ28oR27EboGiUw/o.jpg,False,"{'address1': '329 N 4th St', 'address2': '', 'address3': '', 'city': 'Wausau', 'zip_code': '54403', 'country': 'US', 'state': 'WI', 'display_address': ['329 N 4th St', 'Wausau, WI 54403']}",Erbert & Gerbert's Sandwich Shop,+17158488300,$,3.5,19,[],https://www.yelp.com/biz/erbert-and-gerberts-sandwich-shop-wausau?adjust_creative=GVWAITeAe13hPk5JlriDSg&utm_campaign=yelp_api_v3&utm_medium=api_v3_business_search&utm_source=GVWAITeAe13hPk5JlriDSg
homestead-inn-wausau,"[{'alias': 'bars', 'title': 'Bars'}, {'alias': 'venues', 'title': 'Venues & Event Spaces'}, {'alias': 'newamerican', 'title': 'American (New)'}]","{'latitude': 45.00264, 'longitude': -89.5166}",(715) 848-4663,2020.1586168073422,suAcwm4yIV_PSJY-bbIDfg,https://s3-media1.fl.yelpcdn.com/bphoto/A9QWMAimWSTAtVpSSHkjXw/o.jpg,False,"{'address1': '8507 State Hwy 52', 'address2': '', 'address3': '', 'city': 'Wausau', 'zip_code': '54403', 'country': 'US', 'state': 'WI', 'display_address': ['8507 State Hwy 52', 'Wausau, WI 54403']}",Homestead Inn,+17158484663,$,3.5,5,[],https://www.yelp.com/biz/homestead-inn-wausau?adjust_creative=GVWAITeAe13hPk5JlriDSg&utm_campaign=yelp_api_v3&utm_medium=api_v3_business_search&utm_source=GVWAITeAe13hPk5JlriDSg
sweets-on-3rd-wausau,"[{'alias': 'candy', 'title': 'Candy Stores'}, {'alias': 'icecream', 'title': 'Ice Cream & Frozen Yogurt'}, {'alias': 'chocolate', 'title': 'Chocolatiers & Shops'}]","{'latitude': 44.96185, 'longitude': -89.62735}",(715) 842-7171,11576.509717859784,2dovK0Ood4eusT2f95sDwA,https://s3-media1.fl.yelpcdn.com/bphoto/909jTCN5pO4RMSD7wbD2dQ/o.jpg,False,"{'address1': '615 N 3rd St', 'address2': None, 'address3': None, 'city': 'Wausau', 'zip_code': '54401', 'country': 'US', 'state': 'WI', 'display_address': ['615 N 3rd St', 'Wausau, WI 54401']}",Sweets On 3rd,+17158427171,$$,4.5,6,[],https://www.yelp.com/biz/sweets-on-3rd-wausau?adjust_creative=GVWAITeAe13hPk5JlriDSg&utm_campaign=yelp_api_v3&utm_medium=api_v3_business_search&utm_source=GVWAITeAe13hPk5JlriDSg
kregers-bakery-and-deli-wausau-2,"[{'alias': 'bakeries', 'title': 'Bakeries'}, {'alias': 'delis', 'title': 'Delis'}]","{'latitude': 44.96897, 'longitude': -89.62745}",(715) 845-3644,11169.31539351398,PJl8LoYfEDH23Uz4gAUTqA,https://s3-media1.fl.yelpcdn.com/bphoto/SuwX34jSzK-IJxa3fZoeow/o.jpg,False,"{'address1': '1506 N 3rd St', 'address2': '', 'address3': '', 'city': 'Wausau', 'zip_code': '54403', 'country': 'US', 'state': 'WI', 'display_address': ['1506 N 3rd St', 'Wausau, WI 54403']}",Kreger's Bakery & Deli,+17158453644,$,4.5,7,[],https://www.yelp.com/biz/kregers-bakery-and-deli-wausau-2?adjust_creative=GVWAITeAe13hPk5JlriDSg&utm_campaign=yelp_api_v3&utm_medium=api_v3_business_search&utm_source=GVWAITeAe13hPk5JlriDSg
bb-jacks-pizza-and-sandwich-lounge-wausau,"[{'alias': 'pizza', 'title': 'Pizza'}, {'alias': 'sandwiches', 'title': 'Sandwiches'}, {'alias': 'bars', 'title': 'Bars'}]","{'latitude': 44.992158, 'longitude': -89.617653}",(715) 675-2460,9402.55055656256,hk6FwUycbyWWGi_TtrWxLQ,https://s3-media4.fl.yelpcdn.com/bphoto/QrV_Jbllppdx6yKFU4cAPw/o.jpg,False,"{'address1': '900 Golf Club Rd', 'address2': '', 'address3': '', 'city': 'Wausau', 'zip_code': '54403', 'country': 'US', 'state': 'WI', 'display_address': ['900 Golf Club Rd', 'Wausau, WI 54403']}",BB Jacks Pizza and Sandwich Lounge,+17156752460,$$,3.0,19,[],https://www.yelp.com/biz/bb-jacks-pizza-and-sandwich-lounge-wausau?adjust_creative=GVWAITeAe13hPk5JlriDSg&utm_campaign=yelp_api_v3&utm_medium=api_v3_business_search&utm_source=GVWAITeAe13hPk5JlriDSg
hmong-eggrolls-wausau,"[{'alias': 'asianfusion', 'title': 'Asian Fusion'}, {'alias': 'noodles', 'title': 'Noodles'}, {'alias': 'thai', 'title': 'Thai'}]","{'latitude': 44.9505217, 'longitude': -89.6393409}",(715) 298-4466,13071.884044027493,7tYlQsnXPBvCcWvNNfUybA,https://s3-media4.fl.yelpcdn.com/bphoto/vx-KmkonSgZcHPrTHYz0Vg/o.jpg,False,"{'address1': '932 S 3rd Ave', 'address2': '', 'address3': '', 'city': 'Wausau', 'zip_code': '54401', 'country': 'US', 'state': 'WI', 'display_address': ['932 S 3rd Ave', 'Wausau, WI 54401']}",Hmong Eggrolls,+17152984466,$,3.5,21,[],https://www.yelp.com/biz/hmong-eggrolls-wausau?adjust_creative=GVWAITeAe13hPk5JlriDSg&utm_campaign=yelp_api_v3&utm_medium=api_v3_business_search&utm_source=GVWAITeAe13hPk5JlriDSg
clubhouse-bar-and-grill-ringle-2,"[{'alias': 'bars', 'title': 'Bars'}, {'alias': 'tradamerican', 'title': 'American (Traditional)'}]","{'latitude': 44.944183, 'longitude': -89.456451}",(715) 842-1913,9129.11088671148,dLoSnpYE91tAfdBVnYj1Bw,https://s3-media2.fl.yelpcdn.com/bphoto/cpEGcw40B5aa9sjWDq-GjA/o.jpg,False,"{'address1': 'R13085 County Rd N', 'address2': '', 'address3': '', 'city': 'Ringle', 'zip_code': '54471', 'country': 'US', 'state': 'WI', 'display_address': ['R13085 County Rd N', 'Ringle, WI 54471']}",Clubhouse Bar & Grill,+17158421913,$,5.0,3,[],https://www.yelp.com/biz/clubhouse-bar-and-grill-ringle-2?adjust_creative=GVWAITeAe13hPk5JlriDSg&utm_campaign=yelp_api_v3&utm_medium=api_v3_business_search&utm_source=GVWAITeAe13hPk5JlriDSg
zhous-mongolian-barbecue-wausau,"[{'alias': 'bbq', 'title': 'Barbeque'}]","{'latitude': 44.9589072, 'longitude': -89.6281649}",(715) 849-3516,11843.844594806127,7Z0GM7ZFtNgv5cwNBNpZ8w,https://s3-media2.fl.yelpcdn.com/bphoto/wg9fkZF5QXn_8GYfFRhzrQ/o.jpg,False,"{'address1': 'B202 Wausau Ctr', 'address2': '', 'address3': '', 'city': 'Wausau', 'zip_code': '54403', 'country': 'US', 'state': 'WI', 'display_address': ['B202 Wausau Ctr', 'Wausau, WI 54403']}",Zhou's Mongolian Barbecue,+17158493516,$,3.5,18,[],https://www.yelp.com/biz/zhous-mongolian-barbecue-wausau?adjust_creative=GVWAITeAe13hPk5JlriDSg&utm_campaign=yelp_api_v3&utm_medium=api_v3_business_search&utm_source=GVWAITeAe13hPk5JlriDSg
avenue-lounge-schofield,"[{'alias': 'lounges', 'title': 'Lounges'}, {'alias': 'supperclubs', 'title': 'Supper Clubs'}]","{'latitude': 44.9203224182129, 'longitude': -89.6134567260742}",(715) 359-1448,13922.020707899335,O1Gp3sEburUJ7GAmIvi4xQ,https://s3-media4.fl.yelpcdn.com/bphoto/a789jiITrTeryFqJ5LY_1Q/o.jpg,False,"{'address1': '840 Grand Ave', 'address2': '', 'address3': '', 'city': 'Schofield', 'zip_code': '54476', 'country': 'US', 'state': 'WI', 'display_address': ['840 Grand Ave', 'Schofield, WI 54476']}",Avenue Lounge,+17153591448,$$$,5.0,5,[],https://www.yelp.com/biz/avenue-lounge-schofield?adjust_creative=GVWAITeAe13hPk5JlriDSg&utm_campaign=yelp_api_v3&utm_medium=api_v3_business_search&utm_source=GVWAITeAe13hPk5JlriDSg
the-chatterbox-bar-wausau,"[{'alias': 'bars', 'title': 'Bars'}]","{'latitude': 44.9626502990723, 'longitude': -89.638427734375}",(715) 842-3059,12267.729260522836,qfbcZALsShO0AlrnpRUDUw,https://s3-media3.fl.yelpcdn.com/bphoto/AhqT_i3EowRAQSvwIyjStw/o.jpg,False,"{'address1': '102 S 2nd Ave', 'address2': '', 'address3': '', 'city': 'Wausau', 'zip_code': '54401', 'country': 'US', 'state': 'WI', 'display_address': ['102 S 2nd Ave', 'Wausau, WI 54401']}",The Chatterbox Bar,+17158423059,$,3.5,14,[],https://www.yelp.com/biz/the-chatterbox-bar-wausau?adjust_creative=GVWAITeAe13hPk5JlriDSg&utm_campaign=yelp_api_v3&utm_medium=api_v3_business_search&utm_source=GVWAITeAe13hPk5JlriDSg
eagles-nest-restaurant-wausau-2,"[{'alias': 'tradamerican', 'title': 'American (Traditional)'}]","{'latitude': 44.928158, 'longitude': -89.614309}",(715) 842-7992,13304.036154587437,sT0IfnojQ6_YIyv9Kistxg,https://s3-media4.fl.yelpcdn.com/bphoto/9gNb2ppdcqruN9kS7oSlbg/o.jpg,False,"{'address1': '280 Grand Ave', 'address2': '', 'address3': '', 'city': 'Wausau', 'zip_code': '54403', 'country': 'US', 'state': 'WI', 'display_address': ['280 Grand Ave', 'Wausau, WI 54403']}",Eagle's Nest Restaurant,+17158427992,$,4.0,9,[],https://www.yelp.com/biz/eagles-nest-restaurant-wausau-2?adjust_creative=GVWAITeAe13hPk5JlriDSg&utm_campaign=yelp_api_v3&utm_medium=api_v3_business_search&utm_source=GVWAITeAe13hPk5JlriDSg
biggby-coffee-wausau,"[{'alias': 'coffee', 'title': 'Coffee & Tea'}, {'alias': 'cafes', 'title': 'Cafes'}]","{'latitude': 44.96979, 'longitude': -89.6264}",(715) 848-2442,11059.47184900553,FrMTtXbdiu2GH8ThAro39w,https://s3-media2.fl.yelpcdn.com/bphoto/uNSL6WW9khc7DVw-qCELRg/o.jpg,False,"{'address1': '320 E Bridge St', 'address2': None, 'address3': None, 'city': 'Wausau', 'zip_code': '54403', 'country': 'US', 'state': 'WI', 'display_address': ['320 E Bridge St', 'Wausau, WI 54403']}",BIGGBY COFFEE,+17158482442,$$,3.5,13,[],https://www.yelp.com/biz/biggby-coffee-wausau?adjust_creative=GVWAITeAe13hPk5JlriDSg&utm_campaign=yelp_api_v3&utm_medium=api_v3_business_search&utm_source=GVWAITeAe13hPk5JlriDSg
peking-chinese-and-american-wausau,"[{'alias': 'chinese', 'title': 'Chinese'}]","{'latitude': 44.96052, 'longitude': -89.62834}",(715) 842-8080,11745.830520232703,KfzRSl15yq7I2ATQHNCINg,https://s3-media2.fl.yelpcdn.com/bphoto/mLNN8XX9SdjLJKdGSw5c4g/o.jpg,False,"{'address1': '221 Scott St', 'address2': '', 'address3': '', 'city': 'Wausau', 'zip_code': '54403', 'country': 'US', 'state': 'WI', 'display_address': ['221 Scott St', 'Wausau, WI 54403']}",Peking Chinese and American,+17158428080,$$,3.0,16,[],https://www.yelp.com/biz/peking-chinese-and-american-wausau?adjust_creative=GVWAITeAe13hPk5JlriDSg&utm_campaign=yelp_api_v3&utm_medium=api_v3_business_search&utm_source=GVWAITeAe13hPk5JlriDSg
the-jig-wausau,"[{'alias': 'breakfast_brunch', 'title': 'Breakfast & Brunch'}, {'alias': 'steak', 'title': 'Steakhouses'}, {'alias': 'tradamerican', 'title': 'American (Traditional)'}]","{'latitude': 44.9282157997819, 'longitude': -89.5719543511875}",(715) 393-4479,11413.783541421304,3ZpZR7PhLDaKnZd_zV7OKA,https://s3-media1.fl.yelpcdn.com/bphoto/0yBXriD16JwTxKr-fAo5uw/o.jpg,False,"{'address1': '3115 Camp Phillips Rd', 'address2': '', 'address3': None, 'city': 'Wausau', 'zip_code': '54403', 'country': 'US', 'state': 'WI', 'display_address': ['3115 Camp Phillips Rd', 'Wausau, WI 54403']}",The Jig,+17153934479,,3.5,12,[],https://www.yelp.com/biz/the-jig-wausau?adjust_creative=GVWAITeAe13hPk5JlriDSg&utm_campaign=yelp_api_v3&utm_medium=api_v3_business_search&utm_source=GVWAITeAe13hPk5JlriDSg
culvers-wausau,"[{'alias': 'icecream', 'title': 'Ice Cream & Frozen Yogurt'}, {'alias': 'burgers', 'title': 'Burgers'}, {'alias': 'hotdogs', 'title': 'Fast Food'}]","{'latitude': 44.96905, 'longitude': -89.6334}",(715) 845-6994,11571.825737796347,NK4nH56Q2o1wonMwFrsT0w,https://s3-media4.fl.yelpcdn.com/bphoto/JOMYveO1U7M_bdGPh59frA/o.jpg,False,"{'address1': '219 Central Bridge St', 'address2': '', 'address3': '', 'city': 'Wausau', 'zip_code': '54401', 'country': 'US', 'state': 'WI', 'display_address': ['219 Central Bridge St', 'Wausau, WI 54401']}",Culver's,+17158456994,$,3.0,14,[],https://www.yelp.com/biz/culvers-wausau?adjust_creative=GVWAITeAe13hPk5JlriDSg&utm_campaign=yelp_api_v3&utm_medium=api_v3_business_search&utm_source=GVWAITeAe13hPk5JlriDSg
dalys-wausau,"[{'alias': 'newamerican', 'title': 'American (New)'}, {'alias': 'tradamerican', 'title': 'American (Traditional)'}, {'alias': 'wine_bars', 'title': 'Wine Bars'}]","{'latitude': 44.95931, 'longitude': -89.62764}",(715) 298-1331,11767.327110638082,6OoB98PIq9bpoaaS8K0eeA,https://s3-media2.fl.yelpcdn.com/bphoto/MFAP5-V9Zkw-Fv2ERomVRA/o.jpg,False,"{'address1': '307 3rd St', 'address2': '', 'address3': None, 'city': 'Wausau', 'zip_code': '54403', 'country': 'US', 'state': 'WI', 'display_address': ['307 3rd St', 'Wausau, WI 54403']}",Daly's,+17152981331,,4.0,10,[],https://www.yelp.com/biz/dalys-wausau?adjust_creative=GVWAITeAe13hPk5JlriDSg&utm_campaign=yelp_api_v3&utm_medium=api_v3_business_search&utm_source=GVWAITeAe13hPk5JlriDSg
intermission-wausau-2,"[{'alias': 'bars', 'title': 'Bars'}, {'alias': 'musicvenues', 'title': 'Music Venues'}]","{'latitude': 44.9594373410324, 'longitude': -89.6267125048488}",(715) 849-9377,11688.704840608692,iHz3S5Av_rMHuJC4pqcq1w,,False,"{'address1': '325 N 4th St', 'address2': '', 'address3': '', 'city': 'Wausau', 'zip_code': '54403', 'country': 'US', 'state': 'WI', 'display_address': ['325 N 4th St', 'Wausau, WI 54403']}",Intermission,+17158499377,$,5.0,4,[],https://www.yelp.com/biz/intermission-wausau-2?adjust_creative=GVWAITeAe13hPk5JlriDSg&utm_campaign=yelp_api_v3&utm_medium=api_v3_business_search&utm_source=GVWAITeAe13hPk5JlriDSg
jemmas-cafe-wausau,"[{'alias': 'cafes', 'title': 'Cafes'}, {'alias': 'icecream', 'title': 'Ice Cream & Frozen Yogurt'}, {'alias': 'pizza', 'title': 'Pizza'}]","{'latitude': 44.96974, 'longitude': -89.63959}",(715) 298-6155,11975.427088990538,twMHgRtIDzivobtQcqs-Rg,https://s3-media1.fl.yelpcdn.com/bphoto/jct90yP69rmuKjoL-_7QBw/o.jpg,False,"{'address1': '305 W Bridge St', 'address2': '', 'address3': None, 'city': 'Wausau', 'zip_code': '54401', 'country': 'US', 'state': 'WI', 'display_address': ['305 W Bridge St', 'Wausau, WI 54401']}",Jemma's Cafe,+17152986155,,3.5,10,[],https://www.yelp.com/biz/jemmas-cafe-wausau?adjust_creative=GVWAITeAe13hPk5JlriDSg&utm_campaign=yelp_api_v3&utm_medium=api_v3_business_search&utm_source=GVWAITeAe13hPk5JlriDSg
west-side-tasty-treat-wausau,"[{'alias': 'icecream', 'title': 'Ice Cream & Frozen Yogurt'}, {'alias': 'hotdog', 'title': 'Hot Dogs'}]","{'latitude': 44.961894, 'longitude': -89.639488}",(715) 842-2788,12383.658284622014,D1EyI-dMSKy1M5wULT1elg,https://s3-media4.fl.yelpcdn.com/bphoto/_vNlaLVo62P1sPUAKqUSHg/o.jpg,False,"{'address1': '118 S 3rd Ave', 'address2': '', 'address3': '', 'city': 'Wausau', 'zip_code': '54401', 'country': 'US', 'state': 'WI', 'display_address': ['118 S 3rd Ave', 'Wausau, WI 54401']}",West Side Tasty Treat,+17158422788,$,4.0,5,[],https://www.yelp.com/biz/west-side-tasty-treat-wausau?adjust_creative=GVWAITeAe13hPk5JlriDSg&utm_campaign=yelp_api_v3&utm_medium=api_v3_business_search&utm_source=GVWAITeAe13hPk5JlriDSg
jennys-family-restaurant-wausau,"[{'alias': 'newamerican', 'title': 'American (New)'}]","{'latitude': 44.939781, 'longitude': -89.61895}",(715) 261-2700,12614.360750973614,CdMm1AVuYOWYYV7G_Tkjuw,https://s3-media4.fl.yelpcdn.com/bphoto/mRMeHYUYo7NEXYE5AEUAVg/o.jpg,False,"{'address1': '1702 Grand Ave', 'address2': '', 'address3': '', 'city': 'Wausau', 'zip_code': '54403', 'country': 'US', 'state': 'WI', 'display_address': ['1702 Grand Ave', 'Wausau, WI 54403']}",Jenny's Family Restaurant,+17152612700,$$,3.5,12,[],https://www.yelp.com/biz/jennys-family-restaurant-wausau?adjust_creative=GVWAITeAe13hPk5JlriDSg&utm_campaign=yelp_api_v3&utm_medium=api_v3_business_search&utm_source=GVWAITeAe13hPk5JlriDSg
loving-traditions-cakery-weston-3,"[{'alias': 'restaurants', 'title': 'Restaurants'}, {'alias': 'bakeries', 'title': 'Bakeries'}]","{'latitude': 44.9240494, 'longitude': -89.5523834}",(715) 370-8859,11199.965512885232,N44ej-IAyZd9sc8URTVHrg,,False,"{'address1': 'Off Of Sandy Ln Weston', 'address2': '', 'address3': '', 'city': 'Weston', 'zip_code': '54476', 'country': 'US', 'state': 'WI', 'display_address': ['Off Of Sandy Ln Weston', 'Weston, WI 54476']}",Loving Traditions Cakery,+17153708859,,5.0,2,[],https://www.yelp.com/biz/loving-traditions-cakery-weston-3?adjust_creative=GVWAITeAe13hPk5JlriDSg&utm_campaign=yelp_api_v3&utm_medium=api_v3_business_search&utm_source=GVWAITeAe13hPk5JlriDSg
artrageous-weekend-wausau,"[{'alias': 'localflavor', 'title': 'Local Flavor'}, {'alias': 'arts', 'title': 'Arts & Entertainment'}]","{'latitude': 44.9600365, 'longitude': -89.6277083}",,11673.688158170704,n3f7GFcWznwlsXLoYFM7Hw,https://s3-media4.fl.yelpcdn.com/bphoto/FyWQ6NX9PhP_7ijUQ271hA/o.jpg,False,"{'address1': '421 3rd St', 'address2': '', 'address3': '', 'city': 'Wausau', 'zip_code': '54403', 'country': 'US', 'state': 'WI', 'display_address': ['421 3rd St', 'Wausau, WI 54403']}",Artrageous Weekend,,,5.0,2,[],https://www.yelp.com/biz/artrageous-weekend-wausau?adjust_creative=GVWAITeAe13hPk5JlriDSg&utm_campaign=yelp_api_v3&utm_medium=api_v3_business_search&utm_source=GVWAITeAe13hPk5JlriDSg
sylvan-hill-winter-recreation-area-wausau,"[{'alias': 'parks', 'title': 'Parks'}]","{'latitude': 44.9861406700628, 'longitude': -89.6062117699515}",(715) 573-2424,8810.5205380697,WXXVQtDSnjLtnScbipDTag,https://s3-media2.fl.yelpcdn.com/bphoto/o_0eghqr47I2ExV1vqq1gw/o.jpg,False,"{'address1': '1329 Sylvan St', 'address2': '', 'address3': None, 'city': 'Wausau', 'zip_code': '54403', 'country': 'US', 'state': 'WI', 'display_address': ['1329 Sylvan St', 'Wausau, WI 54403']}",Sylvan Hill Winter Recreation Area,+17155732424,,4.5,2,[],https://www.yelp.com/biz/sylvan-hill-winter-recreation-area-wausau?adjust_creative=GVWAITeAe13hPk5JlriDSg&utm_campaign=yelp_api_v3&utm_medium=api_v3_business_search&utm_source=GVWAITeAe13hPk5JlriDSg
the-domino-bar-wausau,"[{'alias': 'bars', 'title': 'Bars'}, {'alias': 'burgers', 'title': 'Burgers'}, {'alias': 'sandwiches', 'title': 'Sandwiches'}]","{'latitude': 44.9588508605957, 'longitude': -89.6192016601562}",(715) 842-4539,11243.23149408144,RsG8fGEkJvWeYrkpJFd_4g,https://s3-media3.fl.yelpcdn.com/bphoto/BvaXZhp7FzxLgnnpisDfwg/o.jpg,False,"{'address1': '740 Washington St', 'address2': '', 'address3': '', 'city': 'Wausau', 'zip_code': '54403', 'country': 'US', 'state': 'WI', 'display_address': ['740 Washington St', 'Wausau, WI 54403']}",The Domino Bar,+17158424539,,3.5,6,[],https://www.yelp.com/biz/the-domino-bar-wausau?adjust_creative=GVWAITeAe13hPk5JlriDSg&utm_campaign=yelp_api_v3&utm_medium=api_v3_business_search&utm_source=GVWAITeAe13hPk5JlriDSg
chicos-restaurant-wausau,"[{'alias': 'tradamerican', 'title': 'American (Traditional)'}, {'alias': 'mexican', 'title': 'Mexican'}]","{'latitude': 45.003585, 'longitude': -89.552825}",(715) 842-9851,4181.757935981089,q3Jq-eAXlXQxcCpsbTMynA,https://s3-media3.fl.yelpcdn.com/bphoto/i6YIs2rAv4uiBVgSG72--w/o.jpg,False,"{'address1': '5704 Hwy 52', 'address2': '', 'address3': '', 'city': 'Wausau', 'zip_code': '54403', 'country': 'US', 'state': 'WI', 'display_address': ['5704 Hwy 52', 'Wausau, WI 54403']}",Chico's Restaurant,+17158429851,$$,2.0,7,[],https://www.yelp.com/biz/chicos-restaurant-wausau?adjust_creative=GVWAITeAe13hPk5JlriDSg&utm_campaign=yelp_api_v3&utm_medium=api_v3_business_search&utm_source=GVWAITeAe13hPk5JlriDSg
sweet-dreams-at-the-woodson-wausau,"[{'alias': 'bakeries', 'title': 'Bakeries'}]","{'latitude': 44.96431, 'longitude': -89.62563}",(715) 842-2377,11366.238205845268,7f3dyXFqKNcyGSbaorxk2A,,False,"{'address1': '410 McIndoe St', 'address2': '', 'address3': '', 'city': 'Wausau', 'zip_code': '54403', 'country': 'US', 'state': 'WI', 'display_address': ['410 McIndoe St', 'Wausau, WI 54403']}",Sweet Dreams At the Woodson,+17158422377,$$,5.0,2,[],https://www.yelp.com/biz/sweet-dreams-at-the-woodson-wausau?adjust_creative=GVWAITeAe13hPk5JlriDSg&utm_campaign=yelp_api_v3&utm_medium=api_v3_business_search&utm_source=GVWAITeAe13hPk5JlriDSg
pro-player-schofield,"[{'alias': 'sportsbars', 'title': 'Sports Bars'}, {'alias': 'tradamerican', 'title': 'American (Traditional)'}]","{'latitude': 44.9296417, 'longitude': -89.6145248}",(715) 241-7447,13203.079464710936,UJeiztRTTkTLKJpryz5ENA,https://s3-media1.fl.yelpcdn.com/bphoto/VMmqZye3ZYO9xIbVqsFb1Q/o.jpg,False,"{'address1': '206 Grand Ave', 'address2': '', 'address3': '', 'city': 'Schofield', 'zip_code': '54476', 'country': 'US', 'state': 'WI', 'display_address': ['206 Grand Ave', 'Schofield, WI 54476']}",Pro Player,+17152417447,$$,3.0,9,['delivery'],https://www.yelp.com/biz/pro-player-schofield?adjust_creative=GVWAITeAe13hPk5JlriDSg&utm_campaign=yelp_api_v3&utm_medium=api_v3_business_search&utm_source=GVWAITeAe13hPk5JlriDSg
limericks-public-house-wausau,"[{'alias': 'venues', 'title': 'Venues & Event Spaces'}, {'alias': 'irish_pubs', 'title': 'Irish Pub'}]","{'latitude': 44.96061, 'longitude': -89.62922}",,11786.137882410612,dmirQNd9J1vSdA7rFTQh-A,https://s3-media3.fl.yelpcdn.com/bphoto/MJw9PinyW7_C0hqVkV6-4Q/o.jpg,False,"{'address1': '121 Scott St', 'address2': '', 'address3': '', 'city': 'Wausau', 'zip_code': '54403', 'country': 'US', 'state': 'WI', 'display_address': ['121 Scott St', 'Wausau, WI 54403']}",Limericks Public House,,$$,4.0,4,[],https://www.yelp.com/biz/limericks-public-house-wausau?adjust_creative=GVWAITeAe13hPk5JlriDSg&utm_campaign=yelp_api_v3&utm_medium=api_v3_business_search&utm_source=GVWAITeAe13hPk5JlriDSg
dairy-queen-wausau,"[{'alias': 'icecream', 'title': 'Ice Cream & Frozen Yogurt'}]","{'latitude': 44.94867, 'longitude': -89.63244}",(715) 845-4744,12757.644510370626,uyAyQ9HP8pl-hSzMq3dx9w,,False,"{'address1': '145 E Thomas St', 'address2': '', 'address3': '', 'city': 'Wausau', 'zip_code': '54401', 'country': 'US', 'state': 'WI', 'display_address': ['145 E Thomas St', 'Wausau, WI 54401']}",Dairy Queen,+17158454744,$,5.0,2,[],https://www.yelp.com/biz/dairy-queen-wausau?adjust_creative=GVWAITeAe13hPk5JlriDSg&utm_campaign=yelp_api_v3&utm_medium=api_v3_business_search&utm_source=GVWAITeAe13hPk5JlriDSg
loppnows-bar-wausau,"[{'alias': 'sportsbars', 'title': 'Sports Bars'}]","{'latitude': 44.968834, 'longitude': -89.6274129}",(715) 842-3544,11177.024599623748,T_BhcT1m1mOQR-1Ac6Pa-A,https://s3-media4.fl.yelpcdn.com/bphoto/PnbNC2w9RbBEIly8M7rCaA/o.jpg,False,"{'address1': '1502 N 3rd Ave', 'address2': '', 'address3': '', 'city': 'Wausau', 'zip_code': '54403', 'country': 'US', 'state': 'WI', 'display_address': ['1502 N 3rd Ave', 'Wausau, WI 54403']}",Loppnow's Bar,+17158423544,$,4.0,3,[],https://www.yelp.com/biz/loppnows-bar-wausau?adjust_creative=GVWAITeAe13hPk5JlriDSg&utm_campaign=yelp_api_v3&utm_medium=api_v3_business_search&utm_source=GVWAITeAe13hPk5JlriDSg
glass-hat-wausau-2,"[{'alias': 'bars', 'title': 'Bars'}]","{'latitude': 44.96629, 'longitude': -89.62678}",(715) 298-0016,11287.381404641232,58-v-h4CGu4U60ar3yD2hg,https://s3-media2.fl.yelpcdn.com/bphoto/Ey3asBWL34FNovlMWGVMDA/o.jpg,False,"{'address1': '1203 3rd St', 'address2': None, 'address3': None, 'city': 'Wausau', 'zip_code': '54403', 'country': 'US', 'state': 'WI', 'display_address': ['1203 3rd St', 'Wausau, WI 54403']}",Glass Hat,+17152980016,,3.0,6,[],https://www.yelp.com/biz/glass-hat-wausau-2?adjust_creative=GVWAITeAe13hPk5JlriDSg&utm_campaign=yelp_api_v3&utm_medium=api_v3_business_search&utm_source=GVWAITeAe13hPk5JlriDSg
tri-city-family-restaurant-schofield,"[{'alias': 'breakfast_brunch', 'title': 'Breakfast & Brunch'}, {'alias': 'tradamerican', 'title': 'American (Traditional)'}]","{'latitude': 44.9247817993164, 'longitude': -89.6128616333008}",(715) 359-9596,13524.644029264757,OSbNO2gW7cVa2Ru8ifzU6Q,https://s3-media3.fl.yelpcdn.com/bphoto/VwvPWgIRpFd8YZGGrGIoJQ/o.jpg,False,"{'address1': '525 Grand Ave', 'address2': '', 'address3': '', 'city': 'Schofield', 'zip_code': '54476', 'country': 'US', 'state': 'WI', 'display_address': ['525 Grand Ave', 'Schofield, WI 54476']}",Tri-City Family Restaurant,+17153599596,$,3.0,10,['delivery'],https://www.yelp.com/biz/tri-city-family-restaurant-schofield?adjust_creative=GVWAITeAe13hPk5JlriDSg&utm_campaign=yelp_api_v3&utm_medium=api_v3_business_search&utm_source=GVWAITeAe13hPk5JlriDSg
bunkers-wausau-3,"[{'alias': 'bars', 'title': 'Bars'}, {'alias': 'newamerican', 'title': 'American (New)'}]","{'latitude': 44.9920150637627, 'longitude': -89.6157158911228}",(715) 675-3663,9285.353063065819,xEKDsFSGev8migaQ0WqTBQ,https://s3-media2.fl.yelpcdn.com/bphoto/pPzzSij7VbrXjFC49AzsZA/o.jpg,False,"{'address1': '1000 Golf Club Rd', 'address2': '', 'address3': '', 'city': 'Wausau', 'zip_code': '54403', 'country': 'US', 'state': 'WI', 'display_address': ['1000 Golf Club Rd', 'Wausau, WI 54403']}",Bunkers,+17156753663,$$,3.0,5,[],https://www.yelp.com/biz/bunkers-wausau-3?adjust_creative=GVWAITeAe13hPk5JlriDSg&utm_campaign=yelp_api_v3&utm_medium=api_v3_business_search&utm_source=GVWAITeAe13hPk5JlriDSg
luckys-eastside-pub-wausau,"[{'alias': 'bars', 'title': 'Bars'}]","{'latitude': 44.9741799, 'longitude': -89.60207}",(715) 848-5825,9184.57762202363,spomfYzHEWluHND9zRjqKQ,,False,"{'address1': '1803 E Wausau Ave', 'address2': None, 'address3': None, 'city': 'Wausau', 'zip_code': '54403', 'country': 'US', 'state': 'WI', 'display_address': ['1803 E Wausau Ave', 'Wausau, WI 54403']}",Lucky's Eastside Pub,+17158485825,$$,3.5,4,[],https://www.yelp.com/biz/luckys-eastside-pub-wausau?adjust_creative=GVWAITeAe13hPk5JlriDSg&utm_campaign=yelp_api_v3&utm_medium=api_v3_business_search&utm_source=GVWAITeAe13hPk5JlriDSg
el-fuego-wausau,"[{'alias': 'mexican', 'title': 'Mexican'}]","{'latitude': 44.93492, 'longitude': -89.6158}",(715) 298-5522,12851.507915901218,Rya5QoHMM8jkkUR48pYIfQ,https://s3-media4.fl.yelpcdn.com/bphoto/qj4I3OrLH_odidD-nVnGNg/o.jpg,False,"{'address1': '2105 Grand Ave', 'address2': '', 'address3': None, 'city': 'Wausau', 'zip_code': '54403', 'country': 'US', 'state': 'WI', 'display_address': ['2105 Grand Ave', 'Wausau, WI 54403']}",El Fuego,+17152985522,,3.5,4,[],https://www.yelp.com/biz/el-fuego-wausau?adjust_creative=GVWAITeAe13hPk5JlriDSg&utm_campaign=yelp_api_v3&utm_medium=api_v3_business_search&utm_source=GVWAITeAe13hPk5JlriDSg
polack-inn-wausau,"[{'alias': 'divebars', 'title': 'Dive Bars'}, {'alias': 'tradamerican', 'title': 'American (Traditional)'}, {'alias': 'musicvenues', 'title': 'Music Venues'}]","{'latitude': 44.96631, 'longitude': -89.62738}",(715) 845-6184,11315.051541272667,OLUp95uthtqfIWJNLXeMtQ,https://s3-media3.fl.yelpcdn.com/bphoto/rez89PqXrUuPdAngGzNUGQ/o.jpg,False,"{'address1': '1206 N 3rd St', 'address2': '', 'address3': '', 'city': 'Wausau', 'zip_code': '54401', 'country': 'US', 'state': 'WI', 'display_address': ['1206 N 3rd St', 'Wausau, WI 54401']}",Polack Inn,+17158456184,$,3.5,3,[],https://www.yelp.com/biz/polack-inn-wausau?adjust_creative=GVWAITeAe13hPk5JlriDSg&utm_campaign=yelp_api_v3&utm_medium=api_v3_business_search&utm_source=GVWAITeAe13hPk5JlriDSg
perkins-restaurant-and-bakery-schofield,"[{'alias': 'bakeries', 'title': 'Bakeries'}, {'alias': 'breakfast_brunch', 'title': 'Breakfast & Brunch'}, {'alias': 'tradamerican', 'title': 'American (Traditional)'}]","{'latitude': 44.9252385041967, 'longitude': -89.6139349043369}",(715) 359-6183,13533.520207351421,OAuHb5aOKmF_OQkbIYj7Vg,https://s3-media3.fl.yelpcdn.com/bphoto/Y-dyidzswE9xH4r7BhrXsg/o.jpg,False,"{'address1': '508 Grand Ave', 'address2': '', 'address3': '', 'city': 'Schofield', 'zip_code': '54476', 'country': 'US', 'state': 'WI', 'display_address': ['508 Grand Ave', 'Schofield, WI 54476']}",Perkins Restaurant & Bakery,+17153596183,$$,2.5,14,[],https://www.yelp.com/biz/perkins-restaurant-and-bakery-schofield?adjust_creative=GVWAITeAe13hPk5JlriDSg&utm_campaign=yelp_api_v3&utm_medium=api_v3_business_search&utm_source=GVWAITeAe13hPk5JlriDSg
yawkey-house-museum-wausau,"[{'alias': 'museums', 'title': 'Museums'}]","{'latitude': 44.9636459350586, 'longitude': -89.6258010864258}",,11369.472956451104,-IM2LDtUN5kNOjNkaCLt2g,https://s3-media3.fl.yelpcdn.com/bphoto/QkuvHSkvsISIJHDE4cg9ng/o.jpg,False,"{'address1': '403 McIndoe St', 'address2': '', 'address3': '', 'city': 'Wausau', 'zip_code': '54403', 'country': 'US', 'state': 'WI', 'display_address': ['403 McIndoe St', 'Wausau, WI 54403']}",Yawkey House Museum,,,5.0,1,[],https://www.yelp.com/biz/yawkey-house-museum-wausau?adjust_creative=GVWAITeAe13hPk5JlriDSg&utm_campaign=yelp_api_v3&utm_medium=api_v3_business_search&utm_source=GVWAITeAe13hPk5JlriDSg
city-of-wausau-wausau,"[{'alias': 'localflavor', 'title': 'Local Flavor'}]","{'latitude': 44.96185, 'longitude': -89.62591}",(715) 261-6500,11489.97242358559,_XGSTIeVaDs3ENA_JlxJCA,https://s3-media3.fl.yelpcdn.com/bphoto/IME7xTvG-Bsc2q1Ifew-Fg/o.jpg,False,"{'address1': '407 Grant St', 'address2': '', 'address3': None, 'city': 'Wausau', 'zip_code': '54403', 'country': 'US', 'state': 'WI', 'display_address': ['407 Grant St', 'Wausau, WI 54403']}",City of Wausau,+17152616500,,5.0,1,[],https://www.yelp.com/biz/city-of-wausau-wausau?adjust_creative=GVWAITeAe13hPk5JlriDSg&utm_campaign=yelp_api_v3&utm_medium=api_v3_business_search&utm_source=GVWAITeAe13hPk5JlriDSg
oz-wausau,"[{'alias': 'bars', 'title': 'Bars'}]","{'latitude': 44.95909, 'longitude': -89.62725}",(715) 842-3225,11744.012522896634,SAcyz7ZZbGQpxWj7qSVKVQ,https://s3-media3.fl.yelpcdn.com/bphoto/dTNIs-DEDyTdk7V4HdLhvw/o.jpg,False,"{'address1': '320 Washington St', 'address2': '', 'address3': '', 'city': 'Wausau', 'zip_code': '54403', 'country': 'US', 'state': 'WI', 'display_address': ['320 Washington St', 'Wausau, WI 54403']}",Oz,+17158423225,$,3.5,3,[],https://www.yelp.com/biz/oz-wausau?adjust_creative=GVWAITeAe13hPk5JlriDSg&utm_campaign=yelp_api_v3&utm_medium=api_v3_business_search&utm_source=GVWAITeAe13hPk5JlriDSg
a-and-w-wausau,"[{'alias': 'burgers', 'title': 'Burgers'}]","{'latitude': 44.97733, 'longitude': -89.64115}",(715) 675-1958,11718.839734875404,0Hjg5AVlR4zhWRbU3nO-BQ,https://s3-media3.fl.yelpcdn.com/bphoto/0mBmi-aDrlVaCOqksMtvJQ/o.jpg,False,"{'address1': '1205 Merrill Ave', 'address2': '', 'address3': '', 'city': 'Wausau', 'zip_code': '54401', 'country': 'US', 'state': 'WI', 'display_address': ['1205 Merrill Ave', 'Wausau, WI 54401']}",A & W,+17156751958,$,3.5,3,[],https://www.yelp.com/biz/a-and-w-wausau?adjust_creative=GVWAITeAe13hPk5JlriDSg&utm_campaign=yelp_api_v3&utm_medium=api_v3_business_search&utm_source=GVWAITeAe13hPk5JlriDSg
taco-bell-schofield,"[{'alias': 'tex-mex', 'title': 'Tex-Mex'}, {'alias': 'hotdogs', 'title': 'Fast Food'}, {'alias': 'mexican', 'title': 'Mexican'}]","{'latitude': 44.922725, 'longitude': -89.613219}",(715) 359-4060,13714.829195535944,i1wcOsXkTnGY5fIujKjcRA,https://s3-media3.fl.yelpcdn.com/bphoto/4QN3kJOeUxgsZoVV4-jzRg/o.jpg,False,"{'address1': '704 Grand Avenue', 'address2': '', 'address3': '', 'city': 'Schofield', 'zip_code': '54476', 'country': 'US', 'state': 'WI', 'display_address': ['704 Grand Avenue', 'Schofield, WI 54476']}",Taco Bell,+17153594060,$,3.5,5,[],https://www.yelp.com/biz/taco-bell-schofield?adjust_creative=GVWAITeAe13hPk5JlriDSg&utm_campaign=yelp_api_v3&utm_medium=api_v3_business_search&utm_source=GVWAITeAe13hPk5JlriDSg
lees-famous-recipe-chicken-wausau,"[{'alias': 'hotdogs', 'title': 'Fast Food'}]","{'latitude': 44.9319611, 'longitude': -89.6157532}",(715) 845-7206,13055.18305519,PccPx1_8ZKU2o960kAaSFg,https://s3-media3.fl.yelpcdn.com/bphoto/66mXDf-5KZua5dQVje6lSQ/o.jpg,False,"{'address1': '2412 Grand Ave', 'address2': '', 'address3': '', 'city': 'Wausau', 'zip_code': '54403', 'country': 'US', 'state': 'WI', 'display_address': ['2412 Grand Ave', 'Wausau, WI 54403']}",Lee's Famous Recipe Chicken,+17158457206,,3.0,5,[],https://www.yelp.com/biz/lees-famous-recipe-chicken-wausau?adjust_creative=GVWAITeAe13hPk5JlriDSg&utm_campaign=yelp_api_v3&utm_medium=api_v3_business_search&utm_source=GVWAITeAe13hPk5JlriDSg
sunrise-bar-wausau,"[{'alias': 'bars', 'title': 'Bars'}]","{'latitude': 45.03205, 'longitude': -89.458206}",(715) 845-7988,3898.1896531309276,AJxxjLwlVCZ6dRaO6jH2DA,,False,"{'address1': 'H12950 State Highway 52', 'address2': '', 'address3': '', 'city': 'Wausau', 'zip_code': '54403', 'country': 'US', 'state': 'WI', 'display_address': ['H12950 State Highway 52', 'Wausau, WI 54403']}",Sunrise Bar,+17158457988,,2.5,3,[],https://www.yelp.com/biz/sunrise-bar-wausau?adjust_creative=GVWAITeAe13hPk5JlriDSg&utm_campaign=yelp_api_v3&utm_medium=api_v3_business_search&utm_source=GVWAITeAe13hPk5JlriDSg
spoon-n-yogurt-wausau-2,"[{'alias': 'diyfood', 'title': 'Do-It-Yourself Food'}, {'alias': 'icecream', 'title': 'Ice Cream & Frozen Yogurt'}]","{'latitude': 44.9592518806458, 'longitude': -89.6280627697706}",(715) 842-4010,11799.430780484257,vZyDLt8gbYxs7LDPXKj3RA,,False,"{'address1': '320 3rd St', 'address2': '', 'address3': '', 'city': 'Wausau', 'zip_code': '54403', 'country': 'US', 'state': 'WI', 'display_address': ['320 3rd St', 'Wausau, WI 54403']}",Spoon-N-Yogurt,+17158424010,$$$,3.0,4,[],https://www.yelp.com/biz/spoon-n-yogurt-wausau-2?adjust_creative=GVWAITeAe13hPk5JlriDSg&utm_campaign=yelp_api_v3&utm_medium=api_v3_business_search&utm_source=GVWAITeAe13hPk5JlriDSg
nancys-jamars-wausau,"[{'alias': 'bars', 'title': 'Bars'}, {'alias': 'seafood', 'title': 'Seafood'}]","{'latitude': 44.98582, 'longitude': -89.57478}",(715) 845-2949,6608.585608723816,q5PzuGkmbkvJx9o41Upg0A,https://s3-media4.fl.yelpcdn.com/bphoto/svU0Tf1qaLE8GSSNN_3Vxw/o.jpg,False,"{'address1': '4011 E Wausau Ave', 'address2': '', 'address3': '', 'city': 'Wausau', 'zip_code': '54403', 'country': 'US', 'state': 'WI', 'display_address': ['4011 E Wausau Ave', 'Wausau, WI 54403']}",Nancys Jamars,+17158452949,$$,3.0,1,[],https://www.yelp.com/biz/nancys-jamars-wausau?adjust_creative=GVWAITeAe13hPk5JlriDSg&utm_campaign=yelp_api_v3&utm_medium=api_v3_business_search&utm_source=GVWAITeAe13hPk5JlriDSg
monk-botanical-gardens-wausau,"[{'alias': 'gardens', 'title': 'Botanical Gardens'}, {'alias': 'venues', 'title': 'Venues & Event Spaces'}, {'alias': 'communitygardens', 'title': 'Community Gardens'}]","{'latitude': 44.9892199159188, 'longitude': -89.6383701637387}",(715) 261-6309,11052.978959806991,izAnBR_w08Odgm6Z-iEXJQ,https://s3-media3.fl.yelpcdn.com/bphoto/TMT0FX_i4KmJ1TCc5Wh4vw/o.jpg,False,"{'address1': '1800 N 1st Ave', 'address2': '', 'address3': None, 'city': 'Wausau', 'zip_code': '54401', 'country': 'US', 'state': 'WI', 'display_address': ['1800 N 1st Ave', 'Wausau, WI 54401']}",Monk Botanical Gardens,+17152616309,,4.0,1,[],https://www.yelp.com/biz/monk-botanical-gardens-wausau?adjust_creative=GVWAITeAe13hPk5JlriDSg&utm_campaign=yelp_api_v3&utm_medium=api_v3_business_search&utm_source=GVWAITeAe13hPk5JlriDSg
hot-wok-chinese-express-schofield,"[{'alias': 'chinese', 'title': 'Chinese'}]","{'latitude': 44.9206924, 'longitude': -89.6126709}",(715) 241-8881,13854.989085893218,xvuul9N1Z4rWXpZat6Z_Yg,https://s3-media1.fl.yelpcdn.com/bphoto/DH4yATVSmLJQ8G7PBJM3sw/o.jpg,False,"{'address1': '829 Grand Ave', 'address2': '', 'address3': '', 'city': 'Schofield', 'zip_code': '54476', 'country': 'US', 'state': 'WI', 'display_address': ['829 Grand Ave', 'Schofield, WI 54476']}",Hot Wok Chinese Express,+17152418881,$,3.0,7,[],https://www.yelp.com/biz/hot-wok-chinese-express-schofield?adjust_creative=GVWAITeAe13hPk5JlriDSg&utm_campaign=yelp_api_v3&utm_medium=api_v3_business_search&utm_source=GVWAITeAe13hPk5JlriDSg
marathon-county-historical-society-wausau-2,"[{'alias': 'museums', 'title': 'Museums'}]","{'latitude': 44.9636459350586, 'longitude': -89.6258010864258}",(715) 848-6143,11369.472956451104,WsnITmXGTD_BxCecoYogSw,,False,"{'address1': '403 McIndoe St', 'address2': None, 'address3': None, 'city': 'Wausau', 'zip_code': '54403', 'country': 'US', 'state': 'WI', 'display_address': ['403 McIndoe St', 'Wausau, WI 54403']}",Marathon County Historical Society,+17158486143,,4.0,1,[],https://www.yelp.com/biz/marathon-county-historical-society-wausau-2?adjust_creative=GVWAITeAe13hPk5JlriDSg&utm_campaign=yelp_api_v3&utm_medium=api_v3_business_search&utm_source=GVWAITeAe13hPk5JlriDSg
denmar-tavern-wausau,"[{'alias': 'bars', 'title': 'Bars'}]","{'latitude': 44.9482, 'longitude': -89.643386}",(715) 298-3131,13472.868462491442,_PX_FeFHIb0Wx9MLkRHwWQ,https://s3-media2.fl.yelpcdn.com/bphoto/j1WbUQaYDub7hc4LagxAkw/o.jpg,False,"{'address1': '601 W Thomas St', 'address2': '', 'address3': '', 'city': 'Wausau', 'zip_code': '54401', 'country': 'US', 'state': 'WI', 'display_address': ['601 W Thomas St', 'Wausau, WI 54401']}",Denmar Tavern,+17152983131,$,3.5,4,[],https://www.yelp.com/biz/denmar-tavern-wausau?adjust_creative=GVWAITeAe13hPk5JlriDSg&utm_campaign=yelp_api_v3&utm_medium=api_v3_business_search&utm_source=GVWAITeAe13hPk5JlriDSg
319-gallery-and-bistro-wausau,"[{'alias': 'cafes', 'title': 'Cafes'}, {'alias': 'breakfast_brunch', 'title': 'Breakfast & Brunch'}, {'alias': 'galleries', 'title': 'Art Galleries'}]","{'latitude': 44.9595414791376, 'longitude': -89.6267300054867}",(715) 574-8179,11683.274973384168,vgme6tIiNAkrT_-qZLmHtw,https://s3-media3.fl.yelpcdn.com/bphoto/nAMV4ODeYWEAJyTP0pOEtg/o.jpg,False,"{'address1': '319 4th St', 'address2': '', 'address3': None, 'city': 'Wausau', 'zip_code': '54403', 'country': 'US', 'state': 'WI', 'display_address': ['319 4th St', 'Wausau, WI 54403']}",319 Gallery & Bistro,+17155748179,,5.0,3,[],https://www.yelp.com/biz/319-gallery-and-bistro-wausau?adjust_creative=GVWAITeAe13hPk5JlriDSg&utm_campaign=yelp_api_v3&utm_medium=api_v3_business_search&utm_source=GVWAITeAe13hPk5JlriDSg
stir-fry-88-wausau,"[{'alias': 'hotdogs', 'title': 'Fast Food'}, {'alias': 'chinese', 'title': 'Chinese'}]","{'latitude': 44.95879, 'longitude': -89.62803}",,11843.844594806127,zZV1SZ8TZcFlwYzimPM_wA,,False,"{'address1': 'Wausau Center Mall', 'address2': '', 'address3': '3rd & Washington', 'city': 'Wausau', 'zip_code': '54403', 'country': 'US', 'state': 'WI', 'display_address': ['Wausau Center Mall', '3rd & Washington', 'Wausau, WI 54403']}",Stir Fry 88,,$,3.0,2,[],https://www.yelp.com/biz/stir-fry-88-wausau?adjust_creative=GVWAITeAe13hPk5JlriDSg&utm_campaign=yelp_api_v3&utm_medium=api_v3_business_search&utm_source=GVWAITeAe13hPk5JlriDSg
the-office-bar-schofield,"[{'alias': 'divebars', 'title': 'Dive Bars'}]","{'latitude': 44.9229937462096, 'longitude': -89.6134293079376}",,13701.868770559187,J2mu8x4FYRuj6x-ulQvNdA,,False,"{'address1': '108 Grace St', 'address2': '', 'address3': '', 'city': 'Schofield', 'zip_code': '54476', 'country': 'US', 'state': 'WI', 'display_address': ['108 Grace St', 'Schofield, WI 54476']}",The Office Bar,,,5.0,1,[],https://www.yelp.com/biz/the-office-bar-schofield?adjust_creative=GVWAITeAe13hPk5JlriDSg&utm_campaign=yelp_api_v3&utm_medium=api_v3_business_search&utm_source=GVWAITeAe13hPk5JlriDSg
hanger-lounge-wausau,"[{'alias': 'lounges', 'title': 'Lounges'}]","{'latitude': 44.9579016023253, 'longitude': -89.6315854366214}",(715) 842-0388,12101.577040669357,dX8-OmIMIqwdqlKAcV9p6A,,False,"{'address1': '388 River Dr', 'address2': '', 'address3': '', 'city': 'Wausau', 'zip_code': '54403', 'country': 'US', 'state': 'WI', 'display_address': ['388 River Dr', 'Wausau, WI 54403']}",Hanger Lounge,+17158420388,,2.5,2,[],https://www.yelp.com/biz/hanger-lounge-wausau?adjust_creative=GVWAITeAe13hPk5JlriDSg&utm_campaign=yelp_api_v3&utm_medium=api_v3_business_search&utm_source=GVWAITeAe13hPk5JlriDSg
condor-coffee-company-wausau,"[{'alias': 'coffee', 'title': 'Coffee & Tea'}]","{'latitude': 44.976036, 'longitude': -89.482139}",(715) 218-0289,5084.465927266032,LUkCqzrsjN5IOJ16zXOxmA,,False,"{'address1': 'E11250 East Tower Rd', 'address2': '', 'address3': '', 'city': 'Wausau', 'zip_code': '54403', 'country': 'US', 'state': 'WI', 'display_address': ['E11250 East Tower Rd', 'Wausau, WI 54403']}",Condor Coffee Company,+17152180289,,1.0,1,[],https://www.yelp.com/biz/condor-coffee-company-wausau?adjust_creative=GVWAITeAe13hPk5JlriDSg&utm_campaign=yelp_api_v3&utm_medium=api_v3_business_search&utm_source=GVWAITeAe13hPk5JlriDSg
kfc-wausau,"[{'alias': 'hotdogs', 'title': 'Fast Food'}, {'alias': 'chicken_wings', 'title': 'Chicken Wings'}, {'alias': 'chickenshop', 'title': 'Chicken Shop'}]","{'latitude': 44.9593, 'longitude': -89.6393}",(715) 842-3667,12525.031753864529,AwEdqVyHZosV0BYDHTZxNg,https://s3-media4.fl.yelpcdn.com/bphoto/mmbwcX8R3uTlNeeJKhqScg/o.jpg,False,"{'address1': '222 Stewart Ave', 'address2': '', 'address3': '', 'city': 'Wausau', 'zip_code': '54401', 'country': 'US', 'state': 'WI', 'display_address': ['222 Stewart Ave', 'Wausau, WI 54401']}",KFC,+17158423667,,2.0,5,[],https://www.yelp.com/biz/kfc-wausau?adjust_creative=GVWAITeAe13hPk5JlriDSg&utm_campaign=yelp_api_v3&utm_medium=api_v3_business_search&utm_source=GVWAITeAe13hPk5JlriDSg
dominos-pizza-wausau,"[{'alias': 'pizza', 'title': 'Pizza'}, {'alias': 'chicken_wings', 'title': 'Chicken Wings'}, {'alias': 'sandwiches', 'title': 'Sandwiches'}]","{'latitude': 44.9607276916504, 'longitude': -89.637809753418}",(715) 848-2776,12345.425704056535,THnCoLehUtBEjIFF9GrBJg,,False,"{'address1': '301 S 2nd Ave', 'address2': '', 'address3': '', 'city': 'Wausau', 'zip_code': '54401', 'country': 'US', 'state': 'WI', 'display_address': ['301 S 2nd Ave', 'Wausau, WI 54401']}",Domino's Pizza,+17158482776,$$,4.0,3,[],https://www.yelp.com/biz/dominos-pizza-wausau?adjust_creative=GVWAITeAe13hPk5JlriDSg&utm_campaign=yelp_api_v3&utm_medium=api_v3_business_search&utm_source=GVWAITeAe13hPk5JlriDSg
rosatos-pizza-wausau,"[{'alias': 'pizza', 'title': 'Pizza'}]","{'latitude': 44.97219, 'longitude': -89.62314}",(715) 842-4555,10701.033432541359,jhbedKEuzwIfMLqioObJ8A,,False,"{'address1': '1905 N 6th St', 'address2': '', 'address3': '', 'city': 'Wausau', 'zip_code': '54403', 'country': 'US', 'state': 'WI', 'display_address': ['1905 N 6th St', 'Wausau, WI 54403']}",Rosato's Pizza,+17158424555,,2.0,1,[],https://www.yelp.com/biz/rosatos-pizza-wausau?adjust_creative=GVWAITeAe13hPk5JlriDSg&utm_campaign=yelp_api_v3&utm_medium=api_v3_business_search&utm_source=GVWAITeAe13hPk5JlriDSg
burger-king-wausau-5,"[{'alias': 'burgers', 'title': 'Burgers'}]","{'latitude': 44.9591, 'longitude': -89.62394}",(715) 845-1959,11540.200311499091,JogLlkQeHWgmP9jwhsaVbg,,False,"{'address1': '300 6th St', 'address2': '', 'address3': '', 'city': 'Wausau', 'zip_code': '54403', 'country': 'US', 'state': 'WI', 'display_address': ['300 6th St', 'Wausau, WI 54403']}",Burger King,+17158451959,$,1.5,6,[],https://www.yelp.com/biz/burger-king-wausau-5?adjust_creative=GVWAITeAe13hPk5JlriDSg&utm_campaign=yelp_api_v3&utm_medium=api_v3_business_search&utm_source=GVWAITeAe13hPk5JlriDSg
red-apple-wausau-2,"[{'alias': 'tradamerican', 'title': 'American (Traditional)'}]","{'latitude': 44.9552437451378, 'longitude': -89.6391101181507}",(715) 849-9030,12757.70556277882,mKeheJse_DZVzmpFQy3D1w,,False,"{'address1': '707 S 3rd Ave', 'address2': '', 'address3': None, 'city': 'Wausau', 'zip_code': '54401', 'country': 'US', 'state': 'WI', 'display_address': ['707 S 3rd Ave', 'Wausau, WI 54401']}",Red Apple,+17158499030,,5.0,1,[],https://www.yelp.com/biz/red-apple-wausau-2?adjust_creative=GVWAITeAe13hPk5JlriDSg&utm_campaign=yelp_api_v3&utm_medium=api_v3_business_search&utm_source=GVWAITeAe13hPk5JlriDSg
auntie-annies-wausau,"[{'alias': 'newamerican', 'title': 'American (New)'}]","{'latitude': 44.958795234561, 'longitude': -89.6280936151743}",(715) 845-0193,11843.844594806127,tB0kncCWnJ1NFfoNAKLEgg,,False,"{'address1': 'C340 Wausau Ctr', 'address2': '', 'address3': '', 'city': 'Wausau', 'zip_code': '54403', 'country': 'US', 'state': 'WI', 'display_address': ['C340 Wausau Ctr', 'Wausau, WI 54403']}",Auntie Annie's,+17158450193,,1.0,1,[],https://www.yelp.com/biz/auntie-annies-wausau?adjust_creative=GVWAITeAe13hPk5JlriDSg&utm_campaign=yelp_api_v3&utm_medium=api_v3_business_search&utm_source=GVWAITeAe13hPk5JlriDSg
pizza-hut-wausau,"[{'alias': 'pizza', 'title': 'Pizza'}, {'alias': 'italian', 'title': 'Italian'}, {'alias': 'chicken_wings', 'title': 'Chicken Wings'}]","{'latitude': 44.96144, 'longitude': -89.63717}",(715) 842-5629,12256.443718529934,NJ3MOeGNvyhrYr8gy4ToiQ,https://s3-media2.fl.yelpcdn.com/bphoto/Feb73qlKkMo1ZWKGuRIsng/o.jpg,False,"{'address1': '210 South 1st Ave', 'address2': '', 'address3': 'Pizza Hut  276', 'city': 'Wausau', 'zip_code': '54401', 'country': 'US', 'state': 'WI', 'display_address': ['210 South 1st Ave', 'Pizza Hut  276', 'Wausau, WI 54401']}",Pizza Hut,+17158425629,,1.0,1,[],https://www.yelp.com/biz/pizza-hut-wausau?adjust_creative=GVWAITeAe13hPk5JlriDSg&utm_campaign=yelp_api_v3&utm_medium=api_v3_business_search&utm_source=GVWAITeAe13hPk5JlriDSg
mcdonalds-wausau-2,"[{'alias': 'burgers', 'title': 'Burgers'}, {'alias': 'hotdogs', 'title': 'Fast Food'}, {'alias': 'coffee', 'title': 'Coffee & Tea'}]","{'latitude': 44.9566396941291, 'longitude': -89.6263579533729}",(715) 842-2999,11845.3126397754,swQ3OM6YxpnQ9t5WKp3aNA,https://s3-media2.fl.yelpcdn.com/bphoto/bThuIoPMDX4D1SmqQP6RXQ/o.jpg,False,"{'address1': '409 Forest St', 'address2': None, 'address3': None, 'city': 'Wausau', 'zip_code': '54403', 'country': 'US', 'state': 'WI', 'display_address': ['409 Forest St', 'Wausau, WI 54403']}",McDonald's,+17158422999,$,1.0,3,[],https://www.yelp.com/biz/mcdonalds-wausau-2?adjust_creative=GVWAITeAe13hPk5JlriDSg&utm_campaign=yelp_api_v3&utm_medium=api_v3_business_search&utm_source=GVWAITeAe13hPk5JlriDSg
dairy-queen-wausau-2,"[{'alias': 'icecream', 'title': 'Ice Cream & Frozen Yogurt'}]","{'latitude': 44.93645, 'longitude': -89.61749}",(715) 842-3961,12789.250707814952,JUvLLzoCaDHXOqCfV7iP-A,,False,"{'address1': '1938 Grand Ave', 'address2': '', 'address3': '', 'city': 'Wausau', 'zip_code': '54403', 'country': 'US', 'state': 'WI', 'display_address': ['1938 Grand Ave', 'Wausau, WI 54403']}",Dairy Queen,+17158423961,,1.0,1,[],https://www.yelp.com/biz/dairy-queen-wausau-2?adjust_creative=GVWAITeAe13hPk5JlriDSg&utm_campaign=yelp_api_v3&utm_medium=api_v3_business_search&utm_source=GVWAITeAe13hPk5JlriDSg
godfathers-pizza-schofield,"[{'alias': 'pizza', 'title': 'Pizza'}]","{'latitude': 44.9178047180176, 'longitude': -89.612907409668}",(715) 355-1118,14133.49603313407,oVPYXolQROO-C2OVdQm3ZQ,,False,"{'address1': '1030 Grand Ave', 'address2': '', 'address3': '', 'city': 'Schofield', 'zip_code': '54476', 'country': 'US', 'state': 'WI', 'display_address': ['1030 Grand Ave', 'Schofield, WI 54476']}",Godfather's Pizza,+17153551118,,2.5,2,[],https://www.yelp.com/biz/godfathers-pizza-schofield?adjust_creative=GVWAITeAe13hPk5JlriDSg&utm_campaign=yelp_api_v3&utm_medium=api_v3_business_search&utm_source=GVWAITeAe13hPk5JlriDSg
arbys-schofield,"[{'alias': 'hotdogs', 'title': 'Fast Food'}, {'alias': 'sandwiches', 'title': 'Sandwiches'}]","{'latitude': 44.9192772, 'longitude': -89.612442}",(715) 355-5578,13970.461450557927,3ncbdd8mrVM0qcOBzL5XzA,https://s3-media1.fl.yelpcdn.com/bphoto/hA6ro9TMbkkH0zrJVWwr-g/o.jpg,False,"{'address1': '927 Grand Ave', 'address2': '', 'address3': '', 'city': 'Schofield', 'zip_code': '54476', 'country': 'US', 'state': 'WI', 'display_address': ['927 Grand Ave', 'Schofield, WI 54476']}",Arby's,+17153555578,,1.5,3,[],https://www.yelp.com/biz/arbys-schofield?adjust_creative=GVWAITeAe13hPk5JlriDSg&utm_campaign=yelp_api_v3&utm_medium=api_v3_business_search&utm_source=GVWAITeAe13hPk5JlriDSg
