alias,categories,coordinates,display_phone,distance,id,image_url,is_closed,location,name,phone,price,rating,review_count,transactions,url
baumgartners-cheese-store-and-tavern-monroe,"[{'alias': 'cheese', 'title': 'Cheese Shops'}, {'alias': 'bars', 'title': 'Bars'}, {'alias': 'sandwiches', 'title': 'Sandwiches'}]","{'latitude': 42.601375579834, 'longitude': -89.6402206420898}",(608) 325-6157,12827.886714423188,LDAWp6wAt8Ec9NpHxS1tiA,https://s3-media2.fl.yelpcdn.com/bphoto/RTydnAHrOJ7lO7EP67wJDw/o.jpg,False,"{'address1': '1023 16th Ave', 'address2': '', 'address3': '', 'city': 'Monroe', 'zip_code': '53566', 'country': 'US', 'state': 'WI', 'display_address': ['1023 16th Ave', 'Monroe, WI 53566']}",Baumgartner's Cheese Store & Tavern,+16083256157,$,4.5,98,[],https://www.yelp.com/biz/baumgartners-cheese-store-and-tavern-monroe?adjust_creative=GVWAITeAe13hPk5JlriDSg&utm_campaign=yelp_api_v3&utm_medium=api_v3_business_search&utm_source=GVWAITeAe13hPk5JlriDSg
pancho-and-leftys-monroe,"[{'alias': 'burgers', 'title': 'Burgers'}, {'alias': 'sandwiches', 'title': 'Sandwiches'}, {'alias': 'bbq', 'title': 'Barbeque'}]","{'latitude': 42.601515, 'longitude': -89.638256}",(608) 426-6116,12967.636199638184,179ztI1SKycKugqvgxjpoQ,https://s3-media4.fl.yelpcdn.com/bphoto/ST07jksP4aQYrmRW1V1dCg/o.jpg,False,"{'address1': '1018 17th Ave', 'address2': '', 'address3': '', 'city': 'Monroe', 'zip_code': '53566', 'country': 'US', 'state': 'WI', 'display_address': ['1018 17th Ave', 'Monroe, WI 53566']}",Pancho & Lefty's,+16084266116,$$,4.5,79,[],https://www.yelp.com/biz/pancho-and-leftys-monroe?adjust_creative=GVWAITeAe13hPk5JlriDSg&utm_campaign=yelp_api_v3&utm_medium=api_v3_business_search&utm_source=GVWAITeAe13hPk5JlriDSg
buggyworks-monroe,"[{'alias': 'newamerican', 'title': 'American (New)'}, {'alias': 'pubs', 'title': 'Pubs'}]","{'latitude': 42.601646, 'longitude': -89.637756}",(608) 426-6445,13011.77421663558,smPsxMUlCC59rXyE9IXwBg,https://s3-media2.fl.yelpcdn.com/bphoto/ZXpasD-2XOw0x3aVemU6Ew/o.jpg,False,"{'address1': '1015 18th Ave', 'address2': '', 'address3': '', 'city': 'Monroe', 'zip_code': '53566', 'country': 'US', 'state': 'WI', 'display_address': ['1015 18th Ave', 'Monroe, WI 53566']}",BuggyWorks,+16084266445,$$,4.0,27,[],https://www.yelp.com/biz/buggyworks-monroe?adjust_creative=GVWAITeAe13hPk5JlriDSg&utm_campaign=yelp_api_v3&utm_medium=api_v3_business_search&utm_source=GVWAITeAe13hPk5JlriDSg
laughing-trout-monroe,"[{'alias': 'newamerican', 'title': 'American (New)'}]","{'latitude': 42.606988, 'longitude': -89.65311}",(608) 328-4545,12058.404997041705,xWD5bCa2YzhfoEgKW99EtA,https://s3-media3.fl.yelpcdn.com/bphoto/1FgQkD6LopqphD0hKA0HkA/o.jpg,False,"{'address1': '407 6th St', 'address2': '', 'address3': '', 'city': 'Monroe', 'zip_code': '53566', 'country': 'US', 'state': 'WI', 'display_address': ['407 6th St', 'Monroe, WI 53566']}",Laughing Trout,+16083284545,$$,4.0,38,[],https://www.yelp.com/biz/laughing-trout-monroe?adjust_creative=GVWAITeAe13hPk5JlriDSg&utm_campaign=yelp_api_v3&utm_medium=api_v3_business_search&utm_source=GVWAITeAe13hPk5JlriDSg
black-walnut-kitchen-monroe,"[{'alias': 'newamerican', 'title': 'American (New)'}, {'alias': 'breakfast_brunch', 'title': 'Breakfast & Brunch'}]","{'latitude': 42.60163, 'longitude': -89.6384099}",(608) 325-1809,12973.704884164355,5AdzMDxaGbLUov52soo5Vw,https://s3-media1.fl.yelpcdn.com/bphoto/popjssWUVH2IyBNvOGzDeg/o.jpg,False,"{'address1': '1014 17th Ave', 'address2': '', 'address3': None, 'city': 'Monroe', 'zip_code': '53566', 'country': 'US', 'state': 'WI', 'display_address': ['1014 17th Ave', 'Monroe, WI 53566']}",Black Walnut Kitchen,+16083251809,$,4.5,13,[],https://www.yelp.com/biz/black-walnut-kitchen-monroe?adjust_creative=GVWAITeAe13hPk5JlriDSg&utm_campaign=yelp_api_v3&utm_medium=api_v3_business_search&utm_source=GVWAITeAe13hPk5JlriDSg
chocolate-temptation-monroe,"[{'alias': 'candy', 'title': 'Candy Stores'}, {'alias': 'coffee', 'title': 'Coffee & Tea'}, {'alias': 'chocolate', 'title': 'Chocolatiers & Shops'}]","{'latitude': 42.6018562316895, 'longitude': -89.6382522583008}",(608) 328-2462,12983.890975957633,UwXU95mgMz8_YBxfWuXq2g,https://s3-media2.fl.yelpcdn.com/bphoto/JFLWI5Bk4gz5nSUIksZtDw/o.jpg,False,"{'address1': '1004 17th Ave', 'address2': '', 'address3': '', 'city': 'Monroe', 'zip_code': '53566', 'country': 'US', 'state': 'WI', 'display_address': ['1004 17th Ave', 'Monroe, WI 53566']}",Chocolate Temptation,+16083282462,$$,4.0,16,[],https://www.yelp.com/biz/chocolate-temptation-monroe?adjust_creative=GVWAITeAe13hPk5JlriDSg&utm_campaign=yelp_api_v3&utm_medium=api_v3_business_search&utm_source=GVWAITeAe13hPk5JlriDSg
green-county-cheese-days-monroe-2,"[{'alias': 'festivals', 'title': 'Festivals'}, {'alias': 'localflavor', 'title': 'Local Flavor'}]","{'latitude': 42.60161, 'longitude': -89.63922}",(608) 325-7771,12897.003509562115,TyH__o41PnoJi7epEqNeRg,https://s3-media2.fl.yelpcdn.com/bphoto/sHbrhATUmdi7SjS_9iIPhQ/o.jpg,False,"{'address1': '1016 16th Ave', 'address2': None, 'address3': None, 'city': 'Monroe', 'zip_code': '53566', 'country': 'US', 'state': 'WI', 'display_address': ['1016 16th Ave', 'Monroe, WI 53566']}",Green County Cheese Days,+16083257771,,4.5,10,[],https://www.yelp.com/biz/green-county-cheese-days-monroe-2?adjust_creative=GVWAITeAe13hPk5JlriDSg&utm_campaign=yelp_api_v3&utm_medium=api_v3_business_search&utm_source=GVWAITeAe13hPk5JlriDSg
minhas-kitchen-monroe,"[{'alias': 'newamerican', 'title': 'American (New)'}, {'alias': 'wineries', 'title': 'Wineries'}, {'alias': 'distilleries', 'title': 'Distilleries'}]","{'latitude': 42.5992651, 'longitude': -89.641114}",(608) 328-5555,12675.577315049013,ZvW6C_HitGtuzHLGk3NTXA,https://s3-media1.fl.yelpcdn.com/bphoto/QJJLAwDhTEXzHbMb4QWeJw/o.jpg,False,"{'address1': '1408 13th St', 'address2': None, 'address3': '', 'city': 'Monroe', 'zip_code': '53566', 'country': 'US', 'state': 'WI', 'display_address': ['1408 13th St', 'Monroe, WI 53566']}",Minhas Kitchen,+16083285555,$$,4.0,19,[],https://www.yelp.com/biz/minhas-kitchen-monroe?adjust_creative=GVWAITeAe13hPk5JlriDSg&utm_campaign=yelp_api_v3&utm_medium=api_v3_business_search&utm_source=GVWAITeAe13hPk5JlriDSg
perks-coffee-cafe-monroe-3,"[{'alias': 'coffee', 'title': 'Coffee & Tea'}]","{'latitude': 42.6035173237324, 'longitude': -89.6607575565577}",,11215.627186610081,5P7krNJ9HRJcIBTX0JGOqw,https://s3-media3.fl.yelpcdn.com/bphoto/RCSpcVIa2L1ixwlUjQkGQA/o.jpg,False,"{'address1': '104 W 8th St', 'address2': '', 'address3': '', 'city': 'Monroe', 'zip_code': '53566', 'country': 'US', 'state': 'WI', 'display_address': ['104 W 8th St', 'Monroe, WI 53566']}",Perks Coffee Cafe,,$,4.5,10,[],https://www.yelp.com/biz/perks-coffee-cafe-monroe-3?adjust_creative=GVWAITeAe13hPk5JlriDSg&utm_campaign=yelp_api_v3&utm_medium=api_v3_business_search&utm_source=GVWAITeAe13hPk5JlriDSg
rainbow-confections-monroe,"[{'alias': 'candy', 'title': 'Candy Stores'}, {'alias': 'popcorn', 'title': 'Popcorn Shops'}, {'alias': 'icecream', 'title': 'Ice Cream & Frozen Yogurt'}]","{'latitude': 42.6011335104704, 'longitude': -89.6397344022989}",(608) 325-2635,12833.045740523245,RrQsLaADh8fCdw_NIzmWnA,https://s3-media3.fl.yelpcdn.com/bphoto/1qqL7uCp3FPqUCN9BaEExw/o.jpg,False,"{'address1': '1600 11th St', 'address2': '', 'address3': '', 'city': 'Monroe', 'zip_code': '53566', 'country': 'US', 'state': 'WI', 'display_address': ['1600 11th St', 'Monroe, WI 53566']}",Rainbow Confections,+16083252635,$$,4.5,8,[],https://www.yelp.com/biz/rainbow-confections-monroe?adjust_creative=GVWAITeAe13hPk5JlriDSg&utm_campaign=yelp_api_v3&utm_medium=api_v3_business_search&utm_source=GVWAITeAe13hPk5JlriDSg
suisse-haus-food-and-spirits-monroe,"[{'alias': 'pizza', 'title': 'Pizza'}]","{'latitude': 42.6000519, 'longitude': -89.6396027}",(608) 325-3220,12798.094925533944,YTbg6TzsmhYa9zUljk67eQ,https://s3-media4.fl.yelpcdn.com/bphoto/NRQCvE31qe82NjMXniXd_Q/o.jpg,False,"{'address1': '1602 12th St', 'address2': '', 'address3': '', 'city': 'Monroe', 'zip_code': '53566', 'country': 'US', 'state': 'WI', 'display_address': ['1602 12th St', 'Monroe, WI 53566']}",Suisse Haus Food and Spirits,+16083253220,$$,3.5,28,[],https://www.yelp.com/biz/suisse-haus-food-and-spirits-monroe?adjust_creative=GVWAITeAe13hPk5JlriDSg&utm_campaign=yelp_api_v3&utm_medium=api_v3_business_search&utm_source=GVWAITeAe13hPk5JlriDSg
corner-cafe-monroe,"[{'alias': 'cafes', 'title': 'Cafes'}]","{'latitude': 42.6003189086914, 'longitude': -89.6402053833008}",(608) 325-3768,12774.563102014923,OyjWmGlm_QF6Y-vla3YtIg,https://s3-media3.fl.yelpcdn.com/bphoto/grWT7n93g6B5ISyKeTxVwA/o.jpg,False,"{'address1': '1127 16th Ave', 'address2': '', 'address3': '', 'city': 'Monroe', 'zip_code': '53566', 'country': 'US', 'state': 'WI', 'display_address': ['1127 16th Ave', 'Monroe, WI 53566']}",Corner Cafe,+16083253768,$,4.0,16,[],https://www.yelp.com/biz/corner-cafe-monroe?adjust_creative=GVWAITeAe13hPk5JlriDSg&utm_campaign=yelp_api_v3&utm_medium=api_v3_business_search&utm_source=GVWAITeAe13hPk5JlriDSg
vinces-restaurant-and-pizzeria-monroe-2,"[{'alias': 'italian', 'title': 'Italian'}, {'alias': 'pizza', 'title': 'Pizza'}]","{'latitude': 42.6061108, 'longitude': -89.6534903}",(608) 328-3222,11968.287891744812,wVYvLZ6CFWH2YMElH1KKRw,https://s3-media4.fl.yelpcdn.com/bphoto/k-du-wJ1Y29h7SMBkMR7ug/o.jpg,False,"{'address1': '619 4th Ave', 'address2': None, 'address3': '', 'city': 'Monroe', 'zip_code': '53566', 'country': 'US', 'state': 'WI', 'display_address': ['619 4th Ave', 'Monroe, WI 53566']}",Vince's Restaurant & Pizzeria,+16083283222,$$,3.0,30,[],https://www.yelp.com/biz/vinces-restaurant-and-pizzeria-monroe-2?adjust_creative=GVWAITeAe13hPk5JlriDSg&utm_campaign=yelp_api_v3&utm_medium=api_v3_business_search&utm_source=GVWAITeAe13hPk5JlriDSg
the-vault-south-wayne,"[{'alias': 'pizza', 'title': 'Pizza'}, {'alias': 'bars', 'title': 'Bars'}, {'alias': 'tradamerican', 'title': 'American (Traditional)'}]","{'latitude': 42.569131, 'longitude': -89.8797276}",(608) 439-1036,7555.53322842955,CZR3_S3GmVOnEPsNh1HUtA,https://s3-media3.fl.yelpcdn.com/bphoto/Y2QNmsfy_GZQXBK-xN27jw/o.jpg,False,"{'address1': '114 W Ctr St', 'address2': None, 'address3': '', 'city': 'South Wayne', 'zip_code': '53587', 'country': 'US', 'state': 'WI', 'display_address': ['114 W Ctr St', 'South Wayne, WI 53587']}",The Vault,+16084391036,$$,5.0,3,[],https://www.yelp.com/biz/the-vault-south-wayne?adjust_creative=GVWAITeAe13hPk5JlriDSg&utm_campaign=yelp_api_v3&utm_medium=api_v3_business_search&utm_source=GVWAITeAe13hPk5JlriDSg
bullquarian-brewhouse-monroe,"[{'alias': 'breweries', 'title': 'Breweries'}, {'alias': 'beerbar', 'title': 'Beer Bar'}]","{'latitude': 42.6003, 'longitude': -89.63837}",(608) 426-6720,12910.14603873129,MJ5CTexGp2faEYhFPn6CNg,https://s3-media1.fl.yelpcdn.com/bphoto/Fc83Uc_uJVZiY6dTySI8pg/o.jpg,False,"{'address1': '1128 17th Ave', 'address2': '', 'address3': None, 'city': 'Monroe', 'zip_code': '53566', 'country': 'US', 'state': 'WI', 'display_address': ['1128 17th Ave', 'Monroe, WI 53566']}",Bullquarian Brewhouse,+16084266720,,4.5,8,[],https://www.yelp.com/biz/bullquarian-brewhouse-monroe?adjust_creative=GVWAITeAe13hPk5JlriDSg&utm_campaign=yelp_api_v3&utm_medium=api_v3_business_search&utm_source=GVWAITeAe13hPk5JlriDSg
chop-sticks-monroe-2,"[{'alias': 'chinese', 'title': 'Chinese'}]","{'latitude': 42.60143, 'longitude': -89.64022}",(608) 329-7900,12822.712884399303,IVSiZ5LFlZl--586bU5UNA,https://s3-media3.fl.yelpcdn.com/bphoto/dwoaSTheZoO_TZM3X8BhGw/o.jpg,False,"{'address1': '1021 16th Ave', 'address2': '', 'address3': '', 'city': 'Monroe', 'zip_code': '53566', 'country': 'US', 'state': 'WI', 'display_address': ['1021 16th Ave', 'Monroe, WI 53566']}",Chop Stick's,+16083297900,$$,4.0,13,[],https://www.yelp.com/biz/chop-sticks-monroe-2?adjust_creative=GVWAITeAe13hPk5JlriDSg&utm_campaign=yelp_api_v3&utm_medium=api_v3_business_search&utm_source=GVWAITeAe13hPk5JlriDSg
turner-hall-of-monroe-monroe-2,"[{'alias': 'bowling', 'title': 'Bowling'}, {'alias': 'venues', 'title': 'Venues & Event Spaces'}, {'alias': 'tradamerican', 'title': 'American (Traditional)'}]","{'latitude': 42.599663, 'longitude': -89.6389}",(608) 325-3461,12851.49053824654,s4Z2SrZdZ8FnkFTQFcs_Bw,https://s3-media1.fl.yelpcdn.com/bphoto/zWL4Wm51h9LVuif481bRnQ/o.jpg,False,"{'address1': '1217 17th Ave', 'address2': None, 'address3': '', 'city': 'Monroe', 'zip_code': '53566', 'country': 'US', 'state': 'WI', 'display_address': ['1217 17th Ave', 'Monroe, WI 53566']}",Turner Hall of Monroe,+16083253461,$$,4.0,11,[],https://www.yelp.com/biz/turner-hall-of-monroe-monroe-2?adjust_creative=GVWAITeAe13hPk5JlriDSg&utm_campaign=yelp_api_v3&utm_medium=api_v3_business_search&utm_source=GVWAITeAe13hPk5JlriDSg
franks-franks-monroe,"[{'alias': 'hotdog', 'title': 'Hot Dogs'}]","{'latitude': 42.6007448327911, 'longitude': -89.6399058172311}",(608) 325-3647,12812.02828500913,JX2LiViHaRvKLRk71GXu0Q,https://s3-media3.fl.yelpcdn.com/bphoto/3yBOc4THPMMBAxfgeRqfzA/o.jpg,False,"{'address1': '1117 16th Ave', 'address2': '', 'address3': None, 'city': 'Monroe', 'zip_code': '53566', 'country': 'US', 'state': 'WI', 'display_address': ['1117 16th Ave', 'Monroe, WI 53566']}",Frank's Franks,+16083253647,$,4.0,10,[],https://www.yelp.com/biz/franks-franks-monroe?adjust_creative=GVWAITeAe13hPk5JlriDSg&utm_campaign=yelp_api_v3&utm_medium=api_v3_business_search&utm_source=GVWAITeAe13hPk5JlriDSg
garden-deli-monroe,"[{'alias': 'delis', 'title': 'Delis'}, {'alias': 'icecream', 'title': 'Ice Cream & Frozen Yogurt'}]","{'latitude': 42.60087, 'longitude': -89.63895}",(608) 325-3526,12895.771709083447,OfKZvza9At8tyFLiz7zE2w,https://s3-media1.fl.yelpcdn.com/bphoto/goomqehjxAEHlc-JNDmj_w/o.jpg,False,"{'address1': '1624 11th St', 'address2': '', 'address3': '', 'city': 'Monroe', 'zip_code': '53566', 'country': 'US', 'state': 'WI', 'display_address': ['1624 11th St', 'Monroe, WI 53566']}",Garden Deli,+16083253526,$,4.0,9,[],https://www.yelp.com/biz/garden-deli-monroe?adjust_creative=GVWAITeAe13hPk5JlriDSg&utm_campaign=yelp_api_v3&utm_medium=api_v3_business_search&utm_source=GVWAITeAe13hPk5JlriDSg
good-fellas-tavern-argyle,"[{'alias': 'sportsbars', 'title': 'Sports Bars'}, {'alias': 'burgers', 'title': 'Burgers'}, {'alias': 'sandwiches', 'title': 'Sandwiches'}]","{'latitude': 42.7011833, 'longitude': -89.8670806}",(608) 543-3606,16661.847671683983,g6BEuBQ_RAYOYeb8-HF_5g,https://s3-media2.fl.yelpcdn.com/bphoto/xoggKn9Qf7VWOVqKP8oS2g/o.jpg,False,"{'address1': '109 S State St', 'address2': '', 'address3': '', 'city': 'Argyle', 'zip_code': '53504', 'country': 'US', 'state': 'WI', 'display_address': ['109 S State St', 'Argyle, WI 53504']}",Good Fellas Tavern,+16085433606,$,5.0,6,[],https://www.yelp.com/biz/good-fellas-tavern-argyle?adjust_creative=GVWAITeAe13hPk5JlriDSg&utm_campaign=yelp_api_v3&utm_medium=api_v3_business_search&utm_source=GVWAITeAe13hPk5JlriDSg
the-toy-train-barn-museum-argyle,"[{'alias': 'museums', 'title': 'Museums'}]","{'latitude': 42.6808968191626, 'longitude': -89.8149581043187}",(608) 897-5651,13279.731504650297,yCNo0KZlKofIp29CG-8GGg,https://s3-media2.fl.yelpcdn.com/bphoto/cskGHMutpBae0BwOjlimKg/o.jpg,False,"{'address1': 'W9141 Hwy 81', 'address2': '', 'address3': '', 'city': 'Argyle', 'zip_code': '53504', 'country': 'US', 'state': 'WI', 'display_address': ['W9141 Hwy 81', 'Argyle, WI 53504']}",The Toy Train Barn Museum,+16088975651,,5.0,4,[],https://www.yelp.com/biz/the-toy-train-barn-museum-argyle?adjust_creative=GVWAITeAe13hPk5JlriDSg&utm_campaign=yelp_api_v3&utm_medium=api_v3_business_search&utm_source=GVWAITeAe13hPk5JlriDSg
bobbers-tap-winslow,"[{'alias': 'bars', 'title': 'Bars'}, {'alias': 'beer_and_wine', 'title': 'Beer, Wine & Spirits'}]","{'latitude': 42.4929076, 'longitude': -89.790576}",(815) 291-2486,7813.806785291062,k7yq25Fa-o3yv1ICc4wSMw,https://s3-media4.fl.yelpcdn.com/bphoto/nCdUf74WXbtILVtbnP5n5w/o.jpg,False,"{'address1': '612 Bridge St', 'address2': '', 'address3': '', 'city': 'Winslow', 'zip_code': '61089', 'country': 'US', 'state': 'IL', 'display_address': ['612 Bridge St', 'Winslow, IL 61089']}",Bobbers Tap,+18152912486,$,4.5,3,[],https://www.yelp.com/biz/bobbers-tap-winslow?adjust_creative=GVWAITeAe13hPk5JlriDSg&utm_campaign=yelp_api_v3&utm_medium=api_v3_business_search&utm_source=GVWAITeAe13hPk5JlriDSg
north-side-pub-and-grill-monroe,"[{'alias': 'tradamerican', 'title': 'American (Traditional)'}, {'alias': 'pubs', 'title': 'Pubs'}]","{'latitude': 42.60222, 'longitude': -89.63943}",(608) 426-6774,12903.023910078624,E9NPd4azLsC0-Wa0Zd96lw,https://s3-media2.fl.yelpcdn.com/bphoto/b6ks-PeYm9OARaRRPfE7rA/o.jpg,False,"{'address1': '1609 10th St', 'address2': '', 'address3': None, 'city': 'Monroe', 'zip_code': '53566', 'country': 'US', 'state': 'WI', 'display_address': ['1609 10th St', 'Monroe, WI 53566']}",North Side Pub and Grill,+16084266774,,4.0,6,[],https://www.yelp.com/biz/north-side-pub-and-grill-monroe?adjust_creative=GVWAITeAe13hPk5JlriDSg&utm_campaign=yelp_api_v3&utm_medium=api_v3_business_search&utm_source=GVWAITeAe13hPk5JlriDSg
luna-maya-monroe-4,"[{'alias': 'mexican', 'title': 'Mexican'}]","{'latitude': 42.6035311, 'longitude': -89.6623987}",(608) 325-5316,11207.806824138428,TaU1Khczr5c39qgv9zCcLg,https://s3-media4.fl.yelpcdn.com/bphoto/CIR4UCvO_f7V-EV6jh8XTg/o.jpg,False,"{'address1': '128 W 8th St', 'address2': None, 'address3': None, 'city': 'Monroe', 'zip_code': '53566', 'country': 'US', 'state': 'WI', 'display_address': ['128 W 8th St', 'Monroe, WI 53566']}",Luna Maya,+16083255316,$$,4.0,8,[],https://www.yelp.com/biz/luna-maya-monroe-4?adjust_creative=GVWAITeAe13hPk5JlriDSg&utm_campaign=yelp_api_v3&utm_medium=api_v3_business_search&utm_source=GVWAITeAe13hPk5JlriDSg
central-52-argyle,"[{'alias': 'pizza', 'title': 'Pizza'}, {'alias': 'icecream', 'title': 'Ice Cream & Frozen Yogurt'}, {'alias': 'juicebars', 'title': 'Juice Bars & Smoothies'}]","{'latitude': 42.7013055407027, 'longitude': -89.8669282455613}",(608) 543-3330,16669.52483472665,bMemzsQvQaXUgHnJ2ZYlvw,https://s3-media3.fl.yelpcdn.com/bphoto/rC9QOpyKOqqyDtVH8putEQ/o.jpg,False,"{'address1': '300 E Milwaukee St', 'address2': '', 'address3': None, 'city': 'Argyle', 'zip_code': '53504', 'country': 'US', 'state': 'WI', 'display_address': ['300 E Milwaukee St', 'Argyle, WI 53504']}",Central 52,+16085433330,,5.0,3,[],https://www.yelp.com/biz/central-52-argyle?adjust_creative=GVWAITeAe13hPk5JlriDSg&utm_campaign=yelp_api_v3&utm_medium=api_v3_business_search&utm_source=GVWAITeAe13hPk5JlriDSg
sherrell-jeans-diner-south-wayne,"[{'alias': 'tradamerican', 'title': 'American (Traditional)'}, {'alias': 'diners', 'title': 'Diners'}]","{'latitude': 42.5699525274264, 'longitude': -89.8776751756668}",(608) 439-5567,7396.85273121378,6vgiCkXjfSBU9zh8gYpO-Q,,False,"{'address1': '108 Monroe St', 'address2': '', 'address3': '', 'city': 'South Wayne', 'zip_code': '53587', 'country': 'US', 'state': 'WI', 'display_address': ['108 Monroe St', 'South Wayne, WI 53587']}",Sherrell Jean's Diner,+16084395567,,4.0,4,[],https://www.yelp.com/biz/sherrell-jeans-diner-south-wayne?adjust_creative=GVWAITeAe13hPk5JlriDSg&utm_campaign=yelp_api_v3&utm_medium=api_v3_business_search&utm_source=GVWAITeAe13hPk5JlriDSg
friendly-inn-monroe,"[{'alias': 'bars', 'title': 'Bars'}]","{'latitude': 42.5959968566895, 'longitude': -89.6421508789062}",(608) 325-9983,12476.961172623973,wgLf1cnmsIxF-dHplNp8DA,https://s3-media1.fl.yelpcdn.com/bphoto/smSnWPneuiT5iTQPo0yYlg/o.jpg,False,"{'address1': '1335 17th St', 'address2': '', 'address3': '', 'city': 'Monroe', 'zip_code': '53566', 'country': 'US', 'state': 'WI', 'display_address': ['1335 17th St', 'Monroe, WI 53566']}",Friendly Inn,+16083259983,,4.5,3,[],https://www.yelp.com/biz/friendly-inn-monroe?adjust_creative=GVWAITeAe13hPk5JlriDSg&utm_campaign=yelp_api_v3&utm_medium=api_v3_business_search&utm_source=GVWAITeAe13hPk5JlriDSg
bullets-restaurant-monroe,"[{'alias': 'pizza', 'title': 'Pizza'}]","{'latitude': 42.5992012, 'longitude': -89.6406326}",(608) 325-7777,12699.964447846613,X-3o1ydJyf6qHNo9RbfGJg,https://s3-media2.fl.yelpcdn.com/bphoto/bGtp2K-Z6Xh0qt0Vs72DBQ/o.jpg,False,"{'address1': '1301 15th Ave', 'address2': '', 'address3': '', 'city': 'Monroe', 'zip_code': '53566', 'country': 'US', 'state': 'WI', 'display_address': ['1301 15th Ave', 'Monroe, WI 53566']}",Bullet's Restaurant,+16083257777,$$,3.5,6,[],https://www.yelp.com/biz/bullets-restaurant-monroe?adjust_creative=GVWAITeAe13hPk5JlriDSg&utm_campaign=yelp_api_v3&utm_medium=api_v3_business_search&utm_source=GVWAITeAe13hPk5JlriDSg
mcdonalds-monroe-22,"[{'alias': 'hotdogs', 'title': 'Fast Food'}, {'alias': 'burgers', 'title': 'Burgers'}, {'alias': 'coffee', 'title': 'Coffee & Tea'}]","{'latitude': 42.603870622674, 'longitude': -89.6535202860832}",(608) 328-4231,11891.682120924173,qdXz07jivuxgHDWEXlDKwA,https://s3-media1.fl.yelpcdn.com/bphoto/HNJ3DiC07Ghyy5tQC5U0-w/o.jpg,False,"{'address1': '425 8th St', 'address2': '', 'address3': '', 'city': 'Monroe', 'zip_code': '53566', 'country': 'US', 'state': 'WI', 'display_address': ['425 8th St', 'Monroe, WI 53566']}",McDonald's,+16083284231,$,3.0,9,[],https://www.yelp.com/biz/mcdonalds-monroe-22?adjust_creative=GVWAITeAe13hPk5JlriDSg&utm_campaign=yelp_api_v3&utm_medium=api_v3_business_search&utm_source=GVWAITeAe13hPk5JlriDSg
irmas-kitchen-argyle,"[{'alias': 'restaurants', 'title': 'Restaurants'}]","{'latitude': 42.7010498, 'longitude': -89.8664017}",(608) 543-3703,16620.50961889135,zk9V0X3BzlpOw1knyATvjg,,False,"{'address1': '318 E Milwaukee', 'address2': '', 'address3': '', 'city': 'Argyle', 'zip_code': '53504', 'country': 'US', 'state': 'WI', 'display_address': ['318 E Milwaukee', 'Argyle, WI 53504']}",Irma's Kitchen,+16085433703,$,4.0,6,[],https://www.yelp.com/biz/irmas-kitchen-argyle?adjust_creative=GVWAITeAe13hPk5JlriDSg&utm_campaign=yelp_api_v3&utm_medium=api_v3_business_search&utm_source=GVWAITeAe13hPk5JlriDSg
cadiz-springs-state-park-browntown,"[{'alias': 'parks', 'title': 'Parks'}]","{'latitude': 42.583544, 'longitude': -89.76557}",(608) 966-3777,2909.3081902413714,Tb3sEiJmdjUlUSnWcr_Amw,,False,"{'address1': 'N2241 Cadiz Springs Rd', 'address2': '', 'address3': '', 'city': 'Browntown', 'zip_code': '53522', 'country': 'US', 'state': 'WI', 'display_address': ['N2241 Cadiz Springs Rd', 'Browntown, WI 53522']}",Cadiz Springs State Park,+16089663777,,3.0,1,[],https://www.yelp.com/biz/cadiz-springs-state-park-browntown?adjust_creative=GVWAITeAe13hPk5JlriDSg&utm_campaign=yelp_api_v3&utm_medium=api_v3_business_search&utm_source=GVWAITeAe13hPk5JlriDSg
sunrise-cafe-warren,"[{'alias': 'cafes', 'title': 'Cafes'}]","{'latitude': 42.4954796, 'longitude': -89.9874115}",(815) 745-2179,18020.644747191684,qdCLnvvy6ftMHavWu6Yr2g,https://s3-media3.fl.yelpcdn.com/bphoto/coZmsczUVG0aAWOwuCaxXA/o.jpg,False,"{'address1': '140 E Main St', 'address2': '', 'address3': '', 'city': 'Warren', 'zip_code': '61087', 'country': 'US', 'state': 'IL', 'display_address': ['140 E Main St', 'Warren, IL 61087']}",Sunrise Cafe,+18157452179,$,4.5,4,[],https://www.yelp.com/biz/sunrise-cafe-warren?adjust_creative=GVWAITeAe13hPk5JlriDSg&utm_campaign=yelp_api_v3&utm_medium=api_v3_business_search&utm_source=GVWAITeAe13hPk5JlriDSg
bartels-and-co-tap-monroe,"[{'alias': 'bars', 'title': 'Bars'}]","{'latitude': 42.6016731262207, 'longitude': -89.6382522583008}",(608) 325-7252,12973.705621280289,KuaGSfhucp9MPFRPRvPwjA,https://s3-media1.fl.yelpcdn.com/bphoto/x69FodfWTkaqPLnn1iW-9Q/o.jpg,False,"{'address1': '1012 17th Ave', 'address2': None, 'address3': '', 'city': 'Monroe', 'zip_code': '53566', 'country': 'US', 'state': 'WI', 'display_address': ['1012 17th Ave', 'Monroe, WI 53566']}",Bartels & Co Tap,+16083257252,$$,5.0,2,[],https://www.yelp.com/biz/bartels-and-co-tap-monroe?adjust_creative=GVWAITeAe13hPk5JlriDSg&utm_campaign=yelp_api_v3&utm_medium=api_v3_business_search&utm_source=GVWAITeAe13hPk5JlriDSg
dunkin-donuts-monroe-11,"[{'alias': 'coffee', 'title': 'Coffee & Tea'}, {'alias': 'breakfast_brunch', 'title': 'Breakfast & Brunch'}]","{'latitude': 42.603885, 'longitude': -89.652395}",(608) 403-4344,11977.526010541487,F4k6cRnRPJJG7M7bur2htw,https://s3-media1.fl.yelpcdn.com/bphoto/aw0gWL4Vz4o1K6mgXnq6Ow/o.jpg,False,"{'address1': '501 8th St', 'address2': '', 'address3': '', 'city': 'Monroe', 'zip_code': '53566', 'country': 'US', 'state': 'WI', 'display_address': ['501 8th St', 'Monroe, WI 53566']}",Dunkin' Donuts,+16084034344,$,3.0,8,[],https://www.yelp.com/biz/dunkin-donuts-monroe-11?adjust_creative=GVWAITeAe13hPk5JlriDSg&utm_campaign=yelp_api_v3&utm_medium=api_v3_business_search&utm_source=GVWAITeAe13hPk5JlriDSg
blue-ox-monroe,"[{'alias': 'vegetarian', 'title': 'Vegetarian'}, {'alias': 'mexican', 'title': 'Mexican'}]","{'latitude': 42.60308, 'longitude': -89.650647}",(608) 328-8116,12077.003410077716,ftmTNN4ZrM25D9lQ2KlXyg,https://s3-media2.fl.yelpcdn.com/bphoto/aAl23siO57wJXo_A_SeuNQ/o.jpg,False,"{'address1': '702 8th St', 'address2': None, 'address3': None, 'city': 'Monroe', 'zip_code': '53566', 'country': 'US', 'state': 'WI', 'display_address': ['702 8th St', 'Monroe, WI 53566']}",Blue Ox,+16083288116,$$,2.5,17,[],https://www.yelp.com/biz/blue-ox-monroe?adjust_creative=GVWAITeAe13hPk5JlriDSg&utm_campaign=yelp_api_v3&utm_medium=api_v3_business_search&utm_source=GVWAITeAe13hPk5JlriDSg
jailhouse-tap-monroe,"[{'alias': 'bars', 'title': 'Bars'}]","{'latitude': 42.6000519, 'longitude': -89.6418915}",(608) 325-6462,12635.181820463928,dF_eX3DHrH46kOHIKEV2WQ,,False,"{'address1': '1404 12th St', 'address2': '', 'address3': '', 'city': 'Monroe', 'zip_code': '53566', 'country': 'US', 'state': 'WI', 'display_address': ['1404 12th St', 'Monroe, WI 53566']}",Jailhouse Tap,+16083256462,$,5.0,2,[],https://www.yelp.com/biz/jailhouse-tap-monroe?adjust_creative=GVWAITeAe13hPk5JlriDSg&utm_campaign=yelp_api_v3&utm_medium=api_v3_business_search&utm_source=GVWAITeAe13hPk5JlriDSg
the-red-apple-inn-monroe,"[{'alias': 'breakfast_brunch', 'title': 'Breakfast & Brunch'}, {'alias': 'sandwiches', 'title': 'Sandwiches'}]","{'latitude': 42.6037, 'longitude': -89.64606}",(608) 325-6130,12456.994011636925,DOC2X34ZVq_FInqaARhClA,https://s3-media4.fl.yelpcdn.com/bphoto/hAcCFDBUukDQLA3HIrs7vA/o.jpg,False,"{'address1': '1019 8th St', 'address2': '', 'address3': '', 'city': 'Monroe', 'zip_code': '53566', 'country': 'US', 'state': 'WI', 'display_address': ['1019 8th St', 'Monroe, WI 53566']}",The Red Apple Inn,+16083256130,$,2.5,11,[],https://www.yelp.com/biz/the-red-apple-inn-monroe?adjust_creative=GVWAITeAe13hPk5JlriDSg&utm_campaign=yelp_api_v3&utm_medium=api_v3_business_search&utm_source=GVWAITeAe13hPk5JlriDSg
french-quarter-monroe,"[{'alias': 'bars', 'title': 'Bars'}]","{'latitude': 42.6000289916992, 'longitude': -89.6387786865234}",(608) 328-2332,12872.145558254068,HzAZWcVnNDhrsmL4BmJXnA,https://s3-media2.fl.yelpcdn.com/bphoto/Sf4VSJ2zgKOHzPI5QrqjFg/o.jpg,False,"{'address1': '1201 17th Ave', 'address2': '', 'address3': '', 'city': 'Monroe', 'zip_code': '53566', 'country': 'US', 'state': 'WI', 'display_address': ['1201 17th Ave', 'Monroe, WI 53566']}",French Quarter,+16083282332,$,3.5,4,[],https://www.yelp.com/biz/french-quarter-monroe?adjust_creative=GVWAITeAe13hPk5JlriDSg&utm_campaign=yelp_api_v3&utm_medium=api_v3_business_search&utm_source=GVWAITeAe13hPk5JlriDSg
the-corner-pub-and-deli-argyle,"[{'alias': 'pubs', 'title': 'Pubs'}, {'alias': 'delis', 'title': 'Delis'}]","{'latitude': 42.70138, 'longitude': -89.86724}",(608) 543-3711,16689.00972398157,mBCDun2c4JP4hjFmgfCqAw,,False,"{'address1': '213 E Milwaukee St', 'address2': None, 'address3': '', 'city': 'Argyle', 'zip_code': '53504', 'country': 'US', 'state': 'WI', 'display_address': ['213 E Milwaukee St', 'Argyle, WI 53504']}",The Corner Pub & Deli,+16085433711,,5.0,2,[],https://www.yelp.com/biz/the-corner-pub-and-deli-argyle?adjust_creative=GVWAITeAe13hPk5JlriDSg&utm_campaign=yelp_api_v3&utm_medium=api_v3_business_search&utm_source=GVWAITeAe13hPk5JlriDSg
world-buffet-monroe,"[{'alias': 'chinese', 'title': 'Chinese'}, {'alias': 'buffets', 'title': 'Buffets'}]","{'latitude': 42.604169082952, 'longitude': -89.6575201368698}",(608) 329-5959,11602.528967017202,4oNKGM-iuKTxz9-vm0WzNw,https://s3-media4.fl.yelpcdn.com/bphoto/0nEq0X0V1FY3F0eVNLGBCg/o.jpg,False,"{'address1': '145 7 1/2 St', 'address2': None, 'address3': None, 'city': 'Monroe', 'zip_code': '53566', 'country': 'US', 'state': 'WI', 'display_address': ['145 7 1/2 St', 'Monroe, WI 53566']}",World Buffet,+16083295959,$,3.5,3,[],https://www.yelp.com/biz/world-buffet-monroe?adjust_creative=GVWAITeAe13hPk5JlriDSg&utm_campaign=yelp_api_v3&utm_medium=api_v3_business_search&utm_source=GVWAITeAe13hPk5JlriDSg
pizza-hut-monroe-12,"[{'alias': 'pizza', 'title': 'Pizza'}, {'alias': 'italian', 'title': 'Italian'}, {'alias': 'chicken_wings', 'title': 'Chicken Wings'}]","{'latitude': 42.6069489, 'longitude': -89.6509781}",(608) 325-3001,12220.404674954958,BkLsh36mzuWZDL2VGWhzMQ,https://s3-media1.fl.yelpcdn.com/bphoto/ddXToTX5l0qEJKonbGPkzQ/o.jpg,False,"{'address1': '550 8th Ave', 'address2': '', 'address3': '', 'city': 'Monroe', 'zip_code': '53566', 'country': 'US', 'state': 'WI', 'display_address': ['550 8th Ave', 'Monroe, WI 53566']}",Pizza Hut,+16083253001,$$,3.0,7,[],https://www.yelp.com/biz/pizza-hut-monroe-12?adjust_creative=GVWAITeAe13hPk5JlriDSg&utm_campaign=yelp_api_v3&utm_medium=api_v3_business_search&utm_source=GVWAITeAe13hPk5JlriDSg
jimmy-johns-monroe,"[{'alias': 'delis', 'title': 'Delis'}, {'alias': 'sandwiches', 'title': 'Sandwiches'}, {'alias': 'hotdogs', 'title': 'Fast Food'}]","{'latitude': 42.60328, 'longitude': -89.65748}",(608) 325-7827,11539.285139783418,gafUDhlL_EP85vSirR2PVA,,False,"{'address1': '116 8th St', 'address2': None, 'address3': None, 'city': 'Monroe', 'zip_code': '53566', 'country': 'US', 'state': 'WI', 'display_address': ['116 8th St', 'Monroe, WI 53566']}",Jimmy John's,+16083257827,,5.0,1,[],https://www.yelp.com/biz/jimmy-johns-monroe?adjust_creative=GVWAITeAe13hPk5JlriDSg&utm_campaign=yelp_api_v3&utm_medium=api_v3_business_search&utm_source=GVWAITeAe13hPk5JlriDSg
burger-king-monroe-3,"[{'alias': 'burgers', 'title': 'Burgers'}]","{'latitude': 42.6075211, 'longitude': -89.6510468}",(608) 329-4343,12235.471744595587,qSJ_EhjRZ9TDHHAeuST7tg,https://s3-media1.fl.yelpcdn.com/bphoto/Jt0mkeAldQ-i9UBw7J5Jzw/o.jpg,False,"{'address1': '548 8th Ave', 'address2': '', 'address3': '', 'city': 'Monroe', 'zip_code': '53566', 'country': 'US', 'state': 'WI', 'display_address': ['548 8th Ave', 'Monroe, WI 53566']}",Burger King,+16083294343,$,5.0,1,[],https://www.yelp.com/biz/burger-king-monroe-3?adjust_creative=GVWAITeAe13hPk5JlriDSg&utm_campaign=yelp_api_v3&utm_medium=api_v3_business_search&utm_source=GVWAITeAe13hPk5JlriDSg
lake-le-aqua-na-state-park-lena,"[{'alias': 'parks', 'title': 'Parks'}]","{'latitude': 42.4209, 'longitude': -89.8240299}",(815) 369-4282,15886.700232807627,i06EiNQYUPpDm8SArVuMFw,https://s3-media3.fl.yelpcdn.com/bphoto/wgq_tJhXGTRHhwcKPjNs3g/o.jpg,False,"{'address1': '8542 N Lake Rd', 'address2': '', 'address3': '', 'city': 'Lena', 'zip_code': '61048', 'country': 'US', 'state': 'IL', 'display_address': ['8542 N Lake Rd', 'Lena, IL 61048']}",Lake Le-Aqua-Na State Park,+18153694282,,5.0,1,[],https://www.yelp.com/biz/lake-le-aqua-na-state-park-lena?adjust_creative=GVWAITeAe13hPk5JlriDSg&utm_campaign=yelp_api_v3&utm_medium=api_v3_business_search&utm_source=GVWAITeAe13hPk5JlriDSg
blackhawk-memorial-park-woodford,"[{'alias': 'parks', 'title': 'Parks'}]","{'latitude': 42.648842, 'longitude': -89.862505}",(608) 465-3390,11320.237744694396,DzFgTPxtoQpVb8Y6YbZpxQ,https://s3-media1.fl.yelpcdn.com/bphoto/mfeRi2AOUiTfjInqGmzSfQ/o.jpg,False,"{'address1': '2995 County Trunk Y', 'address2': '', 'address3': '', 'city': 'Woodford', 'zip_code': '53599', 'country': 'US', 'state': 'WI', 'display_address': ['2995 County Trunk Y', 'Woodford, WI 53599']}",Blackhawk Memorial Park,+16084653390,,3.0,3,[],https://www.yelp.com/biz/blackhawk-memorial-park-woodford?adjust_creative=GVWAITeAe13hPk5JlriDSg&utm_campaign=yelp_api_v3&utm_medium=api_v3_business_search&utm_source=GVWAITeAe13hPk5JlriDSg
swirl-station-monroe,"[{'alias': 'icecream', 'title': 'Ice Cream & Frozen Yogurt'}]","{'latitude': 42.61762, 'longitude': -89.63096}",(608) 325-3300,14258.071766302779,Quq6ytxQXyiP9iTOZMxmCw,,False,"{'address1': 'W5485 County Hwy Dr', 'address2': '', 'address3': None, 'city': 'Monroe', 'zip_code': '53566', 'country': 'US', 'state': 'WI', 'display_address': ['W5485 County Hwy Dr', 'Monroe, WI 53566']}",Swirl Station,+16083253300,,5.0,1,[],https://www.yelp.com/biz/swirl-station-monroe?adjust_creative=GVWAITeAe13hPk5JlriDSg&utm_campaign=yelp_api_v3&utm_medium=api_v3_business_search&utm_source=GVWAITeAe13hPk5JlriDSg
taco-bell-monroe-17,"[{'alias': 'mexican', 'title': 'Mexican'}, {'alias': 'tex-mex', 'title': 'Tex-Mex'}, {'alias': 'hotdogs', 'title': 'Fast Food'}]","{'latitude': 42.603418, 'longitude': -89.664272}",(608) 329-7300,11062.365062619567,06TNfAKK9QZbvHu0Aajj8Q,https://s3-media3.fl.yelpcdn.com/bphoto/YT5MW1mVsNlUu9ZhsamBrQ/o.jpg,False,"{'address1': '606 W. 8th Street', 'address2': '', 'address3': '', 'city': 'Monroe', 'zip_code': '53566', 'country': 'US', 'state': 'WI', 'display_address': ['606 W. 8th Street', 'Monroe, WI 53566']}",Taco Bell,+16083297300,$,2.5,3,[],https://www.yelp.com/biz/taco-bell-monroe-17?adjust_creative=GVWAITeAe13hPk5JlriDSg&utm_campaign=yelp_api_v3&utm_medium=api_v3_business_search&utm_source=GVWAITeAe13hPk5JlriDSg
smileys-pub-warren,"[{'alias': 'bars', 'title': 'Bars'}]","{'latitude': 42.4957525, 'longitude': -89.9880715}",(815) 745-2634,18095.802489371592,Vhsml8YKKk3FbeN7FatYHg,,False,"{'address1': '105 1/2 E Main St', 'address2': None, 'address3': None, 'city': 'Warren', 'zip_code': '61087', 'country': 'US', 'state': 'IL', 'display_address': ['105 1/2 E Main St', 'Warren, IL 61087']}",Smiley's Pub,+18157452634,,5.0,1,[],https://www.yelp.com/biz/smileys-pub-warren?adjust_creative=GVWAITeAe13hPk5JlriDSg&utm_campaign=yelp_api_v3&utm_medium=api_v3_business_search&utm_source=GVWAITeAe13hPk5JlriDSg
yes-coffe-roasters-monroe,"[{'alias': 'coffee', 'title': 'Coffee & Tea'}]","{'latitude': 42.6017309994427, 'longitude': -89.6383336186409}",(608) 512-2007,12969.539976253278,aVHr5mAmAS4cVqMf05KOYg,https://s3-media3.fl.yelpcdn.com/bphoto/ZZPchBfARjRLdjaH_x8n_A/o.jpg,False,"{'address1': '1005 16th Ave', 'address2': 'Unit C', 'address3': '', 'city': 'Monroe', 'zip_code': '53566', 'country': 'US', 'state': 'WI', 'display_address': ['1005 16th Ave', 'Unit C', 'Monroe, WI 53566']}",Yes Coffe Roasters,+16085122007,,3.0,2,[],https://www.yelp.com/biz/yes-coffe-roasters-monroe?adjust_creative=GVWAITeAe13hPk5JlriDSg&utm_campaign=yelp_api_v3&utm_medium=api_v3_business_search&utm_source=GVWAITeAe13hPk5JlriDSg
culvers-monroe,"[{'alias': 'hotdogs', 'title': 'Fast Food'}, {'alias': 'icecream', 'title': 'Ice Cream & Frozen Yogurt'}, {'alias': 'burgers', 'title': 'Burgers'}]","{'latitude': 42.6031199, 'longitude': -89.65617}",(608) 325-3700,11671.120504668588,sctViLlQFY-SNR68iZUp-w,https://s3-media4.fl.yelpcdn.com/bphoto/mACWjDRaWJRSTC2SyuwHhQ/o.jpg,False,"{'address1': '252 8th St', 'address2': None, 'address3': None, 'city': 'Monroe', 'zip_code': '53566', 'country': 'US', 'state': 'WI', 'display_address': ['252 8th St', 'Monroe, WI 53566']}",Culver's,+16083253700,$,4.0,1,[],https://www.yelp.com/biz/culvers-monroe?adjust_creative=GVWAITeAe13hPk5JlriDSg&utm_campaign=yelp_api_v3&utm_medium=api_v3_business_search&utm_source=GVWAITeAe13hPk5JlriDSg
green-county-welcome-center-monroe,"[{'alias': 'museums', 'title': 'Museums'}]","{'latitude': 42.5917282, 'longitude': -89.6515274}",(608) 325-4636,11607.922311554079,uKwQ457bKnILzjwIAvyJPA,https://s3-media1.fl.yelpcdn.com/bphoto/pWcsoTSscayV5hYgK0AhXg/o.jpg,False,"{'address1': '2108 6th Ave', 'address2': '', 'address3': '', 'city': 'Monroe', 'zip_code': '53566', 'country': 'US', 'state': 'WI', 'display_address': ['2108 6th Ave', 'Monroe, WI 53566']}",Green County Welcome Center,+16083254636,,4.0,1,[],https://www.yelp.com/biz/green-county-welcome-center-monroe?adjust_creative=GVWAITeAe13hPk5JlriDSg&utm_campaign=yelp_api_v3&utm_medium=api_v3_business_search&utm_source=GVWAITeAe13hPk5JlriDSg
theswiss-alps-monroe,"[{'alias': 'restaurants', 'title': 'Restaurants'}]","{'latitude': 42.6031684875488, 'longitude': -89.6609725952148}",(608) 325-5900,11307.503799231981,hrsEdjnRIGpqdthMbimLIw,,False,"{'address1': '804 4th Ave W', 'address2': '', 'address3': '', 'city': 'Monroe', 'zip_code': '53566', 'country': 'US', 'state': 'WI', 'display_address': ['804 4th Ave W', 'Monroe, WI 53566']}",TheSwiss Alps,+16083255900,,2.5,3,[],https://www.yelp.com/biz/theswiss-alps-monroe?adjust_creative=GVWAITeAe13hPk5JlriDSg&utm_campaign=yelp_api_v3&utm_medium=api_v3_business_search&utm_source=GVWAITeAe13hPk5JlriDSg
martys-village-inn-south-wayne,"[{'alias': 'restaurants', 'title': 'Restaurants'}]","{'latitude': 42.56958, 'longitude': -89.88079}",(608) 439-5373,7645.160610505767,EuujQOmh4F9m-9Zdy4kUkg,https://s3-media1.fl.yelpcdn.com/bphoto/17PGhHdJYkNVarXurAZ63Q/o.jpg,False,"{'address1': '207 W State Highway 11', 'address2': '', 'address3': '', 'city': 'South Wayne', 'zip_code': '53587', 'country': 'US', 'state': 'WI', 'display_address': ['207 W State Highway 11', 'South Wayne, WI 53587']}",Marty's Village Inn,+16084395373,,2.0,1,[],https://www.yelp.com/biz/martys-village-inn-south-wayne?adjust_creative=GVWAITeAe13hPk5JlriDSg&utm_campaign=yelp_api_v3&utm_medium=api_v3_business_search&utm_source=GVWAITeAe13hPk5JlriDSg
flanagans-shenanigans-irish-pub-monroe-2,"[{'alias': 'newamerican', 'title': 'American (New)'}, {'alias': 'pubs', 'title': 'Pubs'}]","{'latitude': 42.601150049009, 'longitude': -89.6395386599363}",(608) 325-6141,12855.149972515064,Fm_myOvLLmqP5FbZFMymgg,https://s3-media2.fl.yelpcdn.com/bphoto/BqV8cYJajBSlfaCJ8xnjfg/o.jpg,False,"{'address1': '1606 11th St', 'address2': '', 'address3': '', 'city': 'Monroe', 'zip_code': '53566', 'country': 'US', 'state': 'WI', 'display_address': ['1606 11th St', 'Monroe, WI 53566']}",Flanagan's Shenanigans Irish Pub,+16083256141,$,2.5,2,[],https://www.yelp.com/biz/flanagans-shenanigans-irish-pub-monroe-2?adjust_creative=GVWAITeAe13hPk5JlriDSg&utm_campaign=yelp_api_v3&utm_medium=api_v3_business_search&utm_source=GVWAITeAe13hPk5JlriDSg
bonnies-monroe,"[{'alias': 'bars', 'title': 'Bars'}, {'alias': 'steak', 'title': 'Steakhouses'}, {'alias': 'sandwiches', 'title': 'Sandwiches'}]","{'latitude': 42.5992012, 'longitude': -89.6406326}",(608) 325-1331,12699.964447846613,3eGWlabLd-dV0AH3i9g6KA,,False,"{'address1': '1301 15th Ave', 'address2': '', 'address3': '', 'city': 'Monroe', 'zip_code': '53566', 'country': 'US', 'state': 'WI', 'display_address': ['1301 15th Ave', 'Monroe, WI 53566']}",Bonnie's,+16083251331,,2.0,3,[],https://www.yelp.com/biz/bonnies-monroe?adjust_creative=GVWAITeAe13hPk5JlriDSg&utm_campaign=yelp_api_v3&utm_medium=api_v3_business_search&utm_source=GVWAITeAe13hPk5JlriDSg
red-apple-monroe,"[{'alias': 'newamerican', 'title': 'American (New)'}]","{'latitude': 42.6090180033935, 'longitude': -89.638685323298}",(608) 325-6130,13232.394862033107,PaNtbvYMzjxQj4GsN7BE8g,https://s3-media2.fl.yelpcdn.com/bphoto/8ZQV_DnNvgtrmOZXWC3XRg/o.jpg,False,"{'address1': '1019 8th St', 'address2': '', 'address3': '', 'city': 'Monroe', 'zip_code': '53566', 'country': 'US', 'state': 'WI', 'display_address': ['1019 8th St', 'Monroe, WI 53566']}",Red Apple,+16083256130,,3.0,1,[],https://www.yelp.com/biz/red-apple-monroe?adjust_creative=GVWAITeAe13hPk5JlriDSg&utm_campaign=yelp_api_v3&utm_medium=api_v3_business_search&utm_source=GVWAITeAe13hPk5JlriDSg
flanagans-shenanigans-monroe,"[{'alias': 'bars', 'title': 'Bars'}]","{'latitude': 42.60087, 'longitude': -89.63941}",(608) 325-6141,12858.26710737986,x16cjJuoxPFecZdP9pxtdg,,False,"{'address1': '1610 11th St', 'address2': None, 'address3': None, 'city': 'Monroe', 'zip_code': '53566', 'country': 'US', 'state': 'WI', 'display_address': ['1610 11th St', 'Monroe, WI 53566']}",Flanagan's Shenanigans,+16083256141,,5.0,1,[],https://www.yelp.com/biz/flanagans-shenanigans-monroe?adjust_creative=GVWAITeAe13hPk5JlriDSg&utm_campaign=yelp_api_v3&utm_medium=api_v3_business_search&utm_source=GVWAITeAe13hPk5JlriDSg
caseys-carry-out-pizza-orangeville,"[{'alias': 'pizza', 'title': 'Pizza'}]","{'latitude': 42.46755, 'longitude': -89.64491}",(815) 449-9239,15818.883648091856,YLkXULfe0JeglcegGDypUQ,,False,"{'address1': '111 S East St', 'address2': '', 'address3': '', 'city': 'Orangeville', 'zip_code': '61060', 'country': 'US', 'state': 'IL', 'display_address': ['111 S East St', 'Orangeville, IL 61060']}",Caseys Carry Out Pizza,+18154499239,,5.0,1,[],https://www.yelp.com/biz/caseys-carry-out-pizza-orangeville?adjust_creative=GVWAITeAe13hPk5JlriDSg&utm_campaign=yelp_api_v3&utm_medium=api_v3_business_search&utm_source=GVWAITeAe13hPk5JlriDSg
brush-creek-golf-course-orangeville,"[{'alias': 'golf', 'title': 'Golf'}]","{'latitude': 42.4604666, 'longitude': -89.6533263}",(815) 789-4042,15878.666872265372,D0OaUqJlr3n_xkxNiNdzoQ,,False,"{'address1': '2001 W Saint James Rd', 'address2': '', 'address3': '', 'city': 'Orangeville', 'zip_code': '61060', 'country': 'US', 'state': 'IL', 'display_address': ['2001 W Saint James Rd', 'Orangeville, IL 61060']}",Brush Creek Golf Course,+18157894042,,5.0,1,[],https://www.yelp.com/biz/brush-creek-golf-course-orangeville?adjust_creative=GVWAITeAe13hPk5JlriDSg&utm_campaign=yelp_api_v3&utm_medium=api_v3_business_search&utm_source=GVWAITeAe13hPk5JlriDSg
dairy-queen-monroe-2,"[{'alias': 'icecream', 'title': 'Ice Cream & Frozen Yogurt'}]","{'latitude': 42.6038399, 'longitude': -89.6542816}",(608) 325-5584,11310.58824951769,BdX9HMJ1rtJkJjmr3bZhMA,https://s3-media1.fl.yelpcdn.com/bphoto/JqZH5iagBpfl-55yEE_8-Q/o.jpg,False,"{'address1': '405 8th St', 'address2': '', 'address3': '', 'city': 'Monroe', 'zip_code': '53566', 'country': 'US', 'state': 'WI', 'display_address': ['405 8th St', 'Monroe, WI 53566']}",Dairy Queen,+16083255584,,4.0,1,[],https://www.yelp.com/biz/dairy-queen-monroe-2?adjust_creative=GVWAITeAe13hPk5JlriDSg&utm_campaign=yelp_api_v3&utm_medium=api_v3_business_search&utm_source=GVWAITeAe13hPk5JlriDSg
hixsters-upper-deck-warren,"[{'alias': 'bars', 'title': 'Bars'}]","{'latitude': 42.4954546, 'longitude': -89.987391}",(815) 745-2700,17978.81763392958,RtuVSEegz3WYcGha0VscVA,https://s3-media3.fl.yelpcdn.com/bphoto/RqJxhxyErdmNbSVU96Kx1g/o.jpg,False,"{'address1': '162 E Main St', 'address2': None, 'address3': None, 'city': 'Warren', 'zip_code': '61087', 'country': 'US', 'state': 'IL', 'display_address': ['162 E Main St', 'Warren, IL 61087']}",Hixster's Upper Deck,+18157452700,,5.0,1,[],https://www.yelp.com/biz/hixsters-upper-deck-warren?adjust_creative=GVWAITeAe13hPk5JlriDSg&utm_campaign=yelp_api_v3&utm_medium=api_v3_business_search&utm_source=GVWAITeAe13hPk5JlriDSg
