alias,categories,coordinates,display_phone,distance,id,image_url,is_closed,location,name,phone,price,rating,review_count,transactions,url
luigis-pasta-and-pizza-shawano-2,"[{'alias': 'pizza', 'title': 'Pizza'}, {'alias': 'italian', 'title': 'Italian'}]","{'latitude': 44.77424, 'longitude': -88.60947}",(715) 524-4791,5365.568902802849,VwMPDNp8r7ntGD7FBm3Low,https://s3-media4.fl.yelpcdn.com/bphoto/KbWHL_w4mOmk_JQfHkxFhg/o.jpg,False,"{'address1': '607 S Main St', 'address2': '', 'address3': '', 'city': 'Shawano', 'zip_code': '54166', 'country': 'US', 'state': 'WI', 'display_address': ['607 S Main St', 'Shawano, WI 54166']}",Luigis Pasta & Pizza,+17155244791,$$,4.0,42,[],https://www.yelp.com/biz/luigis-pasta-and-pizza-shawano-2?adjust_creative=GVWAITeAe13hPk5JlriDSg&utm_campaign=yelp_api_v3&utm_medium=api_v3_business_search&utm_source=GVWAITeAe13hPk5JlriDSg
bubbas-bbq-shawano-2,"[{'alias': 'bbq', 'title': 'Barbeque'}, {'alias': 'bars', 'title': 'Bars'}, {'alias': 'burgers', 'title': 'Burgers'}]","{'latitude': 44.7815322875977, 'longitude': -88.6088943481445}",(715) 526-9099,5784.761130687106,H4FtfFiHmylWSLjqUqpoQw,https://s3-media2.fl.yelpcdn.com/bphoto/fwuQonG2OTRQF_fG4eUJTQ/o.jpg,False,"{'address1': '114 S Main St', 'address2': '', 'address3': '', 'city': 'Shawano', 'zip_code': '54166', 'country': 'US', 'state': 'WI', 'display_address': ['114 S Main St', 'Shawano, WI 54166']}",Bubba's BBQ,+17155269099,$$,4.0,46,[],https://www.yelp.com/biz/bubbas-bbq-shawano-2?adjust_creative=GVWAITeAe13hPk5JlriDSg&utm_campaign=yelp_api_v3&utm_medium=api_v3_business_search&utm_source=GVWAITeAe13hPk5JlriDSg
farm-inn-on-main-shawano-2,"[{'alias': 'bakeries', 'title': 'Bakeries'}, {'alias': 'tradamerican', 'title': 'American (Traditional)'}, {'alias': 'cocktailbars', 'title': 'Cocktail Bars'}]","{'latitude': 44.7827186584473, 'longitude': -88.6097564697266}",(715) 524-4916,5816.931587602454,JGcdWMunIKSNk_umhrfoqQ,https://s3-media4.fl.yelpcdn.com/bphoto/NxZcOJKFcERutSqAzB10MQ/o.jpg,False,"{'address1': '123 N Main St', 'address2': '', 'address3': '', 'city': 'Shawano', 'zip_code': '54166', 'country': 'US', 'state': 'WI', 'display_address': ['123 N Main St', 'Shawano, WI 54166']}",Farm Inn' On Main,+17155244916,$,4.0,49,[],https://www.yelp.com/biz/farm-inn-on-main-shawano-2?adjust_creative=GVWAITeAe13hPk5JlriDSg&utm_campaign=yelp_api_v3&utm_medium=api_v3_business_search&utm_source=GVWAITeAe13hPk5JlriDSg
el-tequila-shawano,"[{'alias': 'mexican', 'title': 'Mexican'}]","{'latitude': 44.781387, 'longitude': -88.581787}",(715) 524-5282,7674.6569543032965,JpMWZqAjQuUKLO_d_XOimQ,https://s3-media4.fl.yelpcdn.com/bphoto/HmEPScA7UZqlMui5hQHjCA/o.jpg,False,"{'address1': '1240 E Green Bay St', 'address2': '', 'address3': '', 'city': 'Shawano', 'zip_code': '54166', 'country': 'US', 'state': 'WI', 'display_address': ['1240 E Green Bay St', 'Shawano, WI 54166']}",El Tequila,+17155245282,$,4.5,17,[],https://www.yelp.com/biz/el-tequila-shawano?adjust_creative=GVWAITeAe13hPk5JlriDSg&utm_campaign=yelp_api_v3&utm_medium=api_v3_business_search&utm_source=GVWAITeAe13hPk5JlriDSg
angies-main-cafe-shawano,"[{'alias': 'cafes', 'title': 'Cafes'}, {'alias': 'breakfast_brunch', 'title': 'Breakfast & Brunch'}, {'alias': 'sandwiches', 'title': 'Sandwiches'}]","{'latitude': 44.7810023, 'longitude': -88.6091513}",(715) 524-6240,5743.030501220224,4znxigYmNd8BDa68MfNfNg,https://s3-media3.fl.yelpcdn.com/bphoto/SKZhYjszzAsl6nzKFcI6RQ/o.jpg,False,"{'address1': '132 S Main St', 'address2': '', 'address3': '', 'city': 'Shawano', 'zip_code': '54166', 'country': 'US', 'state': 'WI', 'display_address': ['132 S Main St', 'Shawano, WI 54166']}",Angies Main Cafe,+17155246240,,4.0,16,[],https://www.yelp.com/biz/angies-main-cafe-shawano?adjust_creative=GVWAITeAe13hPk5JlriDSg&utm_campaign=yelp_api_v3&utm_medium=api_v3_business_search&utm_source=GVWAITeAe13hPk5JlriDSg
bean-and-books-coffee-house-shawano,"[{'alias': 'coffee', 'title': 'Coffee & Tea'}, {'alias': 'breakfast_brunch', 'title': 'Breakfast & Brunch'}, {'alias': 'sandwiches', 'title': 'Sandwiches'}]","{'latitude': 44.7824800839611, 'longitude': -88.58180373516}",(715) 524-2233,7724.866252688382,Rd3jYvG9X9Des6n31m9fbg,https://s3-media2.fl.yelpcdn.com/bphoto/Q8qy-xLBFrFOa7RFw9Pp3A/o.jpg,False,"{'address1': '1235 E Green Bay St', 'address2': '', 'address3': '', 'city': 'Shawano', 'zip_code': '54166', 'country': 'US', 'state': 'WI', 'display_address': ['1235 E Green Bay St', 'Shawano, WI 54166']}",Bean & Books Coffee House,+17155242233,$,4.5,10,[],https://www.yelp.com/biz/bean-and-books-coffee-house-shawano?adjust_creative=GVWAITeAe13hPk5JlriDSg&utm_campaign=yelp_api_v3&utm_medium=api_v3_business_search&utm_source=GVWAITeAe13hPk5JlriDSg
the-launching-pad-shawano,"[{'alias': 'burgers', 'title': 'Burgers'}, {'alias': 'hotdogs', 'title': 'Fast Food'}, {'alias': 'pizza', 'title': 'Pizza'}]","{'latitude': 44.7857541, 'longitude': -88.5688202}",(715) 524-4098,8802.331996213397,U3pEOqHyGNrG1MoLiEsWUw,https://s3-media3.fl.yelpcdn.com/bphoto/9_ix3SBXDdl7xo6K8TppBA/o.jpg,False,"{'address1': '221 Airport Rd', 'address2': '', 'address3': '', 'city': 'Shawano', 'zip_code': '54166', 'country': 'US', 'state': 'WI', 'display_address': ['221 Airport Rd', 'Shawano, WI 54166']}",The Launching Pad,+17155244098,$,4.0,20,[],https://www.yelp.com/biz/the-launching-pad-shawano?adjust_creative=GVWAITeAe13hPk5JlriDSg&utm_campaign=yelp_api_v3&utm_medium=api_v3_business_search&utm_source=GVWAITeAe13hPk5JlriDSg
hunan-chinese-restaurant-shawano,"[{'alias': 'chinese', 'title': 'Chinese'}]","{'latitude': 44.7804756164551, 'longitude': -88.6097259521484}",(715) 526-5820,5669.150493842712,E-i2_DnCJaZ7hZdPXBHnDA,https://s3-media3.fl.yelpcdn.com/bphoto/pTXyEx1KuFn6azmg2Vo78w/o.jpg,False,"{'address1': '145 S Main St', 'address2': '', 'address3': '', 'city': 'Shawano', 'zip_code': '54166', 'country': 'US', 'state': 'WI', 'display_address': ['145 S Main St', 'Shawano, WI 54166']}",Hunan Chinese Restaurant,+17155265820,$$,4.0,8,[],https://www.yelp.com/biz/hunan-chinese-restaurant-shawano?adjust_creative=GVWAITeAe13hPk5JlriDSg&utm_campaign=yelp_api_v3&utm_medium=api_v3_business_search&utm_source=GVWAITeAe13hPk5JlriDSg
bults-bakery-shawano,"[{'alias': 'bakeries', 'title': 'Bakeries'}, {'alias': 'cakeshop', 'title': 'Patisserie/Cake Shop'}]","{'latitude': 44.78107, 'longitude': -88.60888}",(715) 526-6600,5767.367941178758,2tkZLI66jSZeH4yBO8IkEw,,False,"{'address1': '128 S Main St', 'address2': '', 'address3': '', 'city': 'Shawano', 'zip_code': '54166', 'country': 'US', 'state': 'WI', 'display_address': ['128 S Main St', 'Shawano, WI 54166']}",Bult's Bakery,+17155266600,$,5.0,4,[],https://www.yelp.com/biz/bults-bakery-shawano?adjust_creative=GVWAITeAe13hPk5JlriDSg&utm_campaign=yelp_api_v3&utm_medium=api_v3_business_search&utm_source=GVWAITeAe13hPk5JlriDSg
club-22-shawano,"[{'alias': 'german', 'title': 'German'}]","{'latitude': 44.7551888522345, 'longitude': -88.6102091772461}",(715) 526-3800,4777.191249745655,w2Wufos0gSTDp17HF6epIw,https://s3-media3.fl.yelpcdn.com/bphoto/x6UyttWIveIYQk8tBW4DsA/o.jpg,False,"{'address1': 'N3925 State Hwy 22', 'address2': '', 'address3': '', 'city': 'Shawano', 'zip_code': '54166', 'country': 'US', 'state': 'WI', 'display_address': ['N3925 State Hwy 22', 'Shawano, WI 54166']}",Club 22,+17155263800,$$$,4.0,9,[],https://www.yelp.com/biz/club-22-shawano?adjust_creative=GVWAITeAe13hPk5JlriDSg&utm_campaign=yelp_api_v3&utm_medium=api_v3_business_search&utm_source=GVWAITeAe13hPk5JlriDSg
glas-the-green-coffeehouse-shawano,"[{'alias': 'coffee', 'title': 'Coffee & Tea'}]","{'latitude': 44.7876536378896, 'longitude': -88.6099710171966}",(715) 851-4527,6121.77227574503,tiRh7zYWYU8PLccQTBZ1aQ,https://s3-media4.fl.yelpcdn.com/bphoto/zqIEQlbJZgjVTWpCc7_cLg/o.jpg,False,"{'address1': '511 N Main St', 'address2': None, 'address3': '', 'city': 'Shawano', 'zip_code': '54166', 'country': 'US', 'state': 'WI', 'display_address': ['511 N Main St', 'Shawano, WI 54166']}","Glas, The Green Coffeehouse",+17158514527,$$,4.0,12,[],https://www.yelp.com/biz/glas-the-green-coffeehouse-shawano?adjust_creative=GVWAITeAe13hPk5JlriDSg&utm_campaign=yelp_api_v3&utm_medium=api_v3_business_search&utm_source=GVWAITeAe13hPk5JlriDSg
longhorn-saloon-shawano,"[{'alias': 'bars', 'title': 'Bars'}, {'alias': 'bbq', 'title': 'Barbeque'}, {'alias': 'tradamerican', 'title': 'American (Traditional)'}]","{'latitude': 44.76437, 'longitude': -88.60935}",(715) 524-9195,5014.466959999264,x7T0rqI2TkYyJtNcgsKzSA,https://s3-media1.fl.yelpcdn.com/bphoto/OODFBiIn-Zb68isXKHxsJw/o.jpg,False,"{'address1': '1181 S Main St', 'address2': '', 'address3': '', 'city': 'Shawano', 'zip_code': '54166', 'country': 'US', 'state': 'WI', 'display_address': ['1181 S Main St', 'Shawano, WI 54166']}",Longhorn Saloon,+17155249195,$$,3.5,9,[],https://www.yelp.com/biz/longhorn-saloon-shawano?adjust_creative=GVWAITeAe13hPk5JlriDSg&utm_campaign=yelp_api_v3&utm_medium=api_v3_business_search&utm_source=GVWAITeAe13hPk5JlriDSg
wasabi-japanese-restaurant-shawano,"[{'alias': 'noodles', 'title': 'Noodles'}, {'alias': 'sushi', 'title': 'Sushi Bars'}, {'alias': 'japanese', 'title': 'Japanese'}]","{'latitude': 44.78254, 'longitude': -88.59162}",(715) 916-3777,7031.694141971181,0vvzl6xm3onb8znfN1DjfQ,https://s3-media3.fl.yelpcdn.com/bphoto/4_VnW2xG1kqcmKlNVT1j_g/o.jpg,False,"{'address1': '1045 E Green Bay St', 'address2': '', 'address3': None, 'city': 'Shawano', 'zip_code': '54166', 'country': 'US', 'state': 'WI', 'display_address': ['1045 E Green Bay St', 'Shawano, WI 54166']}",Wasabi Japanese Restaurant,+17159163777,$$,4.5,6,[],https://www.yelp.com/biz/wasabi-japanese-restaurant-shawano?adjust_creative=GVWAITeAe13hPk5JlriDSg&utm_campaign=yelp_api_v3&utm_medium=api_v3_business_search&utm_source=GVWAITeAe13hPk5JlriDSg
classics-restaurant-and-lounge-shawano,"[{'alias': 'seafood', 'title': 'Seafood'}, {'alias': 'steak', 'title': 'Steakhouses'}, {'alias': 'cocktailbars', 'title': 'Cocktail Bars'}]","{'latitude': 44.829307, 'longitude': -88.546264}",(715) 524-8711,12960.68893162748,jg8HtC--bPyYOb-pmVU9xA,https://s3-media2.fl.yelpcdn.com/bphoto/ya2NjmqFLloqtr9R0fVEew/o.jpg,False,"{'address1': 'W6026 Lake Dr', 'address2': None, 'address3': None, 'city': 'Shawano', 'zip_code': '54166', 'country': 'US', 'state': 'WI', 'display_address': ['W6026 Lake Dr', 'Shawano, WI 54166']}",Classic's Restaurant & Lounge,+17155248711,$$,4.0,16,[],https://www.yelp.com/biz/classics-restaurant-and-lounge-shawano?adjust_creative=GVWAITeAe13hPk5JlriDSg&utm_campaign=yelp_api_v3&utm_medium=api_v3_business_search&utm_source=GVWAITeAe13hPk5JlriDSg
the-lighthouse-shawano,"[{'alias': 'seafood', 'title': 'Seafood'}]","{'latitude': 44.791931, 'longitude': -88.566365}",(715) 526-5600,9281.828747929287,KzLqsEn-jYMO1PfimVtG7g,https://s3-media1.fl.yelpcdn.com/bphoto/jobF7SxvcUw3HyaN5G4ppg/o.jpg,False,"{'address1': 'W6440 Gumaer Rd', 'address2': '', 'address3': '', 'city': 'Shawano', 'zip_code': '54166', 'country': 'US', 'state': 'WI', 'display_address': ['W6440 Gumaer Rd', 'Shawano, WI 54166']}",The Lighthouse,+17155265600,$$,4.0,12,[],https://www.yelp.com/biz/the-lighthouse-shawano?adjust_creative=GVWAITeAe13hPk5JlriDSg&utm_campaign=yelp_api_v3&utm_medium=api_v3_business_search&utm_source=GVWAITeAe13hPk5JlriDSg
anellos-torch-lite-shawano,"[{'alias': 'italian', 'title': 'Italian'}, {'alias': 'newamerican', 'title': 'American (New)'}]","{'latitude': 44.78076, 'longitude': -88.577035}",(715) 526-5680,7993.544340659098,3Mq3dXCV91sFgRiAzyZcfQ,https://s3-media2.fl.yelpcdn.com/bphoto/UglmXLkwiVZWdpTgAfHNOA/o.jpg,False,"{'address1': '1276 E Green Bay St', 'address2': '', 'address3': '', 'city': 'Shawano', 'zip_code': '54166', 'country': 'US', 'state': 'WI', 'display_address': ['1276 E Green Bay St', 'Shawano, WI 54166']}",Anello's Torch Lite,+17155265680,$$,3.0,25,[],https://www.yelp.com/biz/anellos-torch-lite-shawano?adjust_creative=GVWAITeAe13hPk5JlriDSg&utm_campaign=yelp_api_v3&utm_medium=api_v3_business_search&utm_source=GVWAITeAe13hPk5JlriDSg
spinning-wheel-inn-shawano,"[{'alias': 'seafood', 'title': 'Seafood'}, {'alias': 'sandwiches', 'title': 'Sandwiches'}]","{'latitude': 44.8013673, 'longitude': -88.568257}",(715) 526-3931,9685.183405836264,IEKoUDbV_CHL0TSthb-8Ww,,False,"{'address1': 'N5846 Lake Dr', 'address2': '', 'address3': '', 'city': 'Shawano', 'zip_code': '54166', 'country': 'US', 'state': 'WI', 'display_address': ['N5846 Lake Dr', 'Shawano, WI 54166']}",Spinning Wheel Inn,+17155263931,$$,4.5,5,[],https://www.yelp.com/biz/spinning-wheel-inn-shawano?adjust_creative=GVWAITeAe13hPk5JlriDSg&utm_campaign=yelp_api_v3&utm_medium=api_v3_business_search&utm_source=GVWAITeAe13hPk5JlriDSg
brothers-pub-shawano,"[{'alias': 'sportsbars', 'title': 'Sports Bars'}]","{'latitude': 44.8015920490172, 'longitude': -88.5692441499749}",(715) 524-5212,9634.12886027239,sNazrJadOoB8RjfEb12H0Q,https://s3-media1.fl.yelpcdn.com/bphoto/z7seFmsfAi0YSArKGEpP8Q/o.jpg,False,"{'address1': '5867 N Lake Dr', 'address2': '', 'address3': None, 'city': 'Shawano', 'zip_code': '54166', 'country': 'US', 'state': 'WI', 'display_address': ['5867 N Lake Dr', 'Shawano, WI 54166']}",Brothers' Pub,+17155245212,$$,3.5,12,[],https://www.yelp.com/biz/brothers-pub-shawano?adjust_creative=GVWAITeAe13hPk5JlriDSg&utm_campaign=yelp_api_v3&utm_medium=api_v3_business_search&utm_source=GVWAITeAe13hPk5JlriDSg
wolfs-roadhouse-shawano,"[{'alias': 'bars', 'title': 'Bars'}, {'alias': 'burgers', 'title': 'Burgers'}, {'alias': 'chicken_wings', 'title': 'Chicken Wings'}]","{'latitude': 44.79692, 'longitude': -88.691825}",(715) 524-4901,5122.230420818839,KbhCpsxgIFOV08Y2TFZsBw,,False,"{'address1': 'W8916 Oak Ave', 'address2': '', 'address3': '', 'city': 'Shawano', 'zip_code': '54166', 'country': 'US', 'state': 'WI', 'display_address': ['W8916 Oak Ave', 'Shawano, WI 54166']}",Wolf's Roadhouse,+17155244901,,4.5,3,[],https://www.yelp.com/biz/wolfs-roadhouse-shawano?adjust_creative=GVWAITeAe13hPk5JlriDSg&utm_campaign=yelp_api_v3&utm_medium=api_v3_business_search&utm_source=GVWAITeAe13hPk5JlriDSg
the-studio-lounge-shawano,"[{'alias': 'lounges', 'title': 'Lounges'}, {'alias': 'seafood', 'title': 'Seafood'}, {'alias': 'tradamerican', 'title': 'American (Traditional)'}]","{'latitude': 44.7819091428395, 'longitude': -88.6299451032581}",(715) 524-5883,4516.111497000609,uCELnK2oD6w5zZT-75gt3A,https://s3-media2.fl.yelpcdn.com/bphoto/bg6TmicztWP_dfrC9K2IJg/o.jpg,False,"{'address1': 'W7703 County Hwy Mmm', 'address2': '', 'address3': '', 'city': 'Shawano', 'zip_code': '54166', 'country': 'US', 'state': 'WI', 'display_address': ['W7703 County Hwy Mmm', 'Shawano, WI 54166']}",The Studio Lounge,+17155245883,$$,4.0,4,[],https://www.yelp.com/biz/the-studio-lounge-shawano?adjust_creative=GVWAITeAe13hPk5JlriDSg&utm_campaign=yelp_api_v3&utm_medium=api_v3_business_search&utm_source=GVWAITeAe13hPk5JlriDSg
grandma-sophies-family-restaurant-shawano,"[{'alias': 'restaurants', 'title': 'Restaurants'}]","{'latitude': 44.758111, 'longitude': -88.615932}",,4352.902610968569,ARg7vAE6t_uIT18FKscO7w,,False,"{'address1': 'River Bend Rd', 'address2': '', 'address3': '', 'city': 'Shawano', 'zip_code': '54166', 'country': 'US', 'state': 'WI', 'display_address': ['River Bend Rd', 'Shawano, WI 54166']}",Grandma Sophie's Family Restaurant,,,3.0,3,[],https://www.yelp.com/biz/grandma-sophies-family-restaurant-shawano?adjust_creative=GVWAITeAe13hPk5JlriDSg&utm_campaign=yelp_api_v3&utm_medium=api_v3_business_search&utm_source=GVWAITeAe13hPk5JlriDSg
fannita-s-bakery-shawano,"[{'alias': 'bakeries', 'title': 'Bakeries'}]","{'latitude': 44.78107, 'longitude': -88.60888}",,5767.367941178758,CqabS7FKGijybJXTAApCrA,https://s3-media1.fl.yelpcdn.com/bphoto/P2NItI7tBD6UD0xLvrJAlQ/o.jpg,False,"{'address1': '128 S Main St', 'address2': '', 'address3': None, 'city': 'Shawano', 'zip_code': '54166', 'country': 'US', 'state': 'WI', 'display_address': ['128 S Main St', 'Shawano, WI 54166']}",Fannita’s Bakery,,,5.0,1,[],https://www.yelp.com/biz/fannita-s-bakery-shawano?adjust_creative=GVWAITeAe13hPk5JlriDSg&utm_campaign=yelp_api_v3&utm_medium=api_v3_business_search&utm_source=GVWAITeAe13hPk5JlriDSg
culvers-shawano-2,"[{'alias': 'burgers', 'title': 'Burgers'}, {'alias': 'icecream', 'title': 'Ice Cream & Frozen Yogurt'}, {'alias': 'hotdogs', 'title': 'Fast Food'}]","{'latitude': 44.7815, 'longitude': -88.58302}",(715) 526-2002,7594.5493522327015,VlvIIqOAPq4hOlstkhIXEQ,https://s3-media2.fl.yelpcdn.com/bphoto/qNdZm9u8fuRoXIGOo3cklQ/o.jpg,False,"{'address1': '1220 E Green Bay St', 'address2': None, 'address3': None, 'city': 'Shawano', 'zip_code': '54166', 'country': 'US', 'state': 'WI', 'display_address': ['1220 E Green Bay St', 'Shawano, WI 54166']}",Culver's,+17155262002,,4.5,2,[],https://www.yelp.com/biz/culvers-shawano-2?adjust_creative=GVWAITeAe13hPk5JlriDSg&utm_campaign=yelp_api_v3&utm_medium=api_v3_business_search&utm_source=GVWAITeAe13hPk5JlriDSg
flamingos-family-restaurant-shawano,"[{'alias': 'restaurants', 'title': 'Restaurants'}]","{'latitude': 44.7823982, 'longitude': -88.5931702}",(715) 524-3588,6931.445879090214,IgKVpjgAX49XOiZ0mqZMdQ,https://s3-media2.fl.yelpcdn.com/bphoto/DUspQwDy1yzoGw7W553FZQ/o.jpg,False,"{'address1': '1017 E Green Bay St', 'address2': '', 'address3': '', 'city': 'Shawano', 'zip_code': '54166', 'country': 'US', 'state': 'WI', 'display_address': ['1017 E Green Bay St', 'Shawano, WI 54166']}",Flamingo's Family Restaurant,+17155243588,$$,2.5,7,[],https://www.yelp.com/biz/flamingos-family-restaurant-shawano?adjust_creative=GVWAITeAe13hPk5JlriDSg&utm_campaign=yelp_api_v3&utm_medium=api_v3_business_search&utm_source=GVWAITeAe13hPk5JlriDSg
subway-shawano,"[{'alias': 'sandwiches', 'title': 'Sandwiches'}, {'alias': 'hotdogs', 'title': 'Fast Food'}]","{'latitude': 44.7812805175781, 'longitude': -88.5822525024414}",(715) 524-3344,7649.75760018789,Xh1i6BEVoVEVbigCd0SXcA,,False,"{'address1': '1230 E Green Bay St', 'address2': '', 'address3': '', 'city': 'Shawano', 'zip_code': '54166', 'country': 'US', 'state': 'WI', 'display_address': ['1230 E Green Bay St', 'Shawano, WI 54166']}",Subway,+17155243344,$,5.0,1,[],https://www.yelp.com/biz/subway-shawano?adjust_creative=GVWAITeAe13hPk5JlriDSg&utm_campaign=yelp_api_v3&utm_medium=api_v3_business_search&utm_source=GVWAITeAe13hPk5JlriDSg
perkins-restaurant-and-bakery-shawano-3,"[{'alias': 'bakeries', 'title': 'Bakeries'}, {'alias': 'breakfast_brunch', 'title': 'Breakfast & Brunch'}, {'alias': 'tradamerican', 'title': 'American (Traditional)'}]","{'latitude': 44.7811610885578, 'longitude': -88.5690347850323}",(715) 524-2900,8596.780061517957,RHnZstkKe--vtQiaeUsfYw,https://s3-media3.fl.yelpcdn.com/bphoto/UKWoLwlVbgUTLWWYr6RU1Q/o.jpg,False,"{'address1': '1398 E Green Bay', 'address2': '', 'address3': '', 'city': 'Shawano', 'zip_code': '54166', 'country': 'US', 'state': 'WI', 'display_address': ['1398 E Green Bay', 'Shawano, WI 54166']}",Perkins Restaurant & Bakery,+17155242900,$$,3.5,3,[],https://www.yelp.com/biz/perkins-restaurant-and-bakery-shawano-3?adjust_creative=GVWAITeAe13hPk5JlriDSg&utm_campaign=yelp_api_v3&utm_medium=api_v3_business_search&utm_source=GVWAITeAe13hPk5JlriDSg
twigs-beverages-shawano,"[{'alias': 'gourmet', 'title': 'Specialty Food'}, {'alias': 'museums', 'title': 'Museums'}]","{'latitude': 44.77286, 'longitude': -88.61122}",,5184.629150370167,DS_zKBhK1X1FiwikOPt3Zg,https://s3-media4.fl.yelpcdn.com/bphoto/w5Z6hL59hx0uN_gH2aCjow/o.jpg,False,"{'address1': '920 South Franklin St', 'address2': '', 'address3': None, 'city': 'Shawano', 'zip_code': '54166', 'country': 'US', 'state': 'WI', 'display_address': ['920 South Franklin St', 'Shawano, WI 54166']}",Twig's beverages,,$,4.0,1,[],https://www.yelp.com/biz/twigs-beverages-shawano?adjust_creative=GVWAITeAe13hPk5JlriDSg&utm_campaign=yelp_api_v3&utm_medium=api_v3_business_search&utm_source=GVWAITeAe13hPk5JlriDSg
home-plate-cafe-shawano,"[{'alias': 'restaurants', 'title': 'Restaurants'}]","{'latitude': 44.771813, 'longitude': -88.6088283}",(715) 526-3434,5338.138559229587,q4bT4eBZRClDh3filhRBKA,https://s3-media1.fl.yelpcdn.com/bphoto/iqopD1hLPcOx4gyxyZvZ3A/o.jpg,False,"{'address1': '804 S Main St', 'address2': '', 'address3': '', 'city': 'Shawano', 'zip_code': '54166', 'country': 'US', 'state': 'WI', 'display_address': ['804 S Main St', 'Shawano, WI 54166']}",Home Plate Cafe,+17155263434,$,2.5,4,[],https://www.yelp.com/biz/home-plate-cafe-shawano?adjust_creative=GVWAITeAe13hPk5JlriDSg&utm_campaign=yelp_api_v3&utm_medium=api_v3_business_search&utm_source=GVWAITeAe13hPk5JlriDSg
coachlight-bar-and-grill-shawano,"[{'alias': 'bars', 'title': 'Bars'}, {'alias': 'restaurants', 'title': 'Restaurants'}]","{'latitude': 44.828604, 'longitude': -88.534501}",(715) 524-3063,13616.647412213253,y0xdXjirOgveUGuoncTLTA,https://s3-media2.fl.yelpcdn.com/bphoto/2zVV52nGVb5bowRoo4ERJQ/o.jpg,False,"{'address1': 'W5814 Lake Dr', 'address2': '', 'address3': '', 'city': 'Shawano', 'zip_code': '54166', 'country': 'US', 'state': 'WI', 'display_address': ['W5814 Lake Dr', 'Shawano, WI 54166']}",Coachlight Bar & Grill,+17155243063,$,4.0,4,[],https://www.yelp.com/biz/coachlight-bar-and-grill-shawano?adjust_creative=GVWAITeAe13hPk5JlriDSg&utm_campaign=yelp_api_v3&utm_medium=api_v3_business_search&utm_source=GVWAITeAe13hPk5JlriDSg
emperors-buffet-shawano,"[{'alias': 'restaurants', 'title': 'Restaurants'}]","{'latitude': 44.7819851, 'longitude': -88.6004443}",(715) 524-9999,6436.823131884479,-xmvIHx7Vnoe97nNaw1SQg,https://s3-media4.fl.yelpcdn.com/bphoto/4hYKUC7MaYr6-WBKjv_SkQ/o.jpg,False,"{'address1': '714 E Green Bay St', 'address2': '', 'address3': '', 'city': 'Shawano', 'zip_code': '54166', 'country': 'US', 'state': 'WI', 'display_address': ['714 E Green Bay St', 'Shawano, WI 54166']}",Emperor's Buffet,+17155249999,$,2.0,6,[],https://www.yelp.com/biz/emperors-buffet-shawano?adjust_creative=GVWAITeAe13hPk5JlriDSg&utm_campaign=yelp_api_v3&utm_medium=api_v3_business_search&utm_source=GVWAITeAe13hPk5JlriDSg
the-corner-bar-shawano,"[{'alias': 'pubs', 'title': 'Pubs'}]","{'latitude': 44.76159, 'longitude': -88.555988}",(715) 526-2994,9099.863493718978,jGs0m1_8HipQs7_i1lVLIA,https://s3-media3.fl.yelpcdn.com/bphoto/D2XQkNWah66PStOFHPYyAw/o.jpg,False,"{'address1': 'W 10430 County Rd M', 'address2': '', 'address3': '', 'city': 'Shawano', 'zip_code': '54166', 'country': 'US', 'state': 'WI', 'display_address': ['W 10430 County Rd M', 'Shawano, WI 54166']}",The Corner Bar,+17155262994,$$,5.0,1,[],https://www.yelp.com/biz/the-corner-bar-shawano?adjust_creative=GVWAITeAe13hPk5JlriDSg&utm_campaign=yelp_api_v3&utm_medium=api_v3_business_search&utm_source=GVWAITeAe13hPk5JlriDSg
woodland-gresham-2,"[{'alias': 'tradamerican', 'title': 'American (Traditional)'}]","{'latitude': 44.8442268371582, 'longitude': -88.7860641479492}",(715) 787-4700,13606.85067267288,b11u9MVJoEhBeh-DZSyhKA,https://s3-media4.fl.yelpcdn.com/bphoto/mRmxIPYnU642g1qOeQw3jA/o.jpg,False,"{'address1': '420 Main St', 'address2': '', 'address3': '', 'city': 'Gresham', 'zip_code': '54128', 'country': 'US', 'state': 'WI', 'display_address': ['420 Main St', 'Gresham, WI 54128']}",Woodland,+17157874700,$$,4.0,4,[],https://www.yelp.com/biz/woodland-gresham-2?adjust_creative=GVWAITeAe13hPk5JlriDSg&utm_campaign=yelp_api_v3&utm_medium=api_v3_business_search&utm_source=GVWAITeAe13hPk5JlriDSg
shawano-four-seasons-resort-shawano,"[{'alias': 'resorts', 'title': 'Resorts'}, {'alias': 'supperclubs', 'title': 'Supper Clubs'}]","{'latitude': 44.7836, 'longitude': -88.5688}",(715) 201-1501,8714.870789303845,JD1lFPC03G-BTxP7YQwL9Q,https://s3-media4.fl.yelpcdn.com/bphoto/2Q6CDB2EJjGzt7xJiCz3cw/o.jpg,False,"{'address1': '201 Airport Rd', 'address2': None, 'address3': None, 'city': 'Shawano', 'zip_code': '54166', 'country': 'US', 'state': 'WI', 'display_address': ['201 Airport Rd', 'Shawano, WI 54166']}",Shawano Four Seasons Resort,+17152011501,$$,2.5,6,[],https://www.yelp.com/biz/shawano-four-seasons-resort-shawano?adjust_creative=GVWAITeAe13hPk5JlriDSg&utm_campaign=yelp_api_v3&utm_medium=api_v3_business_search&utm_source=GVWAITeAe13hPk5JlriDSg
hardees-shawano,"[{'alias': 'hotdogs', 'title': 'Fast Food'}]","{'latitude': 44.7817307, 'longitude': -88.5893326}",(715) 526-2900,7149.93400410317,yNm19EbRf2Muys3mrNLjTQ,https://s3-media3.fl.yelpcdn.com/bphoto/WqC2wa96sHyzOEd5uqS-2g/o.jpg,False,"{'address1': '1120 E Green Bay St', 'address2': '', 'address3': '', 'city': 'Shawano', 'zip_code': '54166', 'country': 'US', 'state': 'WI', 'display_address': ['1120 E Green Bay St', 'Shawano, WI 54166']}",Hardee's,+17155262900,$,2.0,4,[],https://www.yelp.com/biz/hardees-shawano?adjust_creative=GVWAITeAe13hPk5JlriDSg&utm_campaign=yelp_api_v3&utm_medium=api_v3_business_search&utm_source=GVWAITeAe13hPk5JlriDSg
micksters-clintonville,"[{'alias': 'bars', 'title': 'Bars'}]","{'latitude': 44.688468, 'longitude': -88.674675}",(715) 823-5990,7224.321943766431,Eq5ch7MDzb_8gXhLyvZU_w,,False,"{'address1': 'N2754 County Road Y', 'address2': None, 'address3': None, 'city': 'Clintonville', 'zip_code': '54929', 'country': 'US', 'state': 'WI', 'display_address': ['N2754 County Road Y', 'Clintonville, WI 54929']}",Mickster's,+17158235990,$$,4.5,3,[],https://www.yelp.com/biz/micksters-clintonville?adjust_creative=GVWAITeAe13hPk5JlriDSg&utm_campaign=yelp_api_v3&utm_medium=api_v3_business_search&utm_source=GVWAITeAe13hPk5JlriDSg
shawano-lake-county-park-shawano,"[{'alias': 'parks', 'title': 'Parks'}, {'alias': 'campgrounds', 'title': 'Campgrounds'}]","{'latitude': 44.8278732299805, 'longitude': -88.5324554443359}",(715) 526-5216,13695.126367201605,4nm7lUOYF03fHf5oM90n_A,https://s3-media1.fl.yelpcdn.com/bphoto/YDqC2A_586-KAtyi54_nAA/o.jpg,False,"{'address1': '5791 W Lake Dr', 'address2': '', 'address3': '', 'city': 'Shawano', 'zip_code': '54166', 'country': 'US', 'state': 'WI', 'display_address': ['5791 W Lake Dr', 'Shawano, WI 54166']}",Shawano Lake County Park,+17155265216,,5.0,1,[],https://www.yelp.com/biz/shawano-lake-county-park-shawano?adjust_creative=GVWAITeAe13hPk5JlriDSg&utm_campaign=yelp_api_v3&utm_medium=api_v3_business_search&utm_source=GVWAITeAe13hPk5JlriDSg
shawno-lake-golf-club-shawano,"[{'alias': 'golf', 'title': 'Golf'}]","{'latitude': 44.8303299, 'longitude': -88.53137}",(715) 524-4890,13938.012086756164,rR7AK5pcIpRyB6U-VEggag,https://s3-media2.fl.yelpcdn.com/bphoto/tMub0kekhiflX7EL8fE3Ig/o.jpg,False,"{'address1': 'W5714 Lake Dr', 'address2': '', 'address3': '', 'city': 'Shawano', 'zip_code': '54166', 'country': 'US', 'state': 'WI', 'display_address': ['W5714 Lake Dr', 'Shawano, WI 54166']}",Shawno Lake Golf Club,+17155244890,,5.0,1,[],https://www.yelp.com/biz/shawno-lake-golf-club-shawano?adjust_creative=GVWAITeAe13hPk5JlriDSg&utm_campaign=yelp_api_v3&utm_medium=api_v3_business_search&utm_source=GVWAITeAe13hPk5JlriDSg
bamboo-bar-shawano,"[{'alias': 'lounges', 'title': 'Lounges'}]","{'latitude': 44.7846652020713, 'longitude': -88.5428529166861}",(715) 524-0470,10672.099015097674,EgnTSwUv52peCuLg8vig7Q,https://s3-media4.fl.yelpcdn.com/bphoto/kKxxsw1tIgI1SngI3Ya6gQ/o.jpg,False,"{'address1': 'W5884 Cedar Ct', 'address2': '', 'address3': '', 'city': 'Shawano', 'zip_code': '54166', 'country': 'US', 'state': 'WI', 'display_address': ['W5884 Cedar Ct', 'Shawano, WI 54166']}",Bamboo Bar,+17155240470,$$,4.0,1,[],https://www.yelp.com/biz/bamboo-bar-shawano?adjust_creative=GVWAITeAe13hPk5JlriDSg&utm_campaign=yelp_api_v3&utm_medium=api_v3_business_search&utm_source=GVWAITeAe13hPk5JlriDSg
neighbors-bar-and-grill-shawano,"[{'alias': 'tradamerican', 'title': 'American (Traditional)'}, {'alias': 'bars', 'title': 'Bars'}]","{'latitude': 44.7612434, 'longitude': -88.555637}",(715) 526-6362,9123.689127393072,rhoRIzyy5mkXDddjE8pJBg,,False,"{'address1': '4096 County Road B K', 'address2': '', 'address3': '', 'city': 'Shawano', 'zip_code': '54166', 'country': 'US', 'state': 'WI', 'display_address': ['4096 County Road B K', 'Shawano, WI 54166']}",Neighbors Bar and Grill,+17155266362,,3.0,1,[],https://www.yelp.com/biz/neighbors-bar-and-grill-shawano?adjust_creative=GVWAITeAe13hPk5JlriDSg&utm_campaign=yelp_api_v3&utm_medium=api_v3_business_search&utm_source=GVWAITeAe13hPk5JlriDSg
papa-murphys-shawano-2,"[{'alias': 'pizza', 'title': 'Pizza'}]","{'latitude': 44.7825, 'longitude': -88.5907}",(715) 201-1500,7109.464385940949,SX7IulolK2oZUCUwNpUwZw,,False,"{'address1': '1063 East Green Bay Street', 'address2': '', 'address3': '', 'city': 'Shawano', 'zip_code': '54166', 'country': 'US', 'state': 'WI', 'display_address': ['1063 East Green Bay Street', 'Shawano, WI 54166']}",Papa Murphy's,+17152011500,,5.0,1,[],https://www.yelp.com/biz/papa-murphys-shawano-2?adjust_creative=GVWAITeAe13hPk5JlriDSg&utm_campaign=yelp_api_v3&utm_medium=api_v3_business_search&utm_source=GVWAITeAe13hPk5JlriDSg
mcdonalds-shawano,"[{'alias': 'burgers', 'title': 'Burgers'}, {'alias': 'hotdogs', 'title': 'Fast Food'}, {'alias': 'coffee', 'title': 'Coffee & Tea'}]","{'latitude': 44.7816789302665, 'longitude': -88.5866622626782}",(715) 524-2541,7339.749469517047,H2NLKorjYgir8xUu4KArzw,https://s3-media2.fl.yelpcdn.com/bphoto/cUTlmWNrKwWqAwmS_nCxww/o.jpg,False,"{'address1': '1202 E Green Bay St', 'address2': '', 'address3': '', 'city': 'Shawano', 'zip_code': '54166', 'country': 'US', 'state': 'WI', 'display_address': ['1202 E Green Bay St', 'Shawano, WI 54166']}",McDonald's,+17155242541,,3.0,3,[],https://www.yelp.com/biz/mcdonalds-shawano?adjust_creative=GVWAITeAe13hPk5JlriDSg&utm_campaign=yelp_api_v3&utm_medium=api_v3_business_search&utm_source=GVWAITeAe13hPk5JlriDSg
lizzies-restaurant-and-catering-shawano,"[{'alias': 'newamerican', 'title': 'American (New)'}]","{'latitude': 44.781665802002, 'longitude': -88.6089019775391}",(715) 524-3340,5790.82477508108,etrcM9wP3Btl0g1Gnl-rug,,False,"{'address1': '108 S Main St', 'address2': None, 'address3': None, 'city': 'Shawano', 'zip_code': '54166', 'country': 'US', 'state': 'WI', 'display_address': ['108 S Main St', 'Shawano, WI 54166']}",Lizzie's Restaurant & Catering,+17155243340,,2.5,2,[],https://www.yelp.com/biz/lizzies-restaurant-and-catering-shawano?adjust_creative=GVWAITeAe13hPk5JlriDSg&utm_campaign=yelp_api_v3&utm_medium=api_v3_business_search&utm_source=GVWAITeAe13hPk5JlriDSg
little-caesars-shawano,"[{'alias': 'pizza', 'title': 'Pizza'}]","{'latitude': 44.781494, 'longitude': -88.591385}",(715) 524-2727,7027.549421804664,fXzcKSu7aEhKiLcm6bSYzg,,False,"{'address1': '1056 E Green Bay St', 'address2': '', 'address3': '', 'city': 'Shawano', 'zip_code': '54166', 'country': 'US', 'state': 'WI', 'display_address': ['1056 E Green Bay St', 'Shawano, WI 54166']}",Little Caesars,+17155242727,,1.5,3,[],https://www.yelp.com/biz/little-caesars-shawano?adjust_creative=GVWAITeAe13hPk5JlriDSg&utm_campaign=yelp_api_v3&utm_medium=api_v3_business_search&utm_source=GVWAITeAe13hPk5JlriDSg
korths-badger-tap-embarrass,"[{'alias': 'bars', 'title': 'Bars'}, {'alias': 'tradamerican', 'title': 'American (Traditional)'}]","{'latitude': 44.66564, 'longitude': -88.70653}",(715) 823-3047,10152.554954701214,DWF-Rp4nD5GDtmyvyvRxlQ,,False,"{'address1': '133 E Main St', 'address2': '', 'address3': '', 'city': 'Embarrass', 'zip_code': '54933', 'country': 'US', 'state': 'WI', 'display_address': ['133 E Main St', 'Embarrass, WI 54933']}",Korths Badger Tap,+17158233047,,4.0,1,[],https://www.yelp.com/biz/korths-badger-tap-embarrass?adjust_creative=GVWAITeAe13hPk5JlriDSg&utm_campaign=yelp_api_v3&utm_medium=api_v3_business_search&utm_source=GVWAITeAe13hPk5JlriDSg
pizza-hut-shawano,"[{'alias': 'pizza', 'title': 'Pizza'}, {'alias': 'italian', 'title': 'Italian'}, {'alias': 'chicken_wings', 'title': 'Chicken Wings'}]","{'latitude': 44.781989728178, 'longitude': -88.59830006532}",(715) 526-5100,6538.395925798488,ajRyighlFfJ23cagZFTAVA,https://s3-media1.fl.yelpcdn.com/bphoto/K_2ClxSglIJYdvemH3EpEg/o.jpg,False,"{'address1': '816 E Green Bay St', 'address2': '', 'address3': 'Pizza Hut  271', 'city': 'Shawano', 'zip_code': '54166', 'country': 'US', 'state': 'WI', 'display_address': ['816 E Green Bay St', 'Pizza Hut  271', 'Shawano, WI 54166']}",Pizza Hut,+17155265100,,1.0,1,[],https://www.yelp.com/biz/pizza-hut-shawano?adjust_creative=GVWAITeAe13hPk5JlriDSg&utm_campaign=yelp_api_v3&utm_medium=api_v3_business_search&utm_source=GVWAITeAe13hPk5JlriDSg
taco-bell-shawano-2,"[{'alias': 'mexican', 'title': 'Mexican'}, {'alias': 'tex-mex', 'title': 'Tex-Mex'}, {'alias': 'hotdogs', 'title': 'Fast Food'}]","{'latitude': 44.782039, 'longitude': -88.588289}",(715) 524-8143,7241.4566296965095,MiLtbEeh_cC62J6Qq4pAMQ,https://s3-media2.fl.yelpcdn.com/bphoto/WMHl5fgxEoY-6mY7hrhq6g/o.jpg,False,"{'address1': '1266 East Green Bay Street', 'address2': '', 'address3': '', 'city': 'Shawano', 'zip_code': '54166', 'country': 'US', 'state': 'WI', 'display_address': ['1266 East Green Bay Street', 'Shawano, WI 54166']}",Taco Bell,+17155248143,,1.0,1,[],https://www.yelp.com/biz/taco-bell-shawano-2?adjust_creative=GVWAITeAe13hPk5JlriDSg&utm_campaign=yelp_api_v3&utm_medium=api_v3_business_search&utm_source=GVWAITeAe13hPk5JlriDSg
subway-shawano-2,"[{'alias': 'hotdogs', 'title': 'Fast Food'}, {'alias': 'sandwiches', 'title': 'Sandwiches'}]","{'latitude': 44.77978, 'longitude': -88.58035}",(715) 524-3161,7693.146311129385,kxuxhTmbsWFQtuIgeS1dpQ,,False,"{'address1': '1244 E Green Bay St', 'address2': None, 'address3': None, 'city': 'Shawano', 'zip_code': '54166', 'country': 'US', 'state': 'WI', 'display_address': ['1244 E Green Bay St', 'Shawano, WI 54166']}",Subway,+17155243161,,1.0,1,[],https://www.yelp.com/biz/subway-shawano-2?adjust_creative=GVWAITeAe13hPk5JlriDSg&utm_campaign=yelp_api_v3&utm_medium=api_v3_business_search&utm_source=GVWAITeAe13hPk5JlriDSg
big-time-sports-bar-and-grill-shawano,"[{'alias': 'sportsbars', 'title': 'Sports Bars'}, {'alias': 'tradamerican', 'title': 'American (Traditional)'}]","{'latitude': 44.8290999, 'longitude': -88.54487}",(715) 201-0807,13016.583597621444,h0eZEQ34aL3Aad-aPnaQuw,https://s3-media1.fl.yelpcdn.com/bphoto/LZ15KjCTJBf4C0MMYo0UGQ/o.jpg,False,"{'address1': 'W6014 Lake Dr', 'address2': '', 'address3': None, 'city': 'Shawano', 'zip_code': '54166', 'country': 'US', 'state': 'WI', 'display_address': ['W6014 Lake Dr', 'Shawano, WI 54166']}",Big Time Sports Bar & Grill,+17152010807,,1.0,2,[],https://www.yelp.com/biz/big-time-sports-bar-and-grill-shawano?adjust_creative=GVWAITeAe13hPk5JlriDSg&utm_campaign=yelp_api_v3&utm_medium=api_v3_business_search&utm_source=GVWAITeAe13hPk5JlriDSg
lakeshore-lanes-shawano,"[{'alias': 'restaurants', 'title': 'Restaurants'}, {'alias': 'bowling', 'title': 'Bowling'}]","{'latitude': 44.7846985, 'longitude': -88.5670166}",(715) 526-9300,8865.931607193983,NU6qVmevHEm3jbKyxX-Juw,,False,"{'address1': '210 Airport Rd', 'address2': '', 'address3': '', 'city': 'Shawano', 'zip_code': '54166', 'country': 'US', 'state': 'WI', 'display_address': ['210 Airport Rd', 'Shawano, WI 54166']}",Lakeshore Lanes,+17155269300,,1.0,1,[],https://www.yelp.com/biz/lakeshore-lanes-shawano?adjust_creative=GVWAITeAe13hPk5JlriDSg&utm_campaign=yelp_api_v3&utm_medium=api_v3_business_search&utm_source=GVWAITeAe13hPk5JlriDSg
smoke-to-the-bone-green-bay,"[{'alias': 'foodtrucks', 'title': 'Food Trucks'}, {'alias': 'bbq', 'title': 'Barbeque'}]","{'latitude': 44.5113781, 'longitude': -88.0576756}",(920) 639-7041,55468.57579057103,P4rJt38qsSSTPUD6IBh-uw,https://s3-media2.fl.yelpcdn.com/bphoto/_0-Cfh7IosSHrg7tGGmV_w/o.jpg,False,"{'address1': '1301 Ridge Rd', 'address2': '', 'address3': None, 'city': 'Green Bay', 'zip_code': '54303', 'country': 'US', 'state': 'WI', 'display_address': ['1301 Ridge Rd', 'Green Bay, WI 54303']}",Smoke To The Bone,+19206397041,,4.0,4,"['delivery', 'pickup']",https://www.yelp.com/biz/smoke-to-the-bone-green-bay?adjust_creative=GVWAITeAe13hPk5JlriDSg&utm_campaign=yelp_api_v3&utm_medium=api_v3_business_search&utm_source=GVWAITeAe13hPk5JlriDSg
