alias,categories,coordinates,display_phone,distance,id,image_url,is_closed,location,name,phone,price,rating,review_count,transactions,url
taqueria-marias-watertown-2,"[{'alias': 'mexican', 'title': 'Mexican'}]","{'latitude': 43.1927924, 'longitude': -88.7244254}",(920) 206-0270,7816.990501265889,MpkBwi0HAzbg-pMsYoFr0A,https://s3-media4.fl.yelpcdn.com/bphoto/ivcjjS14Ez_xExfH_wmRIg/o.jpg,False,"{'address1': '311 S First St', 'address2': '', 'address3': '', 'city': 'Watertown', 'zip_code': '53094', 'country': 'US', 'state': 'WI', 'display_address': ['311 S First St', 'Watertown, WI 53094']}",Taqueria Maria's,+19202060270,$$,4.5,64,[],https://www.yelp.com/biz/taqueria-marias-watertown-2?adjust_creative=GVWAITeAe13hPk5JlriDSg&utm_campaign=yelp_api_v3&utm_medium=api_v3_business_search&utm_source=GVWAITeAe13hPk5JlriDSg
elias-inn-supper-club-watertown,"[{'alias': 'tradamerican', 'title': 'American (Traditional)'}, {'alias': 'bars', 'title': 'Bars'}]","{'latitude': 43.19516, 'longitude': -88.72315}",(920) 261-6262,7555.171189402546,6JGJUnQhAfivGHQEOlO-Bw,https://s3-media2.fl.yelpcdn.com/bphoto/87WgdwjFyHtHjKBx5-JIIw/o.jpg,False,"{'address1': '200 N 2nd St', 'address2': '', 'address3': '', 'city': 'Watertown', 'zip_code': '53094', 'country': 'US', 'state': 'WI', 'display_address': ['200 N 2nd St', 'Watertown, WI 53094']}",Elias Inn Supper Club,+19202616262,$$,4.5,47,[],https://www.yelp.com/biz/elias-inn-supper-club-watertown?adjust_creative=GVWAITeAe13hPk5JlriDSg&utm_campaign=yelp_api_v3&utm_medium=api_v3_business_search&utm_source=GVWAITeAe13hPk5JlriDSg
sake-house-watertown,"[{'alias': 'japanese', 'title': 'Japanese'}, {'alias': 'sushi', 'title': 'Sushi Bars'}]","{'latitude': 43.1784237676221, 'longitude': -88.7325310864048}",(920) 390-4242,9460.661441658778,Gyny8jwU9aoBarjAngXoYA,https://s3-media2.fl.yelpcdn.com/bphoto/jBqP1TFTQES2RHoHgCMqRA/o.jpg,False,"{'address1': '1506 S Church St', 'address2': '', 'address3': '', 'city': 'Watertown', 'zip_code': '53094', 'country': 'US', 'state': 'WI', 'display_address': ['1506 S Church St', 'Watertown, WI 53094']}",Sake House,+19203904242,$$,4.5,36,[],https://www.yelp.com/biz/sake-house-watertown?adjust_creative=GVWAITeAe13hPk5JlriDSg&utm_campaign=yelp_api_v3&utm_medium=api_v3_business_search&utm_source=GVWAITeAe13hPk5JlriDSg
zwiegs-grill-watertown,"[{'alias': 'tradamerican', 'title': 'American (Traditional)'}, {'alias': 'breakfast_brunch', 'title': 'Breakfast & Brunch'}]","{'latitude': 43.1933098, 'longitude': -88.7154617}",(920) 261-1922,7761.146196888438,NmULNm-g3rx3CWFMSZ4-2Q,https://s3-media2.fl.yelpcdn.com/bphoto/szlRn9VOxzLVj_WfKODWJQ/o.jpg,False,"{'address1': '904 E Main St', 'address2': '', 'address3': '', 'city': 'Watertown', 'zip_code': '53094', 'country': 'US', 'state': 'WI', 'display_address': ['904 E Main St', 'Watertown, WI 53094']}",Zwieg's Grill,+19202611922,$,4.0,28,[],https://www.yelp.com/biz/zwiegs-grill-watertown?adjust_creative=GVWAITeAe13hPk5JlriDSg&utm_campaign=yelp_api_v3&utm_medium=api_v3_business_search&utm_source=GVWAITeAe13hPk5JlriDSg
berres-brothers-coffee-roasters-watertown-2,"[{'alias': 'coffeeroasteries', 'title': 'Coffee Roasteries'}]","{'latitude': 43.16427, 'longitude': -88.72659}",(920) 261-6158,11014.648827404752,VRkNPqoXPUK1BxhjhMg3Kw,https://s3-media2.fl.yelpcdn.com/bphoto/oP0fl63PBlAJsi2WAPb3ag/o.jpg,False,"{'address1': '202 Air Park Dr', 'address2': '', 'address3': '', 'city': 'Watertown', 'zip_code': '53094', 'country': 'US', 'state': 'WI', 'display_address': ['202 Air Park Dr', 'Watertown, WI 53094']}",Berres Brothers Coffee Roasters,+19202616158,$,4.5,33,"['delivery', 'pickup']",https://www.yelp.com/biz/berres-brothers-coffee-roasters-watertown-2?adjust_creative=GVWAITeAe13hPk5JlriDSg&utm_campaign=yelp_api_v3&utm_medium=api_v3_business_search&utm_source=GVWAITeAe13hPk5JlriDSg
mullens-dairy-bar-watertown,"[{'alias': 'icecream', 'title': 'Ice Cream & Frozen Yogurt'}, {'alias': 'salad', 'title': 'Salad'}, {'alias': 'sandwiches', 'title': 'Sandwiches'}]","{'latitude': 43.19503, 'longitude': -88.72681}",(920) 390-4606,7597.65613107961,FocpvlSk4D4C31FIhMsnaQ,https://s3-media3.fl.yelpcdn.com/bphoto/Dr8yyiFyYNPboZOZCy7LYg/o.jpg,False,"{'address1': '212 W Main St', 'address2': '', 'address3': '', 'city': 'Watertown', 'zip_code': '53094', 'country': 'US', 'state': 'WI', 'display_address': ['212 W Main St', 'Watertown, WI 53094']}",Mullen's Dairy Bar,+19203904606,$,4.0,34,[],https://www.yelp.com/biz/mullens-dairy-bar-watertown?adjust_creative=GVWAITeAe13hPk5JlriDSg&utm_campaign=yelp_api_v3&utm_medium=api_v3_business_search&utm_source=GVWAITeAe13hPk5JlriDSg
tribeca-gallery-cafe-and-books-watertown-2,"[{'alias': 'coffee', 'title': 'Coffee & Tea'}, {'alias': 'bookstores', 'title': 'Bookstores'}]","{'latitude': 43.19373, 'longitude': -88.7211}",(920) 206-2885,7704.659058305689,VXHoHnMg6Sb8T6DFHIKXug,https://s3-media4.fl.yelpcdn.com/bphoto/q249lPam2FZZfYAnLVSLtQ/o.jpg,False,"{'address1': '401 E Main St', 'address2': None, 'address3': None, 'city': 'Watertown', 'zip_code': '53094', 'country': 'US', 'state': 'WI', 'display_address': ['401 E Main St', 'Watertown, WI 53094']}",Tribeca Gallery Cafe & Books,+19202062885,$$,4.5,19,[],https://www.yelp.com/biz/tribeca-gallery-cafe-and-books-watertown-2?adjust_creative=GVWAITeAe13hPk5JlriDSg&utm_campaign=yelp_api_v3&utm_medium=api_v3_business_search&utm_source=GVWAITeAe13hPk5JlriDSg
connection-cafe-watertown-2,"[{'alias': 'coffee', 'title': 'Coffee & Tea'}, {'alias': 'sandwiches', 'title': 'Sandwiches'}]","{'latitude': 43.1977532, 'longitude': -88.7542089}",(920) 261-6636,7766.00276073017,svzRACsZHpRW5H-Mz8sB4Q,https://s3-media4.fl.yelpcdn.com/bphoto/UcoNQPrv_dM4g0PH3S7ENg/o.jpg,False,"{'address1': '1308 W Main St', 'address2': '', 'address3': '', 'city': 'Watertown', 'zip_code': '53098', 'country': 'US', 'state': 'WI', 'display_address': ['1308 W Main St', 'Watertown, WI 53098']}",Connection Cafe,+19202616636,$$,4.5,12,[],https://www.yelp.com/biz/connection-cafe-watertown-2?adjust_creative=GVWAITeAe13hPk5JlriDSg&utm_campaign=yelp_api_v3&utm_medium=api_v3_business_search&utm_source=GVWAITeAe13hPk5JlriDSg
el-mariachi-mexican-restaurant-watertown,"[{'alias': 'mexican', 'title': 'Mexican'}, {'alias': 'seafood', 'title': 'Seafood'}]","{'latitude': 43.1730513, 'longitude': -88.7323616}",(920) 261-0200,9987.799164551176,xAWOXQ1S_6ItrH6J77re2w,https://s3-media1.fl.yelpcdn.com/bphoto/jyA1peA_OWNVSJ_eAsV37g/o.jpg,False,"{'address1': '1694 S Church St', 'address2': None, 'address3': None, 'city': 'Watertown', 'zip_code': '53094', 'country': 'US', 'state': 'WI', 'display_address': ['1694 S Church St', 'Watertown, WI 53094']}",El Mariachi Mexican Restaurant,+19202610200,$$,4.5,19,[],https://www.yelp.com/biz/el-mariachi-mexican-restaurant-watertown?adjust_creative=GVWAITeAe13hPk5JlriDSg&utm_campaign=yelp_api_v3&utm_medium=api_v3_business_search&utm_source=GVWAITeAe13hPk5JlriDSg
latte-donatte-watertown,"[{'alias': 'coffee', 'title': 'Coffee & Tea'}, {'alias': 'breakfast_brunch', 'title': 'Breakfast & Brunch'}, {'alias': 'sandwiches', 'title': 'Sandwiches'}]","{'latitude': 43.19358, 'longitude': -88.71999}",(920) 206-7080,7728.604130889049,neCHiCvUhehcQNLOoH1P6Q,https://s3-media2.fl.yelpcdn.com/bphoto/EVOo-vbOYywv2B6byYslxg/o.jpg,False,"{'address1': '501 E Main St', 'address2': '', 'address3': '', 'city': 'Watertown', 'zip_code': '53094', 'country': 'US', 'state': 'WI', 'display_address': ['501 E Main St', 'Watertown, WI 53094']}",Latte Donatte,+19202067080,$,4.0,13,[],https://www.yelp.com/biz/latte-donatte-watertown?adjust_creative=GVWAITeAe13hPk5JlriDSg&utm_campaign=yelp_api_v3&utm_medium=api_v3_business_search&utm_source=GVWAITeAe13hPk5JlriDSg
bismarcks-main-street-bar-and-grill-watertown,"[{'alias': 'bars', 'title': 'Bars'}, {'alias': 'newamerican', 'title': 'American (New)'}]","{'latitude': 43.1942060633435, 'longitude': -88.7239169022384}",(920) 261-9391,7658.182748014642,TB6SKWVyWjSKc8GTEXHD3Q,https://s3-media2.fl.yelpcdn.com/bphoto/1VXS-BDjX9vJ7Veiywd_kw/o.jpg,False,"{'address1': '105 E Main St', 'address2': '', 'address3': '', 'city': 'Watertown', 'zip_code': '53094', 'country': 'US', 'state': 'WI', 'display_address': ['105 E Main St', 'Watertown, WI 53094']}",Bismarck's Main Street Bar & Grill,+19202619391,$,3.5,24,[],https://www.yelp.com/biz/bismarcks-main-street-bar-and-grill-watertown?adjust_creative=GVWAITeAe13hPk5JlriDSg&utm_campaign=yelp_api_v3&utm_medium=api_v3_business_search&utm_source=GVWAITeAe13hPk5JlriDSg
amados-restaurant-watertown,"[{'alias': 'mexican', 'title': 'Mexican'}]","{'latitude': 43.19372, 'longitude': -88.72101}",(920) 262-9560,7697.44587483542,mTRWeLvrFHpbe_P4YAOtkw,https://s3-media1.fl.yelpcdn.com/bphoto/cxIGKQxrrN5rxPnh6bfU3Q/o.jpg,False,"{'address1': '403 E Main St', 'address2': '', 'address3': '', 'city': 'Watertown', 'zip_code': '53094', 'country': 'US', 'state': 'WI', 'display_address': ['403 E Main St', 'Watertown, WI 53094']}",Amado's Restaurant,+19202629560,$$,4.0,12,[],https://www.yelp.com/biz/amados-restaurant-watertown?adjust_creative=GVWAITeAe13hPk5JlriDSg&utm_campaign=yelp_api_v3&utm_medium=api_v3_business_search&utm_source=GVWAITeAe13hPk5JlriDSg
main-street-cafe-watertown,"[{'alias': 'tradamerican', 'title': 'American (Traditional)'}]","{'latitude': 43.19445, 'longitude': -88.723236}",(920) 261-8760,7629.210420896221,Jdc1DyhaBt2TY3J3g5lHRw,https://s3-media2.fl.yelpcdn.com/bphoto/ZG5vcHQoPtneym5LattUYA/o.jpg,False,"{'address1': '116 E Main St', 'address2': '', 'address3': '', 'city': 'Watertown', 'zip_code': '53094', 'country': 'US', 'state': 'WI', 'display_address': ['116 E Main St', 'Watertown, WI 53094']}",Main Street Cafe,+19202618760,$,4.5,9,[],https://www.yelp.com/biz/main-street-cafe-watertown?adjust_creative=GVWAITeAe13hPk5JlriDSg&utm_campaign=yelp_api_v3&utm_medium=api_v3_business_search&utm_source=GVWAITeAe13hPk5JlriDSg
harvest-market-watertown,"[{'alias': 'cafes', 'title': 'Cafes'}]","{'latitude': 43.2013664245605, 'longitude': -88.6977615356445}",(920) 262-4260,7258.248857736472,M24PHcVS5VzuKEvdWqzUzg,https://s3-media2.fl.yelpcdn.com/bphoto/SFd-SdEtzzy_Qr50UJ_K6g/o.jpg,False,"{'address1': '125 Hospital Dr', 'address2': '', 'address3': '', 'city': 'Watertown', 'zip_code': '53098', 'country': 'US', 'state': 'WI', 'display_address': ['125 Hospital Dr', 'Watertown, WI 53098']}",Harvest Market,+19202624260,$,5.0,5,[],https://www.yelp.com/biz/harvest-market-watertown?adjust_creative=GVWAITeAe13hPk5JlriDSg&utm_campaign=yelp_api_v3&utm_medium=api_v3_business_search&utm_source=GVWAITeAe13hPk5JlriDSg
biggs-bar-and-grill-watertown,"[{'alias': 'pubs', 'title': 'Pubs'}, {'alias': 'pizza', 'title': 'Pizza'}]","{'latitude': 43.18206, 'longitude': -88.72777}",(920) 261-1747,9020.56726141535,CYWq8biZcS0xbGF2MZqbZw,https://s3-media2.fl.yelpcdn.com/bphoto/dIOfm20L4641C9MVa0rCrg/o.jpg,False,"{'address1': '1217 River Dr', 'address2': '', 'address3': '', 'city': 'Watertown', 'zip_code': '53094', 'country': 'US', 'state': 'WI', 'display_address': ['1217 River Dr', 'Watertown, WI 53094']}",Biggs Bar & Grill,+19202611747,$,4.5,11,[],https://www.yelp.com/biz/biggs-bar-and-grill-watertown?adjust_creative=GVWAITeAe13hPk5JlriDSg&utm_campaign=yelp_api_v3&utm_medium=api_v3_business_search&utm_source=GVWAITeAe13hPk5JlriDSg
lyons-irish-pub-watertown,"[{'alias': 'irish_pubs', 'title': 'Irish Pub'}]","{'latitude': 43.19402, 'longitude': -88.72299}",(920) 262-6336,7685.865414309654,ecSsRxFsobTbVPDom6kMVw,https://s3-media2.fl.yelpcdn.com/bphoto/5kfCnQlNqIbYwwU9BFpf0w/o.jpg,False,"{'address1': '201 E Main St', 'address2': '', 'address3': '', 'city': 'Watertown', 'zip_code': '53094', 'country': 'US', 'state': 'WI', 'display_address': ['201 E Main St', 'Watertown, WI 53094']}",Lyon's Irish Pub,+19202626336,$,3.5,14,[],https://www.yelp.com/biz/lyons-irish-pub-watertown?adjust_creative=GVWAITeAe13hPk5JlriDSg&utm_campaign=yelp_api_v3&utm_medium=api_v3_business_search&utm_source=GVWAITeAe13hPk5JlriDSg
sweet-talkin-treats-watertown-2,"[{'alias': 'bakeries', 'title': 'Bakeries'}]","{'latitude': 43.19368, 'longitude': -88.7224899}",(920) 342-3969,7711.531887467116,nXRz_r_UiY5hztaULCreNw,https://s3-media1.fl.yelpcdn.com/bphoto/TA6WxRxWOVGYWcfmJ6szyw/o.jpg,False,"{'address1': '108 S 3rd St', 'address2': None, 'address3': '', 'city': 'Watertown', 'zip_code': '53094', 'country': 'US', 'state': 'WI', 'display_address': ['108 S 3rd St', 'Watertown, WI 53094']}",Sweet Talkin Treats,+19203423969,$$,5.0,5,[],https://www.yelp.com/biz/sweet-talkin-treats-watertown-2?adjust_creative=GVWAITeAe13hPk5JlriDSg&utm_campaign=yelp_api_v3&utm_medium=api_v3_business_search&utm_source=GVWAITeAe13hPk5JlriDSg
glenns-market-and-catering-watertown,"[{'alias': 'bakeries', 'title': 'Bakeries'}, {'alias': 'meats', 'title': 'Meat Shops'}, {'alias': 'catering', 'title': 'Caterers'}]","{'latitude': 43.1957702636719, 'longitude': -88.733642578125}",(920) 261-2226,7553.409282189776,DqdFdcdK1kbxiO1z3D_oUw,https://s3-media3.fl.yelpcdn.com/bphoto/ecNNcQYf_Su6n3p4AtOibQ/o.jpg,False,"{'address1': '722 W Main St', 'address2': '', 'address3': '', 'city': 'Watertown', 'zip_code': '53094', 'country': 'US', 'state': 'WI', 'display_address': ['722 W Main St', 'Watertown, WI 53094']}",Glenn's Market & Catering,+19202612226,$,4.5,8,[],https://www.yelp.com/biz/glenns-market-and-catering-watertown?adjust_creative=GVWAITeAe13hPk5JlriDSg&utm_campaign=yelp_api_v3&utm_medium=api_v3_business_search&utm_source=GVWAITeAe13hPk5JlriDSg
pjs-pizza-watertown-2,"[{'alias': 'pizza', 'title': 'Pizza'}, {'alias': 'salad', 'title': 'Salad'}, {'alias': 'tacos', 'title': 'Tacos'}]","{'latitude': 43.1956977844238, 'longitude': -88.7286987304688}",(920) 261-5299,7515.447060660974,gPoZ2cDU8uvWImParWXvzg,https://s3-media4.fl.yelpcdn.com/bphoto/yHnETrs80tcItYyYnbtcDA/o.jpg,False,"{'address1': '118 N Church St', 'address2': '', 'address3': '', 'city': 'Watertown', 'zip_code': '53094', 'country': 'US', 'state': 'WI', 'display_address': ['118 N Church St', 'Watertown, WI 53094']}",PJ's Pizza,+19202615299,$,4.0,9,['delivery'],https://www.yelp.com/biz/pjs-pizza-watertown-2?adjust_creative=GVWAITeAe13hPk5JlriDSg&utm_campaign=yelp_api_v3&utm_medium=api_v3_business_search&utm_source=GVWAITeAe13hPk5JlriDSg
bamboo-kitchen-watertown,"[{'alias': 'thai', 'title': 'Thai'}, {'alias': 'chinese', 'title': 'Chinese'}]","{'latitude': 43.1946691880747, 'longitude': -88.7273541145654}",(920) 261-1992,7623.150598426098,B9y49jeDaHvVny-Ac4ljcA,https://s3-media4.fl.yelpcdn.com/bphoto/FXAEtbnlp1VtmPpsvQ4ppA/o.jpg,False,"{'address1': '310 W Main St', 'address2': '', 'address3': '', 'city': 'Watertown', 'zip_code': '53094', 'country': 'US', 'state': 'WI', 'display_address': ['310 W Main St', 'Watertown, WI 53094']}",Bamboo Kitchen,+19202611992,$,3.5,17,[],https://www.yelp.com/biz/bamboo-kitchen-watertown?adjust_creative=GVWAITeAe13hPk5JlriDSg&utm_campaign=yelp_api_v3&utm_medium=api_v3_business_search&utm_source=GVWAITeAe13hPk5JlriDSg
china-town-watertown,"[{'alias': 'chinese', 'title': 'Chinese'}]","{'latitude': 43.2010145, 'longitude': -88.701271}",(920) 206-8688,7087.497812368261,yUUQfPm5DcmA_0SoEap6Ng,https://s3-media4.fl.yelpcdn.com/bphoto/2YvRBF_o8ZtEsVgc32lCQQ/o.jpg,False,"{'address1': '1309 Memorial Dr', 'address2': None, 'address3': None, 'city': 'Watertown', 'zip_code': '53098', 'country': 'US', 'state': 'WI', 'display_address': ['1309 Memorial Dr', 'Watertown, WI 53098']}",China Town,+19202068688,$,4.0,7,[],https://www.yelp.com/biz/china-town-watertown?adjust_creative=GVWAITeAe13hPk5JlriDSg&utm_campaign=yelp_api_v3&utm_medium=api_v3_business_search&utm_source=GVWAITeAe13hPk5JlriDSg
chalet-restaurant-watertown-4,"[{'alias': 'tradamerican', 'title': 'American (Traditional)'}, {'alias': 'salad', 'title': 'Salad'}, {'alias': 'breakfast_brunch', 'title': 'Breakfast & Brunch'}]","{'latitude': 43.19414, 'longitude': -88.72539}",(920) 261-9966,7658.757957899155,ro2JBSz7x1Il79EekH47wA,https://s3-media1.fl.yelpcdn.com/bphoto/Yb4MPtbiqwMEI7qgh0uLQA/o.jpg,False,"{'address1': '107 W Main St', 'address2': '', 'address3': '', 'city': 'Watertown', 'zip_code': '53094', 'country': 'US', 'state': 'WI', 'display_address': ['107 W Main St', 'Watertown, WI 53094']}",Chalet Restaurant,+19202619966,$,4.5,5,[],https://www.yelp.com/biz/chalet-restaurant-watertown-4?adjust_creative=GVWAITeAe13hPk5JlriDSg&utm_campaign=yelp_api_v3&utm_medium=api_v3_business_search&utm_source=GVWAITeAe13hPk5JlriDSg
moon-rabbit-watertown,"[{'alias': 'cajun', 'title': 'Cajun/Creole'}, {'alias': 'popuprestaurants', 'title': 'Pop-Up Restaurants'}]","{'latitude': 43.19407, 'longitude': -88.71961}",(920) 245-1603,7683.236479648127,FGqnfUVPyorhwOkRk2tgXg,https://s3-media2.fl.yelpcdn.com/bphoto/sJwdSC0OXk0Qm4gpARp_NA/o.jpg,False,"{'address1': '510 E Main St', 'address2': None, 'address3': '', 'city': 'Watertown', 'zip_code': '53094', 'country': 'US', 'state': 'WI', 'display_address': ['510 E Main St', 'Watertown, WI 53094']}",Moon Rabbit,+19202451603,$,4.5,4,[],https://www.yelp.com/biz/moon-rabbit-watertown?adjust_creative=GVWAITeAe13hPk5JlriDSg&utm_campaign=yelp_api_v3&utm_medium=api_v3_business_search&utm_source=GVWAITeAe13hPk5JlriDSg
sprechers-restaurant-and-pub-watertown,"[{'alias': 'newamerican', 'title': 'American (New)'}, {'alias': 'pubs', 'title': 'Pubs'}]","{'latitude': 43.17817, 'longitude': -88.73217}",(920) 390-4944,9492.600878048335,RxzhRnqWHIEyr7paDPv1Qg,https://s3-media2.fl.yelpcdn.com/bphoto/XhlxV67dvHrJIUhk7ZeJzw/o.jpg,False,"{'address1': '1512 S Church St', 'address2': '', 'address3': None, 'city': 'Watertown', 'zip_code': '53094', 'country': 'US', 'state': 'WI', 'display_address': ['1512 S Church St', 'Watertown, WI 53094']}",Sprecher's Restaurant & Pub,+19203904944,$$,3.0,20,[],https://www.yelp.com/biz/sprechers-restaurant-and-pub-watertown?adjust_creative=GVWAITeAe13hPk5JlriDSg&utm_campaign=yelp_api_v3&utm_medium=api_v3_business_search&utm_source=GVWAITeAe13hPk5JlriDSg
cowbells-lowell,"[{'alias': 'pizza', 'title': 'Pizza'}, {'alias': 'diners', 'title': 'Diners'}, {'alias': 'breakfast_brunch', 'title': 'Breakfast & Brunch'}]","{'latitude': 43.5367356240749, 'longitude': -89.0008630603552}",(920) 927-0123,11545.5993505618,f7_JLSCncZNKk-altVmnfA,https://s3-media2.fl.yelpcdn.com/bphoto/Koz-Y3-QlMcercOuGd7hdg/o.jpg,False,"{'address1': '205 Columbus St', 'address2': None, 'address3': '', 'city': 'Lowell', 'zip_code': '53557', 'country': 'US', 'state': 'WI', 'display_address': ['205 Columbus St', 'Lowell, WI 53557']}",Cowbells,+19209270123,,5.0,3,[],https://www.yelp.com/biz/cowbells-lowell?adjust_creative=GVWAITeAe13hPk5JlriDSg&utm_campaign=yelp_api_v3&utm_medium=api_v3_business_search&utm_source=GVWAITeAe13hPk5JlriDSg
rose-garden-cafe-and-pizzeria-watertown,"[{'alias': 'italian', 'title': 'Italian'}]","{'latitude': 43.1868629455566, 'longitude': -88.7317276000977}",(920) 261-0006,8518.355558216983,pJvQCXb5siO_Uov3aoL_ZA,https://s3-media3.fl.yelpcdn.com/bphoto/PIexpK9xNLetZ6LjcrcYXw/o.jpg,False,"{'address1': '500 Bernard St', 'address2': '', 'address3': '', 'city': 'Watertown', 'zip_code': '53094', 'country': 'US', 'state': 'WI', 'display_address': ['500 Bernard St', 'Watertown, WI 53094']}",Rose Garden Cafe & Pizzeria,+19202610006,$,3.0,13,[],https://www.yelp.com/biz/rose-garden-cafe-and-pizzeria-watertown?adjust_creative=GVWAITeAe13hPk5JlriDSg&utm_campaign=yelp_api_v3&utm_medium=api_v3_business_search&utm_source=GVWAITeAe13hPk5JlriDSg
cherry-bomb-beer-and-burgers-watertown,"[{'alias': 'bars', 'title': 'Bars'}, {'alias': 'burgers', 'title': 'Burgers'}]","{'latitude': 43.1952536, 'longitude': -88.7338578}",(920) 390-4959,7615.210884022543,1KmxMW_Z_lGNe_bG_44uUw,https://s3-media1.fl.yelpcdn.com/bphoto/ksqxqJFLqppN6AJnbUp3Xw/o.jpg,False,"{'address1': '715 W Main St', 'address2': '', 'address3': None, 'city': 'Watertown', 'zip_code': '53094', 'country': 'US', 'state': 'WI', 'display_address': ['715 W Main St', 'Watertown, WI 53094']}",Cherry Bomb Beer And Burgers,+19203904959,,4.5,3,[],https://www.yelp.com/biz/cherry-bomb-beer-and-burgers-watertown?adjust_creative=GVWAITeAe13hPk5JlriDSg&utm_campaign=yelp_api_v3&utm_medium=api_v3_business_search&utm_source=GVWAITeAe13hPk5JlriDSg
deegs-grill-and-bar-watertown,"[{'alias': 'burgers', 'title': 'Burgers'}, {'alias': 'breakfast_brunch', 'title': 'Breakfast & Brunch'}, {'alias': 'mexican', 'title': 'Mexican'}]","{'latitude': 43.1979713439941, 'longitude': -88.7466812133789}",(920) 261-8977,7547.476720833694,NVX_y7k2HeIPkkafQiT38A,https://s3-media3.fl.yelpcdn.com/bphoto/9cDGWZcYIF2o0Hk1iLIBwA/o.jpg,False,"{'address1': '1002 W Main St', 'address2': '', 'address3': '', 'city': 'Watertown', 'zip_code': '53098', 'country': 'US', 'state': 'WI', 'display_address': ['1002 W Main St', 'Watertown, WI 53098']}",Deeg's Grill & Bar,+19202618977,$,3.0,10,[],https://www.yelp.com/biz/deegs-grill-and-bar-watertown?adjust_creative=GVWAITeAe13hPk5JlriDSg&utm_campaign=yelp_api_v3&utm_medium=api_v3_business_search&utm_source=GVWAITeAe13hPk5JlriDSg
la-finca-de-adobe-restaurant-watertown,"[{'alias': 'mexican', 'title': 'Mexican'}, {'alias': 'newamerican', 'title': 'American (New)'}]","{'latitude': 43.19421, 'longitude': -88.72187}",(920) 262-6360,7654.048148831061,rOY3hOpoAlQvvlm6Xn0zKQ,https://s3-media4.fl.yelpcdn.com/bphoto/L50C1p8Rlv9-ToFae1qxzw/o.jpg,False,"{'address1': '302 E Main St', 'address2': None, 'address3': None, 'city': 'Watertown', 'zip_code': '53094', 'country': 'US', 'state': 'WI', 'display_address': ['302 E Main St', 'Watertown, WI 53094']}",La Finca De Adobe Restaurant,+19202626360,$$,3.0,8,[],https://www.yelp.com/biz/la-finca-de-adobe-restaurant-watertown?adjust_creative=GVWAITeAe13hPk5JlriDSg&utm_campaign=yelp_api_v3&utm_medium=api_v3_business_search&utm_source=GVWAITeAe13hPk5JlriDSg
the-blew-inn-juneau,"[{'alias': 'cantonese', 'title': 'Cantonese'}, {'alias': 'tradamerican', 'title': 'American (Traditional)'}]","{'latitude': 43.34613754833, 'longitude': -88.660171164418}",(920) 696-3711,10436.786685217745,kHslYpH8hm4kKsREHmCd5g,https://s3-media3.fl.yelpcdn.com/bphoto/p5pcgwW7uiwa1zCbPPGqjg/o.jpg,False,"{'address1': 'W7115 State Road 60-16', 'address2': None, 'address3': None, 'city': 'Juneau', 'zip_code': '53039', 'country': 'US', 'state': 'WI', 'display_address': ['W7115 State Road 60-16', 'Juneau, WI 53039']}",The Blew Inn,+19206963711,$$,3.0,14,[],https://www.yelp.com/biz/the-blew-inn-juneau?adjust_creative=GVWAITeAe13hPk5JlriDSg&utm_campaign=yelp_api_v3&utm_medium=api_v3_business_search&utm_source=GVWAITeAe13hPk5JlriDSg
marcos-pizza-watertown,"[{'alias': 'pizza', 'title': 'Pizza'}]","{'latitude': 43.19297, 'longitude': -88.71644}",(920) 206-2666,7796.702640537855,R0dNQiCtfiXVkL62QSPHyw,https://s3-media3.fl.yelpcdn.com/bphoto/VAjY218sB0UWEiQR-xX6ZA/o.jpg,False,"{'address1': '813 E Main St', 'address2': '', 'address3': '', 'city': 'Watertown', 'zip_code': '53094', 'country': 'US', 'state': 'WI', 'display_address': ['813 E Main St', 'Watertown, WI 53094']}",Marco's Pizza,+19202062666,,4.0,5,[],https://www.yelp.com/biz/marcos-pizza-watertown?adjust_creative=GVWAITeAe13hPk5JlriDSg&utm_campaign=yelp_api_v3&utm_medium=api_v3_business_search&utm_source=GVWAITeAe13hPk5JlriDSg
the-spot-watertown-2,"[{'alias': 'burgers', 'title': 'Burgers'}, {'alias': 'tradamerican', 'title': 'American (Traditional)'}, {'alias': 'mexican', 'title': 'Mexican'}]","{'latitude': 43.1878699, 'longitude': -88.72904}",(920) 261-1980,8396.202214088558,RKZfnFcX1cX8QeKieWwKRA,https://s3-media4.fl.yelpcdn.com/bphoto/Fmfz3DgX-60-YNQ7bw00mw/o.jpg,False,"{'address1': '605 S Church St', 'address2': None, 'address3': '', 'city': 'Watertown', 'zip_code': '53094', 'country': 'US', 'state': 'WI', 'display_address': ['605 S Church St', 'Watertown, WI 53094']}",The Spot,+19202611980,$$,4.0,4,[],https://www.yelp.com/biz/the-spot-watertown-2?adjust_creative=GVWAITeAe13hPk5JlriDSg&utm_campaign=yelp_api_v3&utm_medium=api_v3_business_search&utm_source=GVWAITeAe13hPk5JlriDSg
riverview-water-trap-watertown,"[{'alias': 'bars', 'title': 'Bars'}]","{'latitude': 43.2017631530762, 'longitude': -88.7159118652344}",(920) 262-0543,6830.793861560848,HtrezvOzTtGTsplW-xXBBw,,False,"{'address1': '1022 N 4th St', 'address2': '', 'address3': '', 'city': 'Watertown', 'zip_code': '53098', 'country': 'US', 'state': 'WI', 'display_address': ['1022 N 4th St', 'Watertown, WI 53098']}",Riverview Water Trap,+19202620543,,5.0,2,[],https://www.yelp.com/biz/riverview-water-trap-watertown?adjust_creative=GVWAITeAe13hPk5JlriDSg&utm_campaign=yelp_api_v3&utm_medium=api_v3_business_search&utm_source=GVWAITeAe13hPk5JlriDSg
lake-street-inn-hustisford,"[{'alias': 'newamerican', 'title': 'American (New)'}, {'alias': 'burgers', 'title': 'Burgers'}, {'alias': 'bars', 'title': 'Bars'}]","{'latitude': 43.3471333, 'longitude': -88.600919}",(920) 349-8936,13433.824203651155,hWLkZBq0pEql3KujjKWRrA,,False,"{'address1': '147 N Lake St', 'address2': None, 'address3': None, 'city': 'Hustisford', 'zip_code': '53034', 'country': 'US', 'state': 'WI', 'display_address': ['147 N Lake St', 'Hustisford, WI 53034']}",Lake Street Inn,+19203498936,,4.5,5,[],https://www.yelp.com/biz/lake-street-inn-hustisford?adjust_creative=GVWAITeAe13hPk5JlriDSg&utm_campaign=yelp_api_v3&utm_medium=api_v3_business_search&utm_source=GVWAITeAe13hPk5JlriDSg
two-sisters-cafe-watertown,"[{'alias': 'tradamerican', 'title': 'American (Traditional)'}]","{'latitude': 43.1944990224633, 'longitude': -88.7312889824808}",(920) 261-0001,7673.144495815739,PER62UAZlyKx0oJR1cPg1Q,https://s3-media2.fl.yelpcdn.com/bphoto/wspE6ETenCu4X7xt2V-FIw/o.jpg,False,"{'address1': '1300 Memorial Dr', 'address2': '', 'address3': '', 'city': 'Watertown', 'zip_code': '53098', 'country': 'US', 'state': 'WI', 'display_address': ['1300 Memorial Dr', 'Watertown, WI 53098']}",Two Sisters Cafe,+19202610001,$$,3.5,8,[],https://www.yelp.com/biz/two-sisters-cafe-watertown?adjust_creative=GVWAITeAe13hPk5JlriDSg&utm_campaign=yelp_api_v3&utm_medium=api_v3_business_search&utm_source=GVWAITeAe13hPk5JlriDSg
joans-country-cookn-hustisford,"[{'alias': 'breakfast_brunch', 'title': 'Breakfast & Brunch'}]","{'latitude': 43.342113494873, 'longitude': -88.5949325561523}",(920) 349-3511,13405.699410544881,oDrnVYVtW7hgTUPzyluadQ,https://s3-media1.fl.yelpcdn.com/bphoto/7JXWxON2kD_FWN3j0F0uFg/o.jpg,False,"{'address1': '469 Rubicon St', 'address2': '', 'address3': '', 'city': 'Hustisford', 'zip_code': '53034', 'country': 'US', 'state': 'WI', 'display_address': ['469 Rubicon St', 'Hustisford, WI 53034']}",Joan's Country Cook'n,+19203493511,$,5.0,3,[],https://www.yelp.com/biz/joans-country-cookn-hustisford?adjust_creative=GVWAITeAe13hPk5JlriDSg&utm_campaign=yelp_api_v3&utm_medium=api_v3_business_search&utm_source=GVWAITeAe13hPk5JlriDSg
jbs-on-3rd-watertown-2,"[{'alias': 'burgers', 'title': 'Burgers'}]","{'latitude': 43.1938293, 'longitude': -88.7220282}",(920) 253-1490,7695.404681581165,hoqLn_2Uzazjma_Tam67rQ,https://s3-media4.fl.yelpcdn.com/bphoto/-1QtA4cLIMmdLDHRvkjIZw/o.jpg,False,"{'address1': '301 East Main St', 'address2': None, 'address3': None, 'city': 'Watertown', 'zip_code': '53094', 'country': 'US', 'state': 'WI', 'display_address': ['301 East Main St', 'Watertown, WI 53094']}",JB's on 3rd,+19202531490,,3.5,8,[],https://www.yelp.com/biz/jbs-on-3rd-watertown-2?adjust_creative=GVWAITeAe13hPk5JlriDSg&utm_campaign=yelp_api_v3&utm_medium=api_v3_business_search&utm_source=GVWAITeAe13hPk5JlriDSg
phils-pizza-palace-watertown,"[{'alias': 'pizza', 'title': 'Pizza'}]","{'latitude': 43.1936950683594, 'longitude': -88.7235260009766}",(920) 261-0102,7712.880775248399,tT4s82641Q2sLsizpM8o0A,https://s3-media3.fl.yelpcdn.com/bphoto/DCCM1TcqfTALm6b1lZiDdQ/o.jpg,False,"{'address1': '112 S 2nd St', 'address2': '', 'address3': '', 'city': 'Watertown', 'zip_code': '53094', 'country': 'US', 'state': 'WI', 'display_address': ['112 S 2nd St', 'Watertown, WI 53094']}",Phil's Pizza Palace,+19202610102,$,4.0,4,[],https://www.yelp.com/biz/phils-pizza-palace-watertown?adjust_creative=GVWAITeAe13hPk5JlriDSg&utm_campaign=yelp_api_v3&utm_medium=api_v3_business_search&utm_source=GVWAITeAe13hPk5JlriDSg
mercer-ts-bar-and-grill-clyman,"[{'alias': 'restaurants', 'title': 'Restaurants'}]","{'latitude': 43.3102112, 'longitude': -88.7206802}",(920) 696-3400,5240.381267431613,HPop0PE90vZ8Ow07gcGXRA,https://s3-media4.fl.yelpcdn.com/bphoto/xiRd6E6wepz0yNBgejLcyQ/o.jpg,False,"{'address1': '962 Main', 'address2': '', 'address3': '', 'city': 'Clyman', 'zip_code': '53016', 'country': 'US', 'state': 'WI', 'display_address': ['962 Main', 'Clyman, WI 53016']}",Mercer T's Bar & Grill,+19206963400,,4.5,2,[],https://www.yelp.com/biz/mercer-ts-bar-and-grill-clyman?adjust_creative=GVWAITeAe13hPk5JlriDSg&utm_campaign=yelp_api_v3&utm_medium=api_v3_business_search&utm_source=GVWAITeAe13hPk5JlriDSg
rock-river-pizza-watertown-5,"[{'alias': 'pizza', 'title': 'Pizza'}, {'alias': 'italian', 'title': 'Italian'}, {'alias': 'bars', 'title': 'Bars'}]","{'latitude': 43.19526, 'longitude': -88.72364}",(920) 262-9992,7546.937911615886,OtQcgIukwEJ4aFz9tdG9fg,https://s3-media1.fl.yelpcdn.com/bphoto/bxZJemf2tfRLBfHd2lAHGA/o.jpg,False,"{'address1': '100 E Madison St', 'address2': None, 'address3': None, 'city': 'Watertown', 'zip_code': '53094', 'country': 'US', 'state': 'WI', 'display_address': ['100 E Madison St', 'Watertown, WI 53094']}",Rock River Pizza,+19202629992,$$,2.5,14,[],https://www.yelp.com/biz/rock-river-pizza-watertown-5?adjust_creative=GVWAITeAe13hPk5JlriDSg&utm_campaign=yelp_api_v3&utm_medium=api_v3_business_search&utm_source=GVWAITeAe13hPk5JlriDSg
kathys-buffalo-bar-watertown,"[{'alias': 'bars', 'title': 'Bars'}]","{'latitude': 43.20808, 'longitude': -88.73568}",(920) 261-0186,6301.884957919581,-OqS2JmFp5yKKhkPtSk5ZQ,https://s3-media3.fl.yelpcdn.com/bphoto/2oB2piwELtg-vOaLmHo5jw/o.jpg,False,"{'address1': '814 N Church St', 'address2': '', 'address3': None, 'city': 'Watertown', 'zip_code': '53098', 'country': 'US', 'state': 'WI', 'display_address': ['814 N Church St', 'Watertown, WI 53098']}",Kathy's Buffalo Bar,+19202610186,,5.0,1,[],https://www.yelp.com/biz/kathys-buffalo-bar-watertown?adjust_creative=GVWAITeAe13hPk5JlriDSg&utm_campaign=yelp_api_v3&utm_medium=api_v3_business_search&utm_source=GVWAITeAe13hPk5JlriDSg
octagon-house-watertown,"[{'alias': 'museums', 'title': 'Museums'}]","{'latitude': 43.18452, 'longitude': -88.70757}",(920) 261-2796,8781.529913608596,6bb3qVWuGTAXRGD0NPdWZg,https://s3-media2.fl.yelpcdn.com/bphoto/dZ2qdRUWjcEEPbn_QcziSQ/o.jpg,False,"{'address1': '919 Charles St', 'address2': '', 'address3': 'Watertown Historical Society', 'city': 'Watertown', 'zip_code': '53094', 'country': 'US', 'state': 'WI', 'display_address': ['919 Charles St', 'Watertown Historical Society', 'Watertown, WI 53094']}",Octagon House,+19202612796,,4.5,2,[],https://www.yelp.com/biz/octagon-house-watertown?adjust_creative=GVWAITeAe13hPk5JlriDSg&utm_campaign=yelp_api_v3&utm_medium=api_v3_business_search&utm_source=GVWAITeAe13hPk5JlriDSg
watertown-bowl-watertown,"[{'alias': 'amateursportsteams', 'title': 'Amateur Sports Teams'}, {'alias': 'bowling', 'title': 'Bowling'}, {'alias': 'bars', 'title': 'Bars'}]","{'latitude': 43.1970215, 'longitude': -88.7250366}",(920) 261-1796,7344.479240056969,y95yyu2amQNmV0-jYxOPaQ,https://s3-media1.fl.yelpcdn.com/bphoto/BTcupdrfXe_dXLRuqDlhqg/o.jpg,False,"{'address1': '102 W Cady St', 'address2': '', 'address3': '', 'city': 'Watertown', 'zip_code': '53094', 'country': 'US', 'state': 'WI', 'display_address': ['102 W Cady St', 'Watertown, WI 53094']}",Watertown Bowl,+19202611796,,4.0,2,[],https://www.yelp.com/biz/watertown-bowl-watertown?adjust_creative=GVWAITeAe13hPk5JlriDSg&utm_campaign=yelp_api_v3&utm_medium=api_v3_business_search&utm_source=GVWAITeAe13hPk5JlriDSg
windwood-of-watertown-watertown,"[{'alias': 'sports_clubs', 'title': 'Sports Clubs'}, {'alias': 'golf', 'title': 'Golf'}]","{'latitude': 43.20078, 'longitude': -88.67662}",(920) 262-0702,7889.318816869825,j-VdPRExmW1sG6yNUIH_7A,https://s3-media4.fl.yelpcdn.com/bphoto/DrKodfbPbtG8-oJPKrCEzQ/o.jpg,False,"{'address1': 'W5710 County Rd Cw', 'address2': '', 'address3': '', 'city': 'Watertown', 'zip_code': '53098', 'country': 'US', 'state': 'WI', 'display_address': ['W5710 County Rd Cw', 'Watertown, WI 53098']}",Windwood of Watertown,+19202620702,,5.0,1,[],https://www.yelp.com/biz/windwood-of-watertown-watertown?adjust_creative=GVWAITeAe13hPk5JlriDSg&utm_campaign=yelp_api_v3&utm_medium=api_v3_business_search&utm_source=GVWAITeAe13hPk5JlriDSg
firecracker-pub-watertown,"[{'alias': 'pubs', 'title': 'Pubs'}, {'alias': 'sportsbars', 'title': 'Sports Bars'}]","{'latitude': 43.194, 'longitude': -88.71946}",(920) 261-2707,7673.109638057087,i516BnXEbu8UvoQLwYvTTw,https://s3-media3.fl.yelpcdn.com/bphoto/YxOfX5fQtgbhzYTDpgBs4g/o.jpg,False,"{'address1': '516 E Main St', 'address2': None, 'address3': None, 'city': 'Watertown', 'zip_code': '53094', 'country': 'US', 'state': 'WI', 'display_address': ['516 E Main St', 'Watertown, WI 53094']}",Firecracker Pub,+19202612707,,5.0,1,[],https://www.yelp.com/biz/firecracker-pub-watertown?adjust_creative=GVWAITeAe13hPk5JlriDSg&utm_campaign=yelp_api_v3&utm_medium=api_v3_business_search&utm_source=GVWAITeAe13hPk5JlriDSg
days-gone-by-hustisford,"[{'alias': 'gaybars', 'title': 'Gay Bars'}]","{'latitude': 43.3459854125977, 'longitude': -88.6010055541992}",,13340.280488786837,yClY5v9P56kpaOKmvfK9dg,https://s3-media2.fl.yelpcdn.com/bphoto/bPGjL5NNg_tly99ju-EfnA/o.jpg,False,"{'address1': '101 S Lake St', 'address2': '', 'address3': '', 'city': 'Hustisford', 'zip_code': '53034', 'country': 'US', 'state': 'WI', 'display_address': ['101 S Lake St', 'Hustisford, WI 53034']}",Days Gone By,,$,4.0,4,[],https://www.yelp.com/biz/days-gone-by-hustisford?adjust_creative=GVWAITeAe13hPk5JlriDSg&utm_campaign=yelp_api_v3&utm_medium=api_v3_business_search&utm_source=GVWAITeAe13hPk5JlriDSg
tivoli-island-watertown,"[{'alias': 'gardens', 'title': 'Botanical Gardens'}]","{'latitude': 43.1879532834327, 'longitude': -88.7063719332218}",,8420.895155498698,a77cduCxk0IFYpV38NRHZw,https://s3-media3.fl.yelpcdn.com/bphoto/zNJdnQJS9TFPnsv-lK4YVQ/o.jpg,False,"{'address1': '101 Tivoli Dr', 'address2': '', 'address3': '', 'city': 'Watertown', 'zip_code': '53094', 'country': 'US', 'state': 'WI', 'display_address': ['101 Tivoli Dr', 'Watertown, WI 53094']}",Tivoli Island,,,5.0,1,[],https://www.yelp.com/biz/tivoli-island-watertown?adjust_creative=GVWAITeAe13hPk5JlriDSg&utm_campaign=yelp_api_v3&utm_medium=api_v3_business_search&utm_source=GVWAITeAe13hPk5JlriDSg
sinissippi-lake-pub-hustisford,"[{'alias': 'pubs', 'title': 'Pubs'}]","{'latitude': 43.3586576166731, 'longitude': -88.5964273755279}",(920) 349-9333,14601.463899638764,Vxn0Gw1lMc9L8OGgXGsB1g,https://s3-media4.fl.yelpcdn.com/bphoto/qJzlWpZ7lrhWz3qhbNs9-w/o.jpg,False,"{'address1': 'N4571 County Rd E', 'address2': '', 'address3': None, 'city': 'Hustisford', 'zip_code': '53034', 'country': 'US', 'state': 'WI', 'display_address': ['N4571 County Rd E', 'Hustisford, WI 53034']}",Sinissippi Lake Pub,+19203499333,,3.5,7,[],https://www.yelp.com/biz/sinissippi-lake-pub-hustisford?adjust_creative=GVWAITeAe13hPk5JlriDSg&utm_campaign=yelp_api_v3&utm_medium=api_v3_business_search&utm_source=GVWAITeAe13hPk5JlriDSg
steves-bar-watertown,"[{'alias': 'tradamerican', 'title': 'American (Traditional)'}, {'alias': 'bars', 'title': 'Bars'}]","{'latitude': 43.201162, 'longitude': -88.716126}",(920) 261-1510,6885.951967345976,XRdKXzNS_45JdUT0G1Wl8A,,False,"{'address1': 'N1016 County Rd L', 'address2': '', 'address3': '', 'city': 'Watertown', 'zip_code': '53098', 'country': 'US', 'state': 'WI', 'display_address': ['N1016 County Rd L', 'Watertown, WI 53098']}",Steve's Bar,+19202611510,$$,3.0,3,[],https://www.yelp.com/biz/steves-bar-watertown?adjust_creative=GVWAITeAe13hPk5JlriDSg&utm_campaign=yelp_api_v3&utm_medium=api_v3_business_search&utm_source=GVWAITeAe13hPk5JlriDSg
brandt-quirk-park-watertown,"[{'alias': 'parks', 'title': 'Parks'}]","{'latitude': 43.2094612, 'longitude': -88.7470093}",,6521.631544611108,DDuZR4G1tBEj9FwvVZwlww,https://s3-media2.fl.yelpcdn.com/bphoto/UOYKn27DgLIe7xhXkUKt0A/o.jpg,False,"{'address1': '800 Carriage Hill Dr', 'address2': '', 'address3': '', 'city': 'Watertown', 'zip_code': '53098', 'country': 'US', 'state': 'WI', 'display_address': ['800 Carriage Hill Dr', 'Watertown, WI 53098']}",Brandt-Quirk Park,,,4.0,1,[],https://www.yelp.com/biz/brandt-quirk-park-watertown?adjust_creative=GVWAITeAe13hPk5JlriDSg&utm_campaign=yelp_api_v3&utm_medium=api_v3_business_search&utm_source=GVWAITeAe13hPk5JlriDSg
culvers-watertown-2,"[{'alias': 'hotdogs', 'title': 'Fast Food'}, {'alias': 'icecream', 'title': 'Ice Cream & Frozen Yogurt'}]","{'latitude': 43.1720008850098, 'longitude': -88.7331161499023}",(920) 261-3388,10180.575897874849,SZqyQUeT52m8BeGr2VBm8Q,https://s3-media4.fl.yelpcdn.com/bphoto/nbVOd98nRV1cbG4INhvg_Q/o.jpg,False,"{'address1': '1722 S Church St', 'address2': '', 'address3': '', 'city': 'Watertown', 'zip_code': '53094', 'country': 'US', 'state': 'WI', 'display_address': ['1722 S Church St', 'Watertown, WI 53094']}",Culver's,+19202613388,$,2.5,6,[],https://www.yelp.com/biz/culvers-watertown-2?adjust_creative=GVWAITeAe13hPk5JlriDSg&utm_campaign=yelp_api_v3&utm_medium=api_v3_business_search&utm_source=GVWAITeAe13hPk5JlriDSg
jimmy-johns-watertown-3,"[{'alias': 'delis', 'title': 'Delis'}, {'alias': 'sandwiches', 'title': 'Sandwiches'}, {'alias': 'hotdogs', 'title': 'Fast Food'}]","{'latitude': 43.1951637268066, 'longitude': -88.7281875610352}",(920) 262-8380,7579.26064466239,JMQTxGAs90XxvCuhhuPmOQ,https://s3-media3.fl.yelpcdn.com/bphoto/xxx-xISECruZKOd7WKAUbQ/o.jpg,False,"{'address1': '103 N Church St', 'address2': None, 'address3': None, 'city': 'Watertown', 'zip_code': '53094', 'country': 'US', 'state': 'WI', 'display_address': ['103 N Church St', 'Watertown, WI 53094']}",Jimmy John's,+19202628380,$$,2.5,3,[],https://www.yelp.com/biz/jimmy-johns-watertown-3?adjust_creative=GVWAITeAe13hPk5JlriDSg&utm_campaign=yelp_api_v3&utm_medium=api_v3_business_search&utm_source=GVWAITeAe13hPk5JlriDSg
thirsty-rhino-watertown,"[{'alias': 'bars', 'title': 'Bars'}]","{'latitude': 43.1949196, 'longitude': -88.7270813}",(920) 206-1240,7598.530872625734,dcsituH5LXPWyldR0osbtg,https://s3-media1.fl.yelpcdn.com/bphoto/2ww-fd9NlXalBLz9w7nyYA/o.jpg,False,"{'address1': '222 W Main St', 'address2': '', 'address3': '', 'city': 'Watertown', 'zip_code': '53094', 'country': 'US', 'state': 'WI', 'display_address': ['222 W Main St', 'Watertown, WI 53094']}",Thirsty Rhino,+19202061240,,4.0,1,[],https://www.yelp.com/biz/thirsty-rhino-watertown?adjust_creative=GVWAITeAe13hPk5JlriDSg&utm_campaign=yelp_api_v3&utm_medium=api_v3_business_search&utm_source=GVWAITeAe13hPk5JlriDSg
subway-watertown-13,"[{'alias': 'sandwiches', 'title': 'Sandwiches'}, {'alias': 'hotdogs', 'title': 'Fast Food'}]","{'latitude': 43.183321, 'longitude': -88.729909}",(920) 261-5755,8897.895616023008,rLabg7plOVinHMj8Q0mMSA,,False,"{'address1': '1684 S Church St', 'address2': '', 'address3': '', 'city': 'Watertown', 'zip_code': '53094', 'country': 'US', 'state': 'WI', 'display_address': ['1684 S Church St', 'Watertown, WI 53094']}",Subway,+19202615755,$,3.5,2,[],https://www.yelp.com/biz/subway-watertown-13?adjust_creative=GVWAITeAe13hPk5JlriDSg&utm_campaign=yelp_api_v3&utm_medium=api_v3_business_search&utm_source=GVWAITeAe13hPk5JlriDSg
china-buffet-watertown,"[{'alias': 'chinese', 'title': 'Chinese'}, {'alias': 'buffets', 'title': 'Buffets'}]","{'latitude': 43.1762085, 'longitude': -88.7318649}",(920) 261-0737,9834.941457840887,sVLGGkX_2cOboBk9Pgrnug,https://s3-media3.fl.yelpcdn.com/bphoto/K2C7OIL2igbIHcAzoQJl3A/o.jpg,False,"{'address1': '1632 S Church St', 'address2': '', 'address3': '', 'city': 'Watertown', 'zip_code': '53094', 'country': 'US', 'state': 'WI', 'display_address': ['1632 S Church St', 'Watertown, WI 53094']}",China Buffet,+19202610737,$,2.0,13,['delivery'],https://www.yelp.com/biz/china-buffet-watertown?adjust_creative=GVWAITeAe13hPk5JlriDSg&utm_campaign=yelp_api_v3&utm_medium=api_v3_business_search&utm_source=GVWAITeAe13hPk5JlriDSg
pancake-cafe-watertown,"[{'alias': 'breakfast_brunch', 'title': 'Breakfast & Brunch'}]","{'latitude': 43.17117, 'longitude': -88.73165}",(920) 390-4989,10249.946578664696,AOl-FvNG6hoMfudFR_T92w,https://s3-media2.fl.yelpcdn.com/bphoto/FMlvcLxeH3pgEvC4QijlEQ/o.jpg,False,"{'address1': '1727 S Church St', 'address2': '', 'address3': None, 'city': 'Watertown', 'zip_code': '53094', 'country': 'US', 'state': 'WI', 'display_address': ['1727 S Church St', 'Watertown, WI 53094']}",Pancake Cafe,+19203904989,,3.0,6,[],https://www.yelp.com/biz/pancake-cafe-watertown?adjust_creative=GVWAITeAe13hPk5JlriDSg&utm_campaign=yelp_api_v3&utm_medium=api_v3_business_search&utm_source=GVWAITeAe13hPk5JlriDSg
mcdonalds-watertown-6,"[{'alias': 'hotdogs', 'title': 'Fast Food'}, {'alias': 'burgers', 'title': 'Burgers'}, {'alias': 'coffee', 'title': 'Coffee & Tea'}]","{'latitude': 43.1873086023599, 'longitude': -88.7290133776992}",(920) 261-1108,8449.844106996048,5OIz7Lg-dp_ekUdljYTC0Q,https://s3-media3.fl.yelpcdn.com/bphoto/zuFNh4isE-G-4LzkqIauNw/o.jpg,False,"{'address1': '625 S Church St', 'address2': '', 'address3': '', 'city': 'Watertown', 'zip_code': '53094', 'country': 'US', 'state': 'WI', 'display_address': ['625 S Church St', 'Watertown, WI 53094']}",McDonald's,+19202611108,$,1.5,15,[],https://www.yelp.com/biz/mcdonalds-watertown-6?adjust_creative=GVWAITeAe13hPk5JlriDSg&utm_campaign=yelp_api_v3&utm_medium=api_v3_business_search&utm_source=GVWAITeAe13hPk5JlriDSg
c-d-becks-cafe-watertown,"[{'alias': 'restaurants', 'title': 'Restaurants'}]","{'latitude': 43.194450378418, 'longitude': -88.7232360839844}",(920) 261-8760,7628.2546853986005,7hwV6f56HAraiqVJSBiWUA,,False,"{'address1': '116 E Main St', 'address2': '', 'address3': '', 'city': 'Watertown', 'zip_code': '53094', 'country': 'US', 'state': 'WI', 'display_address': ['116 E Main St', 'Watertown, WI 53094']}",C D Beck's Cafe,+19202618760,$,3.0,1,[],https://www.yelp.com/biz/c-d-becks-cafe-watertown?adjust_creative=GVWAITeAe13hPk5JlriDSg&utm_campaign=yelp_api_v3&utm_medium=api_v3_business_search&utm_source=GVWAITeAe13hPk5JlriDSg
taco-bell-watertown-3,"[{'alias': 'tex-mex', 'title': 'Tex-Mex'}, {'alias': 'hotdogs', 'title': 'Fast Food'}, {'alias': 'mexican', 'title': 'Mexican'}]","{'latitude': 43.173837, 'longitude': -88.731921}",(920) 206-1727,9963.058133844233,clViiQN97JYw0eQVSfpVJg,https://s3-media2.fl.yelpcdn.com/bphoto/6KxLmPwAkxj2BkkvdxQWcA/o.jpg,False,"{'address1': '1729 S Church St', 'address2': '', 'address3': '', 'city': 'Watertown', 'zip_code': '53094', 'country': 'US', 'state': 'WI', 'display_address': ['1729 S Church St', 'Watertown, WI 53094']}",Taco Bell,+19202061727,$,2.0,6,[],https://www.yelp.com/biz/taco-bell-watertown-3?adjust_creative=GVWAITeAe13hPk5JlriDSg&utm_campaign=yelp_api_v3&utm_medium=api_v3_business_search&utm_source=GVWAITeAe13hPk5JlriDSg
pizza-hut-watertown-2,"[{'alias': 'pizza', 'title': 'Pizza'}, {'alias': 'italian', 'title': 'Italian'}, {'alias': 'chicken_wings', 'title': 'Chicken Wings'}]","{'latitude': 43.1788712, 'longitude': -88.7314529}",(920) 261-1716,9434.300126108565,ikDlHsClpiV9dNsgx1rutQ,https://s3-media1.fl.yelpcdn.com/bphoto/OnbJ-lEcm5CAzilPSujdEA/o.jpg,False,"{'address1': '1504 S Church St', 'address2': '', 'address3': '', 'city': 'Watertown', 'zip_code': '53094', 'country': 'US', 'state': 'WI', 'display_address': ['1504 S Church St', 'Watertown, WI 53094']}",Pizza Hut,+19202611716,,1.5,7,[],https://www.yelp.com/biz/pizza-hut-watertown-2?adjust_creative=GVWAITeAe13hPk5JlriDSg&utm_campaign=yelp_api_v3&utm_medium=api_v3_business_search&utm_source=GVWAITeAe13hPk5JlriDSg
hardees-watertown,"[{'alias': 'hotdogs', 'title': 'Fast Food'}]","{'latitude': 43.1931801, 'longitude': -88.717392}",(920) 262-9640,7788.096111621076,SWn24CWaATXgYAJW_CkPEA,https://s3-media2.fl.yelpcdn.com/bphoto/38qvHJ1Kw4PkemakjGcXMg/o.jpg,False,"{'address1': '715 E Main St', 'address2': '', 'address3': '', 'city': 'Watertown', 'zip_code': '53094', 'country': 'US', 'state': 'WI', 'display_address': ['715 E Main St', 'Watertown, WI 53094']}",Hardee's,+19202629640,,2.5,3,[],https://www.yelp.com/biz/hardees-watertown?adjust_creative=GVWAITeAe13hPk5JlriDSg&utm_campaign=yelp_api_v3&utm_medium=api_v3_business_search&utm_source=GVWAITeAe13hPk5JlriDSg
pizza-ranch-watertown-2,"[{'alias': 'pizza', 'title': 'Pizza'}]","{'latitude': 43.1710467022005, 'longitude': -88.7332030758262}",(920) 390-2782,10282.145870465409,r6U325ZPe1bYO64kUv1N5g,https://s3-media4.fl.yelpcdn.com/bphoto/fKiWT5k9ZxwOO_hP_U7FBg/o.jpg,False,"{'address1': '1726 S Church St', 'address2': '', 'address3': None, 'city': 'Watertown', 'zip_code': '53094', 'country': 'US', 'state': 'WI', 'display_address': ['1726 S Church St', 'Watertown, WI 53094']}",Pizza Ranch,+19203902782,,5.0,2,[],https://www.yelp.com/biz/pizza-ranch-watertown-2?adjust_creative=GVWAITeAe13hPk5JlriDSg&utm_campaign=yelp_api_v3&utm_medium=api_v3_business_search&utm_source=GVWAITeAe13hPk5JlriDSg
driftwood-restaurant-watertown,"[{'alias': 'tradamerican', 'title': 'American (Traditional)'}, {'alias': 'breakfast_brunch', 'title': 'Breakfast & Brunch'}]","{'latitude': 43.187454106265, 'longitude': -88.7292099371552}",(297) 583-2515,8435.1039757171,syX6r_dRvCiBi9xleJYcvw,https://s3-media2.fl.yelpcdn.com/bphoto/9w8XOi4KDeFhERPICawWkQ/o.jpg,False,"{'address1': '', 'address2': '', 'address3': '', 'city': 'Watertown', 'zip_code': '', 'country': 'US', 'state': 'WI', 'display_address': ['Watertown, WI']}",Driftwood Restaurant,+12975832515,$$,1.5,3,[],https://www.yelp.com/biz/driftwood-restaurant-watertown?adjust_creative=GVWAITeAe13hPk5JlriDSg&utm_campaign=yelp_api_v3&utm_medium=api_v3_business_search&utm_source=GVWAITeAe13hPk5JlriDSg
lindbergs-by-the-river-restaurant-watertown,"[{'alias': 'restaurants', 'title': 'Restaurants'}]","{'latitude': 43.182876, 'longitude': -88.702217}",(920) 261-6661,8999.858302986653,VD6CoJyZgUgyY5ezpt-qzA,,False,"{'address1': '1413 Oconomowoc Ave', 'address2': '', 'address3': '', 'city': 'Watertown', 'zip_code': '53094', 'country': 'US', 'state': 'WI', 'display_address': ['1413 Oconomowoc Ave', 'Watertown, WI 53094']}",Lindberg's by the River Restaurant,+19202616661,$$,2.0,3,[],https://www.yelp.com/biz/lindbergs-by-the-river-restaurant-watertown?adjust_creative=GVWAITeAe13hPk5JlriDSg&utm_campaign=yelp_api_v3&utm_medium=api_v3_business_search&utm_source=GVWAITeAe13hPk5JlriDSg
yangers-watertown,"[{'alias': 'bars', 'title': 'Bars'}]","{'latitude': 43.1956596, 'longitude': -88.7211075}",(920) 261-1939,7492.642586644747,7iQVy4MvJZiNUEivdTqm7w,,False,"{'address1': '300 N 4th St', 'address2': '', 'address3': '', 'city': 'Watertown', 'zip_code': '53094', 'country': 'US', 'state': 'WI', 'display_address': ['300 N 4th St', 'Watertown, WI 53094']}",Yangers,+19202611939,,5.0,1,[],https://www.yelp.com/biz/yangers-watertown?adjust_creative=GVWAITeAe13hPk5JlriDSg&utm_campaign=yelp_api_v3&utm_medium=api_v3_business_search&utm_source=GVWAITeAe13hPk5JlriDSg
kfc-watertown-3,"[{'alias': 'hotdogs', 'title': 'Fast Food'}, {'alias': 'chicken_wings', 'title': 'Chicken Wings'}, {'alias': 'chickenshop', 'title': 'Chicken Shop'}]","{'latitude': 43.1829, 'longitude': -88.7298}",(920) 261-0525,8943.741405652368,CpGgVwfAwLjKKlTHV3nPZA,https://s3-media3.fl.yelpcdn.com/bphoto/R0jw_VICEUCKPzI7uIrAiA/o.jpg,False,"{'address1': '1212 Utah St', 'address2': '', 'address3': '', 'city': 'Watertown', 'zip_code': '53094', 'country': 'US', 'state': 'WI', 'display_address': ['1212 Utah St', 'Watertown, WI 53094']}",KFC,+19202610525,$$,1.0,8,[],https://www.yelp.com/biz/kfc-watertown-3?adjust_creative=GVWAITeAe13hPk5JlriDSg&utm_campaign=yelp_api_v3&utm_medium=api_v3_business_search&utm_source=GVWAITeAe13hPk5JlriDSg
dominos-pizza-watertown-3,"[{'alias': 'pizza', 'title': 'Pizza'}, {'alias': 'chicken_wings', 'title': 'Chicken Wings'}, {'alias': 'sandwiches', 'title': 'Sandwiches'}]","{'latitude': 43.1923141479492, 'longitude': -88.7144088745117}",(920) 262-3030,7875.511475276744,hqGHDBk2m8H48XxsysTQGQ,https://s3-media2.fl.yelpcdn.com/bphoto/XhnAPd4VXvAFJs2To-sXaw/o.jpg,False,"{'address1': '1009 E Main St', 'address2': None, 'address3': None, 'city': 'Watertown', 'zip_code': '53094', 'country': 'US', 'state': 'WI', 'display_address': ['1009 E Main St', 'Watertown, WI 53094']}",Domino's Pizza,+19202623030,,1.0,1,[],https://www.yelp.com/biz/dominos-pizza-watertown-3?adjust_creative=GVWAITeAe13hPk5JlriDSg&utm_campaign=yelp_api_v3&utm_medium=api_v3_business_search&utm_source=GVWAITeAe13hPk5JlriDSg
little-caesars-pizza-watertown,"[{'alias': 'pizza', 'title': 'Pizza'}]","{'latitude': 43.1949019009048, 'longitude': -88.7275482579307}",(920) 261-0600,7598.58568249435,AmZce92-kapukel2IjyDGA,https://s3-media2.fl.yelpcdn.com/bphoto/MSEQKTl1ZvraT6AKRR7kew/o.jpg,False,"{'address1': '306 W Main St', 'address2': '', 'address3': '', 'city': 'Watertown', 'zip_code': '53094', 'country': 'US', 'state': 'WI', 'display_address': ['306 W Main St', 'Watertown, WI 53094']}",Little Caesars Pizza,+19202610600,,2.5,2,[],https://www.yelp.com/biz/little-caesars-pizza-watertown?adjust_creative=GVWAITeAe13hPk5JlriDSg&utm_campaign=yelp_api_v3&utm_medium=api_v3_business_search&utm_source=GVWAITeAe13hPk5JlriDSg
golden-wok-restaurant-and-carry-out-watertown,"[{'alias': 'chinese', 'title': 'Chinese'}, {'alias': 'desserts', 'title': 'Desserts'}]","{'latitude': 43.1762085, 'longitude': -88.7318649}",(920) 206-1588,9834.941457840887,oumtkR76kU5uyEdZa8Xc4A,,False,"{'address1': '1632 S Church St', 'address2': '', 'address3': '', 'city': 'Watertown', 'zip_code': '53094', 'country': 'US', 'state': 'WI', 'display_address': ['1632 S Church St', 'Watertown, WI 53094']}",Golden Wok Restaurant & Carry-Out,+19202061588,,1.0,1,[],https://www.yelp.com/biz/golden-wok-restaurant-and-carry-out-watertown?adjust_creative=GVWAITeAe13hPk5JlriDSg&utm_campaign=yelp_api_v3&utm_medium=api_v3_business_search&utm_source=GVWAITeAe13hPk5JlriDSg
emils-frozen-pizza-watertown,"[{'alias': 'pizza', 'title': 'Pizza'}]","{'latitude': 43.1728096, 'longitude': -88.7143478}",(920) 262-9756,10021.985247675597,n7Kb6kMWSKG-GrVAJnLq9A,,False,"{'address1': '1020 S 12th St', 'address2': '', 'address3': '', 'city': 'Watertown', 'zip_code': '53094', 'country': 'US', 'state': 'WI', 'display_address': ['1020 S 12th St', 'Watertown, WI 53094']}",Emil's Frozen Pizza,+19202629756,,1.0,1,[],https://www.yelp.com/biz/emils-frozen-pizza-watertown?adjust_creative=GVWAITeAe13hPk5JlriDSg&utm_campaign=yelp_api_v3&utm_medium=api_v3_business_search&utm_source=GVWAITeAe13hPk5JlriDSg
subway-watertown-24,"[{'alias': 'hotdogs', 'title': 'Fast Food'}, {'alias': 'sandwiches', 'title': 'Sandwiches'}]","{'latitude': 43.2009663, 'longitude': -88.7013978}",(920) 206-8760,7079.633317796797,5YhZ0HCsb84JowKEvvxdgA,,False,"{'address1': '1303 Memorial Dr', 'address2': None, 'address3': None, 'city': 'Watertown', 'zip_code': '53098', 'country': 'US', 'state': 'WI', 'display_address': ['1303 Memorial Dr', 'Watertown, WI 53098']}",Subway,+19202068760,,1.0,1,[],https://www.yelp.com/biz/subway-watertown-24?adjust_creative=GVWAITeAe13hPk5JlriDSg&utm_campaign=yelp_api_v3&utm_medium=api_v3_business_search&utm_source=GVWAITeAe13hPk5JlriDSg
golden-dragon-restaurant-and-lounge-watertown,"[{'alias': 'restaurants', 'title': 'Restaurants'}]","{'latitude': 43.1940040588379, 'longitude': -88.7194595336914}",(920) 261-0510,7673.109638057087,FdsYo_gJX3H1uIGFAij2mA,https://s3-media2.fl.yelpcdn.com/bphoto/jYnZ7TOEIyorEJxJYLzqCA/o.jpg,False,"{'address1': '516 E Main St', 'address2': '', 'address3': '', 'city': 'Watertown', 'zip_code': '53094', 'country': 'US', 'state': 'WI', 'display_address': ['516 E Main St', 'Watertown, WI 53094']}",Golden Dragon Restaurant & Lounge,+19202610510,$$,1.0,1,[],https://www.yelp.com/biz/golden-dragon-restaurant-and-lounge-watertown?adjust_creative=GVWAITeAe13hPk5JlriDSg&utm_campaign=yelp_api_v3&utm_medium=api_v3_business_search&utm_source=GVWAITeAe13hPk5JlriDSg
watertown-family-restaurant-watertown,"[{'alias': 'restaurants', 'title': 'Restaurants'}]","{'latitude': 43.1878699, 'longitude': -88.72904}",(920) 261-9500,8396.202214088558,6KIaUudm0yQF3m01u4UYsg,,False,"{'address1': '605 S Church St', 'address2': None, 'address3': None, 'city': 'Watertown', 'zip_code': '53094', 'country': 'US', 'state': 'WI', 'display_address': ['605 S Church St', 'Watertown, WI 53094']}",Watertown Family Restaurant,+19202619500,,2.0,1,[],https://www.yelp.com/biz/watertown-family-restaurant-watertown?adjust_creative=GVWAITeAe13hPk5JlriDSg&utm_campaign=yelp_api_v3&utm_medium=api_v3_business_search&utm_source=GVWAITeAe13hPk5JlriDSg
pizza-hut-watertown-9,"[{'alias': 'pizza', 'title': 'Pizza'}]","{'latitude': 43.182468, 'longitude': -88.730049}",(920) 261-1716,8993.276558005453,TgRfRjH0H_0ggwNjA6CneA,,False,"{'address1': '1214 Utah St', 'address2': '', 'address3': '', 'city': 'Watertown', 'zip_code': '53094', 'country': 'US', 'state': 'WI', 'display_address': ['1214 Utah St', 'Watertown, WI 53094']}",Pizza Hut,+19202611716,,1.0,1,[],https://www.yelp.com/biz/pizza-hut-watertown-9?adjust_creative=GVWAITeAe13hPk5JlriDSg&utm_campaign=yelp_api_v3&utm_medium=api_v3_business_search&utm_source=GVWAITeAe13hPk5JlriDSg
old-world-wisconsin-eagle,"[{'alias': 'museums', 'title': 'Museums'}, {'alias': 'tours', 'title': 'Tours'}, {'alias': 'daycamps', 'title': 'Day Camps'}]","{'latitude': 42.89478, 'longitude': -88.47405}",(262) 594-6301,47276.452038060175,GjgU5DFC76tA9yZ7sCsHJw,https://s3-media1.fl.yelpcdn.com/bphoto/6ep8f-2aqr-sqQOleFzylQ/o.jpg,False,"{'address1': 'W372 S9727 Hwy 67', 'address2': '', 'address3': '', 'city': 'Eagle', 'zip_code': '53119', 'country': 'US', 'state': 'WI', 'display_address': ['W372 S9727 Hwy 67', 'Eagle, WI 53119']}",Old World Wisconsin,+12625946301,,4.5,24,[],https://www.yelp.com/biz/old-world-wisconsin-eagle?adjust_creative=GVWAITeAe13hPk5JlriDSg&utm_campaign=yelp_api_v3&utm_medium=api_v3_business_search&utm_source=GVWAITeAe13hPk5JlriDSg
