alias,categories,coordinates,display_phone,distance,id,image_url,is_closed,location,name,phone,price,rating,review_count,transactions,url
el-mezcal-restaurant-wisconsin-rapids,"[{'alias': 'mexican', 'title': 'Mexican'}]","{'latitude': 44.355819, 'longitude': -89.814569}",(715) 423-9060,5406.171572693075,WMwXX4xHgWc5oN4SYhKiNA,https://s3-media1.fl.yelpcdn.com/bphoto/TEBakEvrPls1A4BBr7MXIw/o.jpg,False,"{'address1': '930 Kuhn Ave', 'address2': 'Ste D', 'address3': '', 'city': 'Wisconsin Rapids', 'zip_code': '54494', 'country': 'US', 'state': 'WI', 'display_address': ['930 Kuhn Ave', 'Ste D', 'Wisconsin Rapids, WI 54494']}",El Mezcal Restaurant,+17154239060,$,4.0,39,[],https://www.yelp.com/biz/el-mezcal-restaurant-wisconsin-rapids?adjust_creative=GVWAITeAe13hPk5JlriDSg&utm_campaign=yelp_api_v3&utm_medium=api_v3_business_search&utm_source=GVWAITeAe13hPk5JlriDSg
mistys-menu-wisconsin-rapids,"[{'alias': 'breakfast_brunch', 'title': 'Breakfast & Brunch'}, {'alias': 'tradamerican', 'title': 'American (Traditional)'}]","{'latitude': 44.311633, 'longitude': -89.809639}",(715) 325-2330,5040.761968372044,fqieekCXz0CtUvx8bzO-hg,https://s3-media1.fl.yelpcdn.com/bphoto/eJFiQEevq4OWa3J_3L83gQ/o.jpg,False,"{'address1': '9041 State Hwy 13 S', 'address2': '', 'address3': '', 'city': 'Wisconsin Rapids', 'zip_code': '54494', 'country': 'US', 'state': 'WI', 'display_address': ['9041 State Hwy 13 S', 'Wisconsin Rapids, WI 54494']}",Misty's Menu,+17153252330,$,5.0,9,[],https://www.yelp.com/biz/mistys-menu-wisconsin-rapids?adjust_creative=GVWAITeAe13hPk5JlriDSg&utm_campaign=yelp_api_v3&utm_medium=api_v3_business_search&utm_source=GVWAITeAe13hPk5JlriDSg
great-expectations-wisconsin-rapids,"[{'alias': 'tradamerican', 'title': 'American (Traditional)'}]","{'latitude': 44.4097290039062, 'longitude': -89.7818450927734}",(715) 423-3190,8743.134358805677,4JiyV3RWbZWcQOMzFH-6ZA,https://s3-media2.fl.yelpcdn.com/bphoto/LaTPFuQWPJwXYjNN-EKiqg/o.jpg,False,"{'address1': '3551 Plover Rd', 'address2': '', 'address3': '', 'city': 'Wisconsin Rapids', 'zip_code': '54494', 'country': 'US', 'state': 'WI', 'display_address': ['3551 Plover Rd', 'Wisconsin Rapids, WI 54494']}",Great Expectations,+17154233190,$$,5.0,12,[],https://www.yelp.com/biz/great-expectations-wisconsin-rapids?adjust_creative=GVWAITeAe13hPk5JlriDSg&utm_campaign=yelp_api_v3&utm_medium=api_v3_business_search&utm_source=GVWAITeAe13hPk5JlriDSg
branding-iron-supper-club-wisconsin-rapids,"[{'alias': 'seafood', 'title': 'Seafood'}, {'alias': 'steak', 'title': 'Steakhouses'}, {'alias': 'supperclubs', 'title': 'Supper Clubs'}]","{'latitude': 44.3056408796, 'longitude': -89.8098035456}",(715) 325-8102,5400.757412272454,E1G3wfKRNHaIvgq1Wv_H0Q,https://s3-media2.fl.yelpcdn.com/bphoto/QZXWvhPFFVFB5dieKGHivA/o.jpg,False,"{'address1': '9721 State Hwy 13 S', 'address2': '', 'address3': '', 'city': 'Wisconsin Rapids', 'zip_code': '54494', 'country': 'US', 'state': 'WI', 'display_address': ['9721 State Hwy 13 S', 'Wisconsin Rapids, WI 54494']}",Branding Iron Supper Club,+17153258102,$$,4.0,22,[],https://www.yelp.com/biz/branding-iron-supper-club-wisconsin-rapids?adjust_creative=GVWAITeAe13hPk5JlriDSg&utm_campaign=yelp_api_v3&utm_medium=api_v3_business_search&utm_source=GVWAITeAe13hPk5JlriDSg
grandmas-usa-cafe-wisconsin-rapids,"[{'alias': 'restaurants', 'title': 'Restaurants'}]","{'latitude': 44.393726348877, 'longitude': -89.8030319213867}",(715) 424-3833,7743.139632500554,Jng5XQtIYNuaeq5fWGIWpA,https://s3-media3.fl.yelpcdn.com/bphoto/Pc0kOTf3hTKS2L2SvURlzA/o.jpg,False,"{'address1': '1920 Wylie St', 'address2': '', 'address3': '', 'city': 'Wisconsin Rapids', 'zip_code': '54494', 'country': 'US', 'state': 'WI', 'display_address': ['1920 Wylie St', 'Wisconsin Rapids, WI 54494']}",Grandma's USA Cafe,+17154243833,$,4.5,18,[],https://www.yelp.com/biz/grandmas-usa-cafe-wisconsin-rapids?adjust_creative=GVWAITeAe13hPk5JlriDSg&utm_campaign=yelp_api_v3&utm_medium=api_v3_business_search&utm_source=GVWAITeAe13hPk5JlriDSg
toms-on-grand-wisconsin-rapids,"[{'alias': 'tradamerican', 'title': 'American (Traditional)'}, {'alias': 'bars', 'title': 'Bars'}, {'alias': 'sandwiches', 'title': 'Sandwiches'}]","{'latitude': 44.38961, 'longitude': -89.82336}",(715) 423-2639,8312.850812836725,m8nt-nE-atod3QfgSWIn3g,https://s3-media2.fl.yelpcdn.com/bphoto/-BhpVK6caHH1JpBVywPmfw/o.jpg,False,"{'address1': '410 E Grand Ave', 'address2': '', 'address3': '', 'city': 'Wisconsin Rapids', 'zip_code': '54494', 'country': 'US', 'state': 'WI', 'display_address': ['410 E Grand Ave', 'Wisconsin Rapids, WI 54494']}",Tom's on Grand,+17154232639,$$,4.0,22,[],https://www.yelp.com/biz/toms-on-grand-wisconsin-rapids?adjust_creative=GVWAITeAe13hPk5JlriDSg&utm_campaign=yelp_api_v3&utm_medium=api_v3_business_search&utm_source=GVWAITeAe13hPk5JlriDSg
jennings-and-co-wisconsin-rapids-2,"[{'alias': 'bars', 'title': 'Bars'}, {'alias': 'burgers', 'title': 'Burgers'}, {'alias': 'sandwiches', 'title': 'Sandwiches'}]","{'latitude': 44.3921928405762, 'longitude': -89.823600769043}",(715) 424-5200,8569.225902314043,MamVk7W64pxxtMSw3HID6A,https://s3-media3.fl.yelpcdn.com/bphoto/-nZBgdWvqHsVU5D_yJiXyg/o.jpg,False,"{'address1': '210 1st St N', 'address2': None, 'address3': None, 'city': 'Wisconsin Rapids', 'zip_code': '54494', 'country': 'US', 'state': 'WI', 'display_address': ['210 1st St N', 'Wisconsin Rapids, WI 54494']}",Jennings & Co,+17154245200,$$,4.0,28,[],https://www.yelp.com/biz/jennings-and-co-wisconsin-rapids-2?adjust_creative=GVWAITeAe13hPk5JlriDSg&utm_campaign=yelp_api_v3&utm_medium=api_v3_business_search&utm_source=GVWAITeAe13hPk5JlriDSg
jims-barb-ie-q-shack-wisconsin-rapids,"[{'alias': 'bbq', 'title': 'Barbeque'}]","{'latitude': 44.35884, 'longitude': -89.8174}",(715) 421-0888,5757.710219480326,fNQQCKIS8b3yI45dz58unA,https://s3-media4.fl.yelpcdn.com/bphoto/qYCH-K9zMnamh4HCQdlIBg/o.jpg,False,"{'address1': '3940 8th St S', 'address2': '', 'address3': '', 'city': 'Wisconsin Rapids', 'zip_code': '54494', 'country': 'US', 'state': 'WI', 'display_address': ['3940 8th St S', 'Wisconsin Rapids, WI 54494']}",Jim's Barb-ie-q Shack,+17154210888,$,4.0,16,[],https://www.yelp.com/biz/jims-barb-ie-q-shack-wisconsin-rapids?adjust_creative=GVWAITeAe13hPk5JlriDSg&utm_campaign=yelp_api_v3&utm_medium=api_v3_business_search&utm_source=GVWAITeAe13hPk5JlriDSg
sportsmens-pub-wisconsin-rapids,"[{'alias': 'tradamerican', 'title': 'American (Traditional)'}]","{'latitude': 44.3512802124023, 'longitude': -89.8174514770508}",(715) 423-4490,5399.434732071235,tFGbI0QXJs7r8ZsOOrMZ7w,https://s3-media4.fl.yelpcdn.com/bphoto/4o06Ny3zDWf6iSzi8NRnzg/o.jpg,False,"{'address1': '4810 8th St S', 'address2': '', 'address3': '', 'city': 'Wisconsin Rapids', 'zip_code': '54494', 'country': 'US', 'state': 'WI', 'display_address': ['4810 8th St S', 'Wisconsin Rapids, WI 54494']}",Sportsmen's Pub,+17154234490,$$,4.0,9,[],https://www.yelp.com/biz/sportsmens-pub-wisconsin-rapids?adjust_creative=GVWAITeAe13hPk5JlriDSg&utm_campaign=yelp_api_v3&utm_medium=api_v3_business_search&utm_source=GVWAITeAe13hPk5JlriDSg
lake-aire-supper-club-wisconsin-rapids,"[{'alias': 'steak', 'title': 'Steakhouses'}, {'alias': 'seafood', 'title': 'Seafood'}, {'alias': 'sandwiches', 'title': 'Sandwiches'}]","{'latitude': 44.3355178833008, 'longitude': -89.8153839111328}",(715) 325-5147,4880.895138134927,9yBfcZrSb5H-YEbfybZO5g,https://s3-media3.fl.yelpcdn.com/bphoto/rge8AMmekgKs-4clI1O74Q/o.jpg,False,"{'address1': '6510 State Hwy 13 S', 'address2': '', 'address3': '', 'city': 'Wisconsin Rapids', 'zip_code': '54494', 'country': 'US', 'state': 'WI', 'display_address': ['6510 State Hwy 13 S', 'Wisconsin Rapids, WI 54494']}",Lake Aire Supper Club,+17153255147,$$,3.5,13,[],https://www.yelp.com/biz/lake-aire-supper-club-wisconsin-rapids?adjust_creative=GVWAITeAe13hPk5JlriDSg&utm_campaign=yelp_api_v3&utm_medium=api_v3_business_search&utm_source=GVWAITeAe13hPk5JlriDSg
boones-saloon-wisconsin-rapids,"[{'alias': 'nightlife', 'title': 'Nightlife'}, {'alias': 'restaurants', 'title': 'Restaurants'}]","{'latitude': 44.321434, 'longitude': -89.8105011}",(715) 325-2523,4704.925833755308,GlPWlGGRKBj1gIJXzi0kOg,https://s3-media3.fl.yelpcdn.com/bphoto/d95nXGuqCS9OzkVzkI4mAA/o.jpg,False,"{'address1': '8010 State Highway 13 S', 'address2': '', 'address3': '', 'city': 'Wisconsin Rapids', 'zip_code': '54494', 'country': 'US', 'state': 'WI', 'display_address': ['8010 State Highway 13 S', 'Wisconsin Rapids, WI 54494']}",Boone's Saloon,+17153252523,,4.5,5,[],https://www.yelp.com/biz/boones-saloon-wisconsin-rapids?adjust_creative=GVWAITeAe13hPk5JlriDSg&utm_campaign=yelp_api_v3&utm_medium=api_v3_business_search&utm_source=GVWAITeAe13hPk5JlriDSg
marjories-steakhouse-wisconsin-rapids,"[{'alias': 'seafood', 'title': 'Seafood'}, {'alias': 'steak', 'title': 'Steakhouses'}, {'alias': 'burgers', 'title': 'Burgers'}]","{'latitude': 44.35639, 'longitude': -89.72514}",(715) 424-0414,3437.04806084272,1hp_tGkinr74aLJFAgivyA,https://s3-media3.fl.yelpcdn.com/bphoto/TmLDLzNmnSB0mg2PEzqDpg/o.jpg,False,"{'address1': '4320 80th St S', 'address2': None, 'address3': '', 'city': 'Wisconsin Rapids', 'zip_code': '54494', 'country': 'US', 'state': 'WI', 'display_address': ['4320 80th St S', 'Wisconsin Rapids, WI 54494']}",Marjorie's Steakhouse,+17154240414,$$,4.0,8,[],https://www.yelp.com/biz/marjories-steakhouse-wisconsin-rapids?adjust_creative=GVWAITeAe13hPk5JlriDSg&utm_campaign=yelp_api_v3&utm_medium=api_v3_business_search&utm_source=GVWAITeAe13hPk5JlriDSg
olympic-ii-family-restaurant-wisconsin-rapids-2,"[{'alias': 'newamerican', 'title': 'American (New)'}]","{'latitude': 44.3721164810889, 'longitude': -89.817632149122}",(715) 424-4744,6625.906951027787,ZVc9vJaTBmq7BZaZ1SPdbw,https://s3-media4.fl.yelpcdn.com/bphoto/1N9CCudahi6XTscDH--IJQ/o.jpg,False,"{'address1': '2520 8th St S', 'address2': '', 'address3': '', 'city': 'Wisconsin Rapids', 'zip_code': '54494', 'country': 'US', 'state': 'WI', 'display_address': ['2520 8th St S', 'Wisconsin Rapids, WI 54494']}",Olympic II Family Restaurant,+17154244744,$,3.5,13,[],https://www.yelp.com/biz/olympic-ii-family-restaurant-wisconsin-rapids-2?adjust_creative=GVWAITeAe13hPk5JlriDSg&utm_campaign=yelp_api_v3&utm_medium=api_v3_business_search&utm_source=GVWAITeAe13hPk5JlriDSg
cravings-wisconsin-rapids,"[{'alias': 'coffee', 'title': 'Coffee & Tea'}]","{'latitude': 44.387267584372, 'longitude': -89.8181315571267}",(715) 423-6500,7849.185168474257,b4n8ShMxREBX3FE5BHZOdA,https://s3-media3.fl.yelpcdn.com/bphoto/2Qyv5aHwz955HqrZtL3aug/o.jpg,False,"{'address1': '312 8th St S', 'address2': '', 'address3': '', 'city': 'Wisconsin Rapids', 'zip_code': '54494', 'country': 'US', 'state': 'WI', 'display_address': ['312 8th St S', 'Wisconsin Rapids, WI 54494']}",Cravings,+17154236500,$,3.5,13,[],https://www.yelp.com/biz/cravings-wisconsin-rapids?adjust_creative=GVWAITeAe13hPk5JlriDSg&utm_campaign=yelp_api_v3&utm_medium=api_v3_business_search&utm_source=GVWAITeAe13hPk5JlriDSg
pasquales-italian-cuisine-and-pizzeria-wisconsin-rapids-2,"[{'alias': 'italian', 'title': 'Italian'}, {'alias': 'pizza', 'title': 'Pizza'}]","{'latitude': 44.3679599, 'longitude': -89.81773}",(715) 421-4743,6334.365537664314,OR8twZkBEAeia1FSgSQwbw,https://s3-media2.fl.yelpcdn.com/bphoto/m4mDRApzpEcKlHdQgB5hrA/o.jpg,False,"{'address1': '2930 8th St S', 'address2': '', 'address3': '', 'city': 'Wisconsin Rapids', 'zip_code': '54494', 'country': 'US', 'state': 'WI', 'display_address': ['2930 8th St S', 'Wisconsin Rapids, WI 54494']}",Pasquale's Italian Cuisine & Pizzeria,+17154214743,$$,3.0,16,[],https://www.yelp.com/biz/pasquales-italian-cuisine-and-pizzeria-wisconsin-rapids-2?adjust_creative=GVWAITeAe13hPk5JlriDSg&utm_campaign=yelp_api_v3&utm_medium=api_v3_business_search&utm_source=GVWAITeAe13hPk5JlriDSg
higher-grounds-bakery-wisconsin-rapids,"[{'alias': 'coffee', 'title': 'Coffee & Tea'}, {'alias': 'bakeries', 'title': 'Bakeries'}]","{'latitude': 44.3568821611584, 'longitude': -89.8165106654391}",(715) 316-1750,5597.687381550274,k-3R8AtO3SXlzVzolcP6-Q,https://s3-media3.fl.yelpcdn.com/bphoto/4Ib6uTWOBqjJImZI2yxGqA/o.jpg,False,"{'address1': '4231 8th St S', 'address2': '', 'address3': '', 'city': 'Wisconsin Rapids', 'zip_code': '54494', 'country': 'US', 'state': 'WI', 'display_address': ['4231 8th St S', 'Wisconsin Rapids, WI 54494']}",Higher Grounds Bakery,+17153161750,$$,3.0,9,[],https://www.yelp.com/biz/higher-grounds-bakery-wisconsin-rapids?adjust_creative=GVWAITeAe13hPk5JlriDSg&utm_campaign=yelp_api_v3&utm_medium=api_v3_business_search&utm_source=GVWAITeAe13hPk5JlriDSg
taco-johns-wisconsin-rapids,"[{'alias': 'hotdogs', 'title': 'Fast Food'}, {'alias': 'mexican', 'title': 'Mexican'}]","{'latitude': 44.3879048245541, 'longitude': -89.81908634305}",(715) 421-0602,7952.326001866992,-t0ci9kGyNcRofHSCloXxQ,https://s3-media2.fl.yelpcdn.com/bphoto/fRx-BSPFsmcu2tOz36rPzg/o.jpg,False,"{'address1': '610 E Grand Ave', 'address2': '', 'address3': '', 'city': 'Wisconsin Rapids', 'zip_code': '54494', 'country': 'US', 'state': 'WI', 'display_address': ['610 E Grand Ave', 'Wisconsin Rapids, WI 54494']}",Taco John's,+17154210602,$,4.0,8,[],https://www.yelp.com/biz/taco-johns-wisconsin-rapids?adjust_creative=GVWAITeAe13hPk5JlriDSg&utm_campaign=yelp_api_v3&utm_medium=api_v3_business_search&utm_source=GVWAITeAe13hPk5JlriDSg
from-the-ground-up-coffee-house-wisc-rapids,"[{'alias': 'coffee', 'title': 'Coffee & Tea'}]","{'latitude': 44.3933242, 'longitude': -89.828269}",(715) 421-5161,8880.115173276328,SePMqPRk2zRkD_qlnqKVxw,https://s3-media1.fl.yelpcdn.com/bphoto/TOnxtb7byhW5Cyx7ghXmKg/o.jpg,False,"{'address1': '250 W Grand Ave', 'address2': '', 'address3': '', 'city': 'Wisc Rapids', 'zip_code': '54495', 'country': 'US', 'state': 'WI', 'display_address': ['250 W Grand Ave', 'Wisc Rapids, WI 54495']}",From the Ground Up Coffee House,+17154215161,$$,3.0,16,[],https://www.yelp.com/biz/from-the-ground-up-coffee-house-wisc-rapids?adjust_creative=GVWAITeAe13hPk5JlriDSg&utm_campaign=yelp_api_v3&utm_medium=api_v3_business_search&utm_source=GVWAITeAe13hPk5JlriDSg
johnnys-rapids-inn-wisconsin-rapids,"[{'alias': 'bars', 'title': 'Bars'}]","{'latitude': 44.3710327148438, 'longitude': -89.8175277709961}",(715) 421-3670,6541.761924635895,wtypdNOsyiDdRMWkhWwLrw,,False,"{'address1': '2610 8th St S', 'address2': '', 'address3': '', 'city': 'Wisconsin Rapids', 'zip_code': '54494', 'country': 'US', 'state': 'WI', 'display_address': ['2610 8th St S', 'Wisconsin Rapids, WI 54494']}",Johnny's Rapids Inn,+17154213670,$,4.5,4,[],https://www.yelp.com/biz/johnnys-rapids-inn-wisconsin-rapids?adjust_creative=GVWAITeAe13hPk5JlriDSg&utm_campaign=yelp_api_v3&utm_medium=api_v3_business_search&utm_source=GVWAITeAe13hPk5JlriDSg
checkers-wisconsin-rapids,"[{'alias': 'hotdogs', 'title': 'Fast Food'}, {'alias': 'burgers', 'title': 'Burgers'}]","{'latitude': 44.37801, 'longitude': -89.81781}",(715) 421-5140,7065.834544443381,TyRFiW4_tV7jxmDbhrgjYw,https://s3-media4.fl.yelpcdn.com/bphoto/5tuvny9D8zA9D26zn7razA/o.jpg,False,"{'address1': '1840 8th Street South', 'address2': None, 'address3': None, 'city': 'Wisconsin Rapids', 'zip_code': '54494', 'country': 'US', 'state': 'WI', 'display_address': ['1840 8th Street South', 'Wisconsin Rapids, WI 54494']}",Checkers,+17154215140,$,4.5,4,[],https://www.yelp.com/biz/checkers-wisconsin-rapids?adjust_creative=GVWAITeAe13hPk5JlriDSg&utm_campaign=yelp_api_v3&utm_medium=api_v3_business_search&utm_source=GVWAITeAe13hPk5JlriDSg
culvers-wisconsin-rapids,"[{'alias': 'icecream', 'title': 'Ice Cream & Frozen Yogurt'}, {'alias': 'burgers', 'title': 'Burgers'}, {'alias': 'hotdogs', 'title': 'Fast Food'}]","{'latitude': 44.36992, 'longitude': -89.81625}",(715) 421-1100,6394.590698423001,dSIHzMoBglcchc-4P8H26g,https://s3-media4.fl.yelpcdn.com/bphoto/FOjRhNZ1FTgUfk3YvpyhIQ/o.jpg,False,"{'address1': '2711 8th St S', 'address2': '', 'address3': '', 'city': 'Wisconsin Rapids', 'zip_code': '54494', 'country': 'US', 'state': 'WI', 'display_address': ['2711 8th St S', 'Wisconsin Rapids, WI 54494']}",Culver's,+17154211100,$,3.0,11,[],https://www.yelp.com/biz/culvers-wisconsin-rapids?adjust_creative=GVWAITeAe13hPk5JlriDSg&utm_campaign=yelp_api_v3&utm_medium=api_v3_business_search&utm_source=GVWAITeAe13hPk5JlriDSg
applebees-grill-bar-wisconsin-rapids,"[{'alias': 'tradamerican', 'title': 'American (Traditional)'}, {'alias': 'sportsbars', 'title': 'Sports Bars'}, {'alias': 'burgers', 'title': 'Burgers'}]","{'latitude': 44.3557586669922, 'longitude': -89.8159713745117}",(715) 421-3290,5520.352178929683,2aiGHncSbRVy7sPSLOwZDw,https://s3-media4.fl.yelpcdn.com/bphoto/Hl75NMxTBfzKID8j7OUbOQ/o.jpg,False,"{'address1': '4311 8th St S', 'address2': None, 'address3': None, 'city': 'Wisconsin Rapids', 'zip_code': '54494', 'country': 'US', 'state': 'WI', 'display_address': ['4311 8th St S', 'Wisconsin Rapids, WI 54494']}",Applebee's Grill + Bar,+17154213290,$$,2.5,19,[],https://www.yelp.com/biz/applebees-grill-bar-wisconsin-rapids?adjust_creative=GVWAITeAe13hPk5JlriDSg&utm_campaign=yelp_api_v3&utm_medium=api_v3_business_search&utm_source=GVWAITeAe13hPk5JlriDSg
hong-kong-buffet-wisconsin-rapids,"[{'alias': 'chinese', 'title': 'Chinese'}, {'alias': 'buffets', 'title': 'Buffets'}]","{'latitude': 44.3541069, 'longitude': -89.8167953}",(715) 424-5858,5396.192531092389,l4D25hRCmfxOVdBWGyppaw,,False,"{'address1': '4531 8th St S', 'address2': '', 'address3': '', 'city': 'Wisconsin Rapids', 'zip_code': '54494', 'country': 'US', 'state': 'WI', 'display_address': ['4531 8th St S', 'Wisconsin Rapids, WI 54494']}",Hong Kong Buffet,+17154245858,$,3.0,8,[],https://www.yelp.com/biz/hong-kong-buffet-wisconsin-rapids?adjust_creative=GVWAITeAe13hPk5JlriDSg&utm_campaign=yelp_api_v3&utm_medium=api_v3_business_search&utm_source=GVWAITeAe13hPk5JlriDSg
idas-sports-bar-and-grill-wisconsin-rapids,"[{'alias': 'bars', 'title': 'Bars'}]","{'latitude': 44.3770142121448, 'longitude': -89.8218681290746}",(715) 421-2063,7237.898201667619,ObCc9LtNOIvhf_cSqBE7Dg,https://s3-media2.fl.yelpcdn.com/bphoto/DkfrzEw_u7RnWf3msDdR0g/o.jpg,False,"{'address1': '1981 Lincoln St', 'address2': '', 'address3': '', 'city': 'Wisconsin Rapids', 'zip_code': '54494', 'country': 'US', 'state': 'WI', 'display_address': ['1981 Lincoln St', 'Wisconsin Rapids, WI 54494']}",Ida's Sports Bar & Grill,+17154212063,$$,4.0,8,[],https://www.yelp.com/biz/idas-sports-bar-and-grill-wisconsin-rapids?adjust_creative=GVWAITeAe13hPk5JlriDSg&utm_campaign=yelp_api_v3&utm_medium=api_v3_business_search&utm_source=GVWAITeAe13hPk5JlriDSg
politos-pizza-wisconsin-rapids,"[{'alias': 'pizza', 'title': 'Pizza'}]","{'latitude': 44.376847, 'longitude': -89.816741}",(715) 423-4343,6927.214232501864,kMMHStiZo_1_nfMssn1Rzg,,False,"{'address1': '1951 8th St S', 'address2': '', 'address3': '', 'city': 'Wisconsin Rapids', 'zip_code': '54494', 'country': 'US', 'state': 'WI', 'display_address': ['1951 8th St S', 'Wisconsin Rapids, WI 54494']}",Politos Pizza,+17154234343,$,3.5,6,[],https://www.yelp.com/biz/politos-pizza-wisconsin-rapids?adjust_creative=GVWAITeAe13hPk5JlriDSg&utm_campaign=yelp_api_v3&utm_medium=api_v3_business_search&utm_source=GVWAITeAe13hPk5JlriDSg
salt-and-pepers-drive-in-wisconsin-rapids-2,"[{'alias': 'hotdogs', 'title': 'Fast Food'}]","{'latitude': 44.39342, 'longitude': -89.80606}",(715) 423-0888,7842.033465524186,aljG_Gmbl3y5THzBiNPm3g,https://s3-media4.fl.yelpcdn.com/bphoto/chvoGOMcFjuGJBwQmTQAuA/o.jpg,False,"{'address1': '1621 Baker Dr', 'address2': '', 'address3': None, 'city': 'Wisconsin Rapids', 'zip_code': '54494', 'country': 'US', 'state': 'WI', 'display_address': ['1621 Baker Dr', 'Wisconsin Rapids, WI 54494']}",Salt & Peper's Drive In,+17154230888,,5.0,3,[],https://www.yelp.com/biz/salt-and-pepers-drive-in-wisconsin-rapids-2?adjust_creative=GVWAITeAe13hPk5JlriDSg&utm_campaign=yelp_api_v3&utm_medium=api_v3_business_search&utm_source=GVWAITeAe13hPk5JlriDSg
portesi-fine-foods-wisconsin-rapids,"[{'alias': 'pizza', 'title': 'Pizza'}]","{'latitude': 44.3579597, 'longitude': -89.8176575}",(715) 423-6120,5722.0832830272775,EDQwGTfOe1uWL33qukOJ_A,,False,"{'address1': '4110 8th St S', 'address2': '', 'address3': '', 'city': 'Wisconsin Rapids', 'zip_code': '54494', 'country': 'US', 'state': 'WI', 'display_address': ['4110 8th St S', 'Wisconsin Rapids, WI 54494']}",Portesi Fine Foods,+17154236120,$$,3.0,7,[],https://www.yelp.com/biz/portesi-fine-foods-wisconsin-rapids?adjust_creative=GVWAITeAe13hPk5JlriDSg&utm_campaign=yelp_api_v3&utm_medium=api_v3_business_search&utm_source=GVWAITeAe13hPk5JlriDSg
shaw-lee-japanese-and-chinese-restaurant-wisconsin-rapids,"[{'alias': 'chinese', 'title': 'Chinese'}, {'alias': 'japanese', 'title': 'Japanese'}, {'alias': 'asianfusion', 'title': 'Asian Fusion'}]","{'latitude': 44.3931758575488, 'longitude': -89.8282019012928}",(715) 421-5550,8846.545914014507,R233vGfb9PqXWsqbHTnkuQ,https://s3-media4.fl.yelpcdn.com/bphoto/3jDLdKvaS0sWBkBfsUZwHw/o.jpg,False,"{'address1': '222 W Grand Ave', 'address2': '', 'address3': '', 'city': 'Wisconsin Rapids', 'zip_code': '54495', 'country': 'US', 'state': 'WI', 'display_address': ['222 W Grand Ave', 'Wisconsin Rapids, WI 54495']}",Shaw Lee Japanese and Chinese Restaurant,+17154215550,$,3.0,13,[],https://www.yelp.com/biz/shaw-lee-japanese-and-chinese-restaurant-wisconsin-rapids?adjust_creative=GVWAITeAe13hPk5JlriDSg&utm_campaign=yelp_api_v3&utm_medium=api_v3_business_search&utm_source=GVWAITeAe13hPk5JlriDSg
chat-r-box-cafe-wisconsin-rapids,"[{'alias': 'breakfast_brunch', 'title': 'Breakfast & Brunch'}]","{'latitude': 44.3564416032401, 'longitude': -89.7246088832617}",(715) 423-2640,3470.590534222358,G4043a3fKOG8LW41a1dvSA,https://s3-media3.fl.yelpcdn.com/bphoto/Hiz1ATOi1u_UnwmNIQc-zA/o.jpg,False,"{'address1': '4231 80th St S', 'address2': '', 'address3': '', 'city': 'Wisconsin Rapids', 'zip_code': '54494', 'country': 'US', 'state': 'WI', 'display_address': ['4231 80th St S', 'Wisconsin Rapids, WI 54494']}",Chat-R-Box Cafe,+17154232640,,3.0,4,[],https://www.yelp.com/biz/chat-r-box-cafe-wisconsin-rapids?adjust_creative=GVWAITeAe13hPk5JlriDSg&utm_campaign=yelp_api_v3&utm_medium=api_v3_business_search&utm_source=GVWAITeAe13hPk5JlriDSg
romanos-pizzeria-nekoosa,"[{'alias': 'pizza', 'title': 'Pizza'}]","{'latitude': 44.247428894043, 'longitude': -89.8658981323242}",(715) 325-6700,13062.706010614158,mAW26U1Vak8gGQ-eWWprMg,https://s3-media3.fl.yelpcdn.com/bphoto/g228u2BEJlBvM9Jh-LdYlg/o.jpg,False,"{'address1': '108 County Rd Z', 'address2': '', 'address3': '', 'city': 'Nekoosa', 'zip_code': '54457', 'country': 'US', 'state': 'WI', 'display_address': ['108 County Rd Z', 'Nekoosa, WI 54457']}",Romano's Pizzeria,+17153256700,$$,3.0,20,[],https://www.yelp.com/biz/romanos-pizzeria-nekoosa?adjust_creative=GVWAITeAe13hPk5JlriDSg&utm_campaign=yelp_api_v3&utm_medium=api_v3_business_search&utm_source=GVWAITeAe13hPk5JlriDSg
ispoon-wisconsin-rapids,"[{'alias': 'sushi', 'title': 'Sushi Bars'}, {'alias': 'buffets', 'title': 'Buffets'}]","{'latitude': 44.353759, 'longitude': -89.815816}",(715) 424-5858,5394.866831877677,G1EW8bPDbSebqjFzCZafnA,https://s3-media3.fl.yelpcdn.com/bphoto/RzwJaWmyh5-lFGnK6ObCfA/o.jpg,False,"{'address1': '4531 8th St S', 'address2': None, 'address3': '', 'city': 'Wisconsin Rapids', 'zip_code': '54494', 'country': 'US', 'state': 'WI', 'display_address': ['4531 8th St S', 'Wisconsin Rapids, WI 54494']}",Ispoon,+17154245858,$,2.5,6,[],https://www.yelp.com/biz/ispoon-wisconsin-rapids?adjust_creative=GVWAITeAe13hPk5JlriDSg&utm_campaign=yelp_api_v3&utm_medium=api_v3_business_search&utm_source=GVWAITeAe13hPk5JlriDSg
graces-family-restaurant-wisconsin-rapids-3,"[{'alias': 'newamerican', 'title': 'American (New)'}, {'alias': 'breakfast_brunch', 'title': 'Breakfast & Brunch'}, {'alias': 'waffles', 'title': 'Waffles'}]","{'latitude': 44.379593, 'longitude': -89.815432}",(715) 424-2442,7070.9476948218935,nGIiiaPbvPCUn3BuDjqUyA,https://s3-media2.fl.yelpcdn.com/bphoto/8e9SdoTCzEe19AsSEY2oeA/o.jpg,False,"{'address1': '1371 8th St S', 'address2': None, 'address3': '', 'city': 'Wisconsin Rapids', 'zip_code': '54494', 'country': 'US', 'state': 'WI', 'display_address': ['1371 8th St S', 'Wisconsin Rapids, WI 54494']}",Graces Family Restaurant,+17154242442,$$,3.0,5,[],https://www.yelp.com/biz/graces-family-restaurant-wisconsin-rapids-3?adjust_creative=GVWAITeAe13hPk5JlriDSg&utm_campaign=yelp_api_v3&utm_medium=api_v3_business_search&utm_source=GVWAITeAe13hPk5JlriDSg
3-lakes-bistro-nekoosa-2,"[{'alias': 'tradamerican', 'title': 'American (Traditional)'}]","{'latitude': 44.2535798579812, 'longitude': -89.8103041672939}",(715) 325-2511,9944.848484030359,JsO8spwEkYh77-K3yz2Q5A,,False,"{'address1': '386 State Highway 13', 'address2': '', 'address3': None, 'city': 'Nekoosa', 'zip_code': '54457', 'country': 'US', 'state': 'WI', 'display_address': ['386 State Highway 13', 'Nekoosa, WI 54457']}",3 Lakes Bistro,+17153252511,,4.0,8,[],https://www.yelp.com/biz/3-lakes-bistro-nekoosa-2?adjust_creative=GVWAITeAe13hPk5JlriDSg&utm_campaign=yelp_api_v3&utm_medium=api_v3_business_search&utm_source=GVWAITeAe13hPk5JlriDSg
grand-avenue-pub-and-grille-wisconsin-rapids,"[{'alias': 'italian', 'title': 'Italian'}, {'alias': 'tradamerican', 'title': 'American (Traditional)'}, {'alias': 'breakfast_brunch', 'title': 'Breakfast & Brunch'}]","{'latitude': 44.389454, 'longitude': -89.821794}",(715) 422-7022,8223.188959404946,v4IypMirXlCNERcuAih22Q,https://s3-media3.fl.yelpcdn.com/bphoto/a-2q_a87jjDqnX7nPEyqlg/o.jpg,False,"{'address1': '451 E Grand Ave', 'address2': '', 'address3': '', 'city': 'Wisconsin Rapids', 'zip_code': '54494', 'country': 'US', 'state': 'WI', 'display_address': ['451 E Grand Ave', 'Wisconsin Rapids, WI 54494']}",Grand Avenue Pub & Grille,+17154227022,$$,3.0,8,[],https://www.yelp.com/biz/grand-avenue-pub-and-grille-wisconsin-rapids?adjust_creative=GVWAITeAe13hPk5JlriDSg&utm_campaign=yelp_api_v3&utm_medium=api_v3_business_search&utm_source=GVWAITeAe13hPk5JlriDSg
marcos-pizza-wisconsin-rapids,"[{'alias': 'pizza', 'title': 'Pizza'}]","{'latitude': 44.3835563659668, 'longitude': -89.8176422119141}",(715) 423-0060,7520.828425414245,_8qSuBrULiViQPKdSNdY7g,https://s3-media3.fl.yelpcdn.com/bphoto/SFeXLmIsxVyI2YcH3r-XIQ/o.jpg,False,"{'address1': '820 8th St S', 'address2': None, 'address3': '', 'city': 'Wisconsin Rapids', 'zip_code': '54494', 'country': 'US', 'state': 'WI', 'display_address': ['820 8th St S', 'Wisconsin Rapids, WI 54494']}",Marco's Pizza,+17154230060,$$,3.0,5,[],https://www.yelp.com/biz/marcos-pizza-wisconsin-rapids?adjust_creative=GVWAITeAe13hPk5JlriDSg&utm_campaign=yelp_api_v3&utm_medium=api_v3_business_search&utm_source=GVWAITeAe13hPk5JlriDSg
aa-roadhouse-bar-and-grill-wisconsin-rapids,"[{'alias': 'burgers', 'title': 'Burgers'}, {'alias': 'hotdogs', 'title': 'Fast Food'}]","{'latitude': 44.248253, 'longitude': -89.7269356}",(715) 909-0200,9223.641164726349,lLptGOYUfQ-Ir47UYJv0dw,https://s3-media2.fl.yelpcdn.com/bphoto/mECGJ2aqTmAqFb953b5YQQ/o.jpg,False,"{'address1': '784 State Hwy 73 S', 'address2': '', 'address3': '', 'city': 'Wisconsin Rapids', 'zip_code': '54494', 'country': 'US', 'state': 'WI', 'display_address': ['784 State Hwy 73 S', 'Wisconsin Rapids, WI 54494']}",AA Roadhouse Bar & Grill,+17159090200,,4.0,3,[],https://www.yelp.com/biz/aa-roadhouse-bar-and-grill-wisconsin-rapids?adjust_creative=GVWAITeAe13hPk5JlriDSg&utm_campaign=yelp_api_v3&utm_medium=api_v3_business_search&utm_source=GVWAITeAe13hPk5JlriDSg
hidden-creek-kitchens-by-odc-wisconsin-rapids,"[{'alias': 'soup', 'title': 'Soup'}]","{'latitude': 44.372562, 'longitude': -89.8133}",(715) 818-6481,6401.069265035712,I_Cmi1gsGybZpzGqt3srQA,,False,"{'address1': '1191 Huntington Ave', 'address2': '', 'address3': '', 'city': 'Wisconsin Rapids', 'zip_code': '54494', 'country': 'US', 'state': 'WI', 'display_address': ['1191 Huntington Ave', 'Wisconsin Rapids, WI 54494']}",Hidden Creek Kitchens by ODC,+17158186481,,5.0,1,[],https://www.yelp.com/biz/hidden-creek-kitchens-by-odc-wisconsin-rapids?adjust_creative=GVWAITeAe13hPk5JlriDSg&utm_campaign=yelp_api_v3&utm_medium=api_v3_business_search&utm_source=GVWAITeAe13hPk5JlriDSg
goodfellas-pizza-pub-nekoosa-2,"[{'alias': 'pizza', 'title': 'Pizza'}]","{'latitude': 44.3161277770996, 'longitude': -89.8906173706055}",(715) 886-3333,11025.687996506764,CpMXle2R1fGBXzOns-9d_Q,https://s3-media1.fl.yelpcdn.com/bphoto/F0olND57YTsZtm2PAkIVEg/o.jpg,False,"{'address1': '225 1st St', 'address2': '', 'address3': '', 'city': 'Nekoosa', 'zip_code': '54457', 'country': 'US', 'state': 'WI', 'display_address': ['225 1st St', 'Nekoosa, WI 54457']}",Goodfella's Pizza Pub,+17158863333,$$,3.5,11,[],https://www.yelp.com/biz/goodfellas-pizza-pub-nekoosa-2?adjust_creative=GVWAITeAe13hPk5JlriDSg&utm_campaign=yelp_api_v3&utm_medium=api_v3_business_search&utm_source=GVWAITeAe13hPk5JlriDSg
wild-horse-saloon-wisconsin-rapids,"[{'alias': 'bars', 'title': 'Bars'}, {'alias': 'tradamerican', 'title': 'American (Traditional)'}, {'alias': 'venues', 'title': 'Venues & Event Spaces'}]","{'latitude': 44.3371193420998, 'longitude': -89.7068575449137}",(715) 421-2122,3774.4693551790433,roH9YJ3s7Ky8r0qrIQQIRw,https://s3-media3.fl.yelpcdn.com/bphoto/ffDguxsEURr4UfKEVCoN3A/o.jpg,False,"{'address1': '9031 County Rd W', 'address2': '', 'address3': '', 'city': 'Wisconsin Rapids', 'zip_code': '54494', 'country': 'US', 'state': 'WI', 'display_address': ['9031 County Rd W', 'Wisconsin Rapids, WI 54494']}",Wild Horse Saloon,+17154212122,$$,4.0,1,[],https://www.yelp.com/biz/wild-horse-saloon-wisconsin-rapids?adjust_creative=GVWAITeAe13hPk5JlriDSg&utm_campaign=yelp_api_v3&utm_medium=api_v3_business_search&utm_source=GVWAITeAe13hPk5JlriDSg
danny-ks-pub-and-grille-wisconsin-rapids,"[{'alias': 'pubs', 'title': 'Pubs'}, {'alias': 'tradamerican', 'title': 'American (Traditional)'}]","{'latitude': 44.3959, 'longitude': -89.83534}",(715) 421-0200,9465.608643792673,78zC2NP7hMXG5GEMQIyVvA,,False,"{'address1': '950 W Grand Ave', 'address2': '', 'address3': '', 'city': 'Wisconsin Rapids', 'zip_code': '54495', 'country': 'US', 'state': 'WI', 'display_address': ['950 W Grand Ave', 'Wisconsin Rapids, WI 54495']}",Danny K's Pub & Grille,+17154210200,$$,4.0,4,[],https://www.yelp.com/biz/danny-ks-pub-and-grille-wisconsin-rapids?adjust_creative=GVWAITeAe13hPk5JlriDSg&utm_campaign=yelp_api_v3&utm_medium=api_v3_business_search&utm_source=GVWAITeAe13hPk5JlriDSg
four-star-family-restaurant-wisconsin-rapids,"[{'alias': 'tradamerican', 'title': 'American (Traditional)'}]","{'latitude': 44.3683280944824, 'longitude': -89.8163070678711}",(715) 424-4554,6290.1431181952885,bZ74TtjSeGXSrpiT0Tgopg,https://s3-media3.fl.yelpcdn.com/bphoto/vu8BXNZwhRpnm8xtmfYKfQ/o.jpg,False,"{'address1': '2911 8th St S', 'address2': '', 'address3': '', 'city': 'Wisconsin Rapids', 'zip_code': '54494', 'country': 'US', 'state': 'WI', 'display_address': ['2911 8th St S', 'Wisconsin Rapids, WI 54494']}",Four Star Family Restaurant,+17154244554,$,2.5,7,[],https://www.yelp.com/biz/four-star-family-restaurant-wisconsin-rapids?adjust_creative=GVWAITeAe13hPk5JlriDSg&utm_campaign=yelp_api_v3&utm_medium=api_v3_business_search&utm_source=GVWAITeAe13hPk5JlriDSg
grand-avenue-tavern-wisconsin-rapids-4,"[{'alias': 'pubs', 'title': 'Pubs'}, {'alias': 'musicvenues', 'title': 'Music Venues'}]","{'latitude': 44.389454, 'longitude': -89.821794}",(715) 423-1500,8223.188959404946,uFPuVaXzzM1_tHbtaQw1aw,https://s3-media2.fl.yelpcdn.com/bphoto/ntdb8I95ug_YquqTm7AOmA/o.jpg,False,"{'address1': '451 E Grand Ave', 'address2': '', 'address3': '', 'city': 'Wisconsin Rapids', 'zip_code': '54494', 'country': 'US', 'state': 'WI', 'display_address': ['451 E Grand Ave', 'Wisconsin Rapids, WI 54494']}",Grand Avenue Tavern,+17154231500,$$,3.5,3,[],https://www.yelp.com/biz/grand-avenue-tavern-wisconsin-rapids-4?adjust_creative=GVWAITeAe13hPk5JlriDSg&utm_campaign=yelp_api_v3&utm_medium=api_v3_business_search&utm_source=GVWAITeAe13hPk5JlriDSg
tri-city-golf-course-wisconsin-rapids,"[{'alias': 'golf', 'title': 'Golf'}]","{'latitude': 44.3673401, 'longitude': -89.8411255}",(715) 423-1380,7961.709940407305,xDvYFATwmp-zrUVaKEC2AQ,,False,"{'address1': '3000 Golf Course Rd', 'address2': '', 'address3': '', 'city': 'Wisconsin Rapids', 'zip_code': '54494', 'country': 'US', 'state': 'WI', 'display_address': ['3000 Golf Course Rd', 'Wisconsin Rapids, WI 54494']}",Tri-City Golf Course,+17154231380,,5.0,1,[],https://www.yelp.com/biz/tri-city-golf-course-wisconsin-rapids?adjust_creative=GVWAITeAe13hPk5JlriDSg&utm_campaign=yelp_api_v3&utm_medium=api_v3_business_search&utm_source=GVWAITeAe13hPk5JlriDSg
south-wood-county-historical-wisconsin-rapids,"[{'alias': 'museums', 'title': 'Museums'}]","{'latitude': 44.3877830505371, 'longitude': -89.8287582397461}",(715) 423-1580,8461.648440931938,fRLE5FRuCeBVIkY7Np3Big,https://s3-media4.fl.yelpcdn.com/bphoto/dMJKWpVZQrPfIMh4s7thrw/o.jpg,False,"{'address1': '540 3rd St S', 'address2': '', 'address3': '', 'city': 'Wisconsin Rapids', 'zip_code': '54494', 'country': 'US', 'state': 'WI', 'display_address': ['540 3rd St S', 'Wisconsin Rapids, WI 54494']}",South Wood County Historical,+17154231580,,5.0,1,[],https://www.yelp.com/biz/south-wood-county-historical-wisconsin-rapids?adjust_creative=GVWAITeAe13hPk5JlriDSg&utm_campaign=yelp_api_v3&utm_medium=api_v3_business_search&utm_source=GVWAITeAe13hPk5JlriDSg
isparkle-cupcakes-wisconsin-rapids,"[{'alias': 'bakeries', 'title': 'Bakeries'}]","{'latitude': 44.393776, 'longitude': -89.831673}",(715) 213-5201,9104.35039732081,IQIDe35ZcI9b8dOuFQgSlQ,https://s3-media2.fl.yelpcdn.com/bphoto/QJtioI6AIm_9xpwr3x2dnQ/o.jpg,False,"{'address1': '555 W Grand Ave', 'address2': '', 'address3': '', 'city': 'Wisconsin Rapids', 'zip_code': '54495', 'country': 'US', 'state': 'WI', 'display_address': ['555 W Grand Ave', 'Wisconsin Rapids, WI 54495']}",iSparkle Cupcakes,+17152135201,$$,4.0,2,[],https://www.yelp.com/biz/isparkle-cupcakes-wisconsin-rapids?adjust_creative=GVWAITeAe13hPk5JlriDSg&utm_campaign=yelp_api_v3&utm_medium=api_v3_business_search&utm_source=GVWAITeAe13hPk5JlriDSg
kfc-wisconsin-rapids,"[{'alias': 'hotdogs', 'title': 'Fast Food'}, {'alias': 'chicken_wings', 'title': 'Chicken Wings'}, {'alias': 'chickenshop', 'title': 'Chicken Shop'}]","{'latitude': 44.3788, 'longitude': -89.8177}",(715) 423-0690,7133.792359908362,t4oQuJV_x06_FcDMJNks6A,https://s3-media2.fl.yelpcdn.com/bphoto/yH4aFJhfrc52TU0PSnXVJQ/o.jpg,False,"{'address1': '1750 8th St S', 'address2': '', 'address3': '', 'city': 'Wisconsin Rapids', 'zip_code': '54494', 'country': 'US', 'state': 'WI', 'display_address': ['1750 8th St S', 'Wisconsin Rapids, WI 54494']}",KFC,+17154230690,$,3.0,3,[],https://www.yelp.com/biz/kfc-wisconsin-rapids?adjust_creative=GVWAITeAe13hPk5JlriDSg&utm_campaign=yelp_api_v3&utm_medium=api_v3_business_search&utm_source=GVWAITeAe13hPk5JlriDSg
pizza-hut-wisconsin-rapids,"[{'alias': 'pizza', 'title': 'Pizza'}, {'alias': 'italian', 'title': 'Italian'}, {'alias': 'chicken_wings', 'title': 'Chicken Wings'}]","{'latitude': 44.3762821307765, 'longitude': -89.8166648946222}",(715) 423-7100,6879.291331985266,BQud-jnoB-nWQJqkz4fIuQ,https://s3-media1.fl.yelpcdn.com/bphoto/PqX9Ev6HHh22ZWkQnC3Ubg/o.jpg,False,"{'address1': '2001 8th St S', 'address2': '', 'address3': '', 'city': 'Wisconsin Rapids', 'zip_code': '54494', 'country': 'US', 'state': 'WI', 'display_address': ['2001 8th St S', 'Wisconsin Rapids, WI 54494']}",Pizza Hut,+17154237100,$$,2.0,7,[],https://www.yelp.com/biz/pizza-hut-wisconsin-rapids?adjust_creative=GVWAITeAe13hPk5JlriDSg&utm_campaign=yelp_api_v3&utm_medium=api_v3_business_search&utm_source=GVWAITeAe13hPk5JlriDSg
party-time-cakes-wisconsin-rapids,"[{'alias': 'bakeries', 'title': 'Bakeries'}]","{'latitude': 44.3716946, 'longitude': -89.8170051}",(715) 423-1850,6500.280572655079,BtH0fJHhrV9zVnxvxYXO8w,https://s3-media3.fl.yelpcdn.com/bphoto/cr0Jtl77KQLo-aPmptDcXQ/o.jpg,False,"{'address1': '2541 8th St S', 'address2': None, 'address3': None, 'city': 'Wisconsin Rapids', 'zip_code': '54494', 'country': 'US', 'state': 'WI', 'display_address': ['2541 8th St S', 'Wisconsin Rapids, WI 54494']}",Party Time Cakes,+17154231850,$$,4.0,1,[],https://www.yelp.com/biz/party-time-cakes-wisconsin-rapids?adjust_creative=GVWAITeAe13hPk5JlriDSg&utm_campaign=yelp_api_v3&utm_medium=api_v3_business_search&utm_source=GVWAITeAe13hPk5JlriDSg
sunrise-bar-wisconsin-rapids,"[{'alias': 'bars', 'title': 'Bars'}, {'alias': 'pizza', 'title': 'Pizza'}]","{'latitude': 44.3733292, 'longitude': -89.8200531}",(715) 423-5870,6845.353695652789,arp71FSPGXqXW4x9djdXbg,https://s3-media3.fl.yelpcdn.com/bphoto/ADyzp78Vxg1Gb0iMU6W8pQ/o.jpg,False,"{'address1': '2350 6th St S', 'address2': '', 'address3': '', 'city': 'Wisconsin Rapids', 'zip_code': '54494', 'country': 'US', 'state': 'WI', 'display_address': ['2350 6th St S', 'Wisconsin Rapids, WI 54494']}",Sunrise Bar,+17154235870,,4.0,1,[],https://www.yelp.com/biz/sunrise-bar-wisconsin-rapids?adjust_creative=GVWAITeAe13hPk5JlriDSg&utm_campaign=yelp_api_v3&utm_medium=api_v3_business_search&utm_source=GVWAITeAe13hPk5JlriDSg
papa-murphys-wisconsin-rapids-2,"[{'alias': 'pizza', 'title': 'Pizza'}]","{'latitude': 44.35366, 'longitude': -89.81619}",(715) 424-1444,5431.391286032278,HASg7R6TKdKzKrilmQqodg,,False,"{'address1': '4551 8th Street South', 'address2': '', 'address3': '', 'city': 'Wisconsin Rapids', 'zip_code': '54494', 'country': 'US', 'state': 'WI', 'display_address': ['4551 8th Street South', 'Wisconsin Rapids, WI 54494']}",Papa Murphy's,+17154241444,,2.5,2,[],https://www.yelp.com/biz/papa-murphys-wisconsin-rapids-2?adjust_creative=GVWAITeAe13hPk5JlriDSg&utm_campaign=yelp_api_v3&utm_medium=api_v3_business_search&utm_source=GVWAITeAe13hPk5JlriDSg
ponderosa-pines-pub-eatery-and-campground-bancroft,"[{'alias': 'bars', 'title': 'Bars'}]","{'latitude': 44.239005, 'longitude': -89.636752}",(715) 335-2267,14062.218276782613,BfiUE1ul5wLQz5j7hOcdXA,https://s3-media3.fl.yelpcdn.com/bphoto/V05wPMFoFehjuLDbO6vokg/o.jpg,False,"{'address1': '287 State Road 73', 'address2': None, 'address3': None, 'city': 'Bancroft', 'zip_code': '54921', 'country': 'US', 'state': 'WI', 'display_address': ['287 State Road 73', 'Bancroft, WI 54921']}",Ponderosa Pines Pub-Eatery & Campground,+17153352267,$$,5.0,2,[],https://www.yelp.com/biz/ponderosa-pines-pub-eatery-and-campground-bancroft?adjust_creative=GVWAITeAe13hPk5JlriDSg&utm_campaign=yelp_api_v3&utm_medium=api_v3_business_search&utm_source=GVWAITeAe13hPk5JlriDSg
dairy-treat-wisconsin-rapids,"[{'alias': 'icecream', 'title': 'Ice Cream & Frozen Yogurt'}]","{'latitude': 44.3960266113281, 'longitude': -89.8375930786133}",(715) 421-4060,9622.006577429467,BG_9j_QkYpMlibUSkeFc7w,https://s3-media2.fl.yelpcdn.com/bphoto/mFqNwBsLLvjRABvwZ2Y4nQ/o.jpg,False,"{'address1': '1110 W Grand Ave', 'address2': '', 'address3': '', 'city': 'Wisconsin Rapids', 'zip_code': '54495', 'country': 'US', 'state': 'WI', 'display_address': ['1110 W Grand Ave', 'Wisconsin Rapids, WI 54495']}",Dairy Treat,+17154214060,,3.0,2,[],https://www.yelp.com/biz/dairy-treat-wisconsin-rapids?adjust_creative=GVWAITeAe13hPk5JlriDSg&utm_campaign=yelp_api_v3&utm_medium=api_v3_business_search&utm_source=GVWAITeAe13hPk5JlriDSg
dominos-pizza-wisconsin-rapids,"[{'alias': 'pizza', 'title': 'Pizza'}, {'alias': 'chicken_wings', 'title': 'Chicken Wings'}, {'alias': 'sandwiches', 'title': 'Sandwiches'}]","{'latitude': 44.368353, 'longitude': -89.817799}",(715) 423-5555,6373.2522538507355,RhWET9UIqgBw5QNx4OphDg,https://s3-media1.fl.yelpcdn.com/bphoto/CA5eUkyjLq6iVSf4qU7UNw/o.jpg,False,"{'address1': '2880 8th St S', 'address2': '', 'address3': '', 'city': 'Wisconsin Rapids', 'zip_code': '54494', 'country': 'US', 'state': 'WI', 'display_address': ['2880 8th St S', 'Wisconsin Rapids, WI 54494']}",Domino's Pizza,+17154235555,,2.5,4,[],https://www.yelp.com/biz/dominos-pizza-wisconsin-rapids?adjust_creative=GVWAITeAe13hPk5JlriDSg&utm_campaign=yelp_api_v3&utm_medium=api_v3_business_search&utm_source=GVWAITeAe13hPk5JlriDSg
perkins-restaurant-and-bakery-wisconsin-rapids,"[{'alias': 'bakeries', 'title': 'Bakeries'}, {'alias': 'breakfast_brunch', 'title': 'Breakfast & Brunch'}, {'alias': 'tradamerican', 'title': 'American (Traditional)'}]","{'latitude': 44.3741053929541, 'longitude': -89.816570430994}",(715) 423-4443,6708.651549734635,62FAllNeHGBGDumNxAWLWA,https://s3-media4.fl.yelpcdn.com/bphoto/i0EtTS1zMLXZXilGmM7OnA/o.jpg,False,"{'address1': '2311 8th St S', 'address2': '', 'address3': '', 'city': 'Wisconsin Rapids', 'zip_code': '54494', 'country': 'US', 'state': 'WI', 'display_address': ['2311 8th St S', 'Wisconsin Rapids, WI 54494']}",Perkins Restaurant & Bakery,+17154234443,$$,2.0,4,[],https://www.yelp.com/biz/perkins-restaurant-and-bakery-wisconsin-rapids?adjust_creative=GVWAITeAe13hPk5JlriDSg&utm_campaign=yelp_api_v3&utm_medium=api_v3_business_search&utm_source=GVWAITeAe13hPk5JlriDSg
skate-city-wisconsin-rapids,"[{'alias': 'skatingrinks', 'title': 'Skating Rinks'}, {'alias': 'skate_parks', 'title': 'Skate Parks'}]","{'latitude': 44.4078903, 'longitude': -89.7821808}",(715) 423-4040,8565.003976505965,2EnAPk1ukhCZax3KzkO3WQ,https://s3-media4.fl.yelpcdn.com/bphoto/IwyxMCF8hS1YCzUcsKnqPQ/o.jpg,False,"{'address1': '2211 36th St N', 'address2': '', 'address3': '', 'city': 'Wisconsin Rapids', 'zip_code': '54494', 'country': 'US', 'state': 'WI', 'display_address': ['2211 36th St N', 'Wisconsin Rapids, WI 54494']}",Skate City,+17154234040,,3.0,3,[],https://www.yelp.com/biz/skate-city-wisconsin-rapids?adjust_creative=GVWAITeAe13hPk5JlriDSg&utm_campaign=yelp_api_v3&utm_medium=api_v3_business_search&utm_source=GVWAITeAe13hPk5JlriDSg
silvios-wisconsin-rapids,"[{'alias': 'pizza', 'title': 'Pizza'}]","{'latitude': 44.393814, 'longitude': -89.831702}",(715) 421-4550,9109.07405391306,nNV5NHPIEF5pn6MiL0C9Lw,,False,"{'address1': 'Rapids Mall', 'address2': '', 'address3': '', 'city': 'Wisconsin Rapids', 'zip_code': '54494', 'country': 'US', 'state': 'WI', 'display_address': ['Rapids Mall', 'Wisconsin Rapids, WI 54494']}",Silvio's,+17154214550,,3.0,2,[],https://www.yelp.com/biz/silvios-wisconsin-rapids?adjust_creative=GVWAITeAe13hPk5JlriDSg&utm_campaign=yelp_api_v3&utm_medium=api_v3_business_search&utm_source=GVWAITeAe13hPk5JlriDSg
chips-of-wisconsin-rapids-wisconsin-rapids,"[{'alias': 'hotdogs', 'title': 'Fast Food'}, {'alias': 'tradamerican', 'title': 'American (Traditional)'}, {'alias': 'burgers', 'title': 'Burgers'}]","{'latitude': 44.39621, 'longitude': -89.84034}",(715) 423-8820,9775.1474726303,zot4Re2X7sgkREhBjimrYg,https://s3-media4.fl.yelpcdn.com/bphoto/23t-945yO3p4wD9dKSEWcA/o.jpg,False,"{'address1': '1330 W Grand Ave', 'address2': '', 'address3': '', 'city': 'Wisconsin Rapids', 'zip_code': '54495', 'country': 'US', 'state': 'WI', 'display_address': ['1330 W Grand Ave', 'Wisconsin Rapids, WI 54495']}",Chips of Wisconsin Rapids,+17154238820,$,2.0,5,[],https://www.yelp.com/biz/chips-of-wisconsin-rapids-wisconsin-rapids?adjust_creative=GVWAITeAe13hPk5JlriDSg&utm_campaign=yelp_api_v3&utm_medium=api_v3_business_search&utm_source=GVWAITeAe13hPk5JlriDSg
jimmy-johns-wisconsin-rapids,"[{'alias': 'sandwiches', 'title': 'Sandwiches'}, {'alias': 'hotdogs', 'title': 'Fast Food'}, {'alias': 'delis', 'title': 'Delis'}]","{'latitude': 44.3764, 'longitude': -89.8177872}",(715) 421-2424,6944.80579770827,t94KzpPE-mfOQFOyuqgUiw,,False,"{'address1': '2020 8th St S', 'address2': '', 'address3': '', 'city': 'Wisconsin Rapids', 'zip_code': '54494', 'country': 'US', 'state': 'WI', 'display_address': ['2020 8th St S', 'Wisconsin Rapids, WI 54494']}",Jimmy John's,+17154212424,$,2.0,4,[],https://www.yelp.com/biz/jimmy-johns-wisconsin-rapids?adjust_creative=GVWAITeAe13hPk5JlriDSg&utm_campaign=yelp_api_v3&utm_medium=api_v3_business_search&utm_source=GVWAITeAe13hPk5JlriDSg
tropical-smoothie-cafe-wisconsin-rapids-3,"[{'alias': 'juicebars', 'title': 'Juice Bars & Smoothies'}, {'alias': 'sandwiches', 'title': 'Sandwiches'}]","{'latitude': 44.37689, 'longitude': -89.81655}",(715) 424-1540,6923.254482918281,auUazLndpz5tVDBVdzLp8w,https://s3-media2.fl.yelpcdn.com/bphoto/lEX74hF6Fi3VO9X5ikWCvA/o.jpg,False,"{'address1': '1951 8th St S', 'address2': '', 'address3': '', 'city': 'Wisconsin Rapids', 'zip_code': '54494', 'country': 'US', 'state': 'WI', 'display_address': ['1951 8th St S', 'Wisconsin Rapids, WI 54494']}",Tropical Smoothie Cafe,+17154241540,,5.0,2,[],https://www.yelp.com/biz/tropical-smoothie-cafe-wisconsin-rapids-3?adjust_creative=GVWAITeAe13hPk5JlriDSg&utm_campaign=yelp_api_v3&utm_medium=api_v3_business_search&utm_source=GVWAITeAe13hPk5JlriDSg
hardees-restaurant-wisconsin-rapids,"[{'alias': 'burgers', 'title': 'Burgers'}]","{'latitude': 44.3784637451172, 'longitude': -89.8166122436523}",(715) 421-3775,7046.758297871045,nJFnw2-KSJKW0-d7P9Ufaw,,False,"{'address1': '1821 8th St S', 'address2': '', 'address3': '', 'city': 'Wisconsin Rapids', 'zip_code': '54494', 'country': 'US', 'state': 'WI', 'display_address': ['1821 8th St S', 'Wisconsin Rapids, WI 54494']}",Hardee's Restaurant,+17154213775,,2.0,3,[],https://www.yelp.com/biz/hardees-restaurant-wisconsin-rapids?adjust_creative=GVWAITeAe13hPk5JlriDSg&utm_campaign=yelp_api_v3&utm_medium=api_v3_business_search&utm_source=GVWAITeAe13hPk5JlriDSg
subway-wisconsin-rapids-6,"[{'alias': 'hotdogs', 'title': 'Fast Food'}, {'alias': 'sandwiches', 'title': 'Sandwiches'}]","{'latitude': 44.39382, 'longitude': -89.83144}",(715) 424-1222,9056.600055550958,Gdt0XHSlyzlmwsw69_qslw,,False,"{'address1': '555 W Grand Ave', 'address2': 'Ste B-1', 'address3': None, 'city': 'Wisconsin Rapids', 'zip_code': '54495', 'country': 'US', 'state': 'WI', 'display_address': ['555 W Grand Ave', 'Ste B-1', 'Wisconsin Rapids, WI 54495']}",Subway,+17154241222,,2.5,2,[],https://www.yelp.com/biz/subway-wisconsin-rapids-6?adjust_creative=GVWAITeAe13hPk5JlriDSg&utm_campaign=yelp_api_v3&utm_medium=api_v3_business_search&utm_source=GVWAITeAe13hPk5JlriDSg
rocky-rococo-wisconsin-rapids,"[{'alias': 'pizza', 'title': 'Pizza'}]","{'latitude': 44.37787, 'longitude': -89.81653}",(715) 712-1200,6997.44677111583,Hlwuy9eKcBdzJ1Vf247V5w,https://s3-media3.fl.yelpcdn.com/bphoto/1xlb3sn1_VaRaHHRwmSrsQ/o.jpg,False,"{'address1': '1841 8th St S', 'address2': None, 'address3': None, 'city': 'Wisconsin Rapids', 'zip_code': '54494', 'country': 'US', 'state': 'WI', 'display_address': ['1841 8th St S', 'Wisconsin Rapids, WI 54494']}",Rocky Rococo,+17157121200,,2.0,3,[],https://www.yelp.com/biz/rocky-rococo-wisconsin-rapids?adjust_creative=GVWAITeAe13hPk5JlriDSg&utm_campaign=yelp_api_v3&utm_medium=api_v3_business_search&utm_source=GVWAITeAe13hPk5JlriDSg
subway-wisconsin-rapids-5,"[{'alias': 'hotdogs', 'title': 'Fast Food'}, {'alias': 'sandwiches', 'title': 'Sandwiches'}]","{'latitude': 44.354734, 'longitude': -89.81304}",(715) 423-0123,5243.042923219569,T1oZs6RIZCtZT85K9VlliQ,,False,"{'address1': '4331 8th St S', 'address2': None, 'address3': None, 'city': 'Wisconsin Rapids', 'zip_code': '54494', 'country': 'US', 'state': 'WI', 'display_address': ['4331 8th St S', 'Wisconsin Rapids, WI 54494']}",Subway,+17154230123,,5.0,1,[],https://www.yelp.com/biz/subway-wisconsin-rapids-5?adjust_creative=GVWAITeAe13hPk5JlriDSg&utm_campaign=yelp_api_v3&utm_medium=api_v3_business_search&utm_source=GVWAITeAe13hPk5JlriDSg
rose-garden-wisconsin-rapids,"[{'alias': 'comfortfood', 'title': 'Comfort Food'}]","{'latitude': 44.371784, 'longitude': -89.81768}",,6604.8579717895,6C8QdJ-nDZErT6D_G9d5Rg,,False,"{'address1': '2520 8th St S', 'address2': '', 'address3': '', 'city': 'Wisconsin Rapids', 'zip_code': '54494', 'country': 'US', 'state': 'WI', 'display_address': ['2520 8th St S', 'Wisconsin Rapids, WI 54494']}",Rose Garden,,,1.0,2,[],https://www.yelp.com/biz/rose-garden-wisconsin-rapids?adjust_creative=GVWAITeAe13hPk5JlriDSg&utm_campaign=yelp_api_v3&utm_medium=api_v3_business_search&utm_source=GVWAITeAe13hPk5JlriDSg
kellner-international-bar-wisconsin-rapids,"[{'alias': 'bars', 'title': 'Bars'}, {'alias': 'tradamerican', 'title': 'American (Traditional)'}]","{'latitude': 44.38234, 'longitude': -89.72571}",(715) 423-8884,5884.359146071004,YGsitqK1wUmKJVeEam9z5A,https://s3-media4.fl.yelpcdn.com/bphoto/ILDuJfVDw2_-M_5zyr19tw/o.jpg,False,"{'address1': '1204 80th St S', 'address2': '', 'address3': '', 'city': 'Wisconsin Rapids', 'zip_code': '54494', 'country': 'US', 'state': 'WI', 'display_address': ['1204 80th St S', 'Wisconsin Rapids, WI 54494']}",Kellner International Bar,+17154238884,,3.0,2,[],https://www.yelp.com/biz/kellner-international-bar-wisconsin-rapids?adjust_creative=GVWAITeAe13hPk5JlriDSg&utm_campaign=yelp_api_v3&utm_medium=api_v3_business_search&utm_source=GVWAITeAe13hPk5JlriDSg
mcdonalds-wisconsin-rapids-2,"[{'alias': 'hotdogs', 'title': 'Fast Food'}, {'alias': 'burgers', 'title': 'Burgers'}, {'alias': 'coffee', 'title': 'Coffee & Tea'}]","{'latitude': 44.3757156, 'longitude': -89.817667}",(715) 421-1680,6894.004516618141,YwKqwvAJaS8kjD5Sa5h0NQ,https://s3-media4.fl.yelpcdn.com/bphoto/KzsjFJ8GiHMxKqng7ozKGw/o.jpg,False,"{'address1': '2128 8th St S', 'address2': None, 'address3': None, 'city': 'Wisconsin Rapids', 'zip_code': '54494', 'country': 'US', 'state': 'WI', 'display_address': ['2128 8th St S', 'Wisconsin Rapids, WI 54494']}",McDonald's,+17154211680,,2.5,4,[],https://www.yelp.com/biz/mcdonalds-wisconsin-rapids-2?adjust_creative=GVWAITeAe13hPk5JlriDSg&utm_campaign=yelp_api_v3&utm_medium=api_v3_business_search&utm_source=GVWAITeAe13hPk5JlriDSg
dairy-queen-wisconsin-rapids,"[{'alias': 'icecream', 'title': 'Ice Cream & Frozen Yogurt'}]","{'latitude': 44.3883476257324, 'longitude': -89.8197784423828}",(715) 423-0920,8033.422462768913,KwBGrt85wvjjn4IDg0nClg,https://s3-media1.fl.yelpcdn.com/bphoto/0ZhYx4yo5irXV-MikJpQCA/o.jpg,False,"{'address1': '551 E Grand Ave', 'address2': '', 'address3': '', 'city': 'Wisconsin Rapids', 'zip_code': '54494', 'country': 'US', 'state': 'WI', 'display_address': ['551 E Grand Ave', 'Wisconsin Rapids, WI 54494']}",Dairy Queen,+17154230920,,5.0,1,[],https://www.yelp.com/biz/dairy-queen-wisconsin-rapids?adjust_creative=GVWAITeAe13hPk5JlriDSg&utm_campaign=yelp_api_v3&utm_medium=api_v3_business_search&utm_source=GVWAITeAe13hPk5JlriDSg
octane-bar-and-grill-wisconsin-rapids-2,"[{'alias': 'bars', 'title': 'Bars'}, {'alias': 'musicvenues', 'title': 'Music Venues'}, {'alias': 'tradamerican', 'title': 'American (Traditional)'}]","{'latitude': 44.3132363099859, 'longitude': -89.8102360591292}",(715) 325-6060,4995.447441570918,RHFqsWhCjMgyn9kj0HBKLA,https://s3-media3.fl.yelpcdn.com/bphoto/URYjB7yDot40VTpy2zQmrg/o.jpg,False,"{'address1': '9047 State Hwy 13 S', 'address2': '', 'address3': '', 'city': 'Wisconsin Rapids', 'zip_code': '54494', 'country': 'US', 'state': 'WI', 'display_address': ['9047 State Hwy 13 S', 'Wisconsin Rapids, WI 54494']}",Octane Bar & Grill,+17153256060,$,2.0,1,[],https://www.yelp.com/biz/octane-bar-and-grill-wisconsin-rapids-2?adjust_creative=GVWAITeAe13hPk5JlriDSg&utm_campaign=yelp_api_v3&utm_medium=api_v3_business_search&utm_source=GVWAITeAe13hPk5JlriDSg
taco-bell-wisconsin-rapids,"[{'alias': 'mexican', 'title': 'Mexican'}, {'alias': 'tex-mex', 'title': 'Tex-Mex'}, {'alias': 'hotdogs', 'title': 'Fast Food'}]","{'latitude': 44.378933, 'longitude': -89.817401}",(715) 423-0690,7127.457370940567,FpMHrXs3yg43BeX6zShLEA,https://s3-media3.fl.yelpcdn.com/bphoto/bpco9vEytc70s3WK_Ptoow/o.jpg,False,"{'address1': '1750 8th Street South', 'address2': '', 'address3': '', 'city': 'Wisconsin Rapids', 'zip_code': '54494', 'country': 'US', 'state': 'WI', 'display_address': ['1750 8th Street South', 'Wisconsin Rapids, WI 54494']}",Taco Bell,+17154230690,,2.5,2,[],https://www.yelp.com/biz/taco-bell-wisconsin-rapids?adjust_creative=GVWAITeAe13hPk5JlriDSg&utm_campaign=yelp_api_v3&utm_medium=api_v3_business_search&utm_source=GVWAITeAe13hPk5JlriDSg
subway-wisconsin-rapids-3,"[{'alias': 'sandwiches', 'title': 'Sandwiches'}, {'alias': 'hotdogs', 'title': 'Fast Food'}]","{'latitude': 44.3602256774902, 'longitude': -89.8175354003906}",(715) 423-2722,5857.728932196046,GN-UgWdlENS5LQxjZ_-4XA,,False,"{'address1': '3810 8th St S', 'address2': '', 'address3': '', 'city': 'Wisconsin Rapids', 'zip_code': '54494', 'country': 'US', 'state': 'WI', 'display_address': ['3810 8th St S', 'Wisconsin Rapids, WI 54494']}",Subway,+17154232722,,1.0,2,[],https://www.yelp.com/biz/subway-wisconsin-rapids-3?adjust_creative=GVWAITeAe13hPk5JlriDSg&utm_campaign=yelp_api_v3&utm_medium=api_v3_business_search&utm_source=GVWAITeAe13hPk5JlriDSg
burger-king-wisconsin-rapids,"[{'alias': 'burgers', 'title': 'Burgers'}, {'alias': 'hotdogs', 'title': 'Fast Food'}]","{'latitude': 44.3828163146973, 'longitude': -89.8176498413086}",(715) 424-2070,7441.605824129958,1RigJYMcokrHQfif7FDV5w,,False,"{'address1': '940 8th St S', 'address2': '', 'address3': '', 'city': 'Wisconsin Rapids', 'zip_code': '54494', 'country': 'US', 'state': 'WI', 'display_address': ['940 8th St S', 'Wisconsin Rapids, WI 54494']}",Burger King,+17154242070,,2.0,1,[],https://www.yelp.com/biz/burger-king-wisconsin-rapids?adjust_creative=GVWAITeAe13hPk5JlriDSg&utm_campaign=yelp_api_v3&utm_medium=api_v3_business_search&utm_source=GVWAITeAe13hPk5JlriDSg
freddies-pub-and-eatery-wisconsin-rapids,"[{'alias': 'pubs', 'title': 'Pubs'}, {'alias': 'burgers', 'title': 'Burgers'}]","{'latitude': 44.38337, 'longitude': -89.80175}",(715) 424-1807,6737.986259751968,kv16gqm4Tv8bJrTtqMFb5w,,False,"{'address1': '2010 Chestnut St', 'address2': None, 'address3': None, 'city': 'Wisconsin Rapids', 'zip_code': '54494', 'country': 'US', 'state': 'WI', 'display_address': ['2010 Chestnut St', 'Wisconsin Rapids, WI 54494']}",Freddie's Pub & Eatery,+17154241807,,1.0,1,[],https://www.yelp.com/biz/freddies-pub-and-eatery-wisconsin-rapids?adjust_creative=GVWAITeAe13hPk5JlriDSg&utm_campaign=yelp_api_v3&utm_medium=api_v3_business_search&utm_source=GVWAITeAe13hPk5JlriDSg
little-caesars-pizza-wisconsin-rapids,"[{'alias': 'italian', 'title': 'Italian'}, {'alias': 'pizza', 'title': 'Pizza'}]","{'latitude': 44.38495, 'longitude': -89.81677}",(715) 421-2222,7582.8972524152905,UURAeCLj0trmsyDvneKNUw,https://s3-media1.fl.yelpcdn.com/bphoto/WWz0zLBKysUANVCjauXDJQ/o.jpg,False,"{'address1': '621 8th St S', 'address2': None, 'address3': None, 'city': 'Wisconsin Rapids', 'zip_code': '54494', 'country': 'US', 'state': 'WI', 'display_address': ['621 8th St S', 'Wisconsin Rapids, WI 54494']}",Little Caesar's Pizza,+17154212222,,1.0,1,[],https://www.yelp.com/biz/little-caesars-pizza-wisconsin-rapids?adjust_creative=GVWAITeAe13hPk5JlriDSg&utm_campaign=yelp_api_v3&utm_medium=api_v3_business_search&utm_source=GVWAITeAe13hPk5JlriDSg
mcdonalds-nekoosa,"[{'alias': 'burgers', 'title': 'Burgers'}, {'alias': 'hotdogs', 'title': 'Fast Food'}, {'alias': 'coffee', 'title': 'Coffee & Tea'}]","{'latitude': 44.315989050085, 'longitude': -89.8895977747875}",(715) 886-5000,10946.409403272944,4x5z2Sdd4biS-FtRBV5UkQ,https://s3-media3.fl.yelpcdn.com/bphoto/-HfOQt27zPtQEX_AX3y4kA/o.jpg,False,"{'address1': '110 Market St', 'address2': '', 'address3': '', 'city': 'Nekoosa', 'zip_code': '54457', 'country': 'US', 'state': 'WI', 'display_address': ['110 Market St', 'Nekoosa, WI 54457']}",McDonald's,+17158865000,,3.0,2,[],https://www.yelp.com/biz/mcdonalds-nekoosa?adjust_creative=GVWAITeAe13hPk5JlriDSg&utm_campaign=yelp_api_v3&utm_medium=api_v3_business_search&utm_source=GVWAITeAe13hPk5JlriDSg
subway-nekoosa,"[{'alias': 'sandwiches', 'title': 'Sandwiches'}, {'alias': 'hotdogs', 'title': 'Fast Food'}]","{'latitude': 44.3166580200195, 'longitude': -89.8891143798828}",(715) 886-5700,10900.88398682706,KBLRFsJCXkzTnmMUH9jKiQ,,False,"{'address1': '106 1st St', 'address2': '', 'address3': '', 'city': 'Nekoosa', 'zip_code': '54457', 'country': 'US', 'state': 'WI', 'display_address': ['106 1st St', 'Nekoosa, WI 54457']}",Subway,+17158865700,,2.0,1,[],https://www.yelp.com/biz/subway-nekoosa?adjust_creative=GVWAITeAe13hPk5JlriDSg&utm_campaign=yelp_api_v3&utm_medium=api_v3_business_search&utm_source=GVWAITeAe13hPk5JlriDSg
