alias,categories,coordinates,display_phone,distance,id,image_url,is_closed,location,name,phone,price,rating,review_count,transactions,url
the-kitchen-table-marshfield,"[{'alias': 'newamerican', 'title': 'American (New)'}]","{'latitude': 44.6654777509482, 'longitude': -90.174551138623}",(715) 387-2601,33879.65033612375,OmENVcsY4Zc1pxiXgbOH9g,https://s3-media3.fl.yelpcdn.com/bphoto/Rb3tyr03ZoWipMrZAILbAg/o.jpg,False,"{'address1': '118 E 3rd St', 'address2': '', 'address3': '', 'city': 'Marshfield', 'zip_code': '54449', 'country': 'US', 'state': 'WI', 'display_address': ['118 E 3rd St', 'Marshfield, WI 54449']}",The Kitchen Table,+17153872601,$$,4.5,45,[],https://www.yelp.com/biz/the-kitchen-table-marshfield?adjust_creative=GVWAITeAe13hPk5JlriDSg&utm_campaign=yelp_api_v3&utm_medium=api_v3_business_search&utm_source=GVWAITeAe13hPk5JlriDSg
blue-heron-brew-pub-marshfield,"[{'alias': 'tradamerican', 'title': 'American (Traditional)'}, {'alias': 'pubs', 'title': 'Pubs'}]","{'latitude': 44.65943, 'longitude': -90.17966}",(715) 389-1868,33108.61423746318,PiLenMd4PUhj7rDw_M50NA,https://s3-media1.fl.yelpcdn.com/bphoto/hwMRZdHbWc-07hvLoTyvcg/o.jpg,False,"{'address1': '108 W 9th St', 'address2': '', 'address3': '', 'city': 'Marshfield', 'zip_code': '54449', 'country': 'US', 'state': 'WI', 'display_address': ['108 W 9th St', 'Marshfield, WI 54449']}",Blue Heron Brew Pub,+17153891868,$$,4.0,93,[],https://www.yelp.com/biz/blue-heron-brew-pub-marshfield?adjust_creative=GVWAITeAe13hPk5JlriDSg&utm_campaign=yelp_api_v3&utm_medium=api_v3_business_search&utm_source=GVWAITeAe13hPk5JlriDSg
nutz-deep-ii-marshfield,"[{'alias': 'burgers', 'title': 'Burgers'}, {'alias': 'sportsbars', 'title': 'Sports Bars'}, {'alias': 'tradamerican', 'title': 'American (Traditional)'}]","{'latitude': 44.6602526307106, 'longitude': -90.178165063262}",(715) 387-2597,33229.43061266025,uQ1UpXyRHt7CqLI5l8QIkw,https://s3-media2.fl.yelpcdn.com/bphoto/Vqlmyvd4-l3CNEs7HRHvSQ/o.jpg,False,"{'address1': '809 S Central Ave', 'address2': '', 'address3': '', 'city': 'Marshfield', 'zip_code': '54449', 'country': 'US', 'state': 'WI', 'display_address': ['809 S Central Ave', 'Marshfield, WI 54449']}",Nutz Deep II,+17153872597,$$,4.0,52,[],https://www.yelp.com/biz/nutz-deep-ii-marshfield?adjust_creative=GVWAITeAe13hPk5JlriDSg&utm_campaign=yelp_api_v3&utm_medium=api_v3_business_search&utm_source=GVWAITeAe13hPk5JlriDSg
royal-tokyo-teppanyaki-and-steak-house-marshfield,"[{'alias': 'japanese', 'title': 'Japanese'}]","{'latitude': 44.666472, 'longitude': -90.172527}",(715) 486-8868,34050.93313222821,xeBu6ilqEjUoKaR-IVhZqw,https://s3-media3.fl.yelpcdn.com/bphoto/tRZ2enhH441WWQ_HiYl_aQ/o.jpg,False,"{'address1': '112 E 1st St', 'address2': '', 'address3': '', 'city': 'Marshfield', 'zip_code': '54449', 'country': 'US', 'state': 'WI', 'display_address': ['112 E 1st St', 'Marshfield, WI 54449']}",Royal Tokyo Teppanyaki & Steak House,+17154868868,$$,4.5,26,[],https://www.yelp.com/biz/royal-tokyo-teppanyaki-and-steak-house-marshfield?adjust_creative=GVWAITeAe13hPk5JlriDSg&utm_campaign=yelp_api_v3&utm_medium=api_v3_business_search&utm_source=GVWAITeAe13hPk5JlriDSg
taqueria-el-sol-marshfield,"[{'alias': 'mexican', 'title': 'Mexican'}]","{'latitude': 44.6515624, 'longitude': -90.1824045}",(715) 384-6811,32219.284518514374,p7UvQM4lMzX3FypiRsiFkQ,https://s3-media1.fl.yelpcdn.com/bphoto/ZiAHjvtW8vF4aoiKtyWRUQ/o.jpg,False,"{'address1': '1705 S Central Ave', 'address2': '', 'address3': '', 'city': 'Marshfield', 'zip_code': '54449', 'country': 'US', 'state': 'WI', 'display_address': ['1705 S Central Ave', 'Marshfield, WI 54449']}",Taqueria El Sol,+17153846811,$$,4.0,41,[],https://www.yelp.com/biz/taqueria-el-sol-marshfield?adjust_creative=GVWAITeAe13hPk5JlriDSg&utm_campaign=yelp_api_v3&utm_medium=api_v3_business_search&utm_source=GVWAITeAe13hPk5JlriDSg
hotel-marshfield-bw-premier-collection-marshfield,"[{'alias': 'hotels', 'title': 'Hotels'}, {'alias': 'venues', 'title': 'Venues & Event Spaces'}, {'alias': 'tradamerican', 'title': 'American (Traditional)'}]","{'latitude': 44.643264, 'longitude': -90.181663}",(715) 387-2700,31449.988906079336,bDPT_hQfpQN9OEfyBJ4E4A,https://s3-media4.fl.yelpcdn.com/bphoto/YGdZ9Qa1E_uDxK2LWvG_FA/o.jpg,False,"{'address1': '2700 S Central Ave', 'address2': '', 'address3': '', 'city': 'Marshfield', 'zip_code': '54449', 'country': 'US', 'state': 'WI', 'display_address': ['2700 S Central Ave', 'Marshfield, WI 54449']}","Hotel Marshfield, BW Premier Collection",+17153872700,$$$,4.0,28,[],https://www.yelp.com/biz/hotel-marshfield-bw-premier-collection-marshfield?adjust_creative=GVWAITeAe13hPk5JlriDSg&utm_campaign=yelp_api_v3&utm_medium=api_v3_business_search&utm_source=GVWAITeAe13hPk5JlriDSg
mojos-pasta-house-and-cajun-cook-shack-marshfield,"[{'alias': 'italian', 'title': 'Italian'}, {'alias': 'cajun', 'title': 'Cajun/Creole'}]","{'latitude': 44.6656992025286, 'longitude': -90.1741853356361}",(715) 898-2007,33914.72392739561,9JRKCgO1QTYGmXPAtkCw5Q,https://s3-media3.fl.yelpcdn.com/bphoto/N-xjyhSM9SXLwAEsnG9lSg/o.jpg,False,"{'address1': '201 S Central Ave', 'address2': None, 'address3': '', 'city': 'Marshfield', 'zip_code': '54449', 'country': 'US', 'state': 'WI', 'display_address': ['201 S Central Ave', 'Marshfield, WI 54449']}",MoJo's Pasta House and Cajun Cook Shack,+17158982007,$$,4.5,11,[],https://www.yelp.com/biz/mojos-pasta-house-and-cajun-cook-shack-marshfield?adjust_creative=GVWAITeAe13hPk5JlriDSg&utm_campaign=yelp_api_v3&utm_medium=api_v3_business_search&utm_source=GVWAITeAe13hPk5JlriDSg
bevs-saddle-mound-tap-pittsville,"[{'alias': 'tradamerican', 'title': 'American (Traditional)'}, {'alias': 'pizza', 'title': 'Pizza'}]","{'latitude': 44.3736801, 'longitude': -90.4967728}",(715) 884-7355,10487.466309606149,JywD69xmHNqRI_RKZ3rw2w,,False,"{'address1': 'N8376 Pray Rd', 'address2': '', 'address3': '', 'city': 'Pittsville', 'zip_code': '54466', 'country': 'US', 'state': 'WI', 'display_address': ['N8376 Pray Rd', 'Pittsville, WI 54466']}",Bev's Saddle Mound Tap,+17158847355,$,5.0,4,[],https://www.yelp.com/biz/bevs-saddle-mound-tap-pittsville?adjust_creative=GVWAITeAe13hPk5JlriDSg&utm_campaign=yelp_api_v3&utm_medium=api_v3_business_search&utm_source=GVWAITeAe13hPk5JlriDSg
schmittys-on-main-neillsville,"[{'alias': 'breakfast_brunch', 'title': 'Breakfast & Brunch'}]","{'latitude': 44.5596161, 'longitude': -90.596489}",(715) 743-3750,25854.07841681452,_LB6opBx-5Z4f17eyQzkEQ,https://s3-media4.fl.yelpcdn.com/bphoto/uw0XmflVseS2KkTiWkwJig/o.jpg,False,"{'address1': '436 Hewett St', 'address2': '', 'address3': '', 'city': 'Neillsville', 'zip_code': '54456', 'country': 'US', 'state': 'WI', 'display_address': ['436 Hewett St', 'Neillsville, WI 54456']}",Schmitty's on Main,+17157433750,$,4.5,9,[],https://www.yelp.com/biz/schmittys-on-main-neillsville?adjust_creative=GVWAITeAe13hPk5JlriDSg&utm_campaign=yelp_api_v3&utm_medium=api_v3_business_search&utm_source=GVWAITeAe13hPk5JlriDSg
lumberyard-bar-and-grill-marshfield-3,"[{'alias': 'sportsbars', 'title': 'Sports Bars'}, {'alias': 'tradamerican', 'title': 'American (Traditional)'}]","{'latitude': 44.682511, 'longitude': -90.1625111}",(715) 387-1920,35999.444567699305,YNqNFMTN1UhVOdkRJzs4kg,https://s3-media3.fl.yelpcdn.com/bphoto/Eqb5N3LaX_Q48-tyA1gMCA/o.jpg,False,"{'address1': '1651 N Central Ave', 'address2': '', 'address3': '', 'city': 'Marshfield', 'zip_code': '54449', 'country': 'US', 'state': 'WI', 'display_address': ['1651 N Central Ave', 'Marshfield, WI 54449']}",Lumberyard Bar & Grill,+17153871920,$$,4.0,28,[],https://www.yelp.com/biz/lumberyard-bar-and-grill-marshfield-3?adjust_creative=GVWAITeAe13hPk5JlriDSg&utm_campaign=yelp_api_v3&utm_medium=api_v3_business_search&utm_source=GVWAITeAe13hPk5JlriDSg
crabby-daves-marshfield,"[{'alias': 'tradamerican', 'title': 'American (Traditional)'}]","{'latitude': 44.66293, 'longitude': -90.17595}",(715) 384-4868,33577.16595823039,ZZHuYVzhSk4veYlToOsvYQ,https://s3-media2.fl.yelpcdn.com/bphoto/34DK3LsKiVfTX357tveKSw/o.jpg,False,"{'address1': '501 S Central Ave', 'address2': '', 'address3': '', 'city': 'Marshfield', 'zip_code': '54449', 'country': 'US', 'state': 'WI', 'display_address': ['501 S Central Ave', 'Marshfield, WI 54449']}",Crabby Dave's,+17153844868,$$,4.0,17,[],https://www.yelp.com/biz/crabby-daves-marshfield?adjust_creative=GVWAITeAe13hPk5JlriDSg&utm_campaign=yelp_api_v3&utm_medium=api_v3_business_search&utm_source=GVWAITeAe13hPk5JlriDSg
stones-throw-bar-and-grill-merrillan,"[{'alias': 'bars', 'title': 'Bars'}, {'alias': 'tradamerican', 'title': 'American (Traditional)'}]","{'latitude': 44.4224863920111, 'longitude': -90.7271361351013}",(715) 333-2603,28702.246118447692,M0OWvVRZUxGow3Yi1FfUCA,https://s3-media3.fl.yelpcdn.com/bphoto/AB7dDu-yBj7YDPcweKzXKw/o.jpg,False,"{'address1': 'W8210 County Rd J', 'address2': '', 'address3': '', 'city': 'Merrillan', 'zip_code': '54754', 'country': 'US', 'state': 'WI', 'display_address': ['W8210 County Rd J', 'Merrillan, WI 54754']}",Stones Throw Bar & Grill,+17153332603,$$$,4.0,18,[],https://www.yelp.com/biz/stones-throw-bar-and-grill-merrillan?adjust_creative=GVWAITeAe13hPk5JlriDSg&utm_campaign=yelp_api_v3&utm_medium=api_v3_business_search&utm_source=GVWAITeAe13hPk5JlriDSg
the-daily-grind-coffee-and-tea-marshfield,"[{'alias': 'coffee', 'title': 'Coffee & Tea'}]","{'latitude': 44.665369, 'longitude': -90.174951}",(715) 387-6607,33854.53254901976,4dUZAZNE78iGyvRxrSIvHQ,https://s3-media3.fl.yelpcdn.com/bphoto/ZVEl6ojfF_Hns1jbpqNeAQ/o.jpg,False,"{'address1': '236 S Central Ave', 'address2': '', 'address3': '', 'city': 'Marshfield', 'zip_code': '54449', 'country': 'US', 'state': 'WI', 'display_address': ['236 S Central Ave', 'Marshfield, WI 54449']}",The Daily Grind Coffee & Tea,+17153876607,$,3.5,26,[],https://www.yelp.com/biz/the-daily-grind-coffee-and-tea-marshfield?adjust_creative=GVWAITeAe13hPk5JlriDSg&utm_campaign=yelp_api_v3&utm_medium=api_v3_business_search&utm_source=GVWAITeAe13hPk5JlriDSg
weber-farms-milk-store-marshfield,"[{'alias': 'icecream', 'title': 'Ice Cream & Frozen Yogurt'}]","{'latitude': 44.656292, 'longitude': -90.198842}",(715) 384-5639,32122.145504371358,DQhsN27Nmt7y2rCmM4GG-g,https://s3-media1.fl.yelpcdn.com/bphoto/q7Jdi1ASBNdmEmgnHUFQQQ/o.jpg,False,"{'address1': '9706 County Rd H', 'address2': '', 'address3': '', 'city': 'Marshfield', 'zip_code': '54449', 'country': 'US', 'state': 'WI', 'display_address': ['9706 County Rd H', 'Marshfield, WI 54449']}",Weber Farms Milk Store,+17153845639,$,5.0,6,[],https://www.yelp.com/biz/weber-farms-milk-store-marshfield?adjust_creative=GVWAITeAe13hPk5JlriDSg&utm_campaign=yelp_api_v3&utm_medium=api_v3_business_search&utm_source=GVWAITeAe13hPk5JlriDSg
nagoya-japanese-restaurant-marshfield,"[{'alias': 'japanese', 'title': 'Japanese'}, {'alias': 'sushi', 'title': 'Sushi Bars'}, {'alias': 'desserts', 'title': 'Desserts'}]","{'latitude': 44.6838805724935, 'longitude': -90.163581707895}",(715) 898-2200,36097.0577184829,OWCuRPaKv3qDvqJMPEf5eA,https://s3-media2.fl.yelpcdn.com/bphoto/KH2K1bq0NNVNBlcuGAmNBA/o.jpg,False,"{'address1': '1637 N Central Ave', 'address2': '', 'address3': None, 'city': 'Marshfield', 'zip_code': '54449', 'country': 'US', 'state': 'WI', 'display_address': ['1637 N Central Ave', 'Marshfield, WI 54449']}",Nagoya Japanese Restaurant,+17158982200,$$,4.5,10,[],https://www.yelp.com/biz/nagoya-japanese-restaurant-marshfield?adjust_creative=GVWAITeAe13hPk5JlriDSg&utm_campaign=yelp_api_v3&utm_medium=api_v3_business_search&utm_source=GVWAITeAe13hPk5JlriDSg
mapleworks-cafe-and-bar-granton-2,"[{'alias': 'tradamerican', 'title': 'American (Traditional)'}, {'alias': 'breakfast_brunch', 'title': 'Breakfast & Brunch'}]","{'latitude': 44.58839, 'longitude': -90.46167}",(715) 238-7654,22876.561721060138,riYDYRdtTkBklwRMDHaLiQ,https://s3-media2.fl.yelpcdn.com/bphoto/ub4Fe6uklBHc4LNhf8SZlA/o.jpg,False,"{'address1': '100 W 1st St', 'address2': '', 'address3': '', 'city': 'Granton', 'zip_code': '54436', 'country': 'US', 'state': 'WI', 'display_address': ['100 W 1st St', 'Granton, WI 54436']}",Mapleworks Cafe and Bar,+17152387654,$,5.0,4,[],https://www.yelp.com/biz/mapleworks-cafe-and-bar-granton-2?adjust_creative=GVWAITeAe13hPk5JlriDSg&utm_campaign=yelp_api_v3&utm_medium=api_v3_business_search&utm_source=GVWAITeAe13hPk5JlriDSg
chips-of-marshfield-marshfield,"[{'alias': 'tradamerican', 'title': 'American (Traditional)'}]","{'latitude': 44.65492, 'longitude': -90.18153}",(715) 384-7600,32587.993451220653,RO-wlVq24KIrdqZREZOxnw,https://s3-media2.fl.yelpcdn.com/bphoto/evVUA_elD0Z1ExfWVyT9Kw/o.jpg,False,"{'address1': '1409 S Central Ave', 'address2': '', 'address3': '', 'city': 'Marshfield', 'zip_code': '54449', 'country': 'US', 'state': 'WI', 'display_address': ['1409 S Central Ave', 'Marshfield, WI 54449']}",Chips of Marshfield,+17153847600,$,4.5,7,[],https://www.yelp.com/biz/chips-of-marshfield-marshfield?adjust_creative=GVWAITeAe13hPk5JlriDSg&utm_campaign=yelp_api_v3&utm_medium=api_v3_business_search&utm_source=GVWAITeAe13hPk5JlriDSg
lost-at-donna-ks-bar-and-grill-warrens,"[{'alias': 'newamerican', 'title': 'American (New)'}, {'alias': 'bars', 'title': 'Bars'}]","{'latitude': 44.12345, 'longitude': -90.53608}",(608) 378-3586,32893.29003445377,8_t6i5eDj2uxvihhy1AM3g,https://s3-media2.fl.yelpcdn.com/bphoto/wK-WvOoNtew2IG59Fp3OhA/o.jpg,False,"{'address1': '3514 Blarney Rd', 'address2': None, 'address3': '', 'city': 'Warrens', 'zip_code': '54666', 'country': 'US', 'state': 'WI', 'display_address': ['3514 Blarney Rd', 'Warrens, WI 54666']}",Lost at Donna Ks Bar and Grill,+16083783586,,3.5,17,[],https://www.yelp.com/biz/lost-at-donna-ks-bar-and-grill-warrens?adjust_creative=GVWAITeAe13hPk5JlriDSg&utm_campaign=yelp_api_v3&utm_medium=api_v3_business_search&utm_source=GVWAITeAe13hPk5JlriDSg
fannies-motel-and-supper-club-neillsville,"[{'alias': 'hotels', 'title': 'Hotels'}, {'alias': 'supperclubs', 'title': 'Supper Clubs'}, {'alias': 'steak', 'title': 'Steakhouses'}]","{'latitude': 44.552436397829, 'longitude': -90.4987887502625}",(715) 743-2169,20463.914236190314,h4FZUPX0M2NfXSLVDlIm4w,https://s3-media2.fl.yelpcdn.com/bphoto/OcvAJbfwrlNfoLJfPrP0DQ/o.jpg,False,"{'address1': 'W3741 Us Hwy 10', 'address2': '', 'address3': '', 'city': 'Neillsville', 'zip_code': '54456', 'country': 'US', 'state': 'WI', 'display_address': ['W3741 Us Hwy 10', 'Neillsville, WI 54456']}",Fannies Motel & Supper Club,+17157432169,$$,5.0,3,[],https://www.yelp.com/biz/fannies-motel-and-supper-club-neillsville?adjust_creative=GVWAITeAe13hPk5JlriDSg&utm_campaign=yelp_api_v3&utm_medium=api_v3_business_search&utm_source=GVWAITeAe13hPk5JlriDSg
hub-city-ice-cream-company-marshfield,"[{'alias': 'icecream', 'title': 'Ice Cream & Frozen Yogurt'}]","{'latitude': 44.6530328, 'longitude': -90.182734}",(715) 384-2922,32334.241626225754,QPDDtB1MBr9LpRue7um4fQ,https://s3-media3.fl.yelpcdn.com/bphoto/fMxSQ4_82dz1dOJNglBGCg/o.jpg,False,"{'address1': '1610 S Central Ave', 'address2': '', 'address3': None, 'city': 'Marshfield', 'zip_code': '54449', 'country': 'US', 'state': 'WI', 'display_address': ['1610 S Central Ave', 'Marshfield, WI 54449']}",Hub City Ice Cream Company,+17153842922,$,5.0,5,[],https://www.yelp.com/biz/hub-city-ice-cream-company-marshfield?adjust_creative=GVWAITeAe13hPk5JlriDSg&utm_campaign=yelp_api_v3&utm_medium=api_v3_business_search&utm_source=GVWAITeAe13hPk5JlriDSg
marshfield-family-restaurant-marshfield,"[{'alias': 'tradamerican', 'title': 'American (Traditional)'}, {'alias': 'breakfast_brunch', 'title': 'Breakfast & Brunch'}]","{'latitude': 44.66323, 'longitude': -90.1756}",(715) 898-1417,33621.2693381677,mBLrTGnwtqammxLqVu96CQ,https://s3-media2.fl.yelpcdn.com/bphoto/5QCHG5MNgTTagvitIkbYBQ/o.jpg,False,"{'address1': '443 S Central Ave', 'address2': '', 'address3': '', 'city': 'Marshfield', 'zip_code': '54449', 'country': 'US', 'state': 'WI', 'display_address': ['443 S Central Ave', 'Marshfield, WI 54449']}",Marshfield Family Restaurant,+17158981417,$,3.5,17,[],https://www.yelp.com/biz/marshfield-family-restaurant-marshfield?adjust_creative=GVWAITeAe13hPk5JlriDSg&utm_campaign=yelp_api_v3&utm_medium=api_v3_business_search&utm_source=GVWAITeAe13hPk5JlriDSg
the-buck-stops-here-saloon-and-grill-black-river-falls,"[{'alias': 'divebars', 'title': 'Dive Bars'}, {'alias': 'tradamerican', 'title': 'American (Traditional)'}]","{'latitude': 44.1901037815474, 'longitude': -90.6420257964826}",(715) 284-2555,31441.557984052535,P91aBlHCDl4DvqgtO11H7Q,https://s3-media4.fl.yelpcdn.com/bphoto/VVM-Q7UFpOUfpUzWvYUaYg/o.jpg,False,"{'address1': 'W6563 US-12', 'address2': '', 'address3': None, 'city': 'Black River Falls', 'zip_code': '54615', 'country': 'US', 'state': 'WI', 'display_address': ['W6563 US-12', 'Black River Falls, WI 54615']}",The Buck Stops Here Saloon & Grill,+17152842555,,5.0,4,[],https://www.yelp.com/biz/the-buck-stops-here-saloon-and-grill-black-river-falls?adjust_creative=GVWAITeAe13hPk5JlriDSg&utm_campaign=yelp_api_v3&utm_medium=api_v3_business_search&utm_source=GVWAITeAe13hPk5JlriDSg
the-mug-and-jjs-pizzaria-hatfield,"[{'alias': 'pizza', 'title': 'Pizza'}, {'alias': 'bars', 'title': 'Bars'}]","{'latitude': 44.4143219, 'longitude': -90.7299805}",(715) 333-2334,28851.99617545066,H7QoGCczf-borLHNUbSQaA,https://s3-media3.fl.yelpcdn.com/bphoto/oSnOAgNGfHqDVkElXG9iuw/o.jpg,False,"{'address1': 'N9505 Thunderbird Ln', 'address2': '', 'address3': '', 'city': 'Hatfield', 'zip_code': '54754', 'country': 'US', 'state': 'WI', 'display_address': ['N9505 Thunderbird Ln', 'Hatfield, WI 54754']}",The Mug & JJ's Pizzaria,+17153332334,$,4.5,5,[],https://www.yelp.com/biz/the-mug-and-jjs-pizzaria-hatfield?adjust_creative=GVWAITeAe13hPk5JlriDSg&utm_campaign=yelp_api_v3&utm_medium=api_v3_business_search&utm_source=GVWAITeAe13hPk5JlriDSg
the-highground-veterans-memorial-park-neillsville,"[{'alias': 'parks', 'title': 'Parks'}]","{'latitude': 44.5601419130475, 'longitude': -90.5458831787109}",(715) 743-4224,23263.759123512507,5cM0iP2kRw7dksKs5uO0tg,https://s3-media1.fl.yelpcdn.com/bphoto/XHUm2xitJ-pJZBiem0LhbA/o.jpg,False,"{'address1': 'W7031 Ridge Rd', 'address2': None, 'address3': '', 'city': 'Neillsville', 'zip_code': '54456', 'country': 'US', 'state': 'WI', 'display_address': ['W7031 Ridge Rd', 'Neillsville, WI 54456']}",The Highground Veterans Memorial Park,+17157434224,,5.0,3,[],https://www.yelp.com/biz/the-highground-veterans-memorial-park-neillsville?adjust_creative=GVWAITeAe13hPk5JlriDSg&utm_campaign=yelp_api_v3&utm_medium=api_v3_business_search&utm_source=GVWAITeAe13hPk5JlriDSg
scottys-pizza-marshfield,"[{'alias': 'pizza', 'title': 'Pizza'}]","{'latitude': 44.66728, 'longitude': -90.17544}",(715) 384-8118,34027.45659030329,qpEM9QvoUwukha-5ve2B4g,https://s3-media4.fl.yelpcdn.com/bphoto/TSeWmn6zrTOTidH9f7GRIw/o.jpg,False,"{'address1': '100 S Chestnut Ave', 'address2': '', 'address3': '', 'city': 'Marshfield', 'zip_code': '54449', 'country': 'US', 'state': 'WI', 'display_address': ['100 S Chestnut Ave', 'Marshfield, WI 54449']}",Scotty's Pizza,+17153848118,$$,3.5,18,[],https://www.yelp.com/biz/scottys-pizza-marshfield?adjust_creative=GVWAITeAe13hPk5JlriDSg&utm_campaign=yelp_api_v3&utm_medium=api_v3_business_search&utm_source=GVWAITeAe13hPk5JlriDSg
the-vintage-house-marshfield,"[{'alias': 'tradamerican', 'title': 'American (Traditional)'}, {'alias': 'seafood', 'title': 'Seafood'}, {'alias': 'buffets', 'title': 'Buffets'}]","{'latitude': 44.59881, 'longitude': -90.21923}",(715) 676-2772,25669.219487151266,tCWxd_zdWx0sEFcVjwGIkQ,https://s3-media3.fl.yelpcdn.com/bphoto/Ouz8HGG3sdgTaJI56Tilfw/o.jpg,False,"{'address1': '10150 US Hwy 10', 'address2': '', 'address3': '', 'city': 'Marshfield', 'zip_code': '54449', 'country': 'US', 'state': 'WI', 'display_address': ['10150 US Hwy 10', 'Marshfield, WI 54449']}",The Vintage House,+17156762772,$$,3.5,9,[],https://www.yelp.com/biz/the-vintage-house-marshfield?adjust_creative=GVWAITeAe13hPk5JlriDSg&utm_campaign=yelp_api_v3&utm_medium=api_v3_business_search&utm_source=GVWAITeAe13hPk5JlriDSg
wildcat-inn-neillsville,"[{'alias': 'seafood', 'title': 'Seafood'}, {'alias': 'steak', 'title': 'Steakhouses'}, {'alias': 'sandwiches', 'title': 'Sandwiches'}]","{'latitude': 44.573329, 'longitude': -90.729335}",(715) 743-2762,34928.71409873836,nSSgZRKbudS2_5W2MNiL9g,https://s3-media1.fl.yelpcdn.com/bphoto/Lqu3JQwzXXnUjJZ6hjE7KA/o.jpg,False,"{'address1': 'W8270 County Rd B', 'address2': '', 'address3': '', 'city': 'Neillsville', 'zip_code': '54456', 'country': 'US', 'state': 'WI', 'display_address': ['W8270 County Rd B', 'Neillsville, WI 54456']}",Wildcat Inn,+17157432762,$$,5.0,5,[],https://www.yelp.com/biz/wildcat-inn-neillsville?adjust_creative=GVWAITeAe13hPk5JlriDSg&utm_campaign=yelp_api_v3&utm_medium=api_v3_business_search&utm_source=GVWAITeAe13hPk5JlriDSg
world-buffet-marshfield,"[{'alias': 'chinese', 'title': 'Chinese'}, {'alias': 'buffets', 'title': 'Buffets'}]","{'latitude': 44.678167, 'longitude': -90.162126}",(715) 384-8333,35583.636532797755,wvIiJhOosmSOtw437YNy1Q,https://s3-media2.fl.yelpcdn.com/bphoto/F5yw6DrQkj70xU5L579Jmw/o.jpg,False,"{'address1': '503 E Ives St', 'address2': 'Ste 400', 'address3': None, 'city': 'Marshfield', 'zip_code': '54449', 'country': 'US', 'state': 'WI', 'display_address': ['503 E Ives St', 'Ste 400', 'Marshfield, WI 54449']}",World Buffet,+17153848333,$,3.5,15,[],https://www.yelp.com/biz/world-buffet-marshfield?adjust_creative=GVWAITeAe13hPk5JlriDSg&utm_campaign=yelp_api_v3&utm_medium=api_v3_business_search&utm_source=GVWAITeAe13hPk5JlriDSg
libby-mcneills-marshfield,"[{'alias': 'comfortfood', 'title': 'Comfort Food'}]","{'latitude': 44.64326, 'longitude': -90.1816599}",(715) 387-2700,31449.988906079336,SCEa9A3mumbR23SBhBwfXw,https://s3-media3.fl.yelpcdn.com/bphoto/iYR4076G83dPotSD52v0ag/o.jpg,False,"{'address1': '2700 S Central Ave', 'address2': '', 'address3': None, 'city': 'Marshfield', 'zip_code': '54449', 'country': 'US', 'state': 'WI', 'display_address': ['2700 S Central Ave', 'Marshfield, WI 54449']}",Libby McNeill's,+17153872700,$$,4.0,11,[],https://www.yelp.com/biz/libby-mcneills-marshfield?adjust_creative=GVWAITeAe13hPk5JlriDSg&utm_campaign=yelp_api_v3&utm_medium=api_v3_business_search&utm_source=GVWAITeAe13hPk5JlriDSg
biggby-coffee-marshfield,"[{'alias': 'coffee', 'title': 'Coffee & Tea'}, {'alias': 'cafes', 'title': 'Cafes'}]","{'latitude': 44.6836891025305, 'longitude': -90.1620107889175}",(715) 502-5759,36141.96189583509,5OWkqAcyGDJhtyI3dPgLZw,https://s3-media1.fl.yelpcdn.com/bphoto/vhcU_I6TAfIvIlBVL6XIaQ/o.jpg,False,"{'address1': '1710 N Central Ave', 'address2': '', 'address3': '', 'city': 'Marshfield', 'zip_code': '54449', 'country': 'US', 'state': 'WI', 'display_address': ['1710 N Central Ave', 'Marshfield, WI 54449']}",BIGGBY COFFEE,+17155025759,$$$,4.0,9,[],https://www.yelp.com/biz/biggby-coffee-marshfield?adjust_creative=GVWAITeAe13hPk5JlriDSg&utm_campaign=yelp_api_v3&utm_medium=api_v3_business_search&utm_source=GVWAITeAe13hPk5JlriDSg
wildwood-zoo-marshfield,"[{'alias': 'zoos', 'title': 'Zoos'}]","{'latitude': 44.6519249, 'longitude': -90.1937577}",,31854.525027532574,DdLz-MfNzoooDDx1XI3h-A,https://s3-media2.fl.yelpcdn.com/bphoto/QbN5VyXX1KCNINHQXxleaA/o.jpg,False,"{'address1': '608 W 17th St', 'address2': '', 'address3': '', 'city': 'Marshfield', 'zip_code': '54404', 'country': 'US', 'state': 'WI', 'display_address': ['608 W 17th St', 'Marshfield, WI 54404']}",Wildwood  Zoo,,,4.0,8,[],https://www.yelp.com/biz/wildwood-zoo-marshfield?adjust_creative=GVWAITeAe13hPk5JlriDSg&utm_campaign=yelp_api_v3&utm_medium=api_v3_business_search&utm_source=GVWAITeAe13hPk5JlriDSg
riveredge-marshfield,"[{'alias': 'golf', 'title': 'Golf'}]","{'latitude': 44.6160310506821, 'longitude': -90.2181916683912}",(715) 676-3900,27332.757342238176,t1KgVAvjUOAsfap52ufr1A,https://s3-media1.fl.yelpcdn.com/bphoto/APhA3O2iE5mEvt0adhLKVA/o.jpg,False,"{'address1': '10191 County Rd B', 'address2': None, 'address3': None, 'city': 'Marshfield', 'zip_code': '54449', 'country': 'US', 'state': 'WI', 'display_address': ['10191 County Rd B', 'Marshfield, WI 54449']}",Riveredge,+17156763900,,5.0,4,[],https://www.yelp.com/biz/riveredge-marshfield?adjust_creative=GVWAITeAe13hPk5JlriDSg&utm_campaign=yelp_api_v3&utm_medium=api_v3_business_search&utm_source=GVWAITeAe13hPk5JlriDSg
lake-dexter-drive-in-pittsville,"[{'alias': 'restaurants', 'title': 'Restaurants'}]","{'latitude': 44.3778152, 'longitude': -90.1111526}",(715) 884-2770,20519.130013183978,Vu_sREdspZBLZqOqDWklxA,https://s3-media2.fl.yelpcdn.com/bphoto/krEK_SXiQe8SKkc1J47njA/o.jpg,False,"{'address1': '3608 State Highway 80', 'address2': '', 'address3': '', 'city': 'Pittsville', 'zip_code': '54466', 'country': 'US', 'state': 'WI', 'display_address': ['3608 State Highway 80', 'Pittsville, WI 54466']}",Lake Dexter Drive In,+17158842770,$,4.5,3,[],https://www.yelp.com/biz/lake-dexter-drive-in-pittsville?adjust_creative=GVWAITeAe13hPk5JlriDSg&utm_campaign=yelp_api_v3&utm_medium=api_v3_business_search&utm_source=GVWAITeAe13hPk5JlriDSg
2-1-2-cups-cupcakery-and-bake-shop-marshfield,"[{'alias': 'cupcakes', 'title': 'Cupcakes'}, {'alias': 'desserts', 'title': 'Desserts'}]","{'latitude': 44.6666412, 'longitude': -90.1740723}",(715) 898-1199,34015.21077535452,8jj3Rv-EAdWi2RbVEsf6_g,https://s3-media1.fl.yelpcdn.com/bphoto/k_1bdj8PjSbO6RQRSYE0Hg/o.jpg,False,"{'address1': '126 S Central Ave', 'address2': '', 'address3': '', 'city': 'Marshfield', 'zip_code': '54449', 'country': 'US', 'state': 'WI', 'display_address': ['126 S Central Ave', 'Marshfield, WI 54449']}",2 1/2 Cups Cupcakery and Bake Shop,+17158981199,$$,5.0,4,[],https://www.yelp.com/biz/2-1-2-cups-cupcakery-and-bake-shop-marshfield?adjust_creative=GVWAITeAe13hPk5JlriDSg&utm_campaign=yelp_api_v3&utm_medium=api_v3_business_search&utm_source=GVWAITeAe13hPk5JlriDSg
king-house-chinese-restaurant-neillsville,"[{'alias': 'chinese', 'title': 'Chinese'}]","{'latitude': 44.5603968817111, 'longitude': -90.5960837104267}",(715) 743-3588,25894.28976906159,utU2lTKifXRnRGhK4dQxyA,https://s3-media3.fl.yelpcdn.com/bphoto/KULYhuztUphms1djYiHgTw/o.jpg,False,"{'address1': '537 Hewett St', 'address2': '', 'address3': '', 'city': 'Neillsville', 'zip_code': '54456', 'country': 'US', 'state': 'WI', 'display_address': ['537 Hewett St', 'Neillsville, WI 54456']}",King House Chinese Restaurant,+17157433588,,4.0,5,[],https://www.yelp.com/biz/king-house-chinese-restaurant-neillsville?adjust_creative=GVWAITeAe13hPk5JlriDSg&utm_campaign=yelp_api_v3&utm_medium=api_v3_business_search&utm_source=GVWAITeAe13hPk5JlriDSg
t-k-s-400-club-millston,"[{'alias': 'bars', 'title': 'Bars'}, {'alias': 'tradamerican', 'title': 'American (Traditional)'}]","{'latitude': 44.1915739500887, 'longitude': -90.6443209201097}",(715) 284-0072,31451.251178008584,i_9t_gvOzvzb_To28PZj8g,,False,"{'address1': 'W6621 US 12', 'address2': '', 'address3': None, 'city': 'Millston', 'zip_code': '54643', 'country': 'US', 'state': 'WI', 'display_address': ['W6621 US 12', 'Millston, WI 54643']}",T.K.'s 400 Club,+17152840072,,4.5,4,[],https://www.yelp.com/biz/t-k-s-400-club-millston?adjust_creative=GVWAITeAe13hPk5JlriDSg&utm_campaign=yelp_api_v3&utm_medium=api_v3_business_search&utm_source=GVWAITeAe13hPk5JlriDSg
horsinaround-saloon-pittsville,"[{'alias': 'bars', 'title': 'Bars'}]","{'latitude': 44.4405708, 'longitude': -90.1271362}",(715) 884-3399,19823.264130355947,39YxtL1oyTSzQELFKMuKqQ,,False,"{'address1': '5346 2nd Ave', 'address2': '', 'address3': '', 'city': 'Pittsville', 'zip_code': '54466', 'country': 'US', 'state': 'WI', 'display_address': ['5346 2nd Ave', 'Pittsville, WI 54466']}",Horsin'around Saloon,+17158843399,,5.0,2,[],https://www.yelp.com/biz/horsinaround-saloon-pittsville?adjust_creative=GVWAITeAe13hPk5JlriDSg&utm_campaign=yelp_api_v3&utm_medium=api_v3_business_search&utm_source=GVWAITeAe13hPk5JlriDSg
inwood-supper-club-merrillan,"[{'alias': 'bars', 'title': 'Bars'}]","{'latitude': 44.415096, 'longitude': -90.731323}",(715) 333-6653,28955.87936176081,xUW2rl40qa3YGlTFa7vm_w,https://s3-media4.fl.yelpcdn.com/bphoto/fvoXkqwhuJpQSWVwS6TBcw/o.jpg,False,"{'address1': 'N9503 County Road K', 'address2': '', 'address3': '', 'city': 'Merrillan', 'zip_code': '54754', 'country': 'US', 'state': 'WI', 'display_address': ['N9503 County Road K', 'Merrillan, WI 54754']}",Inwood Supper Club,+17153336653,$$,5.0,2,[],https://www.yelp.com/biz/inwood-supper-club-merrillan?adjust_creative=GVWAITeAe13hPk5JlriDSg&utm_campaign=yelp_api_v3&utm_medium=api_v3_business_search&utm_source=GVWAITeAe13hPk5JlriDSg
three-bears-resort-warrens,"[{'alias': 'waterparks', 'title': 'Water Parks'}, {'alias': 'resorts', 'title': 'Resorts'}, {'alias': 'restaurants', 'title': 'Restaurants'}]","{'latitude': 44.130237, 'longitude': -90.531088}",(608) 378-2500,32054.331015804386,CQbWZEMI4_Ys6rCVywGCtQ,https://s3-media3.fl.yelpcdn.com/bphoto/Etxl3vZZ4_QcpQbFqoGfOw/o.jpg,False,"{'address1': '701 Yogi Ct', 'address2': None, 'address3': '', 'city': 'Warrens', 'zip_code': '54666', 'country': 'US', 'state': 'WI', 'display_address': ['701 Yogi Ct', 'Warrens, WI 54666']}",Three Bears Resort,+16083782500,,3.0,15,[],https://www.yelp.com/biz/three-bears-resort-warrens?adjust_creative=GVWAITeAe13hPk5JlriDSg&utm_campaign=yelp_api_v3&utm_medium=api_v3_business_search&utm_source=GVWAITeAe13hPk5JlriDSg
the-rivers-tavern-marshfield-2,"[{'alias': 'cocktailbars', 'title': 'Cocktail Bars'}, {'alias': 'steak', 'title': 'Steakhouses'}, {'alias': 'sandwiches', 'title': 'Sandwiches'}]","{'latitude': 44.6601896709771, 'longitude': -90.1782904565334}",(715) 486-1500,33221.4706820108,px3rnm8Bl97Wh4bEGGAbDA,https://s3-media4.fl.yelpcdn.com/bphoto/_XgLKyPR0tfmSCv_2617qg/o.jpg,False,"{'address1': '820 S Central Ave', 'address2': '', 'address3': None, 'city': 'Marshfield', 'zip_code': '54449', 'country': 'US', 'state': 'WI', 'display_address': ['820 S Central Ave', 'Marshfield, WI 54449']}",The Rivers Tavern,+17154861500,$$,3.0,9,[],https://www.yelp.com/biz/the-rivers-tavern-marshfield-2?adjust_creative=GVWAITeAe13hPk5JlriDSg&utm_campaign=yelp_api_v3&utm_medium=api_v3_business_search&utm_source=GVWAITeAe13hPk5JlriDSg
china-chef-marshfield,"[{'alias': 'chinese', 'title': 'Chinese'}, {'alias': 'thai', 'title': 'Thai'}, {'alias': 'tradamerican', 'title': 'American (Traditional)'}]","{'latitude': 44.6652272, 'longitude': -90.1745624}",(715) 384-9004,33858.58885417058,w40j5_kZkCoj24I5pMZY4w,https://s3-media3.fl.yelpcdn.com/bphoto/duqKP1a_DdSsiLXb4Pu0WA/o.jpg,False,"{'address1': '233 S Central Ave', 'address2': '', 'address3': '', 'city': 'Marshfield', 'zip_code': '54449', 'country': 'US', 'state': 'WI', 'display_address': ['233 S Central Ave', 'Marshfield, WI 54449']}",China Chef,+17153849004,$,2.5,16,['delivery'],https://www.yelp.com/biz/china-chef-marshfield?adjust_creative=GVWAITeAe13hPk5JlriDSg&utm_campaign=yelp_api_v3&utm_medium=api_v3_business_search&utm_source=GVWAITeAe13hPk5JlriDSg
melody-gardens-restaurant-and-skateland-marshfield,"[{'alias': 'icecream', 'title': 'Ice Cream & Frozen Yogurt'}, {'alias': 'skatingrinks', 'title': 'Skating Rinks'}, {'alias': 'tradamerican', 'title': 'American (Traditional)'}]","{'latitude': 44.65789, 'longitude': -90.18589}",(715) 384-3326,32719.315838237744,ST3Ofmzi0gtrDAO-EUCGog,https://s3-media4.fl.yelpcdn.com/bphoto/io5j44vSzD9oPsW2iLXU-A/o.jpg,False,"{'address1': '1200 S Oak Ave', 'address2': '', 'address3': '', 'city': 'Marshfield', 'zip_code': '54449', 'country': 'US', 'state': 'WI', 'display_address': ['1200 S Oak Ave', 'Marshfield, WI 54449']}",Melody Gardens Restaurant & Skateland,+17153843326,$,4.0,6,[],https://www.yelp.com/biz/melody-gardens-restaurant-and-skateland-marshfield?adjust_creative=GVWAITeAe13hPk5JlriDSg&utm_campaign=yelp_api_v3&utm_medium=api_v3_business_search&utm_source=GVWAITeAe13hPk5JlriDSg
coffee-cabin-espresso-marshfield-2,"[{'alias': 'coffee', 'title': 'Coffee & Tea'}]","{'latitude': 44.6789665, 'longitude': -90.1655378}",(715) 384-7800,35535.596628499065,lDOBHj1xj6dPs5IZM0YA6A,https://s3-media4.fl.yelpcdn.com/bphoto/8NzU9jfJYZqOxba3ZY00zg/o.jpg,False,"{'address1': '103 W Kalsched St', 'address2': '', 'address3': '', 'city': 'Marshfield', 'zip_code': '54449', 'country': 'US', 'state': 'WI', 'display_address': ['103 W Kalsched St', 'Marshfield, WI 54449']}",Coffee Cabin Espresso,+17153847800,$$,4.5,3,[],https://www.yelp.com/biz/coffee-cabin-espresso-marshfield-2?adjust_creative=GVWAITeAe13hPk5JlriDSg&utm_campaign=yelp_api_v3&utm_medium=api_v3_business_search&utm_source=GVWAITeAe13hPk5JlriDSg
riveredge-golf-course-marshfield,"[{'alias': 'tradamerican', 'title': 'American (Traditional)'}, {'alias': 'burgers', 'title': 'Burgers'}, {'alias': 'buffets', 'title': 'Buffets'}]","{'latitude': 44.611011505127, 'longitude': -90.2206802368164}",(715) 676-3900,26831.456554066724,MERHb9j_kffTnnxTogOKkQ,https://s3-media3.fl.yelpcdn.com/bphoto/XR9vhllgNUhhN2qAdaTGhg/o.jpg,False,"{'address1': '10191 Mill Creek Dr', 'address2': '', 'address3': '', 'city': 'Marshfield', 'zip_code': '54449', 'country': 'US', 'state': 'WI', 'display_address': ['10191 Mill Creek Dr', 'Marshfield, WI 54449']}",RiverEdge Golf Course,+17156763900,,3.5,6,[],https://www.yelp.com/biz/riveredge-golf-course-marshfield?adjust_creative=GVWAITeAe13hPk5JlriDSg&utm_campaign=yelp_api_v3&utm_medium=api_v3_business_search&utm_source=GVWAITeAe13hPk5JlriDSg
viaduct-bar-marshfield,"[{'alias': 'bars', 'title': 'Bars'}]","{'latitude': 44.685501, 'longitude': -90.198562}",(715) 387-6182,35106.79235061741,IeTb8NPIyZRd_WycQDVhAg,https://s3-media2.fl.yelpcdn.com/bphoto/sd8pLP3UTLtJq_jRmRd9ig/o.jpg,False,"{'address1': '1701 W McMillan St', 'address2': '', 'address3': '', 'city': 'Marshfield', 'zip_code': '54449', 'country': 'US', 'state': 'WI', 'display_address': ['1701 W McMillan St', 'Marshfield, WI 54449']}",Viaduct Bar,+17153876182,$,5.0,2,[],https://www.yelp.com/biz/viaduct-bar-marshfield?adjust_creative=GVWAITeAe13hPk5JlriDSg&utm_campaign=yelp_api_v3&utm_medium=api_v3_business_search&utm_source=GVWAITeAe13hPk5JlriDSg
culvers-marshfield,"[{'alias': 'hotdogs', 'title': 'Fast Food'}, {'alias': 'icecream', 'title': 'Ice Cream & Frozen Yogurt'}, {'alias': 'burgers', 'title': 'Burgers'}]","{'latitude': 44.6809, 'longitude': -90.16452}",(715) 384-3223,35769.94651405982,tnDMdGeU8YKx4m0dCuqUAw,https://s3-media3.fl.yelpcdn.com/bphoto/Qnxi9zxv47ybeSVDwkv-IQ/o.jpg,False,"{'address1': '109 W Upham St', 'address2': '', 'address3': '', 'city': 'Marshfield', 'zip_code': '54449', 'country': 'US', 'state': 'WI', 'display_address': ['109 W Upham St', 'Marshfield, WI 54449']}",Culver's,+17153843223,$$,4.5,3,[],https://www.yelp.com/biz/culvers-marshfield?adjust_creative=GVWAITeAe13hPk5JlriDSg&utm_campaign=yelp_api_v3&utm_medium=api_v3_business_search&utm_source=GVWAITeAe13hPk5JlriDSg
the-blue-bayou-pub-pittsville,"[{'alias': 'sportsbars', 'title': 'Sports Bars'}]","{'latitude': 44.44938, 'longitude': -90.13092}",(715) 884-2197,19830.36718873264,3Pr1AC5bcNnG4LcO9ctI4A,https://s3-media2.fl.yelpcdn.com/bphoto/oAPNP41Qf_AcloWxVQJDBA/o.jpg,False,"{'address1': '5589 1st Ave', 'address2': None, 'address3': None, 'city': 'Pittsville', 'zip_code': '54466', 'country': 'US', 'state': 'WI', 'display_address': ['5589 1st Ave', 'Pittsville, WI 54466']}",The Blue Bayou Pub,+17158842197,$,5.0,1,[],https://www.yelp.com/biz/the-blue-bayou-pub-pittsville?adjust_creative=GVWAITeAe13hPk5JlriDSg&utm_campaign=yelp_api_v3&utm_medium=api_v3_business_search&utm_source=GVWAITeAe13hPk5JlriDSg
subway-pittsville,"[{'alias': 'hotdogs', 'title': 'Fast Food'}, {'alias': 'sandwiches', 'title': 'Sandwiches'}]","{'latitude': 44.442839, 'longitude': -90.126799}",(715) 884-2608,19920.484076762525,pP7o3f8Od9PGNIwnDIxVOg,https://s3-media1.fl.yelpcdn.com/bphoto/iqhlpI_0qXaKX2MD2BTinw/o.jpg,False,"{'address1': '8226 Jackson St', 'address2': '', 'address3': None, 'city': 'Pittsville', 'zip_code': '54466', 'country': 'US', 'state': 'WI', 'display_address': ['8226 Jackson St', 'Pittsville, WI 54466']}",Subway,+17158842608,,5.0,1,[],https://www.yelp.com/biz/subway-pittsville?adjust_creative=GVWAITeAe13hPk5JlriDSg&utm_campaign=yelp_api_v3&utm_medium=api_v3_business_search&utm_source=GVWAITeAe13hPk5JlriDSg
papagalos-marshfield,"[{'alias': 'hotdog', 'title': 'Hot Dogs'}, {'alias': 'greek', 'title': 'Greek'}, {'alias': 'italian', 'title': 'Italian'}]","{'latitude': 44.672399, 'longitude': -90.169269}",(715) 384-2770,34755.0139818559,IMy611kWa6wNIIMh7R3TsA,https://s3-media4.fl.yelpcdn.com/bphoto/VDJGAyj6D1iFGs46ld6oGg/o.jpg,False,"{'address1': '603 N Central Ave', 'address2': None, 'address3': '', 'city': 'Marshfield', 'zip_code': '54449', 'country': 'US', 'state': 'WI', 'display_address': ['603 N Central Ave', 'Marshfield, WI 54449']}",Papagalos,+17153842770,$$,3.5,5,[],https://www.yelp.com/biz/papagalos-marshfield?adjust_creative=GVWAITeAe13hPk5JlriDSg&utm_campaign=yelp_api_v3&utm_medium=api_v3_business_search&utm_source=GVWAITeAe13hPk5JlriDSg
taco-johns-marshfield,"[{'alias': 'mexican', 'title': 'Mexican'}, {'alias': 'hotdogs', 'title': 'Fast Food'}]","{'latitude': 44.6746512812014, 'longitude': -90.1675008461098}",(715) 387-4884,35041.64052857866,l0r-5C0omwZ6hvDcLet_kg,https://s3-media3.fl.yelpcdn.com/bphoto/Y8Nxr6KibwfOXiw8UXFQyA/o.jpg,False,"{'address1': '813 N Central Ave', 'address2': '', 'address3': '', 'city': 'Marshfield', 'zip_code': '54449', 'country': 'US', 'state': 'WI', 'display_address': ['813 N Central Ave', 'Marshfield, WI 54449']}",Taco John's,+17153874884,,4.0,4,[],https://www.yelp.com/biz/taco-johns-marshfield?adjust_creative=GVWAITeAe13hPk5JlriDSg&utm_campaign=yelp_api_v3&utm_medium=api_v3_business_search&utm_source=GVWAITeAe13hPk5JlriDSg
chatty-belle-neillsville,"[{'alias': 'localflavor', 'title': 'Local Flavor'}]","{'latitude': 44.5529859868886, 'longitude': -90.5804621181849}",,24441.46722423593,QP2vw-g19SERBl0MJyd6Lg,https://s3-media1.fl.yelpcdn.com/bphoto/htc6l7y68hKZjkt4hQHjqw/o.jpg,False,"{'address1': '1201 E Division St', 'address2': '', 'address3': '', 'city': 'Neillsville', 'zip_code': '54456', 'country': 'US', 'state': 'WI', 'display_address': ['1201 E Division St', 'Neillsville, WI 54456']}",Chatty Belle,,,5.0,1,[],https://www.yelp.com/biz/chatty-belle-neillsville?adjust_creative=GVWAITeAe13hPk5JlriDSg&utm_campaign=yelp_api_v3&utm_medium=api_v3_business_search&utm_source=GVWAITeAe13hPk5JlriDSg
gina-maries-florence,"[{'alias': 'italian', 'title': 'Italian'}]","{'latitude': 44.5262633101541, 'longitude': -90.0766954919748}",(715) 696-6633,27415.1545441812,3No_u_55rTn7_rRuSZcJig,https://s3-media3.fl.yelpcdn.com/bphoto/e23jjmREQox9bOmm7Bo_8Q/o.jpg,False,"{'address1': '1853 Old State Hwy 69', 'address2': None, 'address3': None, 'city': 'Florence', 'zip_code': '54121', 'country': 'US', 'state': 'WI', 'display_address': ['1853 Old State Hwy 69', 'Florence, WI 54121']}",Gina Marie's,+17156966633,$$$,2.5,6,[],https://www.yelp.com/biz/gina-maries-florence?adjust_creative=GVWAITeAe13hPk5JlriDSg&utm_campaign=yelp_api_v3&utm_medium=api_v3_business_search&utm_source=GVWAITeAe13hPk5JlriDSg
browns-bar-marshfield,"[{'alias': 'bars', 'title': 'Bars'}]","{'latitude': 44.6617, 'longitude': -90.16985}",(715) 384-3232,33708.20842894284,YNvUts3-u1GtGpDW9W_sVQ,https://s3-media2.fl.yelpcdn.com/bphoto/4Rnqv6JSxfyrBJ_8SQsfnA/o.jpg,False,"{'address1': '504 E 4th St', 'address2': '', 'address3': '', 'city': 'Marshfield', 'zip_code': '54449', 'country': 'US', 'state': 'WI', 'display_address': ['504 E 4th St', 'Marshfield, WI 54449']}",Brown's Bar,+17153843232,$,4.5,2,[],https://www.yelp.com/biz/browns-bar-marshfield?adjust_creative=GVWAITeAe13hPk5JlriDSg&utm_campaign=yelp_api_v3&utm_medium=api_v3_business_search&utm_source=GVWAITeAe13hPk5JlriDSg
mcmullen-memorial-county-park-warrens,"[{'alias': 'parks', 'title': 'Parks'}]","{'latitude': 44.1501999, 'longitude': -90.5219727}",(608) 378-4913,29564.435010718218,6uud4L4zjgXsEj-p-d1Npg,https://s3-media3.fl.yelpcdn.com/bphoto/rN3TqJH-0pjv_vt98TYEFQ/o.jpg,False,"{'address1': '1703 Atlantic Rd', 'address2': '', 'address3': '', 'city': 'Warrens', 'zip_code': '54666', 'country': 'US', 'state': 'WI', 'display_address': ['1703 Atlantic Rd', 'Warrens, WI 54666']}",McMullen Memorial County Park,+16083784913,,4.5,2,[],https://www.yelp.com/biz/mcmullen-memorial-county-park-warrens?adjust_creative=GVWAITeAe13hPk5JlriDSg&utm_campaign=yelp_api_v3&utm_medium=api_v3_business_search&utm_source=GVWAITeAe13hPk5JlriDSg
apple-valley-bar-and-grill-neillsville,"[{'alias': 'bars', 'title': 'Bars'}, {'alias': 'tradamerican', 'title': 'American (Traditional)'}]","{'latitude': 44.5527619235751, 'longitude': -90.6010122969747}",(715) 743-4900,25575.952561541602,-PrQud_wM0CVdtvwu3L96w,https://s3-media3.fl.yelpcdn.com/bphoto/W0QT_K-u6SEUs3ZAjweT3Q/o.jpg,False,"{'address1': '415 W Hwy 10', 'address2': '', 'address3': '', 'city': 'Neillsville', 'zip_code': '54456', 'country': 'US', 'state': 'WI', 'display_address': ['415 W Hwy 10', 'Neillsville, WI 54456']}",Apple Valley Bar & Grill,+17157434900,,2.5,5,[],https://www.yelp.com/biz/apple-valley-bar-and-grill-neillsville?adjust_creative=GVWAITeAe13hPk5JlriDSg&utm_campaign=yelp_api_v3&utm_medium=api_v3_business_search&utm_source=GVWAITeAe13hPk5JlriDSg
wazee-county-park-black-river-falls,"[{'alias': 'parks', 'title': 'Parks'}]","{'latitude': 44.2955358, 'longitude': -90.7413016}",(715) 284-3171,31638.81959958332,ALZ8AmtpwxSElwvSQUejdg,https://s3-media4.fl.yelpcdn.com/bphoto/scQxc31_7__NSavm4vxDCQ/o.jpg,False,"{'address1': 'N6302 Brockway Rd', 'address2': None, 'address3': None, 'city': 'Black River Falls', 'zip_code': '54615', 'country': 'US', 'state': 'WI', 'display_address': ['N6302 Brockway Rd', 'Black River Falls, WI 54615']}",Wazee County Park,+17152843171,,3.5,3,[],https://www.yelp.com/biz/wazee-county-park-black-river-falls?adjust_creative=GVWAITeAe13hPk5JlriDSg&utm_campaign=yelp_api_v3&utm_medium=api_v3_business_search&utm_source=GVWAITeAe13hPk5JlriDSg
reed-school-neillsville,"[{'alias': 'elementaryschools', 'title': 'Elementary Schools'}, {'alias': 'landmarks', 'title': 'Landmarks & Historical Buildings'}, {'alias': 'highschools', 'title': 'Middle Schools & High Schools'}]","{'latitude': 44.5527461, 'longitude': -90.5374848}",(715) 743-2637,22206.30673520081,rouWsQnnnnJb42YJj3FIGw,https://s3-media1.fl.yelpcdn.com/bphoto/C3xgU3CH-9spU1ZLYqrSug/o.jpg,False,"{'address1': 'N3694 Cardinal Ave', 'address2': None, 'address3': None, 'city': 'Neillsville', 'zip_code': '54456', 'country': 'US', 'state': 'WI', 'display_address': ['N3694 Cardinal Ave', 'Neillsville, WI 54456']}",Reed School,+17157432637,,4.0,1,[],https://www.yelp.com/biz/reed-school-neillsville?adjust_creative=GVWAITeAe13hPk5JlriDSg&utm_campaign=yelp_api_v3&utm_medium=api_v3_business_search&utm_source=GVWAITeAe13hPk5JlriDSg
t-bone-bar-and-grill-marshfield,"[{'alias': 'restaurants', 'title': 'Restaurants'}]","{'latitude': 44.67069, 'longitude': -90.1713}",(715) 387-3089,34511.9104306203,RNK2HxRGQKeSuAgDNs5mFA,https://s3-media1.fl.yelpcdn.com/bphoto/ANMI3qv4c27E3Y6S51oiMA/o.jpg,False,"{'address1': '400 N Central Ave', 'address2': '', 'address3': '', 'city': 'Marshfield', 'zip_code': '54449', 'country': 'US', 'state': 'WI', 'display_address': ['400 N Central Ave', 'Marshfield, WI 54449']}",T-Bone Bar & Grill,+17153873089,,5.0,1,[],https://www.yelp.com/biz/t-bone-bar-and-grill-marshfield?adjust_creative=GVWAITeAe13hPk5JlriDSg&utm_campaign=yelp_api_v3&utm_medium=api_v3_business_search&utm_source=GVWAITeAe13hPk5JlriDSg
central-cafe-marshfield,"[{'alias': 'cafes', 'title': 'Cafes'}]","{'latitude': 44.6562, 'longitude': -90.18054}",(715) 898-1661,32745.4353117343,df9W0hvBJ-go_LVFpB1hcw,https://s3-media2.fl.yelpcdn.com/bphoto/U9D65ePU0bUXYFx_unkBfw/o.jpg,False,"{'address1': '1209 S Central Ave', 'address2': '', 'address3': None, 'city': 'Marshfield', 'zip_code': '54449', 'country': 'US', 'state': 'WI', 'display_address': ['1209 S Central Ave', 'Marshfield, WI 54449']}",Central Cafe,+17158981661,,3.5,3,[],https://www.yelp.com/biz/central-cafe-marshfield?adjust_creative=GVWAITeAe13hPk5JlriDSg&utm_campaign=yelp_api_v3&utm_medium=api_v3_business_search&utm_source=GVWAITeAe13hPk5JlriDSg
perkins-restaurant-and-bakery-marshfield,"[{'alias': 'bakeries', 'title': 'Bakeries'}, {'alias': 'tradamerican', 'title': 'American (Traditional)'}]","{'latitude': 44.6781583416291, 'longitude': -90.1662875711918}",(715) 387-6372,35432.70037122611,9gyR_Z55i4W33RRNcdrYLg,https://s3-media1.fl.yelpcdn.com/bphoto/CyQBVwtXDm7Bmrtzq0GGLA/o.jpg,False,"{'address1': '1200 N Central Ave', 'address2': '', 'address3': '', 'city': 'Marshfield', 'zip_code': '54449', 'country': 'US', 'state': 'WI', 'display_address': ['1200 N Central Ave', 'Marshfield, WI 54449']}",Perkins Restaurant & Bakery,+17153876372,$$,2.5,9,[],https://www.yelp.com/biz/perkins-restaurant-and-bakery-marshfield?adjust_creative=GVWAITeAe13hPk5JlriDSg&utm_campaign=yelp_api_v3&utm_medium=api_v3_business_search&utm_source=GVWAITeAe13hPk5JlriDSg
dairy-queen-marshfield,"[{'alias': 'icecream', 'title': 'Ice Cream & Frozen Yogurt'}]","{'latitude': 44.67416, 'longitude': -90.16795}",(715) 384-5558,34984.81242094148,rJjIbjHBI-6X-1UieEoNmw,https://s3-media2.fl.yelpcdn.com/bphoto/OjioGAnziYbA3ax-mkZZlw/o.jpg,False,"{'address1': '803 N Central Ave', 'address2': '', 'address3': '', 'city': 'Marshfield', 'zip_code': '54449', 'country': 'US', 'state': 'WI', 'display_address': ['803 N Central Ave', 'Marshfield, WI 54449']}",Dairy Queen,+17153845558,$,5.0,1,[],https://www.yelp.com/biz/dairy-queen-marshfield?adjust_creative=GVWAITeAe13hPk5JlriDSg&utm_campaign=yelp_api_v3&utm_medium=api_v3_business_search&utm_source=GVWAITeAe13hPk5JlriDSg
country-cafe-babcock,"[{'alias': 'restaurants', 'title': 'Restaurants'}]","{'latitude': 44.306804, 'longitude': -90.110969}",(715) 884-2414,22614.803974800172,v0pIxLUoRHbV8_IkqrU8SQ,,False,"{'address1': '1699 Highway 80', 'address2': '', 'address3': '', 'city': 'Babcock', 'zip_code': '54413', 'country': 'US', 'state': 'WI', 'display_address': ['1699 Highway 80', 'Babcock, WI 54413']}",Country Cafe,+17158842414,,4.0,1,[],https://www.yelp.com/biz/country-cafe-babcock?adjust_creative=GVWAITeAe13hPk5JlriDSg&utm_campaign=yelp_api_v3&utm_medium=api_v3_business_search&utm_source=GVWAITeAe13hPk5JlriDSg
wisconsin-cranberry-discovery-center-warrens,"[{'alias': 'localflavor', 'title': 'Local Flavor'}, {'alias': 'museums', 'title': 'Museums'}, {'alias': 'wineries', 'title': 'Wineries'}]","{'latitude': 44.13039, 'longitude': -90.49967}",(608) 378-4878,31111.766602007792,9hbjanEP2p5tS-G9kKtP6g,https://s3-media4.fl.yelpcdn.com/bphoto/zCfN3xeOhdKX-bRa8RiNow/o.jpg,False,"{'address1': '204 Main St', 'address2': '', 'address3': '', 'city': 'Warrens', 'zip_code': '54666', 'country': 'US', 'state': 'WI', 'display_address': ['204 Main St', 'Warrens, WI 54666']}",Wisconsin Cranberry Discovery Center,+16083784878,$$,4.0,9,[],https://www.yelp.com/biz/wisconsin-cranberry-discovery-center-warrens?adjust_creative=GVWAITeAe13hPk5JlriDSg&utm_campaign=yelp_api_v3&utm_medium=api_v3_business_search&utm_source=GVWAITeAe13hPk5JlriDSg
strike-time-lanes-neillsville-3,"[{'alias': 'bowling', 'title': 'Bowling'}, {'alias': 'bars', 'title': 'Bars'}, {'alias': 'pizza', 'title': 'Pizza'}]","{'latitude': 44.551497, 'longitude': -90.597555}",(715) 743-6600,25286.51421982145,GLFJ0YI4pbfFa-b18lx0ag,https://s3-media4.fl.yelpcdn.com/bphoto/NH4PuTH7Hx4XTz_JDILD1A/o.jpg,False,"{'address1': '11 S Grand Ave', 'address2': None, 'address3': None, 'city': 'Neillsville', 'zip_code': '54456', 'country': 'US', 'state': 'WI', 'display_address': ['11 S Grand Ave', 'Neillsville, WI 54456']}",Strike Time Lanes,+17157436600,,4.0,1,[],https://www.yelp.com/biz/strike-time-lanes-neillsville-3?adjust_creative=GVWAITeAe13hPk5JlriDSg&utm_campaign=yelp_api_v3&utm_medium=api_v3_business_search&utm_source=GVWAITeAe13hPk5JlriDSg
the-thirsty-bookworm-neillsville,"[{'alias': 'usedbooks', 'title': 'Used Bookstore'}, {'alias': 'coffee', 'title': 'Coffee & Tea'}, {'alias': 'giftshops', 'title': 'Gift Shops'}]","{'latitude': 44.5601311, 'longitude': -90.5966034}",(715) 743-3440,25895.480470987022,MLDrXCl6UOowp4USjsypbQ,https://s3-media4.fl.yelpcdn.com/bphoto/UCiZzdwD9y2FZucyTM_44w/o.jpg,False,"{'address1': '508 Hewett St', 'address2': '', 'address3': '', 'city': 'Neillsville', 'zip_code': '54456', 'country': 'US', 'state': 'WI', 'display_address': ['508 Hewett St', 'Neillsville, WI 54456']}",The Thirsty Bookworm,+17157433440,$$,4.0,1,[],https://www.yelp.com/biz/the-thirsty-bookworm-neillsville?adjust_creative=GVWAITeAe13hPk5JlriDSg&utm_campaign=yelp_api_v3&utm_medium=api_v3_business_search&utm_source=GVWAITeAe13hPk5JlriDSg
paws-n-play-dog-park-marshfield,"[{'alias': 'dog_parks', 'title': 'Dog Parks'}]","{'latitude': 44.6486082752783, 'longitude': -90.1721592056817}",,32310.057503333806,kGgnWwigdzs_m1ldSw462Q,https://s3-media3.fl.yelpcdn.com/bphoto/_4Xb8ObdmXrZChHKfUlt1w/o.jpg,False,"{'address1': '21ST Street At S Peach Ave', 'address2': '', 'address3': '', 'city': 'Marshfield', 'zip_code': '54449', 'country': 'US', 'state': 'WI', 'display_address': ['21ST Street At S Peach Ave', 'Marshfield, WI 54449']}",Paws N Play Dog Park,,,4.0,2,[],https://www.yelp.com/biz/paws-n-play-dog-park-marshfield?adjust_creative=GVWAITeAe13hPk5JlriDSg&utm_campaign=yelp_api_v3&utm_medium=api_v3_business_search&utm_source=GVWAITeAe13hPk5JlriDSg
five-o-one-sports-bar-and-grill-marshfield-2,"[{'alias': 'sportsbars', 'title': 'Sports Bars'}, {'alias': 'newamerican', 'title': 'American (New)'}]","{'latitude': 44.65686, 'longitude': -90.15925}",(888) 895-7107,33605.580241218384,plHs7Dk9dBFOlW_bTvRhlg,https://s3-media4.fl.yelpcdn.com/bphoto/T0aWqwB0UZnLWqfXvV8DsQ/o.jpg,False,"{'address1': '501 S Washington Ave', 'address2': None, 'address3': '', 'city': 'Marshfield', 'zip_code': '54449', 'country': 'US', 'state': 'WI', 'display_address': ['501 S Washington Ave', 'Marshfield, WI 54449']}",Five-O-One Sports Bar & Grill,+18888957107,,3.5,3,[],https://www.yelp.com/biz/five-o-one-sports-bar-and-grill-marshfield-2?adjust_creative=GVWAITeAe13hPk5JlriDSg&utm_campaign=yelp_api_v3&utm_medium=api_v3_business_search&utm_source=GVWAITeAe13hPk5JlriDSg
sunrise-family-restaurant-marshfield,"[{'alias': 'restaurants', 'title': 'Restaurants'}]","{'latitude': 44.6718788146973, 'longitude': -90.169548034668}",(715) 384-7748,34698.13853641338,ay_bL6dlsh3PBYMr6ysWGA,https://s3-media2.fl.yelpcdn.com/bphoto/8uiiLNsum46FBwlOnoR0GQ/o.jpg,False,"{'address1': '511 N Central Ave', 'address2': None, 'address3': None, 'city': 'Marshfield', 'zip_code': '54449', 'country': 'US', 'state': 'WI', 'display_address': ['511 N Central Ave', 'Marshfield, WI 54449']}",Sunrise Family Restaurant,+17153847748,,2.5,4,[],https://www.yelp.com/biz/sunrise-family-restaurant-marshfield?adjust_creative=GVWAITeAe13hPk5JlriDSg&utm_campaign=yelp_api_v3&utm_medium=api_v3_business_search&utm_source=GVWAITeAe13hPk5JlriDSg
pittsville-home-bakery-pittsville,"[{'alias': 'bakeries', 'title': 'Bakeries'}]","{'latitude': 44.4360694885254, 'longitude': -90.1276702880859}",(715) 884-6813,19661.56621831497,f3gnkJj3OQp5S-YEGcq9KQ,https://s3-media2.fl.yelpcdn.com/bphoto/euseB06VwcQ9MgZ0Nxkqvw/o.jpg,False,"{'address1': '5228 2nd Ave', 'address2': '', 'address3': '', 'city': 'Pittsville', 'zip_code': '54466', 'country': 'US', 'state': 'WI', 'display_address': ['5228 2nd Ave', 'Pittsville, WI 54466']}",Pittsville Home Bakery,+17158846813,$,3.0,1,[],https://www.yelp.com/biz/pittsville-home-bakery-pittsville?adjust_creative=GVWAITeAe13hPk5JlriDSg&utm_campaign=yelp_api_v3&utm_medium=api_v3_business_search&utm_source=GVWAITeAe13hPk5JlriDSg
rose-bowl-lanes-marshfield,"[{'alias': 'bowling', 'title': 'Bowling'}, {'alias': 'bars', 'title': 'Bars'}, {'alias': 'tradamerican', 'title': 'American (Traditional)'}]","{'latitude': 44.68166, 'longitude': -90.16412}",(715) 387-1114,35858.4580437642,L5k4orItDWnBjyW0XN70Gg,https://s3-media1.fl.yelpcdn.com/bphoto/y8mYscOZvMxePGxDHuPYhA/o.jpg,False,"{'address1': '1600 N Central Ave', 'address2': '', 'address3': '', 'city': 'Marshfield', 'zip_code': '54449', 'country': 'US', 'state': 'WI', 'display_address': ['1600 N Central Ave', 'Marshfield, WI 54449']}",Rose Bowl Lanes,+17153871114,,3.5,2,[],https://www.yelp.com/biz/rose-bowl-lanes-marshfield?adjust_creative=GVWAITeAe13hPk5JlriDSg&utm_campaign=yelp_api_v3&utm_medium=api_v3_business_search&utm_source=GVWAITeAe13hPk5JlriDSg
donnas-cozy-kitchen-neillsville,"[{'alias': 'breakfast_brunch', 'title': 'Breakfast & Brunch'}]","{'latitude': 44.5611496, 'longitude': -90.5966034}",(715) 743-6335,25969.71353981011,QFNBCkH4sWF6AIGOq0wOOw,https://s3-media2.fl.yelpcdn.com/bphoto/7h7h8zzYw0eE_xVD7sWiZQ/o.jpg,False,"{'address1': '630 Hewett St', 'address2': '', 'address3': '', 'city': 'Neillsville', 'zip_code': '54456', 'country': 'US', 'state': 'WI', 'display_address': ['630 Hewett St', 'Neillsville, WI 54456']}",Donna's Cozy Kitchen,+17157436335,,2.0,4,[],https://www.yelp.com/biz/donnas-cozy-kitchen-neillsville?adjust_creative=GVWAITeAe13hPk5JlriDSg&utm_campaign=yelp_api_v3&utm_medium=api_v3_business_search&utm_source=GVWAITeAe13hPk5JlriDSg
speakeasy-saloon-neillsville,"[{'alias': 'restaurants', 'title': 'Restaurants'}, {'alias': 'beer_and_wine', 'title': 'Beer, Wine & Spirits'}]","{'latitude': 44.564722, 'longitude': -90.698083}",(715) 743-2444,32355.006237981823,1RhHXG83hlmUfsKnZ7HcRA,https://s3-media3.fl.yelpcdn.com/bphoto/ZWu6wjBXGWEQyN2oKvFjrg/o.jpg,False,"{'address1': 'W 7652 Hwy 10', 'address2': None, 'address3': '', 'city': 'Neillsville', 'zip_code': '54456', 'country': 'US', 'state': 'WI', 'display_address': ['W 7652 Hwy 10', 'Neillsville, WI 54456']}",Speakeasy Saloon,+17157432444,,4.0,1,[],https://www.yelp.com/biz/speakeasy-saloon-neillsville?adjust_creative=GVWAITeAe13hPk5JlriDSg&utm_campaign=yelp_api_v3&utm_medium=api_v3_business_search&utm_source=GVWAITeAe13hPk5JlriDSg
evergreens-supper-club-black-river-falls,"[{'alias': 'bars', 'title': 'Bars'}, {'alias': 'tradamerican', 'title': 'American (Traditional)'}]","{'latitude': 44.15754, 'longitude': -90.71341}",(608) 272-3202,38028.378390854166,msPhykW_fcd6mrTnSl3QyQ,https://s3-media4.fl.yelpcdn.com/bphoto/En4-txOJGA3yskdMPsPZFQ/o.jpg,False,"{'address1': '1153 Apollo Rd', 'address2': '', 'address3': '', 'city': 'Black River Falls', 'zip_code': '54615', 'country': 'US', 'state': 'WI', 'display_address': ['1153 Apollo Rd', 'Black River Falls, WI 54615']}",Evergreens Supper Club,+16082723202,$$,2.5,7,[],https://www.yelp.com/biz/evergreens-supper-club-black-river-falls?adjust_creative=GVWAITeAe13hPk5JlriDSg&utm_campaign=yelp_api_v3&utm_medium=api_v3_business_search&utm_source=GVWAITeAe13hPk5JlriDSg
taco-bell-marshfield-2,"[{'alias': 'tex-mex', 'title': 'Tex-Mex'}, {'alias': 'hotdogs', 'title': 'Fast Food'}, {'alias': 'mexican', 'title': 'Mexican'}]","{'latitude': 44.680995, 'longitude': -90.163626}",(715) 387-8499,35809.22972584474,Voij3GUbhkRxBDqPFuKZ2g,https://s3-media3.fl.yelpcdn.com/bphoto/bnnmhS1d_QIFRyJWaClyVA/o.jpg,False,"{'address1': '1410 North Central Avenue', 'address2': '', 'address3': '', 'city': 'Marshfield', 'zip_code': '54449', 'country': 'US', 'state': 'WI', 'display_address': ['1410 North Central Avenue', 'Marshfield, WI 54449']}",Taco Bell,+17153878499,$,3.0,4,[],https://www.yelp.com/biz/taco-bell-marshfield-2?adjust_creative=GVWAITeAe13hPk5JlriDSg&utm_campaign=yelp_api_v3&utm_medium=api_v3_business_search&utm_source=GVWAITeAe13hPk5JlriDSg
cranbrew-and-eatery-warrens,"[{'alias': 'tradamerican', 'title': 'American (Traditional)'}]","{'latitude': 44.1304433327747, 'longitude': -90.5314242216738}",(608) 378-2500,32044.207840974734,Bpm2E9DOhp8120UddcY55Q,https://s3-media4.fl.yelpcdn.com/bphoto/Y58AvC-jT24Hg2qV6eQsVQ/o.jpg,False,"{'address1': '701 Yogi Cir', 'address2': '', 'address3': '', 'city': 'Warrens', 'zip_code': '54666', 'country': 'US', 'state': 'WI', 'display_address': ['701 Yogi Cir', 'Warrens, WI 54666']}",Cranbrew and Eatery,+16083782500,$$$,2.5,6,[],https://www.yelp.com/biz/cranbrew-and-eatery-warrens?adjust_creative=GVWAITeAe13hPk5JlriDSg&utm_campaign=yelp_api_v3&utm_medium=api_v3_business_search&utm_source=GVWAITeAe13hPk5JlriDSg
after-hours-marshfield,"[{'alias': 'bars', 'title': 'Bars'}]","{'latitude': 44.6552848815918, 'longitude': -90.1802520751953}",(715) 387-6560,32675.078156317355,_vGvAS3bRLklLcsX-Dfabw,,False,"{'address1': '114 E 14th St', 'address2': '', 'address3': '', 'city': 'Marshfield', 'zip_code': '54449', 'country': 'US', 'state': 'WI', 'display_address': ['114 E 14th St', 'Marshfield, WI 54449']}",After Hours,+17153876560,,4.0,1,[],https://www.yelp.com/biz/after-hours-marshfield?adjust_creative=GVWAITeAe13hPk5JlriDSg&utm_campaign=yelp_api_v3&utm_medium=api_v3_business_search&utm_source=GVWAITeAe13hPk5JlriDSg
natures-pasture-auburndale,"[{'alias': 'steak', 'title': 'Steakhouses'}]","{'latitude': 44.65771, 'longitude': -89.9873}",(715) 952-4370,42036.845668765636,aLOLuzn_4BLAbVx1-iE-cA,https://s3-media3.fl.yelpcdn.com/bphoto/ML7867WjOL2HgCSXPfBe5A/o.jpg,False,"{'address1': '5312 County Hwy H', 'address2': '', 'address3': '', 'city': 'Auburndale', 'zip_code': '54412', 'country': 'US', 'state': 'WI', 'display_address': ['5312 County Hwy H', 'Auburndale, WI 54412']}",Natures Pasture,+17159524370,,5.0,1,[],https://www.yelp.com/biz/natures-pasture-auburndale?adjust_creative=GVWAITeAe13hPk5JlriDSg&utm_campaign=yelp_api_v3&utm_medium=api_v3_business_search&utm_source=GVWAITeAe13hPk5JlriDSg
cattails-coffee-marshfield,"[{'alias': 'coffee', 'title': 'Coffee & Tea'}]","{'latitude': 44.67801, 'longitude': -90.17704}",(715) 384-5550,35001.30345442546,f15zsEgK_qFZtnxWOYa8vQ,https://s3-media1.fl.yelpcdn.com/bphoto/netFuZxTqxey9sGkOZ-SKg/o.jpg,False,"{'address1': '1000 N Oak Ave', 'address2': None, 'address3': None, 'city': 'Marshfield', 'zip_code': '54449', 'country': 'US', 'state': 'WI', 'display_address': ['1000 N Oak Ave', 'Marshfield, WI 54449']}",Cattails Coffee,+17153845550,$$,4.0,1,[],https://www.yelp.com/biz/cattails-coffee-marshfield?adjust_creative=GVWAITeAe13hPk5JlriDSg&utm_campaign=yelp_api_v3&utm_medium=api_v3_business_search&utm_source=GVWAITeAe13hPk5JlriDSg
the-neighborhood-bar-marshfield,"[{'alias': 'bars', 'title': 'Bars'}]","{'latitude': 44.67196, 'longitude': -90.17904}",(715) 384-3787,34356.241667880015,LlwPAy0Q4gkIL3y4kprvkA,,False,"{'address1': '600 W Blodgett St', 'address2': '', 'address3': '', 'city': 'Marshfield', 'zip_code': '54449', 'country': 'US', 'state': 'WI', 'display_address': ['600 W Blodgett St', 'Marshfield, WI 54449']}",The Neighborhood Bar,+17153843787,,4.0,1,[],https://www.yelp.com/biz/the-neighborhood-bar-marshfield?adjust_creative=GVWAITeAe13hPk5JlriDSg&utm_campaign=yelp_api_v3&utm_medium=api_v3_business_search&utm_source=GVWAITeAe13hPk5JlriDSg
little-caesars-pizza-marshfield,"[{'alias': 'pizza', 'title': 'Pizza'}]","{'latitude': 44.67103, 'longitude': -90.17107}",(715) 387-6200,34557.31477387567,3iKPk1YL8LMCSGrhgzqoWg,,False,"{'address1': '408 N Central Ave', 'address2': '', 'address3': '', 'city': 'Marshfield', 'zip_code': '54449', 'country': 'US', 'state': 'WI', 'display_address': ['408 N Central Ave', 'Marshfield, WI 54449']}",Little Caesar's Pizza,+17153876200,$,4.0,1,[],https://www.yelp.com/biz/little-caesars-pizza-marshfield?adjust_creative=GVWAITeAe13hPk5JlriDSg&utm_campaign=yelp_api_v3&utm_medium=api_v3_business_search&utm_source=GVWAITeAe13hPk5JlriDSg
jjs-bakery-marshfield,"[{'alias': 'bakeries', 'title': 'Bakeries'}]","{'latitude': 44.67152, 'longitude': -90.17179}",(715) 207-1485,34559.97058427736,lXPRt3TXlRhP5jMRqvyaoA,https://s3-media2.fl.yelpcdn.com/bphoto/Z3sj4RIph9Wb2ZBnq-M8lw/o.jpg,False,"{'address1': '409 N Chestnut Ave', 'address2': None, 'address3': '', 'city': 'Marshfield', 'zip_code': '54449', 'country': 'US', 'state': 'WI', 'display_address': ['409 N Chestnut Ave', 'Marshfield, WI 54449']}",JJ's Bakery,+17152071485,,4.0,1,[],https://www.yelp.com/biz/jjs-bakery-marshfield?adjust_creative=GVWAITeAe13hPk5JlriDSg&utm_campaign=yelp_api_v3&utm_medium=api_v3_business_search&utm_source=GVWAITeAe13hPk5JlriDSg
a-and-w-restaurant-neillsville,"[{'alias': 'burgers', 'title': 'Burgers'}, {'alias': 'hotdogs', 'title': 'Fast Food'}]","{'latitude': 44.55325, 'longitude': -90.59008}",(715) 743-7900,24998.3831607456,kvNNd8EpQYXOiQwXddbRQQ,https://s3-media3.fl.yelpcdn.com/bphoto/yRI2rSZfrpVaDnk_qK1HpA/o.jpg,False,"{'address1': '501 E Division St', 'address2': '', 'address3': '', 'city': 'Neillsville', 'zip_code': '54456', 'country': 'US', 'state': 'WI', 'display_address': ['501 E Division St', 'Neillsville, WI 54456']}",A&W Restaurant,+17157437900,,4.0,3,[],https://www.yelp.com/biz/a-and-w-restaurant-neillsville?adjust_creative=GVWAITeAe13hPk5JlriDSg&utm_campaign=yelp_api_v3&utm_medium=api_v3_business_search&utm_source=GVWAITeAe13hPk5JlriDSg
the-wilderness-inn-necedah-2,"[{'alias': 'hotels', 'title': 'Hotels'}, {'alias': 'pubs', 'title': 'Pubs'}]","{'latitude': 44.1476480493846, 'longitude': -90.1318788528442}",(608) 565-2277,33207.57762027923,xxaU0xfYi2yczDOUPikcCg,https://s3-media2.fl.yelpcdn.com/bphoto/DPbvJ16AXG6rqVpWwbdK7g/o.jpg,False,"{'address1': 'N13903 State Rd 80', 'address2': None, 'address3': None, 'city': 'Necedah', 'zip_code': '54646', 'country': 'US', 'state': 'WI', 'display_address': ['N13903 State Rd 80', 'Necedah, WI 54646']}",The Wilderness Inn,+16085652277,,2.5,2,[],https://www.yelp.com/biz/the-wilderness-inn-necedah-2?adjust_creative=GVWAITeAe13hPk5JlriDSg&utm_campaign=yelp_api_v3&utm_medium=api_v3_business_search&utm_source=GVWAITeAe13hPk5JlriDSg
bakerville-sports-bar-marshfield,"[{'alias': 'sportsbars', 'title': 'Sports Bars'}]","{'latitude': 44.6313, 'longitude': -90.2189}",(715) 676-3768,28963.018228768495,nYNjk9ZR_kSuWelMxsgzhA,,False,"{'address1': '10631 County Road B', 'address2': None, 'address3': None, 'city': 'Marshfield', 'zip_code': '54449', 'country': 'US', 'state': 'WI', 'display_address': ['10631 County Road B', 'Marshfield, WI 54449']}",Bakerville Sports Bar,+17156763768,,3.0,1,[],https://www.yelp.com/biz/bakerville-sports-bar-marshfield?adjust_creative=GVWAITeAe13hPk5JlriDSg&utm_campaign=yelp_api_v3&utm_medium=api_v3_business_search&utm_source=GVWAITeAe13hPk5JlriDSg
kizzy-and-sues-bar-and-grill-auburndale,"[{'alias': 'bars', 'title': 'Bars'}, {'alias': 'tradamerican', 'title': 'American (Traditional)'}]","{'latitude': 44.627698, 'longitude': -90.009375}",(715) 652-2612,38539.19748418686,FjTXETT7XiNVo1zrZSix6g,https://s3-media3.fl.yelpcdn.com/bphoto/QMYOANzfnknVMqWM0mkliw/o.jpg,False,"{'address1': '5788 Main St', 'address2': '', 'address3': '', 'city': 'Auburndale', 'zip_code': '54412', 'country': 'US', 'state': 'WI', 'display_address': ['5788 Main St', 'Auburndale, WI 54412']}",Kizzy & Sue's Bar and Grill,+17156522612,$,4.0,1,[],https://www.yelp.com/biz/kizzy-and-sues-bar-and-grill-auburndale?adjust_creative=GVWAITeAe13hPk5JlriDSg&utm_campaign=yelp_api_v3&utm_medium=api_v3_business_search&utm_source=GVWAITeAe13hPk5JlriDSg
dairy-queen-north-marshfield,"[{'alias': 'restaurants', 'title': 'Restaurants'}]","{'latitude': 44.6536362916231, 'longitude': -90.1825772970915}",(715) 384-5727,32395.971713700754,43-lPxxuv6cdNsSLS76cIQ,https://s3-media3.fl.yelpcdn.com/bphoto/G1pFZjs_d1RRzfJV_b4TMQ/o.jpg,False,"{'address1': '1600 S Central Ave', 'address2': '', 'address3': '', 'city': 'Marshfield', 'zip_code': '54449', 'country': 'US', 'state': 'WI', 'display_address': ['1600 S Central Ave', 'Marshfield, WI 54449']}",Dairy Queen North,+17153845727,,3.0,1,[],https://www.yelp.com/biz/dairy-queen-north-marshfield?adjust_creative=GVWAITeAe13hPk5JlriDSg&utm_campaign=yelp_api_v3&utm_medium=api_v3_business_search&utm_source=GVWAITeAe13hPk5JlriDSg
beys-bar-marshfield,"[{'alias': 'bars', 'title': 'Bars'}]","{'latitude': 44.66963, 'longitude': -90.17111}",(715) 207-5142,34413.98961371288,V4XEsPigMrOtAe9ezHGPHQ,,False,"{'address1': '305 N Central Ave', 'address2': '', 'address3': '', 'city': 'Marshfield', 'zip_code': '54449', 'country': 'US', 'state': 'WI', 'display_address': ['305 N Central Ave', 'Marshfield, WI 54449']}",Bey's Bar,+17152075142,,5.0,2,[],https://www.yelp.com/biz/beys-bar-marshfield?adjust_creative=GVWAITeAe13hPk5JlriDSg&utm_campaign=yelp_api_v3&utm_medium=api_v3_business_search&utm_source=GVWAITeAe13hPk5JlriDSg
southway-pub-and-grub-marshfield,"[{'alias': 'pubs', 'title': 'Pubs'}, {'alias': 'tradamerican', 'title': 'American (Traditional)'}]","{'latitude': 44.6561103884932, 'longitude': -90.181445451685}",(715) 387-3388,32704.032428872346,KSpki1Bgi9TzLI8VCbmB4w,https://s3-media3.fl.yelpcdn.com/bphoto/AxJysPGFlKltCUQI_i9P9w/o.jpg,False,"{'address1': '1212 S Central Ave', 'address2': '', 'address3': None, 'city': 'Marshfield', 'zip_code': '54449', 'country': 'US', 'state': 'WI', 'display_address': ['1212 S Central Ave', 'Marshfield, WI 54449']}",Southway Pub & Grub,+17153873388,,3.0,1,[],https://www.yelp.com/biz/southway-pub-and-grub-marshfield?adjust_creative=GVWAITeAe13hPk5JlriDSg&utm_campaign=yelp_api_v3&utm_medium=api_v3_business_search&utm_source=GVWAITeAe13hPk5JlriDSg
chili-corners-club-chili,"[{'alias': 'bars', 'title': 'Bars'}, {'alias': 'tradamerican', 'title': 'American (Traditional)'}]","{'latitude': 44.59811, 'longitude': -90.35535}",(715) 683-2818,22750.169021693997,-e44ioKD6MY6rOh9HL7ygg,,False,"{'address1': 'W894 US Highway 10', 'address2': '', 'address3': '', 'city': 'Chili', 'zip_code': '54420', 'country': 'US', 'state': 'WI', 'display_address': ['W894 US Highway 10', 'Chili, WI 54420']}",Chili Corners Club,+17156832818,,5.0,1,[],https://www.yelp.com/biz/chili-corners-club-chili?adjust_creative=GVWAITeAe13hPk5JlriDSg&utm_campaign=yelp_api_v3&utm_medium=api_v3_business_search&utm_source=GVWAITeAe13hPk5JlriDSg
the-glass-house-neillsville,"[{'alias': 'divebars', 'title': 'Dive Bars'}]","{'latitude': 44.5598488301039, 'longitude': -90.5966714769602}",(715) 743-2803,25651.3070072476,jNfI2ZPPenNp4qkcO4sKvw,https://s3-media2.fl.yelpcdn.com/bphoto/iC4yqX9QHCgMBeNZyOGu4g/o.jpg,False,"{'address1': '130 W 5th St', 'address2': '', 'address3': '', 'city': 'Neillsville', 'zip_code': '54456', 'country': 'US', 'state': 'WI', 'display_address': ['130 W 5th St', 'Neillsville, WI 54456']}",The Glass House,+17157432803,,2.0,1,[],https://www.yelp.com/biz/the-glass-house-neillsville?adjust_creative=GVWAITeAe13hPk5JlriDSg&utm_campaign=yelp_api_v3&utm_medium=api_v3_business_search&utm_source=GVWAITeAe13hPk5JlriDSg
pizza-hut-marshfield-2,"[{'alias': 'pizza', 'title': 'Pizza'}, {'alias': 'italian', 'title': 'Italian'}, {'alias': 'chicken_wings', 'title': 'Chicken Wings'}]","{'latitude': 44.67994, 'longitude': -90.16391}",(715) 389-2500,35696.80228702543,slweJhTBGjY8yanepSeoFg,https://s3-media2.fl.yelpcdn.com/bphoto/X6HLFYselqJowY8pV-JBFw/o.jpg,False,"{'address1': '1407 N Central Ave', 'address2': '', 'address3': 'Pizza Hut  266', 'city': 'Marshfield', 'zip_code': '54449', 'country': 'US', 'state': 'WI', 'display_address': ['1407 N Central Ave', 'Pizza Hut  266', 'Marshfield, WI 54449']}",Pizza Hut,+17153892500,$$,2.0,4,[],https://www.yelp.com/biz/pizza-hut-marshfield-2?adjust_creative=GVWAITeAe13hPk5JlriDSg&utm_campaign=yelp_api_v3&utm_medium=api_v3_business_search&utm_source=GVWAITeAe13hPk5JlriDSg
pizza-hut-neillsville,"[{'alias': 'pizza', 'title': 'Pizza'}, {'alias': 'italian', 'title': 'Italian'}, {'alias': 'chicken_wings', 'title': 'Chicken Wings'}]","{'latitude': 44.5529785, 'longitude': -90.5929337}",(715) 743-3100,25131.92576199059,ORuJLksM5jLG0sEtdHu8Og,https://s3-media4.fl.yelpcdn.com/bphoto/VXMZs6CoSJQE9RDIbOS4oQ/o.jpg,False,"{'address1': '303 E Division St', 'address2': '', 'address3': 'Pizza Hut  270', 'city': 'Neillsville', 'zip_code': '54456', 'country': 'US', 'state': 'WI', 'display_address': ['303 E Division St', 'Pizza Hut  270', 'Neillsville, WI 54456']}",Pizza Hut,+17157433100,,5.0,1,[],https://www.yelp.com/biz/pizza-hut-neillsville?adjust_creative=GVWAITeAe13hPk5JlriDSg&utm_campaign=yelp_api_v3&utm_medium=api_v3_business_search&utm_source=GVWAITeAe13hPk5JlriDSg
petenwell-county-park-arkdale,"[{'alias': 'parks', 'title': 'Parks'}]","{'latitude': 44.1170272827148, 'longitude': -89.9621353149414}",(608) 564-7513,44633.82017899893,KvnLVd_IduG2A1q17brwnQ,https://s3-media3.fl.yelpcdn.com/bphoto/xg79SG0G3sI91ZiyNM49cg/o.jpg,False,"{'address1': '2004 Bighorn Dr', 'address2': '', 'address3': '', 'city': 'Arkdale', 'zip_code': '54613', 'country': 'US', 'state': 'WI', 'display_address': ['2004 Bighorn Dr', 'Arkdale, WI 54613']}",Petenwell County Park,+16085647513,,3.0,2,[],https://www.yelp.com/biz/petenwell-county-park-arkdale?adjust_creative=GVWAITeAe13hPk5JlriDSg&utm_campaign=yelp_api_v3&utm_medium=api_v3_business_search&utm_source=GVWAITeAe13hPk5JlriDSg
tommys-hilltop-tavern-granton-2,"[{'alias': 'burgers', 'title': 'Burgers'}]","{'latitude': 44.573948, 'longitude': -90.456685}",(715) 238-7852,21229.82927297832,fipSWVWjglPUd4tyorqpkg,,False,"{'address1': 'W2860 US Hwy 10', 'address2': '', 'address3': '', 'city': 'Granton', 'zip_code': '54436', 'country': 'US', 'state': 'WI', 'display_address': ['W2860 US Hwy 10', 'Granton, WI 54436']}",Tommy's Hilltop Tavern,+17152387852,,4.0,1,[],https://www.yelp.com/biz/tommys-hilltop-tavern-granton-2?adjust_creative=GVWAITeAe13hPk5JlriDSg&utm_campaign=yelp_api_v3&utm_medium=api_v3_business_search&utm_source=GVWAITeAe13hPk5JlriDSg
arbys-marshfield,"[{'alias': 'hotdogs', 'title': 'Fast Food'}, {'alias': 'sandwiches', 'title': 'Sandwiches'}]","{'latitude': 44.6807, 'longitude': -90.1633}",(715) 387-3004,35792.56406396176,MUcXJa16QpcrxCQT53CVjA,,False,"{'address1': '1501 N Central Ave', 'address2': '', 'address3': '', 'city': 'Marshfield', 'zip_code': '54449', 'country': 'US', 'state': 'WI', 'display_address': ['1501 N Central Ave', 'Marshfield, WI 54449']}",Arby's,+17153873004,,1.5,3,[],https://www.yelp.com/biz/arbys-marshfield?adjust_creative=GVWAITeAe13hPk5JlriDSg&utm_campaign=yelp_api_v3&utm_medium=api_v3_business_search&utm_source=GVWAITeAe13hPk5JlriDSg
three-bears-chop-house-warrens,"[{'alias': 'tradamerican', 'title': 'American (Traditional)'}]","{'latitude': 44.130434, 'longitude': -90.531577}",(606) 378-2500,31963.569387023643,Pi-BMpPtND4XWVE_7DuOxw,,False,"{'address1': '701 Yogi Cir', 'address2': '', 'address3': '', 'city': 'Warrens', 'zip_code': '54666', 'country': 'US', 'state': 'WI', 'display_address': ['701 Yogi Cir', 'Warrens, WI 54666']}",Three Bears Chop House,+16063782500,$$,1.5,2,[],https://www.yelp.com/biz/three-bears-chop-house-warrens?adjust_creative=GVWAITeAe13hPk5JlriDSg&utm_campaign=yelp_api_v3&utm_medium=api_v3_business_search&utm_source=GVWAITeAe13hPk5JlriDSg
subway-marshfield-3,"[{'alias': 'sandwiches', 'title': 'Sandwiches'}, {'alias': 'hotdogs', 'title': 'Fast Food'}]","{'latitude': 44.68135, 'longitude': -90.16121}",(715) 387-8211,35927.789650450104,YF16iVft3_nf7a3MQRfebA,https://s3-media2.fl.yelpcdn.com/bphoto/LtapD7sefgFLjjCapcXuAg/o.jpg,False,"{'address1': '1621 N Central Ave', 'address2': None, 'address3': None, 'city': 'Marshfield', 'zip_code': '54449', 'country': 'US', 'state': 'WI', 'display_address': ['1621 N Central Ave', 'Marshfield, WI 54449']}",Subway,+17153878211,,1.5,2,[],https://www.yelp.com/biz/subway-marshfield-3?adjust_creative=GVWAITeAe13hPk5JlriDSg&utm_campaign=yelp_api_v3&utm_medium=api_v3_business_search&utm_source=GVWAITeAe13hPk5JlriDSg
abares-outer-limits-marshfield,"[{'alias': 'sportsbars', 'title': 'Sports Bars'}]","{'latitude': 44.67072, 'longitude': -90.205457}",(715) 387-1415,33379.992789675394,WI8XBF8HYVJsOGQoyv3mWg,https://s3-media1.fl.yelpcdn.com/bphoto/44pdB2XjUJeF4VO83vOQPg/o.jpg,False,"{'address1': '9850 Cty Rd Y', 'address2': '', 'address3': '', 'city': 'Marshfield', 'zip_code': '54449', 'country': 'US', 'state': 'WI', 'display_address': ['9850 Cty Rd Y', 'Marshfield, WI 54449']}",Abares Outer Limits,+17153871415,$,5.0,1,[],https://www.yelp.com/biz/abares-outer-limits-marshfield?adjust_creative=GVWAITeAe13hPk5JlriDSg&utm_campaign=yelp_api_v3&utm_medium=api_v3_business_search&utm_source=GVWAITeAe13hPk5JlriDSg
dunkin-donuts-marshfield-3,"[{'alias': 'coffee', 'title': 'Coffee & Tea'}, {'alias': 'donuts', 'title': 'Donuts'}]","{'latitude': 44.6761365789092, 'longitude': -90.1664954444454}",(715) 898-1450,35224.8849470021,XdEqYUU5hkRWCt0UNZK6HA,https://s3-media3.fl.yelpcdn.com/bphoto/Q5vqy7V8ckCBxDtdnKp_vg/o.jpg,False,"{'address1': '911 N Central Ave', 'address2': '', 'address3': '', 'city': 'Marshfield', 'zip_code': '54449', 'country': 'US', 'state': 'WI', 'display_address': ['911 N Central Ave', 'Marshfield, WI 54449']}",Dunkin' Donuts,+17158981450,$$,1.5,5,[],https://www.yelp.com/biz/dunkin-donuts-marshfield-3?adjust_creative=GVWAITeAe13hPk5JlriDSg&utm_campaign=yelp_api_v3&utm_medium=api_v3_business_search&utm_source=GVWAITeAe13hPk5JlriDSg
royal-tokyo-marshfield,"[{'alias': 'restaurants', 'title': 'Restaurants'}]","{'latitude': 44.66698, 'longitude': -90.17363}",(715) 486-8869,34312.81688250085,H31tJ174uO17d_l4uG9XCg,,False,"{'address1': '', 'address2': '', 'address3': '', 'city': 'Marshfield', 'zip_code': '54449', 'country': 'US', 'state': 'WI', 'display_address': ['Marshfield, WI 54449']}",Royal Tokyo,+17154868869,,5.0,1,[],https://www.yelp.com/biz/royal-tokyo-marshfield?adjust_creative=GVWAITeAe13hPk5JlriDSg&utm_campaign=yelp_api_v3&utm_medium=api_v3_business_search&utm_source=GVWAITeAe13hPk5JlriDSg
papa-murphys-marshfield-2,"[{'alias': 'pizza', 'title': 'Pizza'}]","{'latitude': 44.6823633273422, 'longitude': -90.162601929356}",(715) 384-5995,35922.15483423225,FR17vI1fQgxL0bmr5zmf4Q,,False,"{'address1': '1631 North Central Avenue', 'address2': '', 'address3': '', 'city': 'Marshfield', 'zip_code': '54449', 'country': 'US', 'state': 'WI', 'display_address': ['1631 North Central Avenue', 'Marshfield, WI 54449']}",Papa Murphy's,+17153845995,,2.0,1,[],https://www.yelp.com/biz/papa-murphys-marshfield-2?adjust_creative=GVWAITeAe13hPk5JlriDSg&utm_campaign=yelp_api_v3&utm_medium=api_v3_business_search&utm_source=GVWAITeAe13hPk5JlriDSg
mcdonalds-marshfield-3,"[{'alias': 'hotdogs', 'title': 'Fast Food'}, {'alias': 'burgers', 'title': 'Burgers'}, {'alias': 'coffee', 'title': 'Coffee & Tea'}]","{'latitude': 44.6774554760932, 'longitude': -90.1654573483484}",(715) 387-4785,35392.824287026466,t4Jw6CXDL2F235Jd2KRVyA,https://s3-media4.fl.yelpcdn.com/bphoto/6ge_w21NS-CHmEGLtXHbGw/o.jpg,False,"{'address1': '1101 N Central', 'address2': '', 'address3': '', 'city': 'Marshfield', 'zip_code': '54449', 'country': 'US', 'state': 'WI', 'display_address': ['1101 N Central', 'Marshfield, WI 54449']}",McDonald's,+17153874785,,2.5,6,[],https://www.yelp.com/biz/mcdonalds-marshfield-3?adjust_creative=GVWAITeAe13hPk5JlriDSg&utm_campaign=yelp_api_v3&utm_medium=api_v3_business_search&utm_source=GVWAITeAe13hPk5JlriDSg
the-patio-restaurant-marshfield,"[{'alias': 'newamerican', 'title': 'American (New)'}]","{'latitude': 44.6724067986308, 'longitude': -90.180459022522}",(715) 384-3007,34362.79813492844,nAlcujgnwObI5IHasdv1QQ,,False,"{'address1': '210 Saint Joseph Ave Frnt', 'address2': '', 'address3': '', 'city': 'Marshfield', 'zip_code': '54449', 'country': 'US', 'state': 'WI', 'display_address': ['210 Saint Joseph Ave Frnt', 'Marshfield, WI 54449']}",The Patio Restaurant,+17153843007,,1.0,1,[],https://www.yelp.com/biz/the-patio-restaurant-marshfield?adjust_creative=GVWAITeAe13hPk5JlriDSg&utm_campaign=yelp_api_v3&utm_medium=api_v3_business_search&utm_source=GVWAITeAe13hPk5JlriDSg
lake-arbutus-sports-bar-and-grill-neillsville,"[{'alias': 'fishnchips', 'title': 'Fish & Chips'}, {'alias': 'sportsbars', 'title': 'Sports Bars'}, {'alias': 'pizza', 'title': 'Pizza'}]","{'latitude': 44.45454, 'longitude': -90.6855}",(715) 743-4553,26162.221288906283,Xy6qtUEuzwVRmEjXkCUhrQ,,False,"{'address1': 'N1035 Riviera Ave', 'address2': '', 'address3': '', 'city': 'Neillsville', 'zip_code': '54456', 'country': 'US', 'state': 'WI', 'display_address': ['N1035 Riviera Ave', 'Neillsville, WI 54456']}",Lake Arbutus Sports Bar & Grill,+17157434553,,3.0,1,[],https://www.yelp.com/biz/lake-arbutus-sports-bar-and-grill-neillsville?adjust_creative=GVWAITeAe13hPk5JlriDSg&utm_campaign=yelp_api_v3&utm_medium=api_v3_business_search&utm_source=GVWAITeAe13hPk5JlriDSg
hardees-neillsville,"[{'alias': 'hotdogs', 'title': 'Fast Food'}]","{'latitude': 44.5522804, 'longitude': -90.5948715}",(715) 743-6585,25193.903684699315,RieSxXcyGQN9AjgZaAYySQ,,False,"{'address1': '150 E Division St', 'address2': '', 'address3': '', 'city': 'Neillsville', 'zip_code': '54456', 'country': 'US', 'state': 'WI', 'display_address': ['150 E Division St', 'Neillsville, WI 54456']}",Hardee's,+17157436585,,2.0,2,[],https://www.yelp.com/biz/hardees-neillsville?adjust_creative=GVWAITeAe13hPk5JlriDSg&utm_campaign=yelp_api_v3&utm_medium=api_v3_business_search&utm_source=GVWAITeAe13hPk5JlriDSg
lizzys-tap-warrens-2,"[{'alias': 'bars', 'title': 'Bars'}]","{'latitude': 44.1196308425506, 'longitude': -90.5536756664515}",(608) 378-4933,33881.85669343442,3kMJ4T5i_FxBZUdCYJsdmQ,,False,"{'address1': '3817 US Highway 12', 'address2': '', 'address3': '', 'city': 'Warrens', 'zip_code': '54666', 'country': 'US', 'state': 'WI', 'display_address': ['3817 US Highway 12', 'Warrens, WI 54666']}",Lizzy's Tap,+16083784933,$$,3.0,2,[],https://www.yelp.com/biz/lizzys-tap-warrens-2?adjust_creative=GVWAITeAe13hPk5JlriDSg&utm_campaign=yelp_api_v3&utm_medium=api_v3_business_search&utm_source=GVWAITeAe13hPk5JlriDSg
subway-neillsville,"[{'alias': 'sandwiches', 'title': 'Sandwiches'}, {'alias': 'hotdogs', 'title': 'Fast Food'}]","{'latitude': 44.5509666949511, 'longitude': -90.5984739214182}",(715) 743-3203,25366.187164407813,uFKYiGKyDPCz4aKsNlV2FQ,,False,"{'address1': '7 S Grand Ave', 'address2': '', 'address3': '', 'city': 'Neillsville', 'zip_code': '54456', 'country': 'US', 'state': 'WI', 'display_address': ['7 S Grand Ave', 'Neillsville, WI 54456']}",Subway,+17157433203,,2.0,1,[],https://www.yelp.com/biz/subway-neillsville?adjust_creative=GVWAITeAe13hPk5JlriDSg&utm_campaign=yelp_api_v3&utm_medium=api_v3_business_search&utm_source=GVWAITeAe13hPk5JlriDSg
restaurant-los-girasoles-marshfield,"[{'alias': 'mexican', 'title': 'Mexican'}]","{'latitude': 44.6510498, 'longitude': -90.1844936}",(715) 384-3826,31790.424291892316,xmA1L463QQLOeC9zLzhsAw,,False,"{'address1': '2001 S Roddis Ave', 'address2': '', 'address3': '', 'city': 'Marshfield', 'zip_code': '54449', 'country': 'US', 'state': 'WI', 'display_address': ['2001 S Roddis Ave', 'Marshfield, WI 54449']}",Restaurant Los Girasoles,+17153843826,,1.0,1,[],https://www.yelp.com/biz/restaurant-los-girasoles-marshfield?adjust_creative=GVWAITeAe13hPk5JlriDSg&utm_campaign=yelp_api_v3&utm_medium=api_v3_business_search&utm_source=GVWAITeAe13hPk5JlriDSg
burger-king-of-marshfield-marshfield,"[{'alias': 'burgers', 'title': 'Burgers'}]","{'latitude': 44.676654, 'longitude': -90.166168}",(715) 384-4960,35285.34361235229,7H3i-QHptM8VqyfXBEc9uA,,False,"{'address1': '1015 N Central Ave', 'address2': '', 'address3': '', 'city': 'Marshfield', 'zip_code': '54449', 'country': 'US', 'state': 'WI', 'display_address': ['1015 N Central Ave', 'Marshfield, WI 54449']}",Burger King of Marshfield,+17153844960,,1.0,2,[],https://www.yelp.com/biz/burger-king-of-marshfield-marshfield?adjust_creative=GVWAITeAe13hPk5JlriDSg&utm_campaign=yelp_api_v3&utm_medium=api_v3_business_search&utm_source=GVWAITeAe13hPk5JlriDSg
