alias,categories,coordinates,display_phone,distance,id,image_url,is_closed,location,name,phone,price,rating,review_count,transactions,url
sap-appleton,"[{'alias': 'breakfast_brunch', 'title': 'Breakfast & Brunch'}, {'alias': 'bakeries', 'title': 'Bakeries'}]","{'latitude': 44.2694866, 'longitude': -88.4760631}",(920) 257-2194,11981.91990482591,iXspXrg_5gHS58cS-wRXxA,https://s3-media4.fl.yelpcdn.com/bphoto/D_czSiZf4IrGcNuElMYvMg/o.jpg,False,"{'address1': '708 N Casaloma Dr', 'address2': '', 'address3': '', 'city': 'Appleton', 'zip_code': '54913', 'country': 'US', 'state': 'WI', 'display_address': ['708 N Casaloma Dr', 'Appleton, WI 54913']}",SAP,+19202572194,$$,4.5,313,[],https://www.yelp.com/biz/sap-appleton?adjust_creative=GVWAITeAe13hPk5JlriDSg&utm_campaign=yelp_api_v3&utm_medium=api_v3_business_search&utm_source=GVWAITeAe13hPk5JlriDSg
carmellas-appleton,"[{'alias': 'italian', 'title': 'Italian'}]","{'latitude': 44.269692, 'longitude': -88.4760685}",(920) 882-4044,11963.97251015575,B1719aFAOD_m9kgZMIq9RA,https://s3-media3.fl.yelpcdn.com/bphoto/CoJK0qZxdrgXuHCAhCKVCQ/o.jpg,False,"{'address1': '716 N Casaloma Dr', 'address2': '', 'address3': '', 'city': 'Appleton', 'zip_code': '54913', 'country': 'US', 'state': 'WI', 'display_address': ['716 N Casaloma Dr', 'Appleton, WI 54913']}",Carmella's,+19208824044,$$,4.5,312,[],https://www.yelp.com/biz/carmellas-appleton?adjust_creative=GVWAITeAe13hPk5JlriDSg&utm_campaign=yelp_api_v3&utm_medium=api_v3_business_search&utm_source=GVWAITeAe13hPk5JlriDSg
black-otter-supper-club-hortonville,"[{'alias': 'tradamerican', 'title': 'American (Traditional)'}]","{'latitude': 44.33041, 'longitude': -88.6397476}",(920) 779-6975,2772.2571178819353,1Eq7cQQgnBDwS_RLnn8jNA,https://s3-media3.fl.yelpcdn.com/bphoto/ZolMQg_ocsNPOoQ1Np7cVw/o.jpg,False,"{'address1': '503 S Nash St', 'address2': '', 'address3': '', 'city': 'Hortonville', 'zip_code': '54944', 'country': 'US', 'state': 'WI', 'display_address': ['503 S Nash St', 'Hortonville, WI 54944']}",Black Otter Supper Club,+19207796975,$$,3.5,47,[],https://www.yelp.com/biz/black-otter-supper-club-hortonville?adjust_creative=GVWAITeAe13hPk5JlriDSg&utm_campaign=yelp_api_v3&utm_medium=api_v3_business_search&utm_source=GVWAITeAe13hPk5JlriDSg
osorios-latin-fusion-appleton,"[{'alias': 'latin', 'title': 'Latin American'}, {'alias': 'gluten_free', 'title': 'Gluten-Free'}, {'alias': 'mexican', 'title': 'Mexican'}]","{'latitude': 44.278145, 'longitude': -88.471349}",(920) 955-3766,11921.727548008768,4pJzY4WRT_Almzc9ZN_jEw,https://s3-media3.fl.yelpcdn.com/bphoto/tXwe1eNl_ed-Gh3PqpjNDQ/o.jpg,False,"{'address1': '1910 N Casaloma Dr', 'address2': None, 'address3': '', 'city': 'Appleton', 'zip_code': '54913', 'country': 'US', 'state': 'WI', 'display_address': ['1910 N Casaloma Dr', 'Appleton, WI 54913']}",Osorio's Latin Fusion,+19209553766,$$,4.5,78,"['pickup', 'delivery']",https://www.yelp.com/biz/osorios-latin-fusion-appleton?adjust_creative=GVWAITeAe13hPk5JlriDSg&utm_campaign=yelp_api_v3&utm_medium=api_v3_business_search&utm_source=GVWAITeAe13hPk5JlriDSg
eggrolls-appleton-6,"[{'alias': 'asianfusion', 'title': 'Asian Fusion'}]","{'latitude': 44.2702535198813, 'longitude': -88.4797396825562}",(920) 707-1300,11653.300037647257,pv_FwCYs_SGR5pJfa_YQrA,https://s3-media3.fl.yelpcdn.com/bphoto/d9h8SZ8d-qJaDbil9RTv3Q/o.jpg,False,"{'address1': '1015 Mutual Way', 'address2': '', 'address3': '', 'city': 'Appleton', 'zip_code': '54913', 'country': 'US', 'state': 'WI', 'display_address': ['1015 Mutual Way', 'Appleton, WI 54913']}",Eggrolls,+19207071300,$,4.5,64,"['pickup', 'delivery']",https://www.yelp.com/biz/eggrolls-appleton-6?adjust_creative=GVWAITeAe13hPk5JlriDSg&utm_campaign=yelp_api_v3&utm_medium=api_v3_business_search&utm_source=GVWAITeAe13hPk5JlriDSg
field-and-fire-greenville,"[{'alias': 'newamerican', 'title': 'American (New)'}, {'alias': 'breakfast_brunch', 'title': 'Breakfast & Brunch'}, {'alias': 'cocktailbars', 'title': 'Cocktail Bars'}]","{'latitude': 44.30549, 'longitude': -88.54451}",(920) 750-4106,5506.45681830637,_OE-SzSF3nC3dT5TIQPDtw,https://s3-media2.fl.yelpcdn.com/bphoto/MEASV0r1bbONINecpapv-g/o.jpg,False,"{'address1': 'N1788 Lily Of The Valley Dr', 'address2': 'Ste B', 'address3': None, 'city': 'Greenville', 'zip_code': '54942', 'country': 'US', 'state': 'WI', 'display_address': ['N1788 Lily Of The Valley Dr', 'Ste B', 'Greenville, WI 54942']}",Field & Fire,+19207504106,,5.0,14,[],https://www.yelp.com/biz/field-and-fire-greenville?adjust_creative=GVWAITeAe13hPk5JlriDSg&utm_campaign=yelp_api_v3&utm_medium=api_v3_business_search&utm_source=GVWAITeAe13hPk5JlriDSg
milwaukee-burger-company-appleton,"[{'alias': 'burgers', 'title': 'Burgers'}, {'alias': 'sportsbars', 'title': 'Sports Bars'}, {'alias': 'beerbar', 'title': 'Beer Bar'}]","{'latitude': 44.2663802788659, 'longitude': -88.4769737728077}",(920) 202-3558,12042.608082890629,U1UYgmfM6SouVOWhWOAaFA,https://s3-media2.fl.yelpcdn.com/bphoto/9PaQA9ea2bljQZ1AQtG4ug/o.jpg,False,"{'address1': '421 N Casaloma Dr', 'address2': '', 'address3': '', 'city': 'Appleton', 'zip_code': '54913', 'country': 'US', 'state': 'WI', 'display_address': ['421 N Casaloma Dr', 'Appleton, WI 54913']}",Milwaukee Burger Company,+19202023558,$$,4.0,135,"['pickup', 'delivery']",https://www.yelp.com/biz/milwaukee-burger-company-appleton?adjust_creative=GVWAITeAe13hPk5JlriDSg&utm_campaign=yelp_api_v3&utm_medium=api_v3_business_search&utm_source=GVWAITeAe13hPk5JlriDSg
el-agave-mexican-grill-and-cantina-appleton-3,"[{'alias': 'mexican', 'title': 'Mexican'}]","{'latitude': 44.276924, 'longitude': -88.473924}",(920) 358-7795,11779.327867548329,EkiLgvhJw1qClIhsBWT9bA,https://s3-media2.fl.yelpcdn.com/bphoto/arvdn4tTlgmb5ouLNOEeLw/o.jpg,False,"{'address1': '1750 N Casaloma Dr', 'address2': '', 'address3': None, 'city': 'Appleton', 'zip_code': '54913', 'country': 'US', 'state': 'WI', 'display_address': ['1750 N Casaloma Dr', 'Appleton, WI 54913']}",El Agave Mexican Grill & Cantina,+19203587795,$$,4.5,43,['delivery'],https://www.yelp.com/biz/el-agave-mexican-grill-and-cantina-appleton-3?adjust_creative=GVWAITeAe13hPk5JlriDSg&utm_campaign=yelp_api_v3&utm_medium=api_v3_business_search&utm_source=GVWAITeAe13hPk5JlriDSg
jaripeo-mexican-grill-greenville,"[{'alias': 'mexican', 'title': 'Mexican'}]","{'latitude': 44.290009, 'longitude': -88.51448}",(920) 757-6119,8243.796467904029,-n5CWOhfmpvsf6cXydfLTA,https://s3-media1.fl.yelpcdn.com/bphoto/7rHa6UD6n1oF95IHpIVeJw/o.jpg,False,"{'address1': '6482 W Greenville Dr', 'address2': 'Ste 2', 'address3': '', 'city': 'Greenville', 'zip_code': '54942', 'country': 'US', 'state': 'WI', 'display_address': ['6482 W Greenville Dr', 'Ste 2', 'Greenville, WI 54942']}",Jaripeo Mexican Grill,+19207576119,$$,4.0,27,[],https://www.yelp.com/biz/jaripeo-mexican-grill-greenville?adjust_creative=GVWAITeAe13hPk5JlriDSg&utm_campaign=yelp_api_v3&utm_medium=api_v3_business_search&utm_source=GVWAITeAe13hPk5JlriDSg
solea-mexican-grill-menasha,"[{'alias': 'mexican', 'title': 'Mexican'}]","{'latitude': 44.2709368642297, 'longitude': -88.4766683130602}",(920) 729-1011,11841.663412531816,FCWKp64YobVJGe2cXSyvnQ,https://s3-media2.fl.yelpcdn.com/bphoto/MZs-5KV-_Wi86SJ--u8aOw/o.jpg,False,"{'address1': '705 Appleton Rd', 'address2': '', 'address3': '', 'city': 'Menasha', 'zip_code': '54952', 'country': 'US', 'state': 'WI', 'display_address': ['705 Appleton Rd', 'Menasha, WI 54952']}",Solea Mexican Grill,+19207291011,$$,4.0,37,"['pickup', 'delivery']",https://www.yelp.com/biz/solea-mexican-grill-menasha?adjust_creative=GVWAITeAe13hPk5JlriDSg&utm_campaign=yelp_api_v3&utm_medium=api_v3_business_search&utm_source=GVWAITeAe13hPk5JlriDSg
alley-cat-coffeehouse-hortonville,"[{'alias': 'coffee', 'title': 'Coffee & Tea'}]","{'latitude': 44.3354, 'longitude': -88.63974}",(920) 540-8384,3118.4175890156034,bof3GsgT_p-B8RWy0Q-NFQ,https://s3-media1.fl.yelpcdn.com/bphoto/PlJxeWMOoTO9iBPaAkLCsw/o.jpg,False,"{'address1': '213 W Main St', 'address2': '', 'address3': None, 'city': 'Hortonville', 'zip_code': '54944', 'country': 'US', 'state': 'WI', 'display_address': ['213 W Main St', 'Hortonville, WI 54944']}",Alley Cat Coffeehouse,+19205408384,,5.0,5,[],https://www.yelp.com/biz/alley-cat-coffeehouse-hortonville?adjust_creative=GVWAITeAe13hPk5JlriDSg&utm_campaign=yelp_api_v3&utm_medium=api_v3_business_search&utm_source=GVWAITeAe13hPk5JlriDSg
new-york-deli-appleton,"[{'alias': 'delis', 'title': 'Delis'}, {'alias': 'sandwiches', 'title': 'Sandwiches'}]","{'latitude': 44.27825, 'longitude': -88.47349}",(920) 734-3354,11756.819887805697,DFAuN1_14LXN5pchFrDP7Q,https://s3-media1.fl.yelpcdn.com/bphoto/1WuHQnWDnfZB5R_2f9Rscg/o.jpg,False,"{'address1': '1853 N Casaloma Dr', 'address2': '', 'address3': '', 'city': 'Appleton', 'zip_code': '54913', 'country': 'US', 'state': 'WI', 'display_address': ['1853 N Casaloma Dr', 'Appleton, WI 54913']}",New York Deli,+19207343354,$,4.0,33,"['pickup', 'delivery']",https://www.yelp.com/biz/new-york-deli-appleton?adjust_creative=GVWAITeAe13hPk5JlriDSg&utm_campaign=yelp_api_v3&utm_medium=api_v3_business_search&utm_source=GVWAITeAe13hPk5JlriDSg
manderfields-home-bakery-appleton-3,"[{'alias': 'desserts', 'title': 'Desserts'}, {'alias': 'bakeries', 'title': 'Bakeries'}]","{'latitude': 44.2679282597917, 'longitude': -88.4844529003695}",(920) 882-6500,11434.864224662657,bJVy13FOlcwkV1SfdyHBAQ,https://s3-media3.fl.yelpcdn.com/bphoto/xs8z8YtqNbyXb7dijs55Ng/o.jpg,False,"{'address1': '5100 W Michaels Dr', 'address2': '', 'address3': '', 'city': 'Appleton', 'zip_code': '54913', 'country': 'US', 'state': 'WI', 'display_address': ['5100 W Michaels Dr', 'Appleton, WI 54913']}",Manderfield's Home Bakery,+19208826500,$,4.5,12,[],https://www.yelp.com/biz/manderfields-home-bakery-appleton-3?adjust_creative=GVWAITeAe13hPk5JlriDSg&utm_campaign=yelp_api_v3&utm_medium=api_v3_business_search&utm_source=GVWAITeAe13hPk5JlriDSg
charlies-drive-in-restaurant-hortonville,"[{'alias': 'tradamerican', 'title': 'American (Traditional)'}]","{'latitude': 44.335974, 'longitude': -88.651248}",(920) 779-6753,3869.897293921174,pmZhMAFUEHES5SM2XAw5Gw,https://s3-media3.fl.yelpcdn.com/bphoto/kKdgaMtVyY_xux1dn6_yRQ/o.jpg,False,"{'address1': '806 W Main St', 'address2': '', 'address3': '', 'city': 'Hortonville', 'zip_code': '54944', 'country': 'US', 'state': 'WI', 'display_address': ['806 W Main St', 'Hortonville, WI 54944']}",Charlie's Drive-In Restaurant,+19207796753,$,4.5,6,[],https://www.yelp.com/biz/charlies-drive-in-restaurant-hortonville?adjust_creative=GVWAITeAe13hPk5JlriDSg&utm_campaign=yelp_api_v3&utm_medium=api_v3_business_search&utm_source=GVWAITeAe13hPk5JlriDSg
cheddars-scratch-kitchen-appleton,"[{'alias': 'tradamerican', 'title': 'American (Traditional)'}, {'alias': 'comfortfood', 'title': 'Comfort Food'}]","{'latitude': 44.272528, 'longitude': -88.474503}",(920) 749-0827,11925.564464848632,QJfjla9QbcO3q3zyuDsQJA,https://s3-media2.fl.yelpcdn.com/bphoto/vQ6Gups9broeFyqPsBuXYQ/o.jpg,False,"{'address1': '4531 W Wisconsin Ave', 'address2': None, 'address3': None, 'city': 'Appleton', 'zip_code': '54913', 'country': 'US', 'state': 'WI', 'display_address': ['4531 W Wisconsin Ave', 'Appleton, WI 54913']}",Cheddar's Scratch Kitchen,+19207490827,$$,3.0,70,[],https://www.yelp.com/biz/cheddars-scratch-kitchen-appleton?adjust_creative=GVWAITeAe13hPk5JlriDSg&utm_campaign=yelp_api_v3&utm_medium=api_v3_business_search&utm_source=GVWAITeAe13hPk5JlriDSg
the-stoneyard-greenville-greenville-2,"[{'alias': 'sportsbars', 'title': 'Sports Bars'}, {'alias': 'burgers', 'title': 'Burgers'}, {'alias': 'sandwiches', 'title': 'Sandwiches'}]","{'latitude': 44.30442, 'longitude': -88.54635}",(920) 750-6960,5231.2435907586905,eFOEP9qF2NWwkWivny6gzA,https://s3-media1.fl.yelpcdn.com/bphoto/6EH_hMmiTgfTd0E1PIEcvQ/o.jpg,False,"{'address1': 'N1739 Lily Of The Valley Dr', 'address2': None, 'address3': None, 'city': 'Greenville', 'zip_code': '54942', 'country': 'US', 'state': 'WI', 'display_address': ['N1739 Lily Of The Valley Dr', 'Greenville, WI 54942']}",The StoneYard Greenville,+19207506960,$$,3.0,24,[],https://www.yelp.com/biz/the-stoneyard-greenville-greenville-2?adjust_creative=GVWAITeAe13hPk5JlriDSg&utm_campaign=yelp_api_v3&utm_medium=api_v3_business_search&utm_source=GVWAITeAe13hPk5JlriDSg
cafe-nutrition-neenah,"[{'alias': 'sandwiches', 'title': 'Sandwiches'}, {'alias': 'newamerican', 'title': 'American (New)'}, {'alias': 'breakfast_brunch', 'title': 'Breakfast & Brunch'}]","{'latitude': 44.22287, 'longitude': -88.492993}",,13999.079454753803,CRreia9QQu7bLXXH3C_reQ,https://s3-media1.fl.yelpcdn.com/bphoto/-wuaPC4w776jJvtLQc0lmg/o.jpg,False,"{'address1': '1350 W American Dr', 'address2': None, 'address3': '', 'city': 'Neenah', 'zip_code': '54956', 'country': 'US', 'state': 'WI', 'display_address': ['1350 W American Dr', 'Neenah, WI 54956']}",Cafe Nutrition,,$$,4.0,40,[],https://www.yelp.com/biz/cafe-nutrition-neenah?adjust_creative=GVWAITeAe13hPk5JlriDSg&utm_campaign=yelp_api_v3&utm_medium=api_v3_business_search&utm_source=GVWAITeAe13hPk5JlriDSg
loose-wheel-supper-club-hortonville,"[{'alias': 'tradamerican', 'title': 'American (Traditional)'}, {'alias': 'breakfast_brunch', 'title': 'Breakfast & Brunch'}, {'alias': 'gastropubs', 'title': 'Gastropubs'}]","{'latitude': 44.335145, 'longitude': -88.640778}",(920) 779-3040,3164.1456423313048,L16_B1a5PZBjel9bHLpVVA,https://s3-media2.fl.yelpcdn.com/bphoto/ZE586k98ARsRYhO42-FqZQ/o.jpg,False,"{'address1': '302 W Main St', 'address2': '', 'address3': '', 'city': 'Hortonville', 'zip_code': '54944', 'country': 'US', 'state': 'WI', 'display_address': ['302 W Main St', 'Hortonville, WI 54944']}",Loose Wheel Supper Club,+19207793040,$$,3.5,14,[],https://www.yelp.com/biz/loose-wheel-supper-club-hortonville?adjust_creative=GVWAITeAe13hPk5JlriDSg&utm_campaign=yelp_api_v3&utm_medium=api_v3_business_search&utm_source=GVWAITeAe13hPk5JlriDSg
wildflower-pizzeria-appleton,"[{'alias': 'pizza', 'title': 'Pizza'}, {'alias': 'bars', 'title': 'Bars'}, {'alias': 'tapasmallplates', 'title': 'Tapas/Small Plates'}]","{'latitude': 44.2666949709221, 'longitude': -88.4772177598978}",(920) 815-3038,12009.355117014371,4N2wrdhFr0wuT6W5K6vyCg,https://s3-media2.fl.yelpcdn.com/bphoto/x6Bg4QdtrJ_l3-_tnAqBSw/o.jpg,False,"{'address1': '555 N Casaloma Dr', 'address2': '', 'address3': None, 'city': 'Appleton', 'zip_code': '54913', 'country': 'US', 'state': 'WI', 'display_address': ['555 N Casaloma Dr', 'Appleton, WI 54913']}",Wildflower Pizzeria,+19208153038,,4.0,17,[],https://www.yelp.com/biz/wildflower-pizzeria-appleton?adjust_creative=GVWAITeAe13hPk5JlriDSg&utm_campaign=yelp_api_v3&utm_medium=api_v3_business_search&utm_source=GVWAITeAe13hPk5JlriDSg
fava-tea-company-appleton,"[{'alias': 'coffee', 'title': 'Coffee & Tea'}]","{'latitude': 44.2702255249023, 'longitude': -88.4751281738281}",(920) 997-9920,11970.578668947855,GKeBhH3dd77lo_X6LFRH3A,https://s3-media1.fl.yelpcdn.com/bphoto/oUt93kr0zio8qnEuYKJPTQ/o.jpg,False,"{'address1': '706 N Casaloma Dr', 'address2': '', 'address3': '', 'city': 'Appleton', 'zip_code': '54913', 'country': 'US', 'state': 'WI', 'display_address': ['706 N Casaloma Dr', 'Appleton, WI 54913']}",Fava Tea Company,+19209979920,$$,4.5,11,[],https://www.yelp.com/biz/fava-tea-company-appleton?adjust_creative=GVWAITeAe13hPk5JlriDSg&utm_campaign=yelp_api_v3&utm_medium=api_v3_business_search&utm_source=GVWAITeAe13hPk5JlriDSg
mjs-supper-club-hortonville,"[{'alias': 'steak', 'title': 'Steakhouses'}, {'alias': 'bars', 'title': 'Bars'}, {'alias': 'seafood', 'title': 'Seafood'}]","{'latitude': 44.352745, 'longitude': -88.608669}",(920) 779-9701,4114.401711844216,RcxLn6pV_jqp_TJcpfDefg,https://s3-media1.fl.yelpcdn.com/bphoto/mGx2lmDez7aO2osT74q3DQ/o.jpg,False,"{'address1': 'W8326 County Road Mm', 'address2': None, 'address3': '', 'city': 'Hortonville', 'zip_code': '54944', 'country': 'US', 'state': 'WI', 'display_address': ['W8326 County Road Mm', 'Hortonville, WI 54944']}",MJ's Supper Club,+19207799701,,4.0,7,[],https://www.yelp.com/biz/mjs-supper-club-hortonville?adjust_creative=GVWAITeAe13hPk5JlriDSg&utm_campaign=yelp_api_v3&utm_medium=api_v3_business_search&utm_source=GVWAITeAe13hPk5JlriDSg
solea-mexican-grill-appleton,"[{'alias': 'mexican', 'title': 'Mexican'}]","{'latitude': 44.270450592041, 'longitude': -88.4769058227539}",(920) 831-9590,11847.325104202857,F2835FtRYWFg_2aOc_leXQ,https://s3-media3.fl.yelpcdn.com/bphoto/IWA0d1q7kkkiZOy0Nb9qmw/o.jpg,False,"{'address1': '1104 Mutual Way', 'address2': '', 'address3': '', 'city': 'Appleton', 'zip_code': '54913', 'country': 'US', 'state': 'WI', 'display_address': ['1104 Mutual Way', 'Appleton, WI 54913']}",Solea Mexican Grill,+19208319590,$$,3.5,30,"['pickup', 'delivery']",https://www.yelp.com/biz/solea-mexican-grill-appleton?adjust_creative=GVWAITeAe13hPk5JlriDSg&utm_campaign=yelp_api_v3&utm_medium=api_v3_business_search&utm_source=GVWAITeAe13hPk5JlriDSg
osaka-japanese-steak-house-and-sushi-appleton,"[{'alias': 'japanese', 'title': 'Japanese'}, {'alias': 'sushi', 'title': 'Sushi Bars'}, {'alias': 'steak', 'title': 'Steakhouses'}]","{'latitude': 44.270946, 'longitude': -88.473538}",(920) 733-7685,12085.487998160103,BFoEAhv9kKceZKZJ83Acmw,https://s3-media4.fl.yelpcdn.com/bphoto/33ew2yhn2JWdrouWkc5DZA/o.jpg,False,"{'address1': '4421 W Wisconsin Ave', 'address2': '', 'address3': '', 'city': 'Appleton', 'zip_code': '54913', 'country': 'US', 'state': 'WI', 'display_address': ['4421 W Wisconsin Ave', 'Appleton, WI 54913']}",Osaka Japanese Steak House & Sushi,+19207337685,$$,2.5,74,[],https://www.yelp.com/biz/osaka-japanese-steak-house-and-sushi-appleton?adjust_creative=GVWAITeAe13hPk5JlriDSg&utm_campaign=yelp_api_v3&utm_medium=api_v3_business_search&utm_source=GVWAITeAe13hPk5JlriDSg
olive-garden-italian-restaurant-appleton-2,"[{'alias': 'italian', 'title': 'Italian'}, {'alias': 'salad', 'title': 'Salad'}]","{'latitude': 44.27229, 'longitude': -88.47695}",(920) 954-8005,11756.456984063727,qI4JLHFcMEE5Fdkh91dGEQ,https://s3-media3.fl.yelpcdn.com/bphoto/6nTccYICYS8scBiqe-WVlg/o.jpg,False,"{'address1': '1275 N Casaloma Dr', 'address2': '', 'address3': '', 'city': 'Appleton', 'zip_code': '54913', 'country': 'US', 'state': 'WI', 'display_address': ['1275 N Casaloma Dr', 'Appleton, WI 54913']}",Olive Garden Italian Restaurant,+19209548005,$$,3.5,22,[],https://www.yelp.com/biz/olive-garden-italian-restaurant-appleton-2?adjust_creative=GVWAITeAe13hPk5JlriDSg&utm_campaign=yelp_api_v3&utm_medium=api_v3_business_search&utm_source=GVWAITeAe13hPk5JlriDSg
familiar-grounds-new-london,"[{'alias': 'coffee', 'title': 'Coffee & Tea'}]","{'latitude': 44.39308, 'longitude': -88.7394}",(920) 982-4332,13315.606509578973,ivEYUZ1QcH7cSk-DYK2k2Q,https://s3-media3.fl.yelpcdn.com/bphoto/GigSUhhLk-IB4dgepb_gAA/o.jpg,False,"{'address1': '206 N Pearl St', 'address2': '', 'address3': '', 'city': 'New London', 'zip_code': '54961', 'country': 'US', 'state': 'WI', 'display_address': ['206 N Pearl St', 'New London, WI 54961']}",Familiar Grounds,+19209824332,$$,5.0,7,[],https://www.yelp.com/biz/familiar-grounds-new-london?adjust_creative=GVWAITeAe13hPk5JlriDSg&utm_campaign=yelp_api_v3&utm_medium=api_v3_business_search&utm_source=GVWAITeAe13hPk5JlriDSg
holidays-pub-and-grill-neenah,"[{'alias': 'bars', 'title': 'Bars'}, {'alias': 'tradamerican', 'title': 'American (Traditional)'}, {'alias': 'burgers', 'title': 'Burgers'}]","{'latitude': 44.22158, 'longitude': -88.4941}",(920) 886-0069,14047.35239255508,mpgw27hTzCQCW6fg3lgX0Q,https://s3-media2.fl.yelpcdn.com/bphoto/wz7_UqnThk74NMYz-IVN7g/o.jpg,False,"{'address1': '1395 W American Dr', 'address2': None, 'address3': None, 'city': 'Neenah', 'zip_code': '54956', 'country': 'US', 'state': 'WI', 'display_address': ['1395 W American Dr', 'Neenah, WI 54956']}",Holidays Pub & Grill,+19208860069,$$,4.0,23,[],https://www.yelp.com/biz/holidays-pub-and-grill-neenah?adjust_creative=GVWAITeAe13hPk5JlriDSg&utm_campaign=yelp_api_v3&utm_medium=api_v3_business_search&utm_source=GVWAITeAe13hPk5JlriDSg
tgi-fridays-appleton,"[{'alias': 'tradamerican', 'title': 'American (Traditional)'}]","{'latitude': 44.2671089172363, 'longitude': -88.4753646850586}",(920) 735-0200,12094.594929338913,csnQdJ_rYkeZmOQvFD5HvA,https://s3-media2.fl.yelpcdn.com/bphoto/vQWTE0Rr-BPnYmzyNvq4fg/o.jpg,False,"{'address1': '4699 Michaels Dr', 'address2': '', 'address3': '', 'city': 'Appleton', 'zip_code': '54913', 'country': 'US', 'state': 'WI', 'display_address': ['4699 Michaels Dr', 'Appleton, WI 54913']}",TGI Fridays,+19207350200,$$,3.5,25,[],https://www.yelp.com/biz/tgi-fridays-appleton?adjust_creative=GVWAITeAe13hPk5JlriDSg&utm_campaign=yelp_api_v3&utm_medium=api_v3_business_search&utm_source=GVWAITeAe13hPk5JlriDSg
still-wallys-still-dale,"[{'alias': 'breakfast_brunch', 'title': 'Breakfast & Brunch'}, {'alias': 'cafes', 'title': 'Cafes'}]","{'latitude': 44.2729431, 'longitude': -88.6778911}",(920) 779-4010,7109.631848715774,6kprktmStyGkGCAu2UJMJA,https://s3-media3.fl.yelpcdn.com/bphoto/_91gjBTZ_P56qg9b7qQXcg/o.jpg,False,"{'address1': 'W9693 St Rd 96', 'address2': '', 'address3': '', 'city': 'Dale', 'zip_code': '54931', 'country': 'US', 'state': 'WI', 'display_address': ['W9693 St Rd 96', 'Dale, WI 54931']}",Still Wally's Still,+19207794010,$$,4.0,9,[],https://www.yelp.com/biz/still-wallys-still-dale?adjust_creative=GVWAITeAe13hPk5JlriDSg&utm_campaign=yelp_api_v3&utm_medium=api_v3_business_search&utm_source=GVWAITeAe13hPk5JlriDSg
atlanta-bread-appleton,"[{'alias': 'bakeries', 'title': 'Bakeries'}, {'alias': 'sandwiches', 'title': 'Sandwiches'}, {'alias': 'coffee', 'title': 'Coffee & Tea'}]","{'latitude': 44.26784, 'longitude': -88.47575}",(920) 735-1540,12058.059110468088,bqWxZlXVJwc8njE977Pxvg,https://s3-media4.fl.yelpcdn.com/bphoto/9lox1cngWhUXzomlqurbPQ/o.jpg,False,"{'address1': '650 N Casaloma Dr', 'address2': '', 'address3': '', 'city': 'Appleton', 'zip_code': '54913', 'country': 'US', 'state': 'WI', 'display_address': ['650 N Casaloma Dr', 'Appleton, WI 54913']}",Atlanta Bread,+19207351540,$$,3.5,19,['delivery'],https://www.yelp.com/biz/atlanta-bread-appleton?adjust_creative=GVWAITeAe13hPk5JlriDSg&utm_campaign=yelp_api_v3&utm_medium=api_v3_business_search&utm_source=GVWAITeAe13hPk5JlriDSg
chipotle-mexican-grill-grand-chute,"[{'alias': 'mexican', 'title': 'Mexican'}, {'alias': 'hotdogs', 'title': 'Fast Food'}]","{'latitude': 44.2625732421875, 'longitude': -88.4699859619141}",(920) 636-4300,12721.892597106107,obQJUfjH1ZFrkRHtWjMwBA,https://s3-media1.fl.yelpcdn.com/bphoto/iLKq9BpqnukhHj3J0LdlIg/o.jpg,False,"{'address1': '111 N Mall Dr', 'address2': '', 'address3': '', 'city': 'Grand Chute', 'zip_code': '54913', 'country': 'US', 'state': 'WI', 'display_address': ['111 N Mall Dr', 'Grand Chute, WI 54913']}",Chipotle Mexican Grill,+19206364300,$,3.0,32,[],https://www.yelp.com/biz/chipotle-mexican-grill-grand-chute?adjust_creative=GVWAITeAe13hPk5JlriDSg&utm_campaign=yelp_api_v3&utm_medium=api_v3_business_search&utm_source=GVWAITeAe13hPk5JlriDSg
damn-yankees-watering-hole-hortonville,"[{'alias': 'tradamerican', 'title': 'American (Traditional)'}, {'alias': 'sportsbars', 'title': 'Sports Bars'}]","{'latitude': 44.36752, 'longitude': -88.63545}",(920) 779-4902,6063.103601707362,cwB-e981di4ZxFZbJTbY8Q,https://s3-media3.fl.yelpcdn.com/bphoto/GDPdfL7hGZdCnOKu69KlNg/o.jpg,False,"{'address1': 'N3517 County Rd M', 'address2': None, 'address3': None, 'city': 'Hortonville', 'zip_code': '54944', 'country': 'US', 'state': 'WI', 'display_address': ['N3517 County Rd M', 'Hortonville, WI 54944']}",Damn Yankees Watering Hole,+19207794902,,3.0,12,[],https://www.yelp.com/biz/damn-yankees-watering-hole-hortonville?adjust_creative=GVWAITeAe13hPk5JlriDSg&utm_campaign=yelp_api_v3&utm_medium=api_v3_business_search&utm_source=GVWAITeAe13hPk5JlriDSg
el-tequila-mexican-restaurant-and-cantina-new-london,"[{'alias': 'mexican', 'title': 'Mexican'}]","{'latitude': 44.3925247192383, 'longitude': -88.7412185668945}",(920) 250-5262,13378.619451326744,yp8zBnT9O0dq-U5RSuCpFw,https://s3-media4.fl.yelpcdn.com/bphoto/XxsRYtoz7Ra7a-f0nkC0_A/o.jpg,False,"{'address1': '208 W North Water St', 'address2': '', 'address3': '', 'city': 'New London', 'zip_code': '54961', 'country': 'US', 'state': 'WI', 'display_address': ['208 W North Water St', 'New London, WI 54961']}",El Tequila Mexican Restaurant & Cantina,+19202505262,$,4.0,15,[],https://www.yelp.com/biz/el-tequila-mexican-restaurant-and-cantina-new-london?adjust_creative=GVWAITeAe13hPk5JlriDSg&utm_campaign=yelp_api_v3&utm_medium=api_v3_business_search&utm_source=GVWAITeAe13hPk5JlriDSg
red-lobster-appleton,"[{'alias': 'seafood', 'title': 'Seafood'}, {'alias': 'tradamerican', 'title': 'American (Traditional)'}]","{'latitude': 44.27239, 'longitude': -88.47544}",(920) 749-0644,11856.16116585769,nq5dTnLHILETwBf-JWFf4w,https://s3-media3.fl.yelpcdn.com/bphoto/O6BSlUyamy3ZFBtM3wWWqg/o.jpg,False,"{'address1': '1200 N Casaloma Dr', 'address2': '', 'address3': '', 'city': 'Appleton', 'zip_code': '54913', 'country': 'US', 'state': 'WI', 'display_address': ['1200 N Casaloma Dr', 'Appleton, WI 54913']}",Red Lobster,+19207490644,$$,3.5,22,"['pickup', 'delivery']",https://www.yelp.com/biz/red-lobster-appleton?adjust_creative=GVWAITeAe13hPk5JlriDSg&utm_campaign=yelp_api_v3&utm_medium=api_v3_business_search&utm_source=GVWAITeAe13hPk5JlriDSg
five-guys-appleton,"[{'alias': 'burgers', 'title': 'Burgers'}, {'alias': 'hotdogs', 'title': 'Fast Food'}]","{'latitude': 44.2634328, 'longitude': -88.4700129}",(920) 830-6724,12685.46846142784,VFIcvE5itUHMJMQwuwrs7A,https://s3-media1.fl.yelpcdn.com/bphoto/fp2FKdED7h1xfk4Vn70Gaw/o.jpg,False,"{'address1': '137 Mall Dr', 'address2': 'Ste 102', 'address3': '', 'city': 'Appleton', 'zip_code': '54913', 'country': 'US', 'state': 'WI', 'display_address': ['137 Mall Dr', 'Ste 102', 'Appleton, WI 54913']}",Five Guys,+19208306724,$,3.5,29,[],https://www.yelp.com/biz/five-guys-appleton?adjust_creative=GVWAITeAe13hPk5JlriDSg&utm_campaign=yelp_api_v3&utm_medium=api_v3_business_search&utm_source=GVWAITeAe13hPk5JlriDSg
stucs-pizza-neenah,"[{'alias': 'italian', 'title': 'Italian'}, {'alias': 'pizza', 'title': 'Pizza'}, {'alias': 'gluten_free', 'title': 'Gluten-Free'}]","{'latitude': 44.221584, 'longitude': -88.494099}",(920) 725-2215,14046.22204147653,P3eqKMceCvSbF96TULJCpg,https://s3-media2.fl.yelpcdn.com/bphoto/6k2JILe8vX3htx9hcuIFXA/o.jpg,False,"{'address1': '1395 W American Dr', 'address2': '', 'address3': None, 'city': 'Neenah', 'zip_code': '54956', 'country': 'US', 'state': 'WI', 'display_address': ['1395 W American Dr', 'Neenah, WI 54956']}",Stuc's Pizza,+19207252215,$$,4.0,11,[],https://www.yelp.com/biz/stucs-pizza-neenah?adjust_creative=GVWAITeAe13hPk5JlriDSg&utm_campaign=yelp_api_v3&utm_medium=api_v3_business_search&utm_source=GVWAITeAe13hPk5JlriDSg
noodles-and-company-appleton-3,"[{'alias': 'noodles', 'title': 'Noodles'}]","{'latitude': 44.272709, 'longitude': -88.470666}",(920) 734-4859,12197.670264401451,0pSZNSJ0HOrv6kvZDRl4ww,https://s3-media2.fl.yelpcdn.com/bphoto/Lx809elN_bB3Uzb2WhaV-g/o.jpg,False,"{'address1': '4333 Wisconsin Ave And Hwy 41', 'address2': '', 'address3': '', 'city': 'Appleton', 'zip_code': '54913', 'country': 'US', 'state': 'WI', 'display_address': ['4333 Wisconsin Ave And Hwy 41', 'Appleton, WI 54913']}",Noodles & Company,+19207344859,$,3.5,16,[],https://www.yelp.com/biz/noodles-and-company-appleton-3?adjust_creative=GVWAITeAe13hPk5JlriDSg&utm_campaign=yelp_api_v3&utm_medium=api_v3_business_search&utm_source=GVWAITeAe13hPk5JlriDSg
spectators-sports-bar-and-grill-greenville,"[{'alias': 'burgers', 'title': 'Burgers'}, {'alias': 'sportsbars', 'title': 'Sports Bars'}, {'alias': 'sandwiches', 'title': 'Sandwiches'}]","{'latitude': 44.284099, 'longitude': -88.499534}",(920) 757-1336,9569.662362827374,fpUldTgjej7rBAzvFkkpsA,https://s3-media2.fl.yelpcdn.com/bphoto/rIxdIO16Go7_hwdu4AloAA/o.jpg,False,"{'address1': 'W6165 Greenville Dr', 'address2': '', 'address3': '', 'city': 'Greenville', 'zip_code': '54942', 'country': 'US', 'state': 'WI', 'display_address': ['W6165 Greenville Dr', 'Greenville, WI 54942']}",Spectators Sports Bar & Grill,+19207571336,,4.0,6,[],https://www.yelp.com/biz/spectators-sports-bar-and-grill-greenville?adjust_creative=GVWAITeAe13hPk5JlriDSg&utm_campaign=yelp_api_v3&utm_medium=api_v3_business_search&utm_source=GVWAITeAe13hPk5JlriDSg
chilis-appleton-3,"[{'alias': 'bars', 'title': 'Bars'}, {'alias': 'tex-mex', 'title': 'Tex-Mex'}, {'alias': 'tradamerican', 'title': 'American (Traditional)'}]","{'latitude': 44.270993, 'longitude': -88.47581}",(920) 954-1188,11901.152672012695,ogxVqD0yA8G1a0-UM677Ww,https://s3-media1.fl.yelpcdn.com/bphoto/HFEGYbsewEgW7AZ_x2KEoA/o.jpg,False,"{'address1': '1170 N Casaloma Dr', 'address2': '', 'address3': '', 'city': 'Appleton', 'zip_code': '54913', 'country': 'US', 'state': 'WI', 'display_address': ['1170 N Casaloma Dr', 'Appleton, WI 54913']}",Chili's,+19209541188,$$,3.5,18,[],https://www.yelp.com/biz/chilis-appleton-3?adjust_creative=GVWAITeAe13hPk5JlriDSg&utm_campaign=yelp_api_v3&utm_medium=api_v3_business_search&utm_source=GVWAITeAe13hPk5JlriDSg
jolly-rogers-pizzeria-new-london-2,"[{'alias': 'pizza', 'title': 'Pizza'}, {'alias': 'bars', 'title': 'Bars'}, {'alias': 'tradamerican', 'title': 'American (Traditional)'}]","{'latitude': 44.39253, 'longitude': -88.74157}",(920) 982-2333,13403.639397994839,JPj1-QMM_1vPPH78_n0IQQ,https://s3-media4.fl.yelpcdn.com/bphoto/CPPsmivIsP9pqA-ddiS86w/o.jpg,False,"{'address1': '220 W North Water St', 'address2': '', 'address3': '', 'city': 'New London', 'zip_code': '54961', 'country': 'US', 'state': 'WI', 'display_address': ['220 W North Water St', 'New London, WI 54961']}",Jolly Roger's Pizzeria,+19209822333,$,4.5,7,[],https://www.yelp.com/biz/jolly-rogers-pizzeria-new-london-2?adjust_creative=GVWAITeAe13hPk5JlriDSg&utm_campaign=yelp_api_v3&utm_medium=api_v3_business_search&utm_source=GVWAITeAe13hPk5JlriDSg
greenville-cafe-outagamie,"[{'alias': 'newamerican', 'title': 'American (New)'}]","{'latitude': 44.3004182216422, 'longitude': -88.5358726233244}",,6263.991398100233,WRLWZ3fFWCKSonldI8g4Sw,,False,"{'address1': 'N1868 Municipal Dr', 'address2': '', 'address3': '', 'city': 'Outagamie', 'zip_code': '54942', 'country': 'US', 'state': 'WI', 'display_address': ['N1868 Municipal Dr', 'Outagamie, WI 54942']}",Greenville Cafe,,$$,3.5,8,[],https://www.yelp.com/biz/greenville-cafe-outagamie?adjust_creative=GVWAITeAe13hPk5JlriDSg&utm_campaign=yelp_api_v3&utm_medium=api_v3_business_search&utm_source=GVWAITeAe13hPk5JlriDSg
qdoba-mexican-eats-appleton,"[{'alias': 'mexican', 'title': 'Mexican'}, {'alias': 'hotdogs', 'title': 'Fast Food'}]","{'latitude': 44.2725080724599, 'longitude': -88.4712418466847}",(920) 734-3244,12164.379428605092,BBWpC63gvkimv2H3tAeXEA,https://s3-media4.fl.yelpcdn.com/bphoto/tVvBgekxPbyyGTu60WNWQg/o.jpg,False,"{'address1': '4343 W Wisconsin Ave', 'address2': None, 'address3': None, 'city': 'Appleton', 'zip_code': '54913', 'country': 'US', 'state': 'WI', 'display_address': ['4343 W Wisconsin Ave', 'Appleton, WI 54913']}",QDOBA Mexican Eats,+19207343244,$,4.5,5,[],https://www.yelp.com/biz/qdoba-mexican-eats-appleton?adjust_creative=GVWAITeAe13hPk5JlriDSg&utm_campaign=yelp_api_v3&utm_medium=api_v3_business_search&utm_source=GVWAITeAe13hPk5JlriDSg
sidelines-sports-pub-and-gril-greenville,"[{'alias': 'gastropubs', 'title': 'Gastropubs'}]","{'latitude': 44.28644, 'longitude': -88.50483}",(920) 757-9810,9120.962969148124,vUFO-7q43cOuSQ6BwYGC2w,https://s3-media2.fl.yelpcdn.com/bphoto/ZAojB2l_O7yaZeS_tO4HYw/o.jpg,False,"{'address1': 'W6278 Greenville Dr', 'address2': '', 'address3': '', 'city': 'Greenville', 'zip_code': '54942', 'country': 'US', 'state': 'WI', 'display_address': ['W6278 Greenville Dr', 'Greenville, WI 54942']}",Sidelines Sports Pub and Gril,+19207579810,$$,3.5,8,[],https://www.yelp.com/biz/sidelines-sports-pub-and-gril-greenville?adjust_creative=GVWAITeAe13hPk5JlriDSg&utm_campaign=yelp_api_v3&utm_medium=api_v3_business_search&utm_source=GVWAITeAe13hPk5JlriDSg
pattis-place-hortonville,"[{'alias': 'restaurants', 'title': 'Restaurants'}]","{'latitude': 44.334644317627, 'longitude': -88.6392135620117}",(920) 779-9606,3035.130676455693,5OfjEcmMzlOR9KDvAJFkNQ,,False,"{'address1': '116 W Main St', 'address2': '', 'address3': '', 'city': 'Hortonville', 'zip_code': '54944', 'country': 'US', 'state': 'WI', 'display_address': ['116 W Main St', 'Hortonville, WI 54944']}",Patti's Place,+19207799606,,3.5,4,[],https://www.yelp.com/biz/pattis-place-hortonville?adjust_creative=GVWAITeAe13hPk5JlriDSg&utm_campaign=yelp_api_v3&utm_medium=api_v3_business_search&utm_source=GVWAITeAe13hPk5JlriDSg
porks-sports-bar-and-grill-hortonville,"[{'alias': 'sportsbars', 'title': 'Sports Bars'}]","{'latitude': 44.3353761, 'longitude': -88.640276}",(920) 779-6477,3152.6557309254636,AfHZBofNJkDGLEkj-PUVrw,,False,"{'address1': '223 W Main St', 'address2': '', 'address3': '', 'city': 'Hortonville', 'zip_code': '54944', 'country': 'US', 'state': 'WI', 'display_address': ['223 W Main St', 'Hortonville, WI 54944']}",Pork's Sports Bar and Grill,+19207796477,,5.0,1,[],https://www.yelp.com/biz/porks-sports-bar-and-grill-hortonville?adjust_creative=GVWAITeAe13hPk5JlriDSg&utm_campaign=yelp_api_v3&utm_medium=api_v3_business_search&utm_source=GVWAITeAe13hPk5JlriDSg
asian-garden-buffet-appleton,"[{'alias': 'chinese', 'title': 'Chinese'}, {'alias': 'asianfusion', 'title': 'Asian Fusion'}]","{'latitude': 44.2654457092285, 'longitude': -88.4738845825195}",(920) 954-8888,12293.103324597789,6itMQQ41pa_c4-oMC_4wRA,https://s3-media2.fl.yelpcdn.com/bphoto/YRGKCmtdoqF9TE28iOUAhg/o.jpg,False,"{'address1': '405 N Mall Dr', 'address2': '', 'address3': '', 'city': 'Appleton', 'zip_code': '54913', 'country': 'US', 'state': 'WI', 'display_address': ['405 N Mall Dr', 'Appleton, WI 54913']}",Asian Garden Buffet,+19209548888,$$,2.5,37,[],https://www.yelp.com/biz/asian-garden-buffet-appleton?adjust_creative=GVWAITeAe13hPk5JlriDSg&utm_campaign=yelp_api_v3&utm_medium=api_v3_business_search&utm_source=GVWAITeAe13hPk5JlriDSg
quiznos-appleton-2,"[{'alias': 'sandwiches', 'title': 'Sandwiches'}, {'alias': 'hotdogs', 'title': 'Fast Food'}]","{'latitude': 44.27178, 'longitude': -88.478}",(920) 731-5250,11705.591545003566,aB5apkQT4q1z_C4svYhxFQ,,False,"{'address1': '4764 Integrity Way', 'address2': None, 'address3': None, 'city': 'Appleton', 'zip_code': '54913', 'country': 'US', 'state': 'WI', 'display_address': ['4764 Integrity Way', 'Appleton, WI 54913']}",Quiznos,+19207315250,$,5.0,3,[],https://www.yelp.com/biz/quiznos-appleton-2?adjust_creative=GVWAITeAe13hPk5JlriDSg&utm_campaign=yelp_api_v3&utm_medium=api_v3_business_search&utm_source=GVWAITeAe13hPk5JlriDSg
buffalo-wild-wings-grand-chute,"[{'alias': 'tradamerican', 'title': 'American (Traditional)'}, {'alias': 'sportsbars', 'title': 'Sports Bars'}, {'alias': 'chicken_wings', 'title': 'Chicken Wings'}]","{'latitude': 44.2618775367737, 'longitude': -88.4744580835104}",(920) 830-4169,12325.483389685838,9bqo0LsO7PSg6UmXm7bf9w,https://s3-media3.fl.yelpcdn.com/bphoto/tVzrHSfIZWo2FOtApwlbAw/o.jpg,False,"{'address1': '4601 W. College Avenue', 'address2': None, 'address3': None, 'city': 'Grand Chute', 'zip_code': '54914', 'country': 'US', 'state': 'WI', 'display_address': ['4601 W. College Avenue', 'Grand Chute, WI 54914']}",Buffalo Wild Wings,+19208304169,$$,2.5,28,['delivery'],https://www.yelp.com/biz/buffalo-wild-wings-grand-chute?adjust_creative=GVWAITeAe13hPk5JlriDSg&utm_campaign=yelp_api_v3&utm_medium=api_v3_business_search&utm_source=GVWAITeAe13hPk5JlriDSg
st-james-lounge-neenah-3,"[{'alias': 'lounges', 'title': 'Lounges'}]","{'latitude': 44.2217459639069, 'longitude': -88.4984463865082}",(920) 486-1070,13804.405417276697,iQyFxvQlnPMh5GHdxnHKRA,https://s3-media2.fl.yelpcdn.com/bphoto/-w3R6dIzM97WFvBESORPZg/o.jpg,False,"{'address1': '1575 W American Dr', 'address2': '', 'address3': '', 'city': 'Neenah', 'zip_code': '54956', 'country': 'US', 'state': 'WI', 'display_address': ['1575 W American Dr', 'Neenah, WI 54956']}",St James Lounge,+19204861070,$$,4.5,8,[],https://www.yelp.com/biz/st-james-lounge-neenah-3?adjust_creative=GVWAITeAe13hPk5JlriDSg&utm_campaign=yelp_api_v3&utm_medium=api_v3_business_search&utm_source=GVWAITeAe13hPk5JlriDSg
vinnys-pizza-and-pasta-hortonville,"[{'alias': 'pizza', 'title': 'Pizza'}]","{'latitude': 44.272609, 'longitude': -88.642213}",(920) 779-9600,5385.478577253876,Tn5s_N3Alyp3D_8rfud_xA,https://s3-media2.fl.yelpcdn.com/bphoto/CpX1xCdxGd6AlXHsJU49NQ/o.jpg,False,"{'address1': 'W8979 State Road 96', 'address2': None, 'address3': None, 'city': 'Hortonville', 'zip_code': '54944', 'country': 'US', 'state': 'WI', 'display_address': ['W8979 State Road 96', 'Hortonville, WI 54944']}",Vinny's Pizza and Pasta,+19207799600,$,2.5,8,[],https://www.yelp.com/biz/vinnys-pizza-and-pasta-hortonville?adjust_creative=GVWAITeAe13hPk5JlriDSg&utm_campaign=yelp_api_v3&utm_medium=api_v3_business_search&utm_source=GVWAITeAe13hPk5JlriDSg
buckys-restaurant-new-london,"[{'alias': 'tradamerican', 'title': 'American (Traditional)'}, {'alias': 'breakfast_brunch', 'title': 'Breakfast & Brunch'}]","{'latitude': 44.40004, 'longitude': -88.74574}",(920) 982-3840,14140.035908840073,pr8Fe3FwAKcHNV3EvpVc-Q,https://s3-media3.fl.yelpcdn.com/bphoto/X1an3FdxTglUJUo-eQIhMw/o.jpg,False,"{'address1': '815 N Shawano St', 'address2': '', 'address3': '', 'city': 'New London', 'zip_code': '54961', 'country': 'US', 'state': 'WI', 'display_address': ['815 N Shawano St', 'New London, WI 54961']}",Bucky's Restaurant,+19209823840,$,4.5,7,[],https://www.yelp.com/biz/buckys-restaurant-new-london?adjust_creative=GVWAITeAe13hPk5JlriDSg&utm_campaign=yelp_api_v3&utm_medium=api_v3_business_search&utm_source=GVWAITeAe13hPk5JlriDSg
the-dugout-pub-n-grub-hortonville,"[{'alias': 'bars', 'title': 'Bars'}, {'alias': 'hotdogs', 'title': 'Fast Food'}, {'alias': 'tradamerican', 'title': 'American (Traditional)'}]","{'latitude': 44.3311, 'longitude': -88.60556}",(920) 779-3110,1740.987346006339,djZcdxlmrCOagNLE67wZCw,https://s3-media1.fl.yelpcdn.com/bphoto/jhr7R51CvCWvEIL5Rhhg0Q/o.jpg,False,"{'address1': 'N2519 State Hwy 15', 'address2': '', 'address3': '', 'city': 'Hortonville', 'zip_code': '54944', 'country': 'US', 'state': 'WI', 'display_address': ['N2519 State Hwy 15', 'Hortonville, WI 54944']}",The Dugout Pub N Grub,+19207793110,,3.0,2,[],https://www.yelp.com/biz/the-dugout-pub-n-grub-hortonville?adjust_creative=GVWAITeAe13hPk5JlriDSg&utm_campaign=yelp_api_v3&utm_medium=api_v3_business_search&utm_source=GVWAITeAe13hPk5JlriDSg
route-96-hortonville,"[{'alias': 'bars', 'title': 'Bars'}, {'alias': 'tradamerican', 'title': 'American (Traditional)'}]","{'latitude': 44.2690917095095, 'longitude': -88.6380074716471}",(920) 779-6634,5603.092170312934,qbQknDO_t_zEhHGOZ1bhvA,https://s3-media3.fl.yelpcdn.com/bphoto/Irdy3noNQwhPcp_nCdmL-Q/o.jpg,False,"{'address1': 'W8899 State Rd 96', 'address2': '', 'address3': None, 'city': 'Hortonville', 'zip_code': '54944', 'country': 'US', 'state': 'WI', 'display_address': ['W8899 State Rd 96', 'Hortonville, WI 54944']}",Route 96,+19207796634,,4.5,2,[],https://www.yelp.com/biz/route-96-hortonville?adjust_creative=GVWAITeAe13hPk5JlriDSg&utm_campaign=yelp_api_v3&utm_medium=api_v3_business_search&utm_source=GVWAITeAe13hPk5JlriDSg
schlotzskys-appleton,"[{'alias': 'sandwiches', 'title': 'Sandwiches'}, {'alias': 'delis', 'title': 'Delis'}]","{'latitude': 44.2691455, 'longitude': -88.4764281}",(920) 731-7272,11905.426173606973,LY16rvnw7wRwi-8QhO5Zmw,https://s3-media4.fl.yelpcdn.com/bphoto/laX_0Xw627vb-WC8iW7LUA/o.jpg,False,"{'address1': '881 North Casaloma Dr', 'address2': '', 'address3': '', 'city': 'Appleton', 'zip_code': '54913', 'country': 'US', 'state': 'WI', 'display_address': ['881 North Casaloma Dr', 'Appleton, WI 54913']}",Schlotzsky's,+19207317272,$$,3.0,12,[],https://www.yelp.com/biz/schlotzskys-appleton?adjust_creative=GVWAITeAe13hPk5JlriDSg&utm_campaign=yelp_api_v3&utm_medium=api_v3_business_search&utm_source=GVWAITeAe13hPk5JlriDSg
fazolis-appleton-4,"[{'alias': 'italian', 'title': 'Italian'}, {'alias': 'hotdogs', 'title': 'Fast Food'}]","{'latitude': 44.2614806967116, 'longitude': -88.4746971398491}",(920) 830-6411,12459.350119731753,cMQDX0fjyJO21Eg1ukz7cw,https://s3-media4.fl.yelpcdn.com/bphoto/6yyIr6YvT4OZBeZUTF-MqQ/o.jpg,False,"{'address1': '4687 W College Ave', 'address2': '', 'address3': '', 'city': 'Appleton', 'zip_code': '54914', 'country': 'US', 'state': 'WI', 'display_address': ['4687 W College Ave', 'Appleton, WI 54914']}",Fazoli's,+19208306411,$,4.0,5,[],https://www.yelp.com/biz/fazolis-appleton-4?adjust_creative=GVWAITeAe13hPk5JlriDSg&utm_campaign=yelp_api_v3&utm_medium=api_v3_business_search&utm_source=GVWAITeAe13hPk5JlriDSg
twist-greenville,"[{'alias': 'icecream', 'title': 'Ice Cream & Frozen Yogurt'}]","{'latitude': 44.3025894, 'longitude': -88.5396271}",(920) 757-6243,5948.521200910848,0ypk38uHMstCBVqPYI8iKg,https://s3-media3.fl.yelpcdn.com/bphoto/Hsj1tbu5qAd6lp1FHBLsOw/o.jpg,False,"{'address1': 'N1716 Hyacinth Ln', 'address2': '', 'address3': '', 'city': 'Greenville', 'zip_code': '54942', 'country': 'US', 'state': 'WI', 'display_address': ['N1716 Hyacinth Ln', 'Greenville, WI 54942']}",Twist,+19207576243,$,2.0,10,[],https://www.yelp.com/biz/twist-greenville?adjust_creative=GVWAITeAe13hPk5JlriDSg&utm_campaign=yelp_api_v3&utm_medium=api_v3_business_search&utm_source=GVWAITeAe13hPk5JlriDSg
otter-creek-sports-bar-and-grill-hortonville,"[{'alias': 'pizza', 'title': 'Pizza'}, {'alias': 'sandwiches', 'title': 'Sandwiches'}, {'alias': 'bars', 'title': 'Bars'}]","{'latitude': 44.33469, 'longitude': -88.63892}",(920) 779-6869,3022.6743478145286,mb68jNoV9Eo4qj4G17_AKw,https://s3-media1.fl.yelpcdn.com/bphoto/uLCl_1HDb8vTnbLTM8Ka8w/o.jpg,False,"{'address1': '110 W Main St', 'address2': '', 'address3': '', 'city': 'Hortonville', 'zip_code': '54944', 'country': 'US', 'state': 'WI', 'display_address': ['110 W Main St', 'Hortonville, WI 54944']}",Otter Creek Sports Bar & Grill,+19207796869,,4.0,1,[],https://www.yelp.com/biz/otter-creek-sports-bar-and-grill-hortonville?adjust_creative=GVWAITeAe13hPk5JlriDSg&utm_campaign=yelp_api_v3&utm_medium=api_v3_business_search&utm_source=GVWAITeAe13hPk5JlriDSg
erbert-and-gerberts-sandwich-shop-appleton-2,"[{'alias': 'sandwiches', 'title': 'Sandwiches'}]","{'latitude': 44.26554, 'longitude': -88.47669}",(920) 968-0503,12107.016391770223,74B5Dn1d-RcezkI5yABPHw,https://s3-media3.fl.yelpcdn.com/bphoto/NFuWT89Zk0tcKHTYJS2WsQ/o.jpg,False,"{'address1': '355 N Casaloma Dr', 'address2': '', 'address3': '', 'city': 'Appleton', 'zip_code': '54913', 'country': 'US', 'state': 'WI', 'display_address': ['355 N Casaloma Dr', 'Appleton, WI 54913']}",Erbert & Gerbert's Sandwich Shop,+19209680503,$$,2.5,13,['delivery'],https://www.yelp.com/biz/erbert-and-gerberts-sandwich-shop-appleton-2?adjust_creative=GVWAITeAe13hPk5JlriDSg&utm_campaign=yelp_api_v3&utm_medium=api_v3_business_search&utm_source=GVWAITeAe13hPk5JlriDSg
chaska-golf-course-greenville-3,"[{'alias': 'golf', 'title': 'Golf'}]","{'latitude': 44.269485, 'longitude': -88.529775}",(920) 757-5757,8303.123092543625,GQe0w3wP8XKLqLyxKhdwNQ,,False,"{'address1': 'W6755 Wisconsin Rd', 'address2': '', 'address3': '', 'city': 'Greenville', 'zip_code': '54942', 'country': 'US', 'state': 'WI', 'display_address': ['W6755 Wisconsin Rd', 'Greenville, WI 54942']}",Chaska Golf Course,+19207575757,,3.0,6,[],https://www.yelp.com/biz/chaska-golf-course-greenville-3?adjust_creative=GVWAITeAe13hPk5JlriDSg&utm_campaign=yelp_api_v3&utm_medium=api_v3_business_search&utm_source=GVWAITeAe13hPk5JlriDSg
waters-supperclub-new-london,"[{'alias': 'tradamerican', 'title': 'American (Traditional)'}, {'alias': 'pubs', 'title': 'Pubs'}, {'alias': 'seafood', 'title': 'Seafood'}]","{'latitude': 44.391584313043, 'longitude': -88.7421461729743}",(920) 982-7960,13369.21980123422,zdPHRG0eIU8qALLbND0dqQ,,False,"{'address1': '815 W Wolf River Ave', 'address2': '', 'address3': '', 'city': 'New London', 'zip_code': '54961', 'country': 'US', 'state': 'WI', 'display_address': ['815 W Wolf River Ave', 'New London, WI 54961']}",Waters Supperclub,+19209827960,$$,3.0,10,[],https://www.yelp.com/biz/waters-supperclub-new-london?adjust_creative=GVWAITeAe13hPk5JlriDSg&utm_campaign=yelp_api_v3&utm_medium=api_v3_business_search&utm_source=GVWAITeAe13hPk5JlriDSg
subway-hortonville,"[{'alias': 'hotdogs', 'title': 'Fast Food'}, {'alias': 'sandwiches', 'title': 'Sandwiches'}]","{'latitude': 44.3355713, 'longitude': -88.6319275}",(920) 779-6340,2736.716232365858,gTCbtRYxa9UzbYpkBqGVMw,,False,"{'address1': '249 E Main St', 'address2': '', 'address3': '', 'city': 'Hortonville', 'zip_code': '54944', 'country': 'US', 'state': 'WI', 'display_address': ['249 E Main St', 'Hortonville, WI 54944']}",Subway,+19207796340,,3.0,1,[],https://www.yelp.com/biz/subway-hortonville?adjust_creative=GVWAITeAe13hPk5JlriDSg&utm_campaign=yelp_api_v3&utm_medium=api_v3_business_search&utm_source=GVWAITeAe13hPk5JlriDSg
pita-factory-appleton-2,"[{'alias': 'mediterranean', 'title': 'Mediterranean'}, {'alias': 'greek', 'title': 'Greek'}]","{'latitude': 44.268383, 'longitude': -88.470821}",(920) 221-3446,12383.74680287665,ASePsVlI-2pHT2F8MwqmYg,https://s3-media1.fl.yelpcdn.com/bphoto/G3vlrLJh3bFDIztTqUWuBw/o.jpg,False,"{'address1': '4301 W Wisconsin Ave', 'address2': '', 'address3': None, 'city': 'Appleton', 'zip_code': '54913', 'country': 'US', 'state': 'WI', 'display_address': ['4301 W Wisconsin Ave', 'Appleton, WI 54913']}",Pita Factory,+19202213446,$,4.5,3,"['delivery', 'pickup']",https://www.yelp.com/biz/pita-factory-appleton-2?adjust_creative=GVWAITeAe13hPk5JlriDSg&utm_campaign=yelp_api_v3&utm_medium=api_v3_business_search&utm_source=GVWAITeAe13hPk5JlriDSg
toms-drive-in-neenah-2,"[{'alias': 'hotdogs', 'title': 'Fast Food'}, {'alias': 'breakfast_brunch', 'title': 'Breakfast & Brunch'}, {'alias': 'burgers', 'title': 'Burgers'}]","{'latitude': 44.22158, 'longitude': -88.4941}",(920) 886-0041,14047.35239255508,T4gwmvnl7V4ya2McQ3ULng,https://s3-media4.fl.yelpcdn.com/bphoto/AsubJ3jVhMgE_04TEsIxCA/o.jpg,False,"{'address1': '1395 W American Dr', 'address2': '', 'address3': None, 'city': 'Neenah', 'zip_code': '54956', 'country': 'US', 'state': 'WI', 'display_address': ['1395 W American Dr', 'Neenah, WI 54956']}",Tom's Drive In,+19208860041,$,3.5,5,[],https://www.yelp.com/biz/toms-drive-in-neenah-2?adjust_creative=GVWAITeAe13hPk5JlriDSg&utm_campaign=yelp_api_v3&utm_medium=api_v3_business_search&utm_source=GVWAITeAe13hPk5JlriDSg
third-base-greenville,"[{'alias': 'sportsbars', 'title': 'Sports Bars'}]","{'latitude': 44.305207, 'longitude': -88.5431669}",(920) 757-0335,5743.013812451222,ZxIQeHPci3OUaHeLeSPWzA,https://s3-media4.fl.yelpcdn.com/bphoto/1YI33XdwdbSuZAJFDBf8nw/o.jpg,False,"{'address1': 'W7003 Parkview Dr', 'address2': '', 'address3': '', 'city': 'Greenville', 'zip_code': '54942', 'country': 'US', 'state': 'WI', 'display_address': ['W7003 Parkview Dr', 'Greenville, WI 54942']}",Third Base,+19207570335,$$,2.5,2,[],https://www.yelp.com/biz/third-base-greenville?adjust_creative=GVWAITeAe13hPk5JlriDSg&utm_campaign=yelp_api_v3&utm_medium=api_v3_business_search&utm_source=GVWAITeAe13hPk5JlriDSg
starbucks-appleton,"[{'alias': 'coffee', 'title': 'Coffee & Tea'}]","{'latitude': 44.272691, 'longitude': -88.470745}",(920) 954-1482,12192.676844910155,QUQPrPGIKR7wXxVCNXSo9g,https://s3-media4.fl.yelpcdn.com/bphoto/2c_WSF3k2EPprf6fwIY_pw/o.jpg,False,"{'address1': '4339 W Wisconsin Avenue', 'address2': None, 'address3': None, 'city': 'Appleton', 'zip_code': '54913', 'country': 'US', 'state': 'WI', 'display_address': ['4339 W Wisconsin Avenue', 'Appleton, WI 54913']}",Starbucks,+19209541482,$$,3.0,8,[],https://www.yelp.com/biz/starbucks-appleton?adjust_creative=GVWAITeAe13hPk5JlriDSg&utm_campaign=yelp_api_v3&utm_medium=api_v3_business_search&utm_source=GVWAITeAe13hPk5JlriDSg
fox-cities-restaurant-appleton,"[{'alias': 'airportlounges', 'title': 'Airport Lounges'}, {'alias': 'newamerican', 'title': 'American (New)'}]","{'latitude': 44.2592936458322, 'longitude': -88.5163710817616}",,9845.97232116194,zZtipEX0hPAHLRxJZtBYRg,https://s3-media2.fl.yelpcdn.com/bphoto/3lGdLx2fFXgHKw9kw7llMg/o.jpg,False,"{'address1': 'W6390 E Challenger Dr', 'address2': '', 'address3': None, 'city': 'Appleton', 'zip_code': '54914', 'country': 'US', 'state': 'WI', 'display_address': ['W6390 E Challenger Dr', 'Appleton, WI 54914']}",Fox Cities Restaurant,,,3.5,2,[],https://www.yelp.com/biz/fox-cities-restaurant-appleton?adjust_creative=GVWAITeAe13hPk5JlriDSg&utm_campaign=yelp_api_v3&utm_medium=api_v3_business_search&utm_source=GVWAITeAe13hPk5JlriDSg
the-creeks-at-ivy-acres-hortonville,"[{'alias': 'golf', 'title': 'Golf'}]","{'latitude': 44.37168, 'longitude': -88.5341399}",(920) 757-1000,8749.196716219072,ZAVbOEGBxNJGSlTvcd3htA,https://s3-media1.fl.yelpcdn.com/bphoto/L-XI5VBuxJiyusrVxTye6g/o.jpg,False,"{'address1': 'N3594 Market Rd', 'address2': None, 'address3': None, 'city': 'Hortonville', 'zip_code': '54944', 'country': 'US', 'state': 'WI', 'display_address': ['N3594 Market Rd', 'Hortonville, WI 54944']}",The Creeks At Ivy Acres,+19207571000,,3.0,4,[],https://www.yelp.com/biz/the-creeks-at-ivy-acres-hortonville?adjust_creative=GVWAITeAe13hPk5JlriDSg&utm_campaign=yelp_api_v3&utm_medium=api_v3_business_search&utm_source=GVWAITeAe13hPk5JlriDSg
winagamie-golf-course-neenah,"[{'alias': 'golf', 'title': 'Golf'}]","{'latitude': 44.241563, 'longitude': -88.577694}",(920) 757-5453,8685.250426026965,3UHrw3wOs-ittFrh72piIQ,,False,"{'address1': '3501 Winnegamie Dr', 'address2': '', 'address3': '', 'city': 'Neenah', 'zip_code': '54956', 'country': 'US', 'state': 'WI', 'display_address': ['3501 Winnegamie Dr', 'Neenah, WI 54956']}",Winagamie Golf Course,+19207575453,,3.0,3,[],https://www.yelp.com/biz/winagamie-golf-course-neenah?adjust_creative=GVWAITeAe13hPk5JlriDSg&utm_campaign=yelp_api_v3&utm_medium=api_v3_business_search&utm_source=GVWAITeAe13hPk5JlriDSg
subway-greenville-12,"[{'alias': 'sandwiches', 'title': 'Sandwiches'}, {'alias': 'hotdogs', 'title': 'Fast Food'}]","{'latitude': 44.30297, 'longitude': -88.53966}",(920) 757-1144,5846.9760836817895,BkAJyhKfHq0H8lo2fGCLmw,,False,"{'address1': 'N1723 Hyacinth Ln', 'address2': None, 'address3': None, 'city': 'Greenville', 'zip_code': '54942', 'country': 'US', 'state': 'WI', 'display_address': ['N1723 Hyacinth Ln', 'Greenville, WI 54942']}",Subway,+19207571144,$,2.5,3,[],https://www.yelp.com/biz/subway-greenville-12?adjust_creative=GVWAITeAe13hPk5JlriDSg&utm_campaign=yelp_api_v3&utm_medium=api_v3_business_search&utm_source=GVWAITeAe13hPk5JlriDSg
leos-diner-greenville,"[{'alias': 'diners', 'title': 'Diners'}]","{'latitude': 44.30042, 'longitude': -88.5377}",(920) 358-7358,6129.492121080163,5twF_VHQOO2z2H23oYN7zw,https://s3-media1.fl.yelpcdn.com/bphoto/Gop6eV9Gyg2XbhA8nj4HWg/o.jpg,False,"{'address1': 'N1665 Greenville Dr', 'address2': '', 'address3': None, 'city': 'Greenville', 'zip_code': '54942', 'country': 'US', 'state': 'WI', 'display_address': ['N1665 Greenville Dr', 'Greenville, WI 54942']}",Leo's Diner,+19203587358,,3.0,1,[],https://www.yelp.com/biz/leos-diner-greenville?adjust_creative=GVWAITeAe13hPk5JlriDSg&utm_campaign=yelp_api_v3&utm_medium=api_v3_business_search&utm_source=GVWAITeAe13hPk5JlriDSg
subway-appleton-18,"[{'alias': 'hotdogs', 'title': 'Fast Food'}, {'alias': 'sandwiches', 'title': 'Sandwiches'}]","{'latitude': 44.244608, 'longitude': -88.46957}",(920) 733-1007,13802.83404415723,7kSlNj4B-xZfs-JwFpRDwQ,https://s3-media1.fl.yelpcdn.com/bphoto/HCt0UpJZJO8eLiUFAjhRdg/o.jpg,False,"{'address1': '4320 W Prospect Ave', 'address2': None, 'address3': None, 'city': 'Appleton', 'zip_code': '54914', 'country': 'US', 'state': 'WI', 'display_address': ['4320 W Prospect Ave', 'Appleton, WI 54914']}",Subway,+19207331007,,4.5,2,[],https://www.yelp.com/biz/subway-appleton-18?adjust_creative=GVWAITeAe13hPk5JlriDSg&utm_campaign=yelp_api_v3&utm_medium=api_v3_business_search&utm_source=GVWAITeAe13hPk5JlriDSg
subway-appleton-4,"[{'alias': 'sandwiches', 'title': 'Sandwiches'}, {'alias': 'hotdogs', 'title': 'Fast Food'}]","{'latitude': 44.269098, 'longitude': -88.480234}",(920) 738-9404,11674.559187090796,OQ4xAKWe_Aza_rCc7TlSLA,,False,"{'address1': '955 N Mutual Way', 'address2': None, 'address3': None, 'city': 'Appleton', 'zip_code': '54913', 'country': 'US', 'state': 'WI', 'display_address': ['955 N Mutual Way', 'Appleton, WI 54913']}",Subway,+19207389404,,3.0,3,[],https://www.yelp.com/biz/subway-appleton-4?adjust_creative=GVWAITeAe13hPk5JlriDSg&utm_campaign=yelp_api_v3&utm_medium=api_v3_business_search&utm_source=GVWAITeAe13hPk5JlriDSg
special-memories-zoo-greenville,"[{'alias': 'zoos', 'title': 'Zoos'}]","{'latitude': 44.3019295, 'longitude': -88.5424881}",(920) 757-9695,5760.403727279991,YVR_7A4npnwwf3eNMlkK-A,https://s3-media2.fl.yelpcdn.com/bphoto/JM7_wmgIqMX0JFNXOBVUsA/o.jpg,False,"{'address1': 'W7013 Spring Rd', 'address2': '', 'address3': '', 'city': 'Greenville', 'zip_code': '54942', 'country': 'US', 'state': 'WI', 'display_address': ['W7013 Spring Rd', 'Greenville, WI 54942']}",Special Memories Zoo,+19207579695,,2.0,5,[],https://www.yelp.com/biz/special-memories-zoo-greenville?adjust_creative=GVWAITeAe13hPk5JlriDSg&utm_campaign=yelp_api_v3&utm_medium=api_v3_business_search&utm_source=GVWAITeAe13hPk5JlriDSg
gloria-jeans-coffees-appleton-3,"[{'alias': 'coffee', 'title': 'Coffee & Tea'}]","{'latitude': 44.268046, 'longitude': -88.470693}",(920) 733-2121,12408.984595670787,RXxmsTN46_z5fM4Ty_16bA,https://s3-media3.fl.yelpcdn.com/bphoto/jgGDDIG3cN39TK3Uys8wHQ/o.jpg,False,"{'address1': '4301 W Wisconsin Ave', 'address2': '', 'address3': '', 'city': 'Appleton', 'zip_code': '54913', 'country': 'US', 'state': 'WI', 'display_address': ['4301 W Wisconsin Ave', 'Appleton, WI 54913']}",Gloria Jean's Coffees,+19207332121,$$$,3.0,4,[],https://www.yelp.com/biz/gloria-jeans-coffees-appleton-3?adjust_creative=GVWAITeAe13hPk5JlriDSg&utm_campaign=yelp_api_v3&utm_medium=api_v3_business_search&utm_source=GVWAITeAe13hPk5JlriDSg
dairy-queen-hortonville,"[{'alias': 'icecream', 'title': 'Ice Cream & Frozen Yogurt'}]","{'latitude': 44.3355904, 'longitude': -88.6332016}",(920) 779-0502,2789.5481959530257,ss5NQDYZT-4D18govkKGQA,,False,"{'address1': '241 E Main St', 'address2': '', 'address3': '', 'city': 'Hortonville', 'zip_code': '54944', 'country': 'US', 'state': 'WI', 'display_address': ['241 E Main St', 'Hortonville, WI 54944']}",Dairy Queen,+19207790502,$,1.0,3,[],https://www.yelp.com/biz/dairy-queen-hortonville?adjust_creative=GVWAITeAe13hPk5JlriDSg&utm_campaign=yelp_api_v3&utm_medium=api_v3_business_search&utm_source=GVWAITeAe13hPk5JlriDSg
atw-restaurant-appleton,"[{'alias': 'tradamerican', 'title': 'American (Traditional)'}]","{'latitude': 44.2587829285248, 'longitude': -88.5097781153443}",(920) 832-5268,10290.38918755061,lhOdJi3JyE0AOaDjgUTkOw,,False,"{'address1': 'Outagamie County Regional Airport', 'address2': 'W6390 Challenger Dr, Ste 201', 'address3': '', 'city': 'Appleton', 'zip_code': '54914', 'country': 'US', 'state': 'WI', 'display_address': ['Outagamie County Regional Airport', 'W6390 Challenger Dr, Ste 201', 'Appleton, WI 54914']}",ATW Restaurant,+19208325268,$$,3.0,2,[],https://www.yelp.com/biz/atw-restaurant-appleton?adjust_creative=GVWAITeAe13hPk5JlriDSg&utm_campaign=yelp_api_v3&utm_medium=api_v3_business_search&utm_source=GVWAITeAe13hPk5JlriDSg
the-studio-lounge-hortonville,"[{'alias': 'lounges', 'title': 'Lounges'}]","{'latitude': 44.334662, 'longitude': -88.638847}",(920) 779-5900,3015.682943592117,S2Rewpy5992KMB-uYhOp5g,https://s3-media3.fl.yelpcdn.com/bphoto/iiW4U0G8lW4H7hkI0WItQw/o.jpg,False,"{'address1': '106 W Main St', 'address2': '', 'address3': '', 'city': 'Hortonville', 'zip_code': '54944', 'country': 'US', 'state': 'WI', 'display_address': ['106 W Main St', 'Hortonville, WI 54944']}",The Studio Lounge,+19207795900,$$,4.0,1,[],https://www.yelp.com/biz/the-studio-lounge-hortonville?adjust_creative=GVWAITeAe13hPk5JlriDSg&utm_campaign=yelp_api_v3&utm_medium=api_v3_business_search&utm_source=GVWAITeAe13hPk5JlriDSg
great-american-cookies-appleton,"[{'alias': 'bakeries', 'title': 'Bakeries'}, {'alias': 'desserts', 'title': 'Desserts'}]","{'latitude': 44.2685726824699, 'longitude': -88.4707935385216}",(920) 734-8726,12376.743721992409,iERneQCDjLKXe1rjFU37Rg,https://s3-media1.fl.yelpcdn.com/bphoto/rbq2GVOfOBp9ZbA6Wr2b8g/o.jpg,False,"{'address1': '4301 W Wisconsin Ave', 'address2': 'Space 439', 'address3': '', 'city': 'Appleton', 'zip_code': '54913', 'country': 'US', 'state': 'WI', 'display_address': ['4301 W Wisconsin Ave', 'Space 439', 'Appleton, WI 54913']}",Great American Cookies,+19207348726,$$,3.5,3,"['delivery', 'pickup']",https://www.yelp.com/biz/great-american-cookies-appleton?adjust_creative=GVWAITeAe13hPk5JlriDSg&utm_campaign=yelp_api_v3&utm_medium=api_v3_business_search&utm_source=GVWAITeAe13hPk5JlriDSg
chuck-e-cheeses-grand-chute,"[{'alias': 'pizza', 'title': 'Pizza'}]","{'latitude': 44.2673351, 'longitude': -88.4756547}",(920) 832-8323,12148.603832630555,aZ_mYAwk0HMDgoyuR8r_7A,https://s3-media4.fl.yelpcdn.com/bphoto/rMAdvExVftbfuXUApEVkCg/o.jpg,False,"{'address1': '4671 Michaels Dr', 'address2': None, 'address3': None, 'city': 'Grand Chute', 'zip_code': '54915', 'country': 'US', 'state': 'WI', 'display_address': ['4671 Michaels Dr', 'Grand Chute, WI 54915']}",Chuck E. Cheese's,+19208328323,,2.0,5,[],https://www.yelp.com/biz/chuck-e-cheeses-grand-chute?adjust_creative=GVWAITeAe13hPk5JlriDSg&utm_campaign=yelp_api_v3&utm_medium=api_v3_business_search&utm_source=GVWAITeAe13hPk5JlriDSg
little-caesars-pizza-new-london,"[{'alias': 'pizza', 'title': 'Pizza'}]","{'latitude': 44.39316, 'longitude': -88.74566}",(920) 982-3333,13695.64334376066,YQsXjrXqPyj2J7XoZjNKpw,,False,"{'address1': '207 N Shawano St', 'address2': '', 'address3': '', 'city': 'New London', 'zip_code': '54961', 'country': 'US', 'state': 'WI', 'display_address': ['207 N Shawano St', 'New London, WI 54961']}",Little Caesar's Pizza,+19209823333,,3.5,4,[],https://www.yelp.com/biz/little-caesars-pizza-new-london?adjust_creative=GVWAITeAe13hPk5JlriDSg&utm_campaign=yelp_api_v3&utm_medium=api_v3_business_search&utm_source=GVWAITeAe13hPk5JlriDSg
dominos-pizza-grand-chute,"[{'alias': 'pizza', 'title': 'Pizza'}, {'alias': 'chicken_wings', 'title': 'Chicken Wings'}, {'alias': 'sandwiches', 'title': 'Sandwiches'}]","{'latitude': 44.267, 'longitude': -88.47759}",(920) 731-0100,11950.797963308685,O1_NhFaMCBr2-OinpEDYuA,,False,"{'address1': '4733 W Michaels Dr', 'address2': 'Ste 2', 'address3': '', 'city': 'Grand Chute', 'zip_code': '54913', 'country': 'US', 'state': 'WI', 'display_address': ['4733 W Michaels Dr', 'Ste 2', 'Grand Chute, WI 54913']}",Domino's Pizza,+19207310100,,2.5,7,[],https://www.yelp.com/biz/dominos-pizza-grand-chute?adjust_creative=GVWAITeAe13hPk5JlriDSg&utm_campaign=yelp_api_v3&utm_medium=api_v3_business_search&utm_source=GVWAITeAe13hPk5JlriDSg
hong-kong-buffet-new-london,"[{'alias': 'buffets', 'title': 'Buffets'}, {'alias': 'chinese', 'title': 'Chinese'}]","{'latitude': 44.394313, 'longitude': -88.742554}",(920) 982-9899,13587.151411672672,HlF03bVUHpid_v1iQQa1Pw,https://s3-media2.fl.yelpcdn.com/bphoto/cXJL0IB53ZS-A7Lwf6K_9w/o.jpg,False,"{'address1': '310 Wolf River Plz', 'address2': '', 'address3': '', 'city': 'New London', 'zip_code': '54961', 'country': 'US', 'state': 'WI', 'display_address': ['310 Wolf River Plz', 'New London, WI 54961']}",Hong Kong Buffet,+19209829899,$,2.5,6,[],https://www.yelp.com/biz/hong-kong-buffet-new-london?adjust_creative=GVWAITeAe13hPk5JlriDSg&utm_campaign=yelp_api_v3&utm_medium=api_v3_business_search&utm_source=GVWAITeAe13hPk5JlriDSg
brees-inn-new-london,"[{'alias': 'bars', 'title': 'Bars'}]","{'latitude': 44.3900999, 'longitude': -88.7398599}",(920) 982-7511,13126.670964760711,YlvTkthVKjv-vEpgtXhA6Q,,False,"{'address1': '323 S Pearl St', 'address2': '', 'address3': '', 'city': 'New London', 'zip_code': '54961', 'country': 'US', 'state': 'WI', 'display_address': ['323 S Pearl St', 'New London, WI 54961']}",Bree's Inn,+19209827511,,5.0,1,[],https://www.yelp.com/biz/brees-inn-new-london?adjust_creative=GVWAITeAe13hPk5JlriDSg&utm_campaign=yelp_api_v3&utm_medium=api_v3_business_search&utm_source=GVWAITeAe13hPk5JlriDSg
triple-ps-appleton-2,"[{'alias': 'bars', 'title': 'Bars'}]","{'latitude': 44.2775840759277, 'longitude': -88.4818725585938}",(920) 939-3592,11165.088381655583,hboWqRxH90hAgHqf3TVGEg,https://s3-media2.fl.yelpcdn.com/bphoto/yXmHbX4yWObM11qb6CYxtQ/o.jpg,False,"{'address1': '5015 W Greenville Dr', 'address2': '', 'address3': None, 'city': 'Appleton', 'zip_code': '54913', 'country': 'US', 'state': 'WI', 'display_address': ['5015 W Greenville Dr', 'Appleton, WI 54913']}",Triple P's,+19209393592,$,2.5,2,[],https://www.yelp.com/biz/triple-ps-appleton-2?adjust_creative=GVWAITeAe13hPk5JlriDSg&utm_campaign=yelp_api_v3&utm_medium=api_v3_business_search&utm_source=GVWAITeAe13hPk5JlriDSg
sbarro-appleton,"[{'alias': 'italian', 'title': 'Italian'}, {'alias': 'pizza', 'title': 'Pizza'}]","{'latitude': 44.268423, 'longitude': -88.470802}",(920) 993-6515,12383.21873709196,UarpckzLhMPngvrB1AhBSA,https://s3-media3.fl.yelpcdn.com/bphoto/w4LVmi7fTbZ4sfHOF_NRPw/o.jpg,False,"{'address1': '4301 W Wisconsin Ave', 'address2': '', 'address3': '', 'city': 'Appleton', 'zip_code': '54913', 'country': 'US', 'state': 'WI', 'display_address': ['4301 W Wisconsin Ave', 'Appleton, WI 54913']}",Sbarro,+19209936515,,3.0,4,[],https://www.yelp.com/biz/sbarro-appleton?adjust_creative=GVWAITeAe13hPk5JlriDSg&utm_campaign=yelp_api_v3&utm_medium=api_v3_business_search&utm_source=GVWAITeAe13hPk5JlriDSg
jimmy-johns-appleton,"[{'alias': 'delis', 'title': 'Delis'}, {'alias': 'sandwiches', 'title': 'Sandwiches'}, {'alias': 'hotdogs', 'title': 'Fast Food'}]","{'latitude': 44.2738299, 'longitude': -88.46974}",(920) 830-1111,12196.593637339192,hNVjjn8-x03dqfuwAbqopA,https://s3-media2.fl.yelpcdn.com/bphoto/GH0SmysKG30JXa4U-mCMYw/o.jpg,False,"{'address1': '4194 W Wisconsin Ave', 'address2': None, 'address3': None, 'city': 'Appleton', 'zip_code': '54914', 'country': 'US', 'state': 'WI', 'display_address': ['4194 W Wisconsin Ave', 'Appleton, WI 54914']}",Jimmy John's,+19208301111,,2.5,3,[],https://www.yelp.com/biz/jimmy-johns-appleton?adjust_creative=GVWAITeAe13hPk5JlriDSg&utm_campaign=yelp_api_v3&utm_medium=api_v3_business_search&utm_source=GVWAITeAe13hPk5JlriDSg
sarku-japan-appleton,"[{'alias': 'japanese', 'title': 'Japanese'}]","{'latitude': 44.268304, 'longitude': -88.470864}",(920) 832-8826,12384.400744231029,8zFU4lXmWE_aYldY33-15w,https://s3-media3.fl.yelpcdn.com/bphoto/QYO4if5rB4rWfxbH6UMkUw/o.jpg,False,"{'address1': '4301 W Wisconsin Ave', 'address2': 'Ste 181', 'address3': '', 'city': 'Appleton', 'zip_code': '54913', 'country': 'US', 'state': 'WI', 'display_address': ['4301 W Wisconsin Ave', 'Ste 181', 'Appleton, WI 54913']}",Sarku Japan,+19208328826,$,3.5,2,[],https://www.yelp.com/biz/sarku-japan-appleton?adjust_creative=GVWAITeAe13hPk5JlriDSg&utm_campaign=yelp_api_v3&utm_medium=api_v3_business_search&utm_source=GVWAITeAe13hPk5JlriDSg
hilbys-new-london,"[{'alias': 'tradamerican', 'title': 'American (Traditional)'}]","{'latitude': 44.3908195, 'longitude': -88.7396774}",,13160.610333331195,K9WzU0pMo16odWMQa_DeEQ,https://s3-media2.fl.yelpcdn.com/bphoto/nMKKlbmqy9GXLm9tw2fRSw/o.jpg,False,"{'address1': 'Pearl St & Wolf River Ave', 'address2': '', 'address3': '', 'city': 'New London', 'zip_code': '54961', 'country': 'US', 'state': 'WI', 'display_address': ['Pearl St & Wolf River Ave', 'New London, WI 54961']}",Hilby's,,$$,1.5,8,[],https://www.yelp.com/biz/hilbys-new-london?adjust_creative=GVWAITeAe13hPk5JlriDSg&utm_campaign=yelp_api_v3&utm_medium=api_v3_business_search&utm_source=GVWAITeAe13hPk5JlriDSg
the-fringe-food-and-spirits-neenah,"[{'alias': 'golf', 'title': 'Golf'}]","{'latitude': 44.24358, 'longitude': -88.57517}",(920) 757-5453,8784.55586314779,cLsuRjadpDUQOpOike9m0w,,False,"{'address1': '3501 Winnegamie Dr', 'address2': '', 'address3': None, 'city': 'Neenah', 'zip_code': '54956', 'country': 'US', 'state': 'WI', 'display_address': ['3501 Winnegamie Dr', 'Neenah, WI 54956']}",The Fringe Food and Spirits,+19207575453,,5.0,1,[],https://www.yelp.com/biz/the-fringe-food-and-spirits-neenah?adjust_creative=GVWAITeAe13hPk5JlriDSg&utm_campaign=yelp_api_v3&utm_medium=api_v3_business_search&utm_source=GVWAITeAe13hPk5JlriDSg
grand-view-golf-club-hortonville,"[{'alias': 'golf', 'title': 'Golf'}]","{'latitude': 44.3418807983398, 'longitude': -88.6400909423828}",(920) 779-6421,3703.7256907095593,l4Hd_3ccrNYE7PVv4w7BIw,,False,"{'address1': '135 John St', 'address2': None, 'address3': None, 'city': 'Hortonville', 'zip_code': '54944', 'country': 'US', 'state': 'WI', 'display_address': ['135 John St', 'Hortonville, WI 54944']}",Grand View Golf Club,+19207796421,,1.0,1,[],https://www.yelp.com/biz/grand-view-golf-club-hortonville?adjust_creative=GVWAITeAe13hPk5JlriDSg&utm_campaign=yelp_api_v3&utm_medium=api_v3_business_search&utm_source=GVWAITeAe13hPk5JlriDSg
subway-appleton-13,"[{'alias': 'hotdogs', 'title': 'Fast Food'}, {'alias': 'sandwiches', 'title': 'Sandwiches'}]","{'latitude': 44.268179, 'longitude': -88.470911}",(920) 968-0591,12386.963742677872,S-OwQt-A-EFH1kACx6KNlA,,False,"{'address1': '4301 W Wisconsin Ave', 'address2': 'Ste 622', 'address3': '', 'city': 'Appleton', 'zip_code': '54913', 'country': 'US', 'state': 'WI', 'display_address': ['4301 W Wisconsin Ave', 'Ste 622', 'Appleton, WI 54913']}",Subway,+19209680591,,3.0,1,[],https://www.yelp.com/biz/subway-appleton-13?adjust_creative=GVWAITeAe13hPk5JlriDSg&utm_campaign=yelp_api_v3&utm_medium=api_v3_business_search&utm_source=GVWAITeAe13hPk5JlriDSg
new-london-family-diner-new-london,"[{'alias': 'diners', 'title': 'Diners'}]","{'latitude': 44.396034, 'longitude': -88.744903}",(920) 982-9060,13848.752637880283,3teKlV_hFSEfMOBRg4vOjQ,https://s3-media4.fl.yelpcdn.com/bphoto/KSFd7LKr6M_UD6IO7pJelg/o.jpg,False,"{'address1': '400 N Shawano St', 'address2': None, 'address3': None, 'city': 'New London', 'zip_code': '54961', 'country': 'US', 'state': 'WI', 'display_address': ['400 N Shawano St', 'New London, WI 54961']}",New London Family Diner,+19209829060,,1.5,5,[],https://www.yelp.com/biz/new-london-family-diner-new-london?adjust_creative=GVWAITeAe13hPk5JlriDSg&utm_campaign=yelp_api_v3&utm_medium=api_v3_business_search&utm_source=GVWAITeAe13hPk5JlriDSg
xe-54-an-offbeat-american-wine-bar-neenah,"[{'alias': 'wine_bars', 'title': 'Wine Bars'}, {'alias': 'cocktailbars', 'title': 'Cocktail Bars'}]","{'latitude': 44.22286, 'longitude': -88.49298}",(920) 915-9194,14040.227835349624,kRsxWfWU6YYExqMC22KylA,https://s3-media4.fl.yelpcdn.com/bphoto/x3oIRnX6hqj7olj8d3UI9w/o.jpg,False,"{'address1': '1350 W American Dr', 'address2': None, 'address3': '', 'city': 'Neenah', 'zip_code': '54956', 'country': 'US', 'state': 'WI', 'display_address': ['1350 W American Dr', 'Neenah, WI 54956']}",Xe 54: an Offbeat American Wine Bar,+19209159194,,5.0,2,[],https://www.yelp.com/biz/xe-54-an-offbeat-american-wine-bar-neenah?adjust_creative=GVWAITeAe13hPk5JlriDSg&utm_campaign=yelp_api_v3&utm_medium=api_v3_business_search&utm_source=GVWAITeAe13hPk5JlriDSg
diggers-bar-and-grill-hortonville,"[{'alias': 'pubs', 'title': 'Pubs'}]","{'latitude': 44.373, 'longitude': -88.58427}",(920) 757-5059,6731.964842255382,jBpfsafmMnlZjVZqY3dGGw,https://s3-media4.fl.yelpcdn.com/bphoto/ymIYtxXreciF-io_LLE4eA/o.jpg,False,"{'address1': 'N3670 State Rd 76', 'address2': None, 'address3': None, 'city': 'Hortonville', 'zip_code': '54944', 'country': 'US', 'state': 'WI', 'display_address': ['N3670 State Rd 76', 'Hortonville, WI 54944']}",Diggers Bar & Grill,+19207575059,$$,1.0,2,[],https://www.yelp.com/biz/diggers-bar-and-grill-hortonville?adjust_creative=GVWAITeAe13hPk5JlriDSg&utm_campaign=yelp_api_v3&utm_medium=api_v3_business_search&utm_source=GVWAITeAe13hPk5JlriDSg
beacon-street-deli-new-london,"[{'alias': 'delis', 'title': 'Delis'}]","{'latitude': 44.38816, 'longitude': -88.7338}",(920) 982-6446,12609.855127372603,0BAFjIjfF357qN_qyButAQ,https://s3-media1.fl.yelpcdn.com/bphoto/jceR-PXPGcgBvzOX2fOCFw/o.jpg,False,"{'address1': '422 E Beacon Ave', 'address2': '', 'address3': '', 'city': 'New London', 'zip_code': '54961', 'country': 'US', 'state': 'WI', 'display_address': ['422 E Beacon Ave', 'New London, WI 54961']}",Beacon Street Deli,+19209826446,,4.5,2,[],https://www.yelp.com/biz/beacon-street-deli-new-london?adjust_creative=GVWAITeAe13hPk5JlriDSg&utm_campaign=yelp_api_v3&utm_medium=api_v3_business_search&utm_source=GVWAITeAe13hPk5JlriDSg
vals-family-restaurant-new-london,"[{'alias': 'newamerican', 'title': 'American (New)'}, {'alias': 'breakfast_brunch', 'title': 'Breakfast & Brunch'}, {'alias': 'burgers', 'title': 'Burgers'}]","{'latitude': 44.40992, 'longitude': -88.74273}",(920) 250-6027,14756.268966827287,Eed8CC_sdU9E1eQVF1szeA,https://s3-media2.fl.yelpcdn.com/bphoto/ildDB0Ne5vDWFvJBjEkhDA/o.jpg,False,"{'address1': '1601 N Shawano St', 'address2': None, 'address3': '', 'city': 'New London', 'zip_code': '54961', 'country': 'US', 'state': 'WI', 'display_address': ['1601 N Shawano St', 'New London, WI 54961']}",Val's Family Restaurant,+19202506027,,3.0,1,[],https://www.yelp.com/biz/vals-family-restaurant-new-london?adjust_creative=GVWAITeAe13hPk5JlriDSg&utm_campaign=yelp_api_v3&utm_medium=api_v3_business_search&utm_source=GVWAITeAe13hPk5JlriDSg
corner-cafe-new-london-2,"[{'alias': 'cafes', 'title': 'Cafes'}]","{'latitude': 44.39304, 'longitude': -88.74584}",(920) 982-6636,13708.667757597983,VmzNbN8C_9DnfMZKEUuqRw,https://s3-media1.fl.yelpcdn.com/bphoto/8PW9O-wEv-0m7DaJFq4CGw/o.jpg,False,"{'address1': '203 N Shawano St', 'address2': None, 'address3': None, 'city': 'New London', 'zip_code': '54961', 'country': 'US', 'state': 'WI', 'display_address': ['203 N Shawano St', 'New London, WI 54961']}",Corner Cafe,+19209826636,$,4.5,2,[],https://www.yelp.com/biz/corner-cafe-new-london-2?adjust_creative=GVWAITeAe13hPk5JlriDSg&utm_campaign=yelp_api_v3&utm_medium=api_v3_business_search&utm_source=GVWAITeAe13hPk5JlriDSg
tamaras-the-cake-guru-appleton-2,"[{'alias': 'cupcakes', 'title': 'Cupcakes'}]","{'latitude': 44.2783523199487, 'longitude': -88.4733463078737}",(920) 903-8440,11764.833361601142,aH3cTcYhHbAQqdSYX_qg4w,,False,"{'address1': '1859 N Casaloma Dr', 'address2': '', 'address3': None, 'city': 'Appleton', 'zip_code': '54913', 'country': 'US', 'state': 'WI', 'display_address': ['1859 N Casaloma Dr', 'Appleton, WI 54913']}",Tamara's The Cake Guru,+19209038440,,4.0,1,[],https://www.yelp.com/biz/tamaras-the-cake-guru-appleton-2?adjust_creative=GVWAITeAe13hPk5JlriDSg&utm_campaign=yelp_api_v3&utm_medium=api_v3_business_search&utm_source=GVWAITeAe13hPk5JlriDSg
mcdonalds-greenville,"[{'alias': 'hotdogs', 'title': 'Fast Food'}, {'alias': 'coffee', 'title': 'Coffee & Tea'}, {'alias': 'burgers', 'title': 'Burgers'}]","{'latitude': 44.286172715998, 'longitude': -88.5068417378579}",(920) 757-9260,8964.301553284331,7_ivC1yD2mz-_XUCa72WHg,https://s3-media1.fl.yelpcdn.com/bphoto/9vjXcwNDlpjulnmdMS9dHg/o.jpg,False,"{'address1': 'W6308 Walley Way', 'address2': '', 'address3': '', 'city': 'Greenville', 'zip_code': '54942', 'country': 'US', 'state': 'WI', 'display_address': ['W6308 Walley Way', 'Greenville, WI 54942']}",McDonald's,+19207579260,,1.0,1,[],https://www.yelp.com/biz/mcdonalds-greenville?adjust_creative=GVWAITeAe13hPk5JlriDSg&utm_campaign=yelp_api_v3&utm_medium=api_v3_business_search&utm_source=GVWAITeAe13hPk5JlriDSg
marlys-restaurant-new-london,"[{'alias': 'newamerican', 'title': 'American (New)'}]","{'latitude': 44.3885726928711, 'longitude': -88.7392730712891}",(920) 982-5390,12986.313725466298,dctR5KJ7m6grva0vHNl_uQ,https://s3-media2.fl.yelpcdn.com/bphoto/EkuDzL3NBJEfxwXBVd9CIQ/o.jpg,False,"{'address1': '520 S Pearl St', 'address2': '', 'address3': '', 'city': 'New London', 'zip_code': '54961', 'country': 'US', 'state': 'WI', 'display_address': ['520 S Pearl St', 'New London, WI 54961']}",Marly's Restaurant,+19209825390,$,2.0,3,[],https://www.yelp.com/biz/marlys-restaurant-new-london?adjust_creative=GVWAITeAe13hPk5JlriDSg&utm_campaign=yelp_api_v3&utm_medium=api_v3_business_search&utm_source=GVWAITeAe13hPk5JlriDSg
subway-neenah-2,"[{'alias': 'sandwiches', 'title': 'Sandwiches'}, {'alias': 'hotdogs', 'title': 'Fast Food'}]","{'latitude': 44.22286, 'longitude': -88.49298}",(920) 722-2058,14040.28695417156,WZZuBuOA-DGytPPjurNXwQ,,False,"{'address1': '1350 W American Dr', 'address2': 'Ste F', 'address3': None, 'city': 'Neenah', 'zip_code': '54956', 'country': 'US', 'state': 'WI', 'display_address': ['1350 W American Dr', 'Ste F', 'Neenah, WI 54956']}",Subway,+19207222058,$,1.5,3,[],https://www.yelp.com/biz/subway-neenah-2?adjust_creative=GVWAITeAe13hPk5JlriDSg&utm_campaign=yelp_api_v3&utm_medium=api_v3_business_search&utm_source=GVWAITeAe13hPk5JlriDSg
burger-king-greenville-5,"[{'alias': 'burgers', 'title': 'Burgers'}]","{'latitude': 44.2732964, 'longitude': -88.5072937}",(920) 757-7741,9522.889072173964,HpgZBOAzg17o65QZsyuS5Q,,False,"{'address1': 'W6318 Wisconsin Ave', 'address2': '', 'address3': '', 'city': 'Greenville', 'zip_code': '54942', 'country': 'US', 'state': 'WI', 'display_address': ['W6318 Wisconsin Ave', 'Greenville, WI 54942']}",Burger King,+19207577741,$,1.0,1,[],https://www.yelp.com/biz/burger-king-greenville-5?adjust_creative=GVWAITeAe13hPk5JlriDSg&utm_campaign=yelp_api_v3&utm_medium=api_v3_business_search&utm_source=GVWAITeAe13hPk5JlriDSg
bults-quality-bake-shop-new-london,"[{'alias': 'bakeries', 'title': 'Bakeries'}]","{'latitude': 44.3925, 'longitude': -88.74033}",(920) 982-4091,13326.933916778842,zX7r4auuHm5xvjKoU-_PCw,,False,"{'address1': '114 W North Water St', 'address2': '', 'address3': '', 'city': 'New London', 'zip_code': '54961', 'country': 'US', 'state': 'WI', 'display_address': ['114 W North Water St', 'New London, WI 54961']}",Bult's Quality Bake Shop,+19209824091,,5.0,1,[],https://www.yelp.com/biz/bults-quality-bake-shop-new-london?adjust_creative=GVWAITeAe13hPk5JlriDSg&utm_campaign=yelp_api_v3&utm_medium=api_v3_business_search&utm_source=GVWAITeAe13hPk5JlriDSg
cold-stone-creamery-appleton,"[{'alias': 'icecream', 'title': 'Ice Cream & Frozen Yogurt'}]","{'latitude': 44.268233, 'longitude': -88.470672}",(920) 730-9065,12401.596099278628,1OgEx1SJdm55LXalp-4Aew,https://s3-media3.fl.yelpcdn.com/bphoto/WIVDLOmFGqEYvS4lm-9hdA/o.jpg,False,"{'address1': '4301 W Wisconsin Ave', 'address2': 'Ste 508', 'address3': None, 'city': 'Appleton', 'zip_code': '54913', 'country': 'US', 'state': 'WI', 'display_address': ['4301 W Wisconsin Ave', 'Ste 508', 'Appleton, WI 54913']}",Cold Stone Creamery,+19207309065,$,1.0,1,[],https://www.yelp.com/biz/cold-stone-creamery-appleton?adjust_creative=GVWAITeAe13hPk5JlriDSg&utm_campaign=yelp_api_v3&utm_medium=api_v3_business_search&utm_source=GVWAITeAe13hPk5JlriDSg
taco-bell-new-london-2,"[{'alias': 'mexican', 'title': 'Mexican'}, {'alias': 'tex-mex', 'title': 'Tex-Mex'}, {'alias': 'hotdogs', 'title': 'Fast Food'}]","{'latitude': 44.417565, 'longitude': -88.741589}",(920) 982-7499,15323.309576144666,MR1_77sZgtvoR9hoezKi1g,https://s3-media2.fl.yelpcdn.com/bphoto/1Gzwc5rt8E7zpclKcYQmzQ/o.jpg,False,"{'address1': '1280 Shawano Avenue', 'address2': '', 'address3': '', 'city': 'New London', 'zip_code': '54961', 'country': 'US', 'state': 'WI', 'display_address': ['1280 Shawano Avenue', 'New London, WI 54961']}",Taco Bell,+19209827499,,1.5,4,[],https://www.yelp.com/biz/taco-bell-new-london-2?adjust_creative=GVWAITeAe13hPk5JlriDSg&utm_campaign=yelp_api_v3&utm_medium=api_v3_business_search&utm_source=GVWAITeAe13hPk5JlriDSg
mcdonalds-new-london-4,"[{'alias': 'burgers', 'title': 'Burgers'}, {'alias': 'coffee', 'title': 'Coffee & Tea'}, {'alias': 'hotdogs', 'title': 'Fast Food'}]","{'latitude': 44.404327, 'longitude': -88.743199}",(920) 982-5540,14364.677059505524,zu_Dc_-ILOdb4d7FL5z5jQ,https://s3-media3.fl.yelpcdn.com/bphoto/j-FokZ2J1zsGhFQ1kcGqfA/o.jpg,False,"{'address1': '1135 N Shawano St', 'address2': '', 'address3': '', 'city': 'New London', 'zip_code': '54961', 'country': 'US', 'state': 'WI', 'display_address': ['1135 N Shawano St', 'New London, WI 54961']}",McDonald's,+19209825540,$,3.0,4,[],https://www.yelp.com/biz/mcdonalds-new-london-4?adjust_creative=GVWAITeAe13hPk5JlriDSg&utm_campaign=yelp_api_v3&utm_medium=api_v3_business_search&utm_source=GVWAITeAe13hPk5JlriDSg
taco-johns-appleton-2,"[{'alias': 'mexican', 'title': 'Mexican'}, {'alias': 'hotdogs', 'title': 'Fast Food'}]","{'latitude': 44.268624, 'longitude': -88.47113}",(920) 997-6061,12350.070354678024,9MXQS8dVssBBT7KesTnwUA,https://s3-media2.fl.yelpcdn.com/bphoto/6o9K7uLNkEtgo6M8hLlRoA/o.jpg,False,"{'address1': '4301 W Wisconsin Ave', 'address2': '', 'address3': '', 'city': 'Appleton', 'zip_code': '54913', 'country': 'US', 'state': 'WI', 'display_address': ['4301 W Wisconsin Ave', 'Appleton, WI 54913']}",Taco John's,+19209976061,,2.5,3,[],https://www.yelp.com/biz/taco-johns-appleton-2?adjust_creative=GVWAITeAe13hPk5JlriDSg&utm_campaign=yelp_api_v3&utm_medium=api_v3_business_search&utm_source=GVWAITeAe13hPk5JlriDSg
burger-king-new-london-3,"[{'alias': 'burgers', 'title': 'Burgers'}, {'alias': 'hotdogs', 'title': 'Fast Food'}]","{'latitude': 44.40202, 'longitude': -88.74283}",(920) 982-4863,14183.479589347115,2mJng9qZm5hCupEG7NGqKQ,,False,"{'address1': '984 N Shawano St', 'address2': '', 'address3': '', 'city': 'New London', 'zip_code': '54961', 'country': 'US', 'state': 'WI', 'display_address': ['984 N Shawano St', 'New London, WI 54961']}",Burger King,+19209824863,,1.5,3,[],https://www.yelp.com/biz/burger-king-new-london-3?adjust_creative=GVWAITeAe13hPk5JlriDSg&utm_campaign=yelp_api_v3&utm_medium=api_v3_business_search&utm_source=GVWAITeAe13hPk5JlriDSg
subway-new-london-2,"[{'alias': 'sandwiches', 'title': 'Sandwiches'}, {'alias': 'hotdogs', 'title': 'Fast Food'}]","{'latitude': 44.40498, 'longitude': -88.74149}",(920) 982-4401,14318.495008336746,Xtp12pKX_b8FAH-uJMCzcQ,,False,"{'address1': '1200 N Shawano St', 'address2': '', 'address3': '', 'city': 'New London', 'zip_code': '54961', 'country': 'US', 'state': 'WI', 'display_address': ['1200 N Shawano St', 'New London, WI 54961']}",Subway,+19209824401,,1.0,3,[],https://www.yelp.com/biz/subway-new-london-2?adjust_creative=GVWAITeAe13hPk5JlriDSg&utm_campaign=yelp_api_v3&utm_medium=api_v3_business_search&utm_source=GVWAITeAe13hPk5JlriDSg
dominos-pizza-new-london-2,"[{'alias': 'pizza', 'title': 'Pizza'}, {'alias': 'chicken_wings', 'title': 'Chicken Wings'}, {'alias': 'sandwiches', 'title': 'Sandwiches'}]","{'latitude': 44.394495, 'longitude': -88.7429198}",(920) 982-7700,13622.428135013413,OQhbknfi-pBBc_sEI3PjWA,,False,"{'address1': '316B Wolf River Plz', 'address2': '', 'address3': '', 'city': 'New London', 'zip_code': '54961', 'country': 'US', 'state': 'WI', 'display_address': ['316B Wolf River Plz', 'New London, WI 54961']}",Domino's Pizza,+19209827700,,3.0,2,[],https://www.yelp.com/biz/dominos-pizza-new-london-2?adjust_creative=GVWAITeAe13hPk5JlriDSg&utm_campaign=yelp_api_v3&utm_medium=api_v3_business_search&utm_source=GVWAITeAe13hPk5JlriDSg
buckys-restaurant-new-london-2,"[{'alias': 'tradamerican', 'title': 'American (Traditional)'}, {'alias': 'burgers', 'title': 'Burgers'}, {'alias': 'breakfast_brunch', 'title': 'Breakfast & Brunch'}]","{'latitude': 44.4000225321268, 'longitude': -88.744923658669}",(920) 982-3840,14143.766987363788,fRCFdequ2BYyFGkqsEP21Q,https://s3-media1.fl.yelpcdn.com/bphoto/lrcDd4vx_K3VMOGG5_UdRA/o.jpg,False,"{'address1': '815 N Shawano St', 'address2': '', 'address3': None, 'city': 'New London', 'zip_code': '54961', 'country': 'US', 'state': 'WI', 'display_address': ['815 N Shawano St', 'New London, WI 54961']}",Bucky's Restaurant,+19209823840,,4.0,1,[],https://www.yelp.com/biz/buckys-restaurant-new-london-2?adjust_creative=GVWAITeAe13hPk5JlriDSg&utm_campaign=yelp_api_v3&utm_medium=api_v3_business_search&utm_source=GVWAITeAe13hPk5JlriDSg
king-house-new-london,"[{'alias': 'chinese', 'title': 'Chinese'}]","{'latitude': 44.413284, 'longitude': -88.743103}",(920) 982-0812,15064.91785001502,h3NXRw7co9qA1DggrrFNtQ,,False,"{'address1': '1931 N Shawano St', 'address2': 'Ste 260', 'address3': '', 'city': 'New London', 'zip_code': '54961', 'country': 'US', 'state': 'WI', 'display_address': ['1931 N Shawano St', 'Ste 260', 'New London, WI 54961']}",King House,+19209820812,,1.0,1,[],https://www.yelp.com/biz/king-house-new-london?adjust_creative=GVWAITeAe13hPk5JlriDSg&utm_campaign=yelp_api_v3&utm_medium=api_v3_business_search&utm_source=GVWAITeAe13hPk5JlriDSg
smoke-to-the-bone-green-bay,"[{'alias': 'foodtrucks', 'title': 'Food Trucks'}, {'alias': 'bbq', 'title': 'Barbeque'}]","{'latitude': 44.5113781, 'longitude': -88.0576756}",(920) 639-7041,49077.90738199815,P4rJt38qsSSTPUD6IBh-uw,https://s3-media2.fl.yelpcdn.com/bphoto/_0-Cfh7IosSHrg7tGGmV_w/o.jpg,False,"{'address1': '1301 Ridge Rd', 'address2': '', 'address3': None, 'city': 'Green Bay', 'zip_code': '54303', 'country': 'US', 'state': 'WI', 'display_address': ['1301 Ridge Rd', 'Green Bay, WI 54303']}",Smoke To The Bone,+19206397041,,4.0,4,"['delivery', 'pickup']",https://www.yelp.com/biz/smoke-to-the-bone-green-bay?adjust_creative=GVWAITeAe13hPk5JlriDSg&utm_campaign=yelp_api_v3&utm_medium=api_v3_business_search&utm_source=GVWAITeAe13hPk5JlriDSg
easy-street-new-london,"[{'alias': 'bars', 'title': 'Bars'}, {'alias': 'restaurants', 'title': 'Restaurants'}]","{'latitude': 44.3928364433002, 'longitude': -88.7449400871992}",(920) 982-7999,13629.384851924095,A2jkN_uUy0SBLg9JBMljCw,https://s3-media1.fl.yelpcdn.com/bphoto/ScABrLEbFs2pyMK9UUs6dg/o.jpg,False,"{'address1': '519 W North Water St', 'address2': '', 'address3': '', 'city': 'New London', 'zip_code': '54961', 'country': 'US', 'state': 'WI', 'display_address': ['519 W North Water St', 'New London, WI 54961']}",Easy Street,+19209827999,,1.0,1,[],https://www.yelp.com/biz/easy-street-new-london?adjust_creative=GVWAITeAe13hPk5JlriDSg&utm_campaign=yelp_api_v3&utm_medium=api_v3_business_search&utm_source=GVWAITeAe13hPk5JlriDSg
