alias,categories,coordinates,display_phone,distance,id,image_url,is_closed,location,name,phone,price,rating,review_count,transactions,url
pioneer-keg-theresa,"[{'alias': 'diners', 'title': 'Diners'}, {'alias': 'coffee', 'title': 'Coffee & Tea'}]","{'latitude': 43.5173835754395, 'longitude': -88.4514389038086}",(920) 488-3333,2791.0197083441444,p9iBu4Y0U4Sb-mH58WWcdA,https://s3-media4.fl.yelpcdn.com/bphoto/NoMRSbjsgJIGJJMxelwKKg/o.jpg,False,"{'address1': '122 S Milwaukee St', 'address2': '', 'address3': '', 'city': 'Theresa', 'zip_code': '53091', 'country': 'US', 'state': 'WI', 'display_address': ['122 S Milwaukee St', 'Theresa, WI 53091']}",Pioneer Keg,+19204883333,$,5.0,11,[],https://www.yelp.com/biz/pioneer-keg-theresa?adjust_creative=GVWAITeAe13hPk5JlriDSg&utm_campaign=yelp_api_v3&utm_medium=api_v3_business_search&utm_source=GVWAITeAe13hPk5JlriDSg
confections-for-any-occasion-theresa,"[{'alias': 'candy', 'title': 'Candy Stores'}, {'alias': 'chocolate', 'title': 'Chocolatiers & Shops'}, {'alias': 'tradamerican', 'title': 'American (Traditional)'}]","{'latitude': 43.51815, 'longitude': -88.45083}",(920) 488-9269,2897.3039533540446,jbzEITgDT8mHDWFwf5HmqQ,https://s3-media3.fl.yelpcdn.com/bphoto/uf8BzUaV4VTSxV0D7J8RKw/o.jpg,False,"{'address1': '101 W Milwaukee St', 'address2': '', 'address3': '', 'city': 'Theresa', 'zip_code': '53091', 'country': 'US', 'state': 'WI', 'display_address': ['101 W Milwaukee St', 'Theresa, WI 53091']}",Confections For Any Occasion,+19204889269,$,4.5,9,[],https://www.yelp.com/biz/confections-for-any-occasion-theresa?adjust_creative=GVWAITeAe13hPk5JlriDSg&utm_campaign=yelp_api_v3&utm_medium=api_v3_business_search&utm_source=GVWAITeAe13hPk5JlriDSg
m-j-stevens-pub-n-restaurant-hartford,"[{'alias': 'tradamerican', 'title': 'American (Traditional)'}, {'alias': 'bars', 'title': 'Bars'}]","{'latitude': 43.38219, 'longitude': -88.30811}",(262) 644-6037,16398.72291311551,AvV1d_RYshEAW3FdPzN7IQ,https://s3-media1.fl.yelpcdn.com/bphoto/D3JOSGd79lQsCDxoJs5Rlw/o.jpg,False,"{'address1': '5260 Aurora Rd', 'address2': '', 'address3': '', 'city': 'Hartford', 'zip_code': '53027', 'country': 'US', 'state': 'WI', 'display_address': ['5260 Aurora Rd', 'Hartford, WI 53027']}",M J Stevens Pub-N-Restaurant,+12626446037,$$,4.0,62,[],https://www.yelp.com/biz/m-j-stevens-pub-n-restaurant-hartford?adjust_creative=GVWAITeAe13hPk5JlriDSg&utm_campaign=yelp_api_v3&utm_medium=api_v3_business_search&utm_source=GVWAITeAe13hPk5JlriDSg
the-open-door-coffeehouse-mayville,"[{'alias': 'coffee', 'title': 'Coffee & Tea'}, {'alias': 'internetcafe', 'title': 'Internet Cafes'}]","{'latitude': 43.4942894, 'longitude': -88.544548}",(920) 644-2130,8258.678888972274,yNlvu7NZs-ONV3kvB2Jz1A,https://s3-media1.fl.yelpcdn.com/bphoto/p64grm4g5H4VTqO9oyyc-w/o.jpg,False,"{'address1': '119 S Main St', 'address2': None, 'address3': '', 'city': 'Mayville', 'zip_code': '53050', 'country': 'US', 'state': 'WI', 'display_address': ['119 S Main St', 'Mayville, WI 53050']}",The Open Door Coffeehouse,+19206442130,$$,4.5,12,[],https://www.yelp.com/biz/the-open-door-coffeehouse-mayville?adjust_creative=GVWAITeAe13hPk5JlriDSg&utm_campaign=yelp_api_v3&utm_medium=api_v3_business_search&utm_source=GVWAITeAe13hPk5JlriDSg
nola-north-grille-mayville,"[{'alias': 'tradamerican', 'title': 'American (Traditional)'}, {'alias': 'cajun', 'title': 'Cajun/Creole'}, {'alias': 'bars', 'title': 'Bars'}]","{'latitude': 43.496558, 'longitude': -88.544893}",(920) 387-5858,8307.944213845838,NLSJECy72Ovou_wrKQXBYA,https://s3-media3.fl.yelpcdn.com/bphoto/84I_7j8R28EkA1-K02wHLw/o.jpg,False,"{'address1': '45 N Main St', 'address2': '', 'address3': '', 'city': 'Mayville', 'zip_code': '53050', 'country': 'US', 'state': 'WI', 'display_address': ['45 N Main St', 'Mayville, WI 53050']}",NOLA North Grille,+19203875858,$$,4.0,35,['restaurant_reservation'],https://www.yelp.com/biz/nola-north-grille-mayville?adjust_creative=GVWAITeAe13hPk5JlriDSg&utm_campaign=yelp_api_v3&utm_medium=api_v3_business_search&utm_source=GVWAITeAe13hPk5JlriDSg
almas-cafe-allenton,"[{'alias': 'breakfast_brunch', 'title': 'Breakfast & Brunch'}, {'alias': 'tradamerican', 'title': 'American (Traditional)'}]","{'latitude': 43.423369, 'longitude': -88.340117}",(262) 629-4455,11312.727474572244,2Et7RvabDu8qAEDVgumw6A,https://s3-media2.fl.yelpcdn.com/bphoto/T86AGYtf45YXxDLx6asjYA/o.jpg,False,"{'address1': '751 Church St', 'address2': None, 'address3': None, 'city': 'Allenton', 'zip_code': '53002', 'country': 'US', 'state': 'WI', 'display_address': ['751 Church St', 'Allenton, WI 53002']}",Alma's Cafe,+12626294455,$,4.5,25,[],https://www.yelp.com/biz/almas-cafe-allenton?adjust_creative=GVWAITeAe13hPk5JlriDSg&utm_campaign=yelp_api_v3&utm_medium=api_v3_business_search&utm_source=GVWAITeAe13hPk5JlriDSg
diner-67-lomira-2,"[{'alias': 'burgers', 'title': 'Burgers'}, {'alias': 'breakfast_brunch', 'title': 'Breakfast & Brunch'}]","{'latitude': 43.5868759155273, 'longitude': -88.4465408325195}",(920) 269-7229,10423.323949632133,4wu-i3rWGzxuBfTKQtLgZg,https://s3-media3.fl.yelpcdn.com/bphoto/eou2xg0m4a8k4uYSkJLuYQ/o.jpg,False,"{'address1': '1007 Church St', 'address2': '', 'address3': '', 'city': 'Lomira', 'zip_code': '53048', 'country': 'US', 'state': 'WI', 'display_address': ['1007 Church St', 'Lomira, WI 53048']}",Diner 67,+19202697229,$,4.0,33,[],https://www.yelp.com/biz/diner-67-lomira-2?adjust_creative=GVWAITeAe13hPk5JlriDSg&utm_campaign=yelp_api_v3&utm_medium=api_v3_business_search&utm_source=GVWAITeAe13hPk5JlriDSg
don-ramon-mayville,"[{'alias': 'mexican', 'title': 'Mexican'}]","{'latitude': 43.49495, 'longitude': -88.54453}",(920) 387-9903,8273.404835110774,dXB3WJShYclqhRbuzhgCcQ,https://s3-media4.fl.yelpcdn.com/bphoto/7ASMB-5liN7OxjlbYNFqnw/o.jpg,False,"{'address1': '39 S Main St', 'address2': None, 'address3': '', 'city': 'Mayville', 'zip_code': '53050', 'country': 'US', 'state': 'WI', 'display_address': ['39 S Main St', 'Mayville, WI 53050']}",Don Ramon,+19203879903,$,4.5,18,[],https://www.yelp.com/biz/don-ramon-mayville?adjust_creative=GVWAITeAe13hPk5JlriDSg&utm_campaign=yelp_api_v3&utm_medium=api_v3_business_search&utm_source=GVWAITeAe13hPk5JlriDSg
timmers-restaurant-west-bend,"[{'alias': 'venues', 'title': 'Venues & Event Spaces'}, {'alias': 'bars', 'title': 'Bars'}, {'alias': 'newamerican', 'title': 'American (New)'}]","{'latitude': 43.37708, 'longitude': -88.2546}",(262) 338-7710,19926.558698654444,5PqYEhXY9njKYXqcOVfdFA,https://s3-media2.fl.yelpcdn.com/bphoto/jGKs-n7lenbrZlIIpXtEOA/o.jpg,False,"{'address1': '5151 Timmer Bay Rd', 'address2': '', 'address3': '', 'city': 'West Bend', 'zip_code': '53095', 'country': 'US', 'state': 'WI', 'display_address': ['5151 Timmer Bay Rd', 'West Bend, WI 53095']}",Timmer's Restaurant,+12623387710,$$,4.0,52,[],https://www.yelp.com/biz/timmers-restaurant-west-bend?adjust_creative=GVWAITeAe13hPk5JlriDSg&utm_campaign=yelp_api_v3&utm_medium=api_v3_business_search&utm_source=GVWAITeAe13hPk5JlriDSg
rock-the-house-pub-and-grill-brownsville,"[{'alias': 'sportsbars', 'title': 'Sports Bars'}, {'alias': 'tradamerican', 'title': 'American (Traditional)'}]","{'latitude': 43.6165499, 'longitude': -88.4501499}",(920) 269-2233,13723.37657507585,c5PyRpJk-l6LLjkS-XphRA,https://s3-media4.fl.yelpcdn.com/bphoto/xM5HNNcsPaKyX09i1nLtAw/o.jpg,False,"{'address1': 'N11710 State Rd 175', 'address2': '', 'address3': '', 'city': 'Brownsville', 'zip_code': '53006', 'country': 'US', 'state': 'WI', 'display_address': ['N11710 State Rd 175', 'Brownsville, WI 53006']}",Rock the House Pub & Grill,+19202692233,$,4.5,21,[],https://www.yelp.com/biz/rock-the-house-pub-and-grill-brownsville?adjust_creative=GVWAITeAe13hPk5JlriDSg&utm_campaign=yelp_api_v3&utm_medium=api_v3_business_search&utm_source=GVWAITeAe13hPk5JlriDSg
jugs-hitching-post-saloon-and-grill-west-bend-5,"[{'alias': 'venues', 'title': 'Venues & Event Spaces'}, {'alias': 'pubs', 'title': 'Pubs'}, {'alias': 'tradamerican', 'title': 'American (Traditional)'}]","{'latitude': 43.472207, 'longitude': -88.325933}",(262) 629-5859,9651.992078917514,RqJKnwYwKKkqQlwejvqhaw,https://s3-media3.fl.yelpcdn.com/bphoto/O8UYEWfV1ZqxCPBu-R0pfw/o.jpg,False,"{'address1': '5781 N Main St', 'address2': '', 'address3': '', 'city': 'West Bend', 'zip_code': '53090', 'country': 'US', 'state': 'WI', 'display_address': ['5781 N Main St', 'West Bend, WI 53090']}",Jug's Hitching Post Saloon & Grill,+12626295859,$$,3.5,29,[],https://www.yelp.com/biz/jugs-hitching-post-saloon-and-grill-west-bend-5?adjust_creative=GVWAITeAe13hPk5JlriDSg&utm_campaign=yelp_api_v3&utm_medium=api_v3_business_search&utm_source=GVWAITeAe13hPk5JlriDSg
little-red-inn-hartford,"[{'alias': 'tradamerican', 'title': 'American (Traditional)'}, {'alias': 'bars', 'title': 'Bars'}]","{'latitude': 43.36999, 'longitude': -88.333198}",(262) 644-8181,16278.639999363493,7U7-1rrh6TWCldgrd_blGQ,https://s3-media2.fl.yelpcdn.com/bphoto/UpmYVFoCFBAb42bKzOYLsg/o.jpg,False,"{'address1': '4900 State Rd 175', 'address2': '', 'address3': '', 'city': 'Hartford', 'zip_code': '53027', 'country': 'US', 'state': 'WI', 'display_address': ['4900 State Rd 175', 'Hartford, WI 53027']}",Little Red Inn,+12626448181,$$,4.0,33,[],https://www.yelp.com/biz/little-red-inn-hartford?adjust_creative=GVWAITeAe13hPk5JlriDSg&utm_campaign=yelp_api_v3&utm_medium=api_v3_business_search&utm_source=GVWAITeAe13hPk5JlriDSg
back-street-cafe-mayville,"[{'alias': 'tradamerican', 'title': 'American (Traditional)'}]","{'latitude': 43.49595, 'longitude': -88.54592}",(920) 387-7164,8382.144047233829,OFzyqnyCumkIzVtq2bRGtg,https://s3-media4.fl.yelpcdn.com/bphoto/Yu9Sj9CNvzW186VyDD80nQ/o.jpg,False,"{'address1': '11 N School St', 'address2': '', 'address3': '', 'city': 'Mayville', 'zip_code': '53050', 'country': 'US', 'state': 'WI', 'display_address': ['11 N School St', 'Mayville, WI 53050']}",Back Street Cafe,+19203877164,$,4.0,12,[],https://www.yelp.com/biz/back-street-cafe-mayville?adjust_creative=GVWAITeAe13hPk5JlriDSg&utm_campaign=yelp_api_v3&utm_medium=api_v3_business_search&utm_source=GVWAITeAe13hPk5JlriDSg
crave-campbellsport,"[{'alias': 'gastropubs', 'title': 'Gastropubs'}]","{'latitude': 43.5982399, 'longitude': -88.28408}",(920) 533-3663,17274.714190719795,gwQftzjRv8XrPte3OxoBpw,https://s3-media3.fl.yelpcdn.com/bphoto/oFBKvA6bDDkp0M6kTBsg0g/o.jpg,False,"{'address1': '128 E Main St', 'address2': None, 'address3': '', 'city': 'Campbellsport', 'zip_code': '53010', 'country': 'US', 'state': 'WI', 'display_address': ['128 E Main St', 'Campbellsport, WI 53010']}",Crave,+19205333663,$$,4.5,16,[],https://www.yelp.com/biz/crave-campbellsport?adjust_creative=GVWAITeAe13hPk5JlriDSg&utm_campaign=yelp_api_v3&utm_medium=api_v3_business_search&utm_source=GVWAITeAe13hPk5JlriDSg
bublitzs-restaurant-and-alehouse-lomira,"[{'alias': 'tradamerican', 'title': 'American (Traditional)'}, {'alias': 'salad', 'title': 'Salad'}, {'alias': 'pizza', 'title': 'Pizza'}]","{'latitude': 43.58834, 'longitude': -88.43244}",(920) 269-4010,10648.8600148849,bIBVJsSnl1ESOZkksiY14w,https://s3-media3.fl.yelpcdn.com/bphoto/F9gbZsaEIw5LkQFUiTtGnw/o.jpg,False,"{'address1': '580 East Ave', 'address2': '', 'address3': '', 'city': 'Lomira', 'zip_code': '53048', 'country': 'US', 'state': 'WI', 'display_address': ['580 East Ave', 'Lomira, WI 53048']}",Bublitz's Restaurant & Alehouse,+19202694010,$$,3.0,49,[],https://www.yelp.com/biz/bublitzs-restaurant-and-alehouse-lomira?adjust_creative=GVWAITeAe13hPk5JlriDSg&utm_campaign=yelp_api_v3&utm_medium=api_v3_business_search&utm_source=GVWAITeAe13hPk5JlriDSg
mauthe-lake-recreation-area-campbellsport-3,"[{'alias': 'lakes', 'title': 'Lakes'}]","{'latitude': 43.59812, 'longitude': -88.28466}",,17542.46706335829,YQBh0KvaCkRiBskbNhgQfw,https://s3-media4.fl.yelpcdn.com/bphoto/mJiR6z5nJCoxQwEEAXDt2Q/o.jpg,False,"{'address1': '', 'address2': '', 'address3': '', 'city': 'Campbellsport', 'zip_code': '53040', 'country': 'US', 'state': 'WI', 'display_address': ['Campbellsport, WI 53040']}",Mauthe Lake Recreation Area,,,4.5,9,[],https://www.yelp.com/biz/mauthe-lake-recreation-area-campbellsport-3?adjust_creative=GVWAITeAe13hPk5JlriDSg&utm_campaign=yelp_api_v3&utm_medium=api_v3_business_search&utm_source=GVWAITeAe13hPk5JlriDSg
lees-chinese-restaurant-mayville,"[{'alias': 'chinese', 'title': 'Chinese'}]","{'latitude': 43.4946899, 'longitude': -88.5444717}",(920) 387-0288,8263.945149459974,234KJvTJ6Qy--UiDJgif0A,,False,"{'address1': '101 S Main St', 'address2': '', 'address3': '', 'city': 'Mayville', 'zip_code': '53050', 'country': 'US', 'state': 'WI', 'display_address': ['101 S Main St', 'Mayville, WI 53050']}",Lee's Chinese Restaurant,+19203870288,,4.5,4,[],https://www.yelp.com/biz/lees-chinese-restaurant-mayville?adjust_creative=GVWAITeAe13hPk5JlriDSg&utm_campaign=yelp_api_v3&utm_medium=api_v3_business_search&utm_source=GVWAITeAe13hPk5JlriDSg
the-pub-mayville,"[{'alias': 'pubs', 'title': 'Pubs'}]","{'latitude': 43.49732, 'longitude': -88.54815}",(920) 387-9951,8576.25460915686,jUghQKd_rHHU90Bwe7TfkQ,https://s3-media2.fl.yelpcdn.com/bphoto/J4gRA6zHlVmwX2l2sHGiaA/o.jpg,False,"{'address1': '333 Dayton St', 'address2': '', 'address3': '', 'city': 'Mayville', 'zip_code': '53050', 'country': 'US', 'state': 'WI', 'display_address': ['333 Dayton St', 'Mayville, WI 53050']}",The Pub,+19203879951,,4.5,6,[],https://www.yelp.com/biz/the-pub-mayville?adjust_creative=GVWAITeAe13hPk5JlriDSg&utm_campaign=yelp_api_v3&utm_medium=api_v3_business_search&utm_source=GVWAITeAe13hPk5JlriDSg
the-stand-iron-ridge-2,"[{'alias': 'pizza', 'title': 'Pizza'}, {'alias': 'sandwiches', 'title': 'Sandwiches'}]","{'latitude': 43.39888, 'longitude': -88.53215}",(920) 387-9999,12766.694368352388,e1EUmze-0sc5tMuH5LWzuw,https://s3-media3.fl.yelpcdn.com/bphoto/oM8yCNz7gFtTc3Gt4-e-Hw/o.jpg,False,"{'address1': '119 S Main St', 'address2': '', 'address3': None, 'city': 'Iron Ridge', 'zip_code': '53035', 'country': 'US', 'state': 'WI', 'display_address': ['119 S Main St', 'Iron Ridge, WI 53035']}",The Stand,+19203879999,,5.0,4,[],https://www.yelp.com/biz/the-stand-iron-ridge-2?adjust_creative=GVWAITeAe13hPk5JlriDSg&utm_campaign=yelp_api_v3&utm_medium=api_v3_business_search&utm_source=GVWAITeAe13hPk5JlriDSg
noras-restaurant-horicon,"[{'alias': 'diners', 'title': 'Diners'}]","{'latitude': 43.4513397216797, 'longitude': -88.6301879882812}",(920) 485-4493,15890.742277788311,O2nz0OvPKrIRrEgjRsQbOg,https://s3-media4.fl.yelpcdn.com/bphoto/h-aKnBkWWizTQScLo6To7A/o.jpg,False,"{'address1': '417 East Lake St', 'address2': '', 'address3': None, 'city': 'Horicon', 'zip_code': '53032', 'country': 'US', 'state': 'WI', 'display_address': ['417 East Lake St', 'Horicon, WI 53032']}",Nora's Restaurant,+19204854493,$$,4.0,9,[],https://www.yelp.com/biz/noras-restaurant-horicon?adjust_creative=GVWAITeAe13hPk5JlriDSg&utm_campaign=yelp_api_v3&utm_medium=api_v3_business_search&utm_source=GVWAITeAe13hPk5JlriDSg
gingers-hideaway-horicon,"[{'alias': 'tradamerican', 'title': 'American (Traditional)'}]","{'latitude': 43.4517784, 'longitude': -88.6322327}",(920) 485-4856,16031.105059109803,PLeljVpCrmhr6MPpOTxqKA,https://s3-media1.fl.yelpcdn.com/bphoto/U9x05ClaaaIiVui1LWVL4A/o.jpg,False,"{'address1': '302 E Lake St', 'address2': '', 'address3': '', 'city': 'Horicon', 'zip_code': '53032', 'country': 'US', 'state': 'WI', 'display_address': ['302 E Lake St', 'Horicon, WI 53032']}",Ginger's Hideaway,+19204854856,$$,3.5,12,[],https://www.yelp.com/biz/gingers-hideaway-horicon?adjust_creative=GVWAITeAe13hPk5JlriDSg&utm_campaign=yelp_api_v3&utm_medium=api_v3_business_search&utm_source=GVWAITeAe13hPk5JlriDSg
sandpiper-inn-campbellsport,"[{'alias': 'tradamerican', 'title': 'American (Traditional)'}]","{'latitude': 43.5669594, 'longitude': -88.3051224}",(920) 533-4471,13734.69955616949,yzND-9-jxGdJarJz5rv4Nw,https://s3-media2.fl.yelpcdn.com/bphoto/vu2GSRHQUU0o50-U4pwWlw/o.jpg,False,"{'address1': 'W2992 Elmore Dr', 'address2': '', 'address3': '', 'city': 'Campbellsport', 'zip_code': '53010', 'country': 'US', 'state': 'WI', 'display_address': ['W2992 Elmore Dr', 'Campbellsport, WI 53010']}",Sandpiper Inn,+19205334471,$$,4.5,4,[],https://www.yelp.com/biz/sandpiper-inn-campbellsport?adjust_creative=GVWAITeAe13hPk5JlriDSg&utm_campaign=yelp_api_v3&utm_medium=api_v3_business_search&utm_source=GVWAITeAe13hPk5JlriDSg
iron-ridge-inn-restaurant-iron-ridge,"[{'alias': 'seafood', 'title': 'Seafood'}, {'alias': 'steak', 'title': 'Steakhouses'}, {'alias': 'buffets', 'title': 'Buffets'}]","{'latitude': 43.39798, 'longitude': -88.5319}",(920) 387-3348,12840.117822954173,8mSQrEm2_kg6-TvKAOzmdw,https://s3-media1.fl.yelpcdn.com/bphoto/3apWsEXmyNTO6gDXccUWDw/o.jpg,False,"{'address1': '131 S Main St', 'address2': '', 'address3': '', 'city': 'Iron Ridge', 'zip_code': '53035', 'country': 'US', 'state': 'WI', 'display_address': ['131 S Main St', 'Iron Ridge, WI 53035']}",Iron Ridge Inn Restaurant,+19203873348,$$,3.5,11,[],https://www.yelp.com/biz/iron-ridge-inn-restaurant-iron-ridge?adjust_creative=GVWAITeAe13hPk5JlriDSg&utm_campaign=yelp_api_v3&utm_medium=api_v3_business_search&utm_source=GVWAITeAe13hPk5JlriDSg
noeys-pub-and-grill-hartford,"[{'alias': 'restaurants', 'title': 'Restaurants'}]","{'latitude': 43.3706665039062, 'longitude': -88.3332138061523}",(262) 644-8707,16197.497609138461,Bmh-ByoOboFt8ekGiRLAYA,https://s3-media1.fl.yelpcdn.com/bphoto/MXQa9Nr3aIP0hgumjvxwSw/o.jpg,False,"{'address1': '4920 State Road 175', 'address2': None, 'address3': None, 'city': 'Hartford', 'zip_code': '53027', 'country': 'US', 'state': 'WI', 'display_address': ['4920 State Road 175', 'Hartford, WI 53027']}",Noey's Pub & Grill,+12626448707,,5.0,4,[],https://www.yelp.com/biz/noeys-pub-and-grill-hartford?adjust_creative=GVWAITeAe13hPk5JlriDSg&utm_campaign=yelp_api_v3&utm_medium=api_v3_business_search&utm_source=GVWAITeAe13hPk5JlriDSg
budahns-mayville,"[{'alias': 'bars', 'title': 'Bars'}]","{'latitude': 43.4941635131836, 'longitude': -88.544548034668}",(920) 387-5560,8260.003527048453,G7XkmzO5DgA0VKSPKNSQtw,,False,"{'address1': '121 S Main St', 'address2': None, 'address3': None, 'city': 'Mayville', 'zip_code': '53050', 'country': 'US', 'state': 'WI', 'display_address': ['121 S Main St', 'Mayville, WI 53050']}",Budahns,+19203875560,,4.5,2,[],https://www.yelp.com/biz/budahns-mayville?adjust_creative=GVWAITeAe13hPk5JlriDSg&utm_campaign=yelp_api_v3&utm_medium=api_v3_business_search&utm_source=GVWAITeAe13hPk5JlriDSg
the-olde-cedar-inn-west-bend,"[{'alias': 'newamerican', 'title': 'American (New)'}, {'alias': 'bars', 'title': 'Bars'}]","{'latitude': 43.402646, 'longitude': -88.263553}",(262) 629-4400,17578.060059765616,FKPZfg1rZc-Kv5jImRh3_g,https://s3-media4.fl.yelpcdn.com/bphoto/A-prKho_JTa_PWTXlz3vBg/o.jpg,False,"{'address1': '5802 State Rd 144', 'address2': '', 'address3': '', 'city': 'West Bend', 'zip_code': '53095', 'country': 'US', 'state': 'WI', 'display_address': ['5802 State Rd 144', 'West Bend, WI 53095']}",The Olde Cedar Inn,+12626294400,$$,3.5,10,[],https://www.yelp.com/biz/the-olde-cedar-inn-west-bend?adjust_creative=GVWAITeAe13hPk5JlriDSg&utm_campaign=yelp_api_v3&utm_medium=api_v3_business_search&utm_source=GVWAITeAe13hPk5JlriDSg
aiden-o-reillys-pub-allenton,"[{'alias': 'pubs', 'title': 'Pubs'}]","{'latitude': 43.4214897155762, 'longitude': -88.3417282104492}",(262) 629-1849,11374.004864810056,CFKIcSHp7Gut3V1vJHOn0g,https://s3-media2.fl.yelpcdn.com/bphoto/NlPML_GFqVAW2jDW2f_a-A/o.jpg,False,"{'address1': '402 Main St', 'address2': None, 'address3': None, 'city': 'Allenton', 'zip_code': '53002', 'country': 'US', 'state': 'WI', 'display_address': ['402 Main St', 'Allenton, WI 53002']}",Aiden O'reilly's Pub,+12626291849,$$,3.5,7,[],https://www.yelp.com/biz/aiden-o-reillys-pub-allenton?adjust_creative=GVWAITeAe13hPk5JlriDSg&utm_campaign=yelp_api_v3&utm_medium=api_v3_business_search&utm_source=GVWAITeAe13hPk5JlriDSg
kekoskee-cooper-shop-mayville,"[{'alias': 'pubs', 'title': 'Pubs'}, {'alias': 'tradamerican', 'title': 'American (Traditional)'}]","{'latitude': 43.528706, 'longitude': -88.564369}",(920) 602-8660,10627.16572018114,iTMV1AD7lt4QUilg0WNDKw,https://s3-media3.fl.yelpcdn.com/bphoto/JHBTkTl5SBIk2FWcNJVpTQ/o.jpg,False,"{'address1': '30 Main St', 'address2': '', 'address3': None, 'city': 'Mayville', 'zip_code': '53050', 'country': 'US', 'state': 'WI', 'display_address': ['30 Main St', 'Mayville, WI 53050']}",Kekoskee Cooper Shop,+19206028660,,3.5,7,[],https://www.yelp.com/biz/kekoskee-cooper-shop-mayville?adjust_creative=GVWAITeAe13hPk5JlriDSg&utm_campaign=yelp_api_v3&utm_medium=api_v3_business_search&utm_source=GVWAITeAe13hPk5JlriDSg
lake-street-inn-hustisford,"[{'alias': 'newamerican', 'title': 'American (New)'}, {'alias': 'burgers', 'title': 'Burgers'}, {'alias': 'bars', 'title': 'Bars'}]","{'latitude': 43.3471333, 'longitude': -88.600919}",(920) 349-8936,20704.043122749754,hWLkZBq0pEql3KujjKWRrA,,False,"{'address1': '147 N Lake St', 'address2': None, 'address3': None, 'city': 'Hustisford', 'zip_code': '53034', 'country': 'US', 'state': 'WI', 'display_address': ['147 N Lake St', 'Hustisford, WI 53034']}",Lake Street Inn,+19203498936,,4.5,5,[],https://www.yelp.com/biz/lake-street-inn-hustisford?adjust_creative=GVWAITeAe13hPk5JlriDSg&utm_campaign=yelp_api_v3&utm_medium=api_v3_business_search&utm_source=GVWAITeAe13hPk5JlriDSg
ice-cream-station-horicon,"[{'alias': 'icecream', 'title': 'Ice Cream & Frozen Yogurt'}]","{'latitude': 43.45174, 'longitude': -88.62886}",(920) 485-2311,15782.308823815538,y--takD25kIAwzscl_2pdw,https://s3-media1.fl.yelpcdn.com/bphoto/c2JdyFKfJkkibvpFagIsRw/o.jpg,False,"{'address1': '518 E Lake St', 'address2': '', 'address3': '', 'city': 'Horicon', 'zip_code': '53032', 'country': 'US', 'state': 'WI', 'display_address': ['518 E Lake St', 'Horicon, WI 53032']}",Ice Cream Station,+19204852311,$,4.0,6,[],https://www.yelp.com/biz/ice-cream-station-horicon?adjust_creative=GVWAITeAe13hPk5JlriDSg&utm_campaign=yelp_api_v3&utm_medium=api_v3_business_search&utm_source=GVWAITeAe13hPk5JlriDSg
jamaican-oasis-horicon,"[{'alias': 'restaurants', 'title': 'Restaurants'}]","{'latitude': 43.44363, 'longitude': -88.596365}",(920) 382-7635,13623.671062195775,_MrBwK4iK1CCFejNn7CO2g,,False,"{'address1': 'W3997 State Rd 33', 'address2': '', 'address3': '', 'city': 'Horicon', 'zip_code': '53032', 'country': 'US', 'state': 'WI', 'display_address': ['W3997 State Rd 33', 'Horicon, WI 53032']}",Jamaican Oasis,+19203827635,,4.5,3,[],https://www.yelp.com/biz/jamaican-oasis-horicon?adjust_creative=GVWAITeAe13hPk5JlriDSg&utm_campaign=yelp_api_v3&utm_medium=api_v3_business_search&utm_source=GVWAITeAe13hPk5JlriDSg
the-marsh-inn-mayville,"[{'alias': 'bars', 'title': 'Bars'}, {'alias': 'burgers', 'title': 'Burgers'}, {'alias': 'pizza', 'title': 'Pizza'}]","{'latitude': 43.5302478926264, 'longitude': -88.5614249656067}",(920) 387-2555,10473.147364927076,piPTDhGI4KmEr-EVyUijfQ,https://s3-media3.fl.yelpcdn.com/bphoto/Cct_UXBeQFqGFoeG3ILosA/o.jpg,False,"{'address1': '23 County Rd', 'address2': '', 'address3': '', 'city': 'Mayville', 'zip_code': '53050', 'country': 'US', 'state': 'WI', 'display_address': ['23 County Rd', 'Mayville, WI 53050']}",The Marsh Inn,+19203872555,$,4.5,3,[],https://www.yelp.com/biz/the-marsh-inn-mayville?adjust_creative=GVWAITeAe13hPk5JlriDSg&utm_campaign=yelp_api_v3&utm_medium=api_v3_business_search&utm_source=GVWAITeAe13hPk5JlriDSg
521-pub-and-grub-brownsville,"[{'alias': 'burgers', 'title': 'Burgers'}, {'alias': 'sandwiches', 'title': 'Sandwiches'}, {'alias': 'bbq', 'title': 'Barbeque'}]","{'latitude': 43.61609, 'longitude': -88.48927}",(920) 583-2000,14189.142598152861,8OBmq42QfPQw1UWoa9N7Rw,https://s3-media4.fl.yelpcdn.com/bphoto/9NLijBI0Vw7MXtRpllEi_Q/o.jpg,False,"{'address1': '521 W Main St', 'address2': None, 'address3': None, 'city': 'Brownsville', 'zip_code': '53006', 'country': 'US', 'state': 'WI', 'display_address': ['521 W Main St', 'Brownsville, WI 53006']}",521 Pub and Grub,+19205832000,,5.0,2,[],https://www.yelp.com/biz/521-pub-and-grub-brownsville?adjust_creative=GVWAITeAe13hPk5JlriDSg&utm_campaign=yelp_api_v3&utm_medium=api_v3_business_search&utm_source=GVWAITeAe13hPk5JlriDSg
fussy-feebies-campbellsport,"[{'alias': 'tradamerican', 'title': 'American (Traditional)'}]","{'latitude': 43.5977630615234, 'longitude': -88.2830505371094}",(920) 533-3640,17302.69005572511,6RMSZfPKd3omVp0WEuawpw,,False,"{'address1': '153 E Main St', 'address2': None, 'address3': None, 'city': 'Campbellsport', 'zip_code': '53010', 'country': 'US', 'state': 'WI', 'display_address': ['153 E Main St', 'Campbellsport, WI 53010']}",Fussy Feebies,+19205333640,,4.5,3,[],https://www.yelp.com/biz/fussy-feebies-campbellsport?adjust_creative=GVWAITeAe13hPk5JlriDSg&utm_campaign=yelp_api_v3&utm_medium=api_v3_business_search&utm_source=GVWAITeAe13hPk5JlriDSg
sinissippi-lake-pub-hustisford,"[{'alias': 'pubs', 'title': 'Pubs'}]","{'latitude': 43.3586576166731, 'longitude': -88.5964273755279}",(920) 349-9333,19479.567315595417,Vxn0Gw1lMc9L8OGgXGsB1g,https://s3-media4.fl.yelpcdn.com/bphoto/qJzlWpZ7lrhWz3qhbNs9-w/o.jpg,False,"{'address1': 'N4571 County Rd E', 'address2': '', 'address3': None, 'city': 'Hustisford', 'zip_code': '53034', 'country': 'US', 'state': 'WI', 'display_address': ['N4571 County Rd E', 'Hustisford, WI 53034']}",Sinissippi Lake Pub,+19203499333,,3.5,7,[],https://www.yelp.com/biz/sinissippi-lake-pub-hustisford?adjust_creative=GVWAITeAe13hPk5JlriDSg&utm_campaign=yelp_api_v3&utm_medium=api_v3_business_search&utm_source=GVWAITeAe13hPk5JlriDSg
the-golf-club-at-camelot-lomira,"[{'alias': 'golf', 'title': 'Golf'}, {'alias': 'venues', 'title': 'Venues & Event Spaces'}]","{'latitude': 43.59049, 'longitude': -88.40624}",(920) 269-4949,11182.013693191135,ns_dfHKplf_LiJY4n9Xi3w,https://s3-media1.fl.yelpcdn.com/bphoto/Xmw4g1SY3LBRGAbxSlAZhw/o.jpg,False,"{'address1': 'W192 State Rd 67', 'address2': '', 'address3': '', 'city': 'Lomira', 'zip_code': '53048', 'country': 'US', 'state': 'WI', 'display_address': ['W192 State Rd 67', 'Lomira, WI 53048']}",The Golf Club at Camelot,+19202694949,,4.5,2,[],https://www.yelp.com/biz/the-golf-club-at-camelot-lomira?adjust_creative=GVWAITeAe13hPk5JlriDSg&utm_campaign=yelp_api_v3&utm_medium=api_v3_business_search&utm_source=GVWAITeAe13hPk5JlriDSg
new-china-restaurant-mayville,"[{'alias': 'chinese', 'title': 'Chinese'}]","{'latitude': 43.4946899, 'longitude': -88.5444717}",(920) 387-0288,8263.945149459974,hpcEu74gT0SRniSo9VO2Fw,https://s3-media1.fl.yelpcdn.com/bphoto/pGka_6mf98OIykiZadQyPw/o.jpg,False,"{'address1': '101 S Main St', 'address2': '', 'address3': '', 'city': 'Mayville', 'zip_code': '53050', 'country': 'US', 'state': 'WI', 'display_address': ['101 S Main St', 'Mayville, WI 53050']}",New China Restaurant,+19203870288,,3.0,5,[],https://www.yelp.com/biz/new-china-restaurant-mayville?adjust_creative=GVWAITeAe13hPk5JlriDSg&utm_campaign=yelp_api_v3&utm_medium=api_v3_business_search&utm_source=GVWAITeAe13hPk5JlriDSg
days-gone-by-hustisford,"[{'alias': 'gaybars', 'title': 'Gay Bars'}]","{'latitude': 43.3459854125977, 'longitude': -88.6010055541992}",,20808.735808231922,yClY5v9P56kpaOKmvfK9dg,https://s3-media2.fl.yelpcdn.com/bphoto/bPGjL5NNg_tly99ju-EfnA/o.jpg,False,"{'address1': '101 S Lake St', 'address2': '', 'address3': '', 'city': 'Hustisford', 'zip_code': '53034', 'country': 'US', 'state': 'WI', 'display_address': ['101 S Lake St', 'Hustisford, WI 53034']}",Days Gone By,,$,4.0,4,[],https://www.yelp.com/biz/days-gone-by-hustisford?adjust_creative=GVWAITeAe13hPk5JlriDSg&utm_campaign=yelp_api_v3&utm_medium=api_v3_business_search&utm_source=GVWAITeAe13hPk5JlriDSg
subway-horicon,"[{'alias': 'sandwiches', 'title': 'Sandwiches'}, {'alias': 'hotdogs', 'title': 'Fast Food'}]","{'latitude': 43.4477767944336, 'longitude': -88.6361999511719}",(920) 485-6767,16471.901988078334,yPTFAYsq5YpL0RpzX7roIg,https://s3-media3.fl.yelpcdn.com/bphoto/x34crS3FxnLLDRlvXgq0Ng/o.jpg,False,"{'address1': '309 Barstow St', 'address2': '', 'address3': '', 'city': 'Horicon', 'zip_code': '53032', 'country': 'US', 'state': 'WI', 'display_address': ['309 Barstow St', 'Horicon, WI 53032']}",Subway,+19204856767,$$,4.0,5,[],https://www.yelp.com/biz/subway-horicon?adjust_creative=GVWAITeAe13hPk5JlriDSg&utm_campaign=yelp_api_v3&utm_medium=api_v3_business_search&utm_source=GVWAITeAe13hPk5JlriDSg
quitting-time-pub-and-grill-lomira,"[{'alias': 'pubs', 'title': 'Pubs'}, {'alias': 'tradamerican', 'title': 'American (Traditional)'}]","{'latitude': 43.5914948807113, 'longitude': -88.4417612850666}",(920) 269-8138,10926.036694098211,kTS53Q6Bu5qLt_8EKE1ckA,https://s3-media2.fl.yelpcdn.com/bphoto/Whj6oKZ2SPqjK1FwB82QiA/o.jpg,False,"{'address1': '701 Main St', 'address2': '', 'address3': None, 'city': 'Lomira', 'zip_code': '53048', 'country': 'US', 'state': 'WI', 'display_address': ['701 Main St', 'Lomira, WI 53048']}",Quitting Time Pub & Grill,+19202698138,$$,5.0,1,[],https://www.yelp.com/biz/quitting-time-pub-and-grill-lomira?adjust_creative=GVWAITeAe13hPk5JlriDSg&utm_campaign=yelp_api_v3&utm_medium=api_v3_business_search&utm_source=GVWAITeAe13hPk5JlriDSg
muellers-linden-inn-hartford,"[{'alias': 'tradamerican', 'title': 'American (Traditional)'}]","{'latitude': 43.3696325475941, 'longitude': -88.2781043789135}",(262) 297-1660,19080.072075975302,u5x7tV6ADGcq2qQU-QeIcw,https://s3-media2.fl.yelpcdn.com/bphoto/zApLSrVVsPC30TxwbbE-vQ/o.jpg,False,"{'address1': '4919 State Hwy 144', 'address2': '', 'address3': None, 'city': 'Hartford', 'zip_code': '53027', 'country': 'US', 'state': 'WI', 'display_address': ['4919 State Hwy 144', 'Hartford, WI 53027']}",Mueller's Linden Inn,+12622971660,,3.5,5,[],https://www.yelp.com/biz/muellers-linden-inn-hartford?adjust_creative=GVWAITeAe13hPk5JlriDSg&utm_campaign=yelp_api_v3&utm_medium=api_v3_business_search&utm_source=GVWAITeAe13hPk5JlriDSg
bridge-street-eatery-mayville,"[{'alias': 'sandwiches', 'title': 'Sandwiches'}, {'alias': 'icecream', 'title': 'Ice Cream & Frozen Yogurt'}, {'alias': 'hotdog', 'title': 'Hot Dogs'}]","{'latitude': 43.49589, 'longitude': -88.54448}",(920) 644-2254,8271.912786597648,fwAzwreCAIBFz7sdY1cUCQ,,False,"{'address1': '1 N Main St', 'address2': '', 'address3': None, 'city': 'Mayville', 'zip_code': '53050', 'country': 'US', 'state': 'WI', 'display_address': ['1 N Main St', 'Mayville, WI 53050']}",Bridge Street Eatery,+19206442254,,4.0,1,[],https://www.yelp.com/biz/bridge-street-eatery-mayville?adjust_creative=GVWAITeAe13hPk5JlriDSg&utm_campaign=yelp_api_v3&utm_medium=api_v3_business_search&utm_source=GVWAITeAe13hPk5JlriDSg
snapper-vicks-woodland,"[{'alias': 'mexican', 'title': 'Mexican'}]","{'latitude': 43.374248, 'longitude': -88.52037}",(920) 625-3441,14666.216116711867,7T-Fz1n-0K6rvDCPG5gmhA,,False,"{'address1': 'N5007 County Road Ws', 'address2': '', 'address3': '', 'city': 'Woodland', 'zip_code': '53099', 'country': 'US', 'state': 'WI', 'display_address': ['N5007 County Road Ws', 'Woodland, WI 53099']}",Snapper Vick's,+19206253441,$$,2.5,8,[],https://www.yelp.com/biz/snapper-vicks-woodland?adjust_creative=GVWAITeAe13hPk5JlriDSg&utm_campaign=yelp_api_v3&utm_medium=api_v3_business_search&utm_source=GVWAITeAe13hPk5JlriDSg
city-of-mayville-mayville,"[{'alias': 'localflavor', 'title': 'Local Flavor'}]","{'latitude': 43.49632, 'longitude': -88.54438}",,8294.936049826729,pKRtl8ojlQNHDVhe06DjDw,,False,"{'address1': '', 'address2': '', 'address3': '', 'city': 'Mayville', 'zip_code': '53050', 'country': 'US', 'state': 'WI', 'display_address': ['Mayville, WI 53050']}",City of Mayville,,,4.0,1,[],https://www.yelp.com/biz/city-of-mayville-mayville?adjust_creative=GVWAITeAe13hPk5JlriDSg&utm_campaign=yelp_api_v3&utm_medium=api_v3_business_search&utm_source=GVWAITeAe13hPk5JlriDSg
horicon-ledge-park-horicon,"[{'alias': 'parks', 'title': 'Parks'}]","{'latitude': 43.466281, 'longitude': -88.584442}",(920) 387-5450,11877.239645945867,_cK4HbiDBZ7emfGwCt8Flw,https://s3-media4.fl.yelpcdn.com/bphoto/IwdtW2znbprp74udjyvMTQ/o.jpg,False,"{'address1': 'N7403 Park Rd', 'address2': '', 'address3': '', 'city': 'Horicon', 'zip_code': '53032', 'country': 'US', 'state': 'WI', 'display_address': ['N7403 Park Rd', 'Horicon, WI 53032']}",Horicon Ledge Park,+19203875450,,5.0,1,[],https://www.yelp.com/biz/horicon-ledge-park-horicon?adjust_creative=GVWAITeAe13hPk5JlriDSg&utm_campaign=yelp_api_v3&utm_medium=api_v3_business_search&utm_source=GVWAITeAe13hPk5JlriDSg
tys-place-campbellsport,"[{'alias': 'coffee', 'title': 'Coffee & Tea'}, {'alias': 'breakfast_brunch', 'title': 'Breakfast & Brunch'}]","{'latitude': 43.598109, 'longitude': -88.286219}",(920) 533-6077,17135.69158270826,wGhntVoFhcNOpeQhRFYlgw,https://s3-media2.fl.yelpcdn.com/bphoto/S47qBpzm55yGxv70c3CrxA/o.jpg,False,"{'address1': '118 W Main St', 'address2': '', 'address3': '', 'city': 'Campbellsport', 'zip_code': '53010', 'country': 'US', 'state': 'WI', 'display_address': ['118 W Main St', 'Campbellsport, WI 53010']}",Ty's Place,+19205336077,$,4.0,3,[],https://www.yelp.com/biz/tys-place-campbellsport?adjust_creative=GVWAITeAe13hPk5JlriDSg&utm_campaign=yelp_api_v3&utm_medium=api_v3_business_search&utm_source=GVWAITeAe13hPk5JlriDSg
the-wisco-an-old-fashioned-supper-club-mayville,"[{'alias': 'tradamerican', 'title': 'American (Traditional)'}]","{'latitude': 43.57343, 'longitude': -88.56084}",(920) 583-4351,13089.26606080778,uCfjD5q4dVdtJmJo-yB4FQ,https://s3-media3.fl.yelpcdn.com/bphoto/NxAUav7xhyVgusB2aoTA4Q/o.jpg,False,"{'address1': 'W3295 County Rd Y', 'address2': None, 'address3': '', 'city': 'Mayville', 'zip_code': '53050', 'country': 'US', 'state': 'WI', 'display_address': ['W3295 County Rd Y', 'Mayville, WI 53050']}",The Wisco An Old Fashioned Supper Club,+19205834351,,3.0,3,[],https://www.yelp.com/biz/the-wisco-an-old-fashioned-supper-club-mayville?adjust_creative=GVWAITeAe13hPk5JlriDSg&utm_campaign=yelp_api_v3&utm_medium=api_v3_business_search&utm_source=GVWAITeAe13hPk5JlriDSg
mcdonalds-mayville,"[{'alias': 'hotdogs', 'title': 'Fast Food'}, {'alias': 'burgers', 'title': 'Burgers'}, {'alias': 'coffee', 'title': 'Coffee & Tea'}]","{'latitude': 43.4935494163388, 'longitude': -88.5596703691476}",(920) 387-3023,9492.03429301824,4ZuFQYT2OUw37klXHXxQ7w,https://s3-media1.fl.yelpcdn.com/bphoto/rGsLPi6QEhngFxONPI7xxQ/o.jpg,False,"{'address1': '1157 Horicon St', 'address2': '', 'address3': '', 'city': 'Mayville', 'zip_code': '53050', 'country': 'US', 'state': 'WI', 'display_address': ['1157 Horicon St', 'Mayville, WI 53050']}",McDonald's,+19203873023,,3.5,2,[],https://www.yelp.com/biz/mcdonalds-mayville?adjust_creative=GVWAITeAe13hPk5JlriDSg&utm_campaign=yelp_api_v3&utm_medium=api_v3_business_search&utm_source=GVWAITeAe13hPk5JlriDSg
harleys-steak-house-slinger,"[{'alias': 'steak', 'title': 'Steakhouses'}]","{'latitude': 43.35362, 'longitude': -88.26198}",(262) 565-3985,21276.61661470565,n60VxcmtnT61xraFTK5Rrg,https://s3-media2.fl.yelpcdn.com/bphoto/1uXNwTFjXqjn0YMa8x7UOg/o.jpg,False,"{'address1': '4534 Arthur Rd', 'address2': None, 'address3': None, 'city': 'Slinger', 'zip_code': '53086', 'country': 'US', 'state': 'WI', 'display_address': ['4534 Arthur Rd', 'Slinger, WI 53086']}",Harley's Steak House,+12625653985,,4.5,2,[],https://www.yelp.com/biz/harleys-steak-house-slinger?adjust_creative=GVWAITeAe13hPk5JlriDSg&utm_campaign=yelp_api_v3&utm_medium=api_v3_business_search&utm_source=GVWAITeAe13hPk5JlriDSg
the-coffee-cup-iron-ridge,"[{'alias': 'coffee', 'title': 'Coffee & Tea'}]","{'latitude': 43.441757, 'longitude': -88.542648}",,9936.570596502706,dTcMbjtkJZiMqsSa-YV45g,https://s3-media2.fl.yelpcdn.com/bphoto/hO4He-JKLSwJze_CzhuuZQ/o.jpg,False,"{'address1': 'N6869 State Rd 67', 'address2': '', 'address3': '', 'city': 'Iron Ridge', 'zip_code': '53035', 'country': 'US', 'state': 'WI', 'display_address': ['N6869 State Rd 67', 'Iron Ridge, WI 53035']}",The Coffee Cup,,$,4.0,1,[],https://www.yelp.com/biz/the-coffee-cup-iron-ridge?adjust_creative=GVWAITeAe13hPk5JlriDSg&utm_campaign=yelp_api_v3&utm_medium=api_v3_business_search&utm_source=GVWAITeAe13hPk5JlriDSg
big-cedar-lake-west-bend,"[{'alias': 'lakes', 'title': 'Lakes'}]","{'latitude': 43.4039438492495, 'longitude': -88.2542394350274}",,18119.715310836185,pIs-jTpGSgDlqLVWhxTBZQ,https://s3-media4.fl.yelpcdn.com/bphoto/OzlbaEbev4-xe5eCFbNu6A/o.jpg,False,"{'address1': 'Hacker Dr', 'address2': '', 'address3': '', 'city': 'West Bend', 'zip_code': '53095', 'country': 'US', 'state': 'WI', 'display_address': ['Hacker Dr', 'West Bend, WI 53095']}",Big Cedar Lake,,,5.0,1,[],https://www.yelp.com/biz/big-cedar-lake-west-bend?adjust_creative=GVWAITeAe13hPk5JlriDSg&utm_campaign=yelp_api_v3&utm_medium=api_v3_business_search&utm_source=GVWAITeAe13hPk5JlriDSg
rock-river-tap-horicon,"[{'alias': 'tradamerican', 'title': 'American (Traditional)'}]","{'latitude': 43.45174, 'longitude': -88.63554}",(920) 485-4241,16293.953918557389,jO-Smqu0eRMLk8r64ccM8g,https://s3-media2.fl.yelpcdn.com/bphoto/K6-1DmWtw1kLMoxqe6cMKA/o.jpg,False,"{'address1': '110 W Lake St', 'address2': '', 'address3': '', 'city': 'Horicon', 'zip_code': '53032', 'country': 'US', 'state': 'WI', 'display_address': ['110 W Lake St', 'Horicon, WI 53032']}",Rock River Tap,+19204854241,$$,3.0,5,[],https://www.yelp.com/biz/rock-river-tap-horicon?adjust_creative=GVWAITeAe13hPk5JlriDSg&utm_campaign=yelp_api_v3&utm_medium=api_v3_business_search&utm_source=GVWAITeAe13hPk5JlriDSg
mcdonalds-lomira,"[{'alias': 'burgers', 'title': 'Burgers'}, {'alias': 'hotdogs', 'title': 'Fast Food'}, {'alias': 'coffee', 'title': 'Coffee & Tea'}]","{'latitude': 43.5892950267249, 'longitude': -88.4327557682991}",(920) 269-4412,10707.37177782314,9NCdIyPuFWtFMtF90vzq4w,https://s3-media3.fl.yelpcdn.com/bphoto/OBnVZbk9oSMDlmi5XwnA-g/o.jpg,False,"{'address1': '630 E Ave', 'address2': '', 'address3': '', 'city': 'Lomira', 'zip_code': '53048', 'country': 'US', 'state': 'WI', 'display_address': ['630 E Ave', 'Lomira, WI 53048']}",McDonald's,+19202694412,$,1.5,8,[],https://www.yelp.com/biz/mcdonalds-lomira?adjust_creative=GVWAITeAe13hPk5JlriDSg&utm_campaign=yelp_api_v3&utm_medium=api_v3_business_search&utm_source=GVWAITeAe13hPk5JlriDSg
subway-mayville,"[{'alias': 'sandwiches', 'title': 'Sandwiches'}, {'alias': 'hotdogs', 'title': 'Fast Food'}]","{'latitude': 43.4942932128906, 'longitude': -88.5569305419922}",(920) 387-3400,9272.96423500778,oRN8bmUB0gWE617SCsba1g,,False,"{'address1': '1030 Horicon St', 'address2': '', 'address3': '', 'city': 'Mayville', 'zip_code': '53050', 'country': 'US', 'state': 'WI', 'display_address': ['1030 Horicon St', 'Mayville, WI 53050']}",Subway,+19203873400,,3.0,1,[],https://www.yelp.com/biz/subway-mayville?adjust_creative=GVWAITeAe13hPk5JlriDSg&utm_campaign=yelp_api_v3&utm_medium=api_v3_business_search&utm_source=GVWAITeAe13hPk5JlriDSg
m-js-food-and-spirits-brownsville,"[{'alias': 'bars', 'title': 'Bars'}, {'alias': 'burgers', 'title': 'Burgers'}, {'alias': 'pizza', 'title': 'Pizza'}]","{'latitude': 43.616092, 'longitude': -88.489273}",,14189.142598152861,TQMHYHLiiHMV_kHaTho6QA,,False,"{'address1': '521 W Main St', 'address2': '', 'address3': '', 'city': 'Brownsville', 'zip_code': '53006', 'country': 'US', 'state': 'WI', 'display_address': ['521 W Main St', 'Brownsville, WI 53006']}",M J's Food & Spirits,,$$,4.0,1,[],https://www.yelp.com/biz/m-js-food-and-spirits-brownsville?adjust_creative=GVWAITeAe13hPk5JlriDSg&utm_campaign=yelp_api_v3&utm_medium=api_v3_business_search&utm_source=GVWAITeAe13hPk5JlriDSg
our-place-west-bend,"[{'alias': 'sportsbars', 'title': 'Sports Bars'}]","{'latitude': 43.42674, 'longitude': -88.27245}",(262) 629-5005,15553.33404350835,KfneftJguxM99xFbI7--jw,https://s3-media3.fl.yelpcdn.com/bphoto/28wtHG72RzwQyotyJv7rmA/o.jpg,False,"{'address1': '4721 Wisconsin 33', 'address2': '', 'address3': '', 'city': 'West Bend', 'zip_code': '53095', 'country': 'US', 'state': 'WI', 'display_address': ['4721 Wisconsin 33', 'West Bend, WI 53095']}",Our Place,+12626295005,$$,1.5,7,[],https://www.yelp.com/biz/our-place-west-bend?adjust_creative=GVWAITeAe13hPk5JlriDSg&utm_campaign=yelp_api_v3&utm_medium=api_v3_business_search&utm_source=GVWAITeAe13hPk5JlriDSg
the-banquets-at-camelot-lomira-2,"[{'alias': 'tradamerican', 'title': 'American (Traditional)'}, {'alias': 'pubs', 'title': 'Pubs'}, {'alias': 'beer_and_wine', 'title': 'Beer, Wine & Spirits'}]","{'latitude': 43.5871951, 'longitude': -88.4301163}",(920) 269-4251,10491.73375888435,edBQiCj41cibx9A5j1bqKQ,https://s3-media4.fl.yelpcdn.com/bphoto/PNtABy4pD85L_TOYdnH4WA/o.jpg,False,"{'address1': 'W194 State Rd 67', 'address2': '', 'address3': '', 'city': 'Lomira', 'zip_code': '53048', 'country': 'US', 'state': 'WI', 'display_address': ['W194 State Rd 67', 'Lomira, WI 53048']}",The Banquets At Camelot,+19202694251,,5.0,2,[],https://www.yelp.com/biz/the-banquets-at-camelot-lomira-2?adjust_creative=GVWAITeAe13hPk5JlriDSg&utm_campaign=yelp_api_v3&utm_medium=api_v3_business_search&utm_source=GVWAITeAe13hPk5JlriDSg
house-of-heilemans-west-bend,"[{'alias': 'bars', 'title': 'Bars'}]","{'latitude': 43.3975935928222, 'longitude': -88.2630867917892}",(262) 644-8809,17936.694772525952,QNBs08NTASs2fMWeS6iL2g,https://s3-media2.fl.yelpcdn.com/bphoto/Kh8uAz98MGtu13JJHnKq_Q/o.jpg,False,"{'address1': '5723 W Lake Dr', 'address2': '', 'address3': '', 'city': 'West Bend', 'zip_code': '53095', 'country': 'US', 'state': 'WI', 'display_address': ['5723 W Lake Dr', 'West Bend, WI 53095']}",House of Heileman's,+12626448809,$,3.0,2,[],https://www.yelp.com/biz/house-of-heilemans-west-bend?adjust_creative=GVWAITeAe13hPk5JlriDSg&utm_campaign=yelp_api_v3&utm_medium=api_v3_business_search&utm_source=GVWAITeAe13hPk5JlriDSg
richies-up-ur-alley-mayville,"[{'alias': 'tradamerican', 'title': 'American (Traditional)'}, {'alias': 'bowling', 'title': 'Bowling'}]","{'latitude': 43.4952714840417, 'longitude': -88.5445053130388}",(920) 644-2545,8271.638392312936,q5CUgk-AiZQfv-0hG-tLvg,,False,"{'address1': '25 S Main St', 'address2': '', 'address3': '', 'city': 'Mayville', 'zip_code': '53050', 'country': 'US', 'state': 'WI', 'display_address': ['25 S Main St', 'Mayville, WI 53050']}",Richies Up Ur Alley,+19206442545,,5.0,1,[],https://www.yelp.com/biz/richies-up-ur-alley-mayville?adjust_creative=GVWAITeAe13hPk5JlriDSg&utm_campaign=yelp_api_v3&utm_medium=api_v3_business_search&utm_source=GVWAITeAe13hPk5JlriDSg
sherwood-family-restraunt-mayville,"[{'alias': 'restaurants', 'title': 'Restaurants'}]","{'latitude': 43.493579864502, 'longitude': -88.5591735839844}",(920) 387-1228,9442.933204203544,6ADWlApzkKqooUWmZhZWIw,,False,"{'address1': '1145 Horicon St', 'address2': '', 'address3': '', 'city': 'Mayville', 'zip_code': '53050', 'country': 'US', 'state': 'WI', 'display_address': ['1145 Horicon St', 'Mayville, WI 53050']}",Sherwood Family Restraunt,+19203871228,,5.0,1,[],https://www.yelp.com/biz/sherwood-family-restraunt-mayville?adjust_creative=GVWAITeAe13hPk5JlriDSg&utm_campaign=yelp_api_v3&utm_medium=api_v3_business_search&utm_source=GVWAITeAe13hPk5JlriDSg
horicon-hills-golf-club-horicon,"[{'alias': 'golf', 'title': 'Golf'}]","{'latitude': 43.424453, 'longitude': -88.639751}",(920) 643-2000,17698.761270167437,mR0Umex6JvrfoMEf3w4icw,https://s3-media3.fl.yelpcdn.com/bphoto/Ax4k7-jVLO3jP1qU6LY3ww/o.jpg,False,"{'address1': '3000 Main St', 'address2': '', 'address3': '', 'city': 'Horicon', 'zip_code': '53032', 'country': 'US', 'state': 'WI', 'display_address': ['3000 Main St', 'Horicon, WI 53032']}",Horicon  Hills Golf Club,+19206432000,,2.0,2,[],https://www.yelp.com/biz/horicon-hills-golf-club-horicon?adjust_creative=GVWAITeAe13hPk5JlriDSg&utm_campaign=yelp_api_v3&utm_medium=api_v3_business_search&utm_source=GVWAITeAe13hPk5JlriDSg
the-wedge-on-83-and-175-hartford,"[{'alias': 'sportsbars', 'title': 'Sports Bars'}]","{'latitude': 43.385746276461, 'longitude': -88.3513244470714}",(262) 457-7503,14016.166277021683,Sl-sATsFiE4Bsu0Q-e9gew,https://s3-media2.fl.yelpcdn.com/bphoto/BRIs5w99Y1nwHtI3tc-67A/o.jpg,False,"{'address1': '5327 WI-175', 'address2': '', 'address3': None, 'city': 'Hartford', 'zip_code': '53027', 'country': 'US', 'state': 'WI', 'display_address': ['5327 WI-175', 'Hartford, WI 53027']}",The Wedge On 83 &175,+12624577503,,5.0,1,[],https://www.yelp.com/biz/the-wedge-on-83-and-175-hartford?adjust_creative=GVWAITeAe13hPk5JlriDSg&utm_campaign=yelp_api_v3&utm_medium=api_v3_business_search&utm_source=GVWAITeAe13hPk5JlriDSg
kewaskum-kiwanis-community-park-kewaskum,"[{'alias': 'parks', 'title': 'Parks'}]","{'latitude': 43.519111, 'longitude': -88.237098}",(262) 626-8011,16773.991202606827,RzgmcT-jpy94003UMcJ6Xw,,False,"{'address1': '1601 Brooklane Dr', 'address2': '', 'address3': '', 'city': 'Kewaskum', 'zip_code': '53040', 'country': 'US', 'state': 'WI', 'display_address': ['1601 Brooklane Dr', 'Kewaskum, WI 53040']}",Kewaskum Kiwanis Community Park,+12626268011,,5.0,1,[],https://www.yelp.com/biz/kewaskum-kiwanis-community-park-kewaskum?adjust_creative=GVWAITeAe13hPk5JlriDSg&utm_campaign=yelp_api_v3&utm_medium=api_v3_business_search&utm_source=GVWAITeAe13hPk5JlriDSg
liskos-tavern-rubicon,"[{'alias': 'bars', 'title': 'Bars'}]","{'latitude': 43.38441, 'longitude': -88.46097}",(262) 673-4535,12198.023887590878,FUMN6Ki0QTyy_irj33NUlA,,False,"{'address1': 'N5281 County Rd P', 'address2': '', 'address3': '', 'city': 'Rubicon', 'zip_code': '53078', 'country': 'US', 'state': 'WI', 'display_address': ['N5281 County Rd P', 'Rubicon, WI 53078']}",Lisko's Tavern,+12626734535,,4.0,1,[],https://www.yelp.com/biz/liskos-tavern-rubicon?adjust_creative=GVWAITeAe13hPk5JlriDSg&utm_campaign=yelp_api_v3&utm_medium=api_v3_business_search&utm_source=GVWAITeAe13hPk5JlriDSg
danny-boys-irish-pub-horicon,"[{'alias': 'burgers', 'title': 'Burgers'}, {'alias': 'pubs', 'title': 'Pubs'}]","{'latitude': 43.451343536377, 'longitude': -88.631706237793}",(920) 485-0823,15999.95212103481,qEGtlKChU_yIUTHrK2AyRg,https://s3-media3.fl.yelpcdn.com/bphoto/GGVIv6RQ-1sCh1-Xag_-dQ/o.jpg,False,"{'address1': '315 E Lake St', 'address2': None, 'address3': None, 'city': 'Horicon', 'zip_code': '53032', 'country': 'US', 'state': 'WI', 'display_address': ['315 E Lake St', 'Horicon, WI 53032']}",Danny Boys Irish Pub,+19204850823,$$,3.0,1,[],https://www.yelp.com/biz/danny-boys-irish-pub-horicon?adjust_creative=GVWAITeAe13hPk5JlriDSg&utm_campaign=yelp_api_v3&utm_medium=api_v3_business_search&utm_source=GVWAITeAe13hPk5JlriDSg
subway-allenton,"[{'alias': 'hotdogs', 'title': 'Fast Food'}, {'alias': 'sandwiches', 'title': 'Sandwiches'}]","{'latitude': 43.42294, 'longitude': -88.339854}",(262) 629-4090,11360.955688577586,AyC7PGLsB6VCPqMqITk3Dg,,False,"{'address1': '751 Church St', 'address2': None, 'address3': None, 'city': 'Allenton', 'zip_code': '53002', 'country': 'US', 'state': 'WI', 'display_address': ['751 Church St', 'Allenton, WI 53002']}",Subway,+12626294090,,1.0,1,[],https://www.yelp.com/biz/subway-allenton?adjust_creative=GVWAITeAe13hPk5JlriDSg&utm_campaign=yelp_api_v3&utm_medium=api_v3_business_search&utm_source=GVWAITeAe13hPk5JlriDSg
