alias,categories,coordinates,display_phone,distance,id,image_url,is_closed,location,name,phone,price,rating,review_count,transactions,url
lake-street-inn-hustisford,"[{'alias': 'newamerican', 'title': 'American (New)'}, {'alias': 'burgers', 'title': 'Burgers'}, {'alias': 'bars', 'title': 'Bars'}]","{'latitude': 43.3471333, 'longitude': -88.600919}",(920) 349-8936,927.348153393456,hWLkZBq0pEql3KujjKWRrA,,False,"{'address1': '147 N Lake St', 'address2': None, 'address3': None, 'city': 'Hustisford', 'zip_code': '53034', 'country': 'US', 'state': 'WI', 'display_address': ['147 N Lake St', 'Hustisford, WI 53034']}",Lake Street Inn,+19203498936,,4.5,5,[],https://www.yelp.com/biz/lake-street-inn-hustisford?adjust_creative=GVWAITeAe13hPk5JlriDSg&utm_campaign=yelp_api_v3&utm_medium=api_v3_business_search&utm_source=GVWAITeAe13hPk5JlriDSg
joans-country-cookn-hustisford,"[{'alias': 'breakfast_brunch', 'title': 'Breakfast & Brunch'}]","{'latitude': 43.342113494873, 'longitude': -88.5949325561523}",(920) 349-3511,1127.1850609523692,oDrnVYVtW7hgTUPzyluadQ,https://s3-media1.fl.yelpcdn.com/bphoto/7JXWxON2kD_FWN3j0F0uFg/o.jpg,False,"{'address1': '469 Rubicon St', 'address2': '', 'address3': '', 'city': 'Hustisford', 'zip_code': '53034', 'country': 'US', 'state': 'WI', 'display_address': ['469 Rubicon St', 'Hustisford, WI 53034']}",Joan's Country Cook'n,+19203493511,$,5.0,3,[],https://www.yelp.com/biz/joans-country-cookn-hustisford?adjust_creative=GVWAITeAe13hPk5JlriDSg&utm_campaign=yelp_api_v3&utm_medium=api_v3_business_search&utm_source=GVWAITeAe13hPk5JlriDSg
taqueria-marias-watertown-2,"[{'alias': 'mexican', 'title': 'Mexican'}]","{'latitude': 43.1927924, 'longitude': -88.7244254}",(920) 206-0270,18962.251605177105,MpkBwi0HAzbg-pMsYoFr0A,https://s3-media4.fl.yelpcdn.com/bphoto/ivcjjS14Ez_xExfH_wmRIg/o.jpg,False,"{'address1': '311 S First St', 'address2': '', 'address3': '', 'city': 'Watertown', 'zip_code': '53094', 'country': 'US', 'state': 'WI', 'display_address': ['311 S First St', 'Watertown, WI 53094']}",Taqueria Maria's,+19202060270,$$,4.5,64,[],https://www.yelp.com/biz/taqueria-marias-watertown-2?adjust_creative=GVWAITeAe13hPk5JlriDSg&utm_campaign=yelp_api_v3&utm_medium=api_v3_business_search&utm_source=GVWAITeAe13hPk5JlriDSg
elias-inn-supper-club-watertown,"[{'alias': 'tradamerican', 'title': 'American (Traditional)'}, {'alias': 'bars', 'title': 'Bars'}]","{'latitude': 43.19516, 'longitude': -88.72315}",(920) 261-6262,18688.563745362288,6JGJUnQhAfivGHQEOlO-Bw,https://s3-media2.fl.yelpcdn.com/bphoto/87WgdwjFyHtHjKBx5-JIIw/o.jpg,False,"{'address1': '200 N 2nd St', 'address2': '', 'address3': '', 'city': 'Watertown', 'zip_code': '53094', 'country': 'US', 'state': 'WI', 'display_address': ['200 N 2nd St', 'Watertown, WI 53094']}",Elias Inn Supper Club,+19202616262,$$,4.5,47,[],https://www.yelp.com/biz/elias-inn-supper-club-watertown?adjust_creative=GVWAITeAe13hPk5JlriDSg&utm_campaign=yelp_api_v3&utm_medium=api_v3_business_search&utm_source=GVWAITeAe13hPk5JlriDSg
days-gone-by-hustisford,"[{'alias': 'gaybars', 'title': 'Gay Bars'}]","{'latitude': 43.3459854125977, 'longitude': -88.6010055541992}",,834.5490208758491,yClY5v9P56kpaOKmvfK9dg,https://s3-media2.fl.yelpcdn.com/bphoto/bPGjL5NNg_tly99ju-EfnA/o.jpg,False,"{'address1': '101 S Lake St', 'address2': '', 'address3': '', 'city': 'Hustisford', 'zip_code': '53034', 'country': 'US', 'state': 'WI', 'display_address': ['101 S Lake St', 'Hustisford, WI 53034']}",Days Gone By,,$,4.0,4,[],https://www.yelp.com/biz/days-gone-by-hustisford?adjust_creative=GVWAITeAe13hPk5JlriDSg&utm_campaign=yelp_api_v3&utm_medium=api_v3_business_search&utm_source=GVWAITeAe13hPk5JlriDSg
sinissippi-lake-pub-hustisford,"[{'alias': 'pubs', 'title': 'Pubs'}]","{'latitude': 43.3586576166731, 'longitude': -88.5964273755279}",(920) 349-9333,2194.423842897317,Vxn0Gw1lMc9L8OGgXGsB1g,https://s3-media4.fl.yelpcdn.com/bphoto/qJzlWpZ7lrhWz3qhbNs9-w/o.jpg,False,"{'address1': 'N4571 County Rd E', 'address2': '', 'address3': None, 'city': 'Hustisford', 'zip_code': '53034', 'country': 'US', 'state': 'WI', 'display_address': ['N4571 County Rd E', 'Hustisford, WI 53034']}",Sinissippi Lake Pub,+19203499333,,3.5,7,[],https://www.yelp.com/biz/sinissippi-lake-pub-hustisford?adjust_creative=GVWAITeAe13hPk5JlriDSg&utm_campaign=yelp_api_v3&utm_medium=api_v3_business_search&utm_source=GVWAITeAe13hPk5JlriDSg
the-blew-inn-juneau,"[{'alias': 'cantonese', 'title': 'Cantonese'}, {'alias': 'tradamerican', 'title': 'American (Traditional)'}]","{'latitude': 43.34613754833, 'longitude': -88.660171164418}",(920) 696-3711,4187.089418983302,kHslYpH8hm4kKsREHmCd5g,https://s3-media3.fl.yelpcdn.com/bphoto/p5pcgwW7uiwa1zCbPPGqjg/o.jpg,False,"{'address1': 'W7115 State Road 60-16', 'address2': None, 'address3': None, 'city': 'Juneau', 'zip_code': '53039', 'country': 'US', 'state': 'WI', 'display_address': ['W7115 State Road 60-16', 'Juneau, WI 53039']}",The Blew Inn,+19206963711,$$,3.0,14,[],https://www.yelp.com/biz/the-blew-inn-juneau?adjust_creative=GVWAITeAe13hPk5JlriDSg&utm_campaign=yelp_api_v3&utm_medium=api_v3_business_search&utm_source=GVWAITeAe13hPk5JlriDSg
zwiegs-grill-watertown,"[{'alias': 'tradamerican', 'title': 'American (Traditional)'}, {'alias': 'breakfast_brunch', 'title': 'Breakfast & Brunch'}]","{'latitude': 43.1933098, 'longitude': -88.7154617}",(920) 261-1922,18564.993160041795,NmULNm-g3rx3CWFMSZ4-2Q,https://s3-media2.fl.yelpcdn.com/bphoto/szlRn9VOxzLVj_WfKODWJQ/o.jpg,False,"{'address1': '904 E Main St', 'address2': '', 'address3': '', 'city': 'Watertown', 'zip_code': '53094', 'country': 'US', 'state': 'WI', 'display_address': ['904 E Main St', 'Watertown, WI 53094']}",Zwieg's Grill,+19202611922,$,4.0,28,[],https://www.yelp.com/biz/zwiegs-grill-watertown?adjust_creative=GVWAITeAe13hPk5JlriDSg&utm_campaign=yelp_api_v3&utm_medium=api_v3_business_search&utm_source=GVWAITeAe13hPk5JlriDSg
china-house-restaurant-horicon,"[{'alias': 'chinese', 'title': 'Chinese'}]","{'latitude': 43.4456939697266, 'longitude': -88.6480407714844}",(920) 643-7738,12089.300281338863,oBLdTizD4UAXC8HpZdQcIQ,https://s3-media4.fl.yelpcdn.com/bphoto/XPQHKYMdnqyHdvtbODocqA/o.jpg,False,"{'address1': '620 Washington St', 'address2': '', 'address3': '', 'city': 'Horicon', 'zip_code': '53032', 'country': 'US', 'state': 'WI', 'display_address': ['620 Washington St', 'Horicon, WI 53032']}",China House Restaurant,+19206437738,$,4.5,7,[],https://www.yelp.com/biz/china-house-restaurant-horicon?adjust_creative=GVWAITeAe13hPk5JlriDSg&utm_campaign=yelp_api_v3&utm_medium=api_v3_business_search&utm_source=GVWAITeAe13hPk5JlriDSg
mullens-dairy-bar-watertown,"[{'alias': 'icecream', 'title': 'Ice Cream & Frozen Yogurt'}, {'alias': 'salad', 'title': 'Salad'}, {'alias': 'sandwiches', 'title': 'Sandwiches'}]","{'latitude': 43.19503, 'longitude': -88.72681}",(920) 390-4606,18853.225752062255,FocpvlSk4D4C31FIhMsnaQ,https://s3-media3.fl.yelpcdn.com/bphoto/Dr8yyiFyYNPboZOZCy7LYg/o.jpg,False,"{'address1': '212 W Main St', 'address2': '', 'address3': '', 'city': 'Watertown', 'zip_code': '53094', 'country': 'US', 'state': 'WI', 'display_address': ['212 W Main St', 'Watertown, WI 53094']}",Mullen's Dairy Bar,+19203904606,$,4.0,34,[],https://www.yelp.com/biz/mullens-dairy-bar-watertown?adjust_creative=GVWAITeAe13hPk5JlriDSg&utm_campaign=yelp_api_v3&utm_medium=api_v3_business_search&utm_source=GVWAITeAe13hPk5JlriDSg
rolling-stone-juneau,"[{'alias': 'pizza', 'title': 'Pizza'}]","{'latitude': 43.4072341918945, 'longitude': -88.7026062011719}",(920) 386-8220,10558.058698533674,QbP8Pasrr3mmGEK2WYvy9Q,https://s3-media1.fl.yelpcdn.com/bphoto/qX6JzGEu5MSc85L-ZbDvEA/o.jpg,False,"{'address1': '153 E Oak St', 'address2': '', 'address3': '', 'city': 'Juneau', 'zip_code': '53039', 'country': 'US', 'state': 'WI', 'display_address': ['153 E Oak St', 'Juneau, WI 53039']}",Rolling Stone,+19203868220,$,4.5,9,[],https://www.yelp.com/biz/rolling-stone-juneau?adjust_creative=GVWAITeAe13hPk5JlriDSg&utm_campaign=yelp_api_v3&utm_medium=api_v3_business_search&utm_source=GVWAITeAe13hPk5JlriDSg
the-stand-iron-ridge-2,"[{'alias': 'pizza', 'title': 'Pizza'}, {'alias': 'sandwiches', 'title': 'Sandwiches'}]","{'latitude': 43.39888, 'longitude': -88.53215}",(920) 387-9999,8930.011235894213,e1EUmze-0sc5tMuH5LWzuw,https://s3-media3.fl.yelpcdn.com/bphoto/oM8yCNz7gFtTc3Gt4-e-Hw/o.jpg,False,"{'address1': '119 S Main St', 'address2': '', 'address3': None, 'city': 'Iron Ridge', 'zip_code': '53035', 'country': 'US', 'state': 'WI', 'display_address': ['119 S Main St', 'Iron Ridge, WI 53035']}",The Stand,+19203879999,,5.0,4,[],https://www.yelp.com/biz/the-stand-iron-ridge-2?adjust_creative=GVWAITeAe13hPk5JlriDSg&utm_campaign=yelp_api_v3&utm_medium=api_v3_business_search&utm_source=GVWAITeAe13hPk5JlriDSg
tribeca-gallery-cafe-and-books-watertown-2,"[{'alias': 'coffee', 'title': 'Coffee & Tea'}, {'alias': 'bookstores', 'title': 'Bookstores'}]","{'latitude': 43.19373, 'longitude': -88.7211}",(920) 206-2885,18741.007661968266,VXHoHnMg6Sb8T6DFHIKXug,https://s3-media4.fl.yelpcdn.com/bphoto/q249lPam2FZZfYAnLVSLtQ/o.jpg,False,"{'address1': '401 E Main St', 'address2': None, 'address3': None, 'city': 'Watertown', 'zip_code': '53094', 'country': 'US', 'state': 'WI', 'display_address': ['401 E Main St', 'Watertown, WI 53094']}",Tribeca Gallery Cafe & Books,+19202062885,$$,4.5,19,[],https://www.yelp.com/biz/tribeca-gallery-cafe-and-books-watertown-2?adjust_creative=GVWAITeAe13hPk5JlriDSg&utm_campaign=yelp_api_v3&utm_medium=api_v3_business_search&utm_source=GVWAITeAe13hPk5JlriDSg
connection-cafe-watertown-2,"[{'alias': 'coffee', 'title': 'Coffee & Tea'}, {'alias': 'sandwiches', 'title': 'Sandwiches'}]","{'latitude': 43.1977532, 'longitude': -88.7542089}",(920) 261-6636,19814.43332371793,svzRACsZHpRW5H-Mz8sB4Q,https://s3-media4.fl.yelpcdn.com/bphoto/UcoNQPrv_dM4g0PH3S7ENg/o.jpg,False,"{'address1': '1308 W Main St', 'address2': '', 'address3': '', 'city': 'Watertown', 'zip_code': '53098', 'country': 'US', 'state': 'WI', 'display_address': ['1308 W Main St', 'Watertown, WI 53098']}",Connection Cafe,+19202616636,$$,4.5,12,[],https://www.yelp.com/biz/connection-cafe-watertown-2?adjust_creative=GVWAITeAe13hPk5JlriDSg&utm_campaign=yelp_api_v3&utm_medium=api_v3_business_search&utm_source=GVWAITeAe13hPk5JlriDSg
iron-ridge-inn-restaurant-iron-ridge,"[{'alias': 'seafood', 'title': 'Seafood'}, {'alias': 'steak', 'title': 'Steakhouses'}, {'alias': 'buffets', 'title': 'Buffets'}]","{'latitude': 43.39798, 'longitude': -88.5319}",(920) 387-3348,8869.597841036737,8mSQrEm2_kg6-TvKAOzmdw,https://s3-media1.fl.yelpcdn.com/bphoto/3apWsEXmyNTO6gDXccUWDw/o.jpg,False,"{'address1': '131 S Main St', 'address2': '', 'address3': '', 'city': 'Iron Ridge', 'zip_code': '53035', 'country': 'US', 'state': 'WI', 'display_address': ['131 S Main St', 'Iron Ridge, WI 53035']}",Iron Ridge Inn Restaurant,+19203873348,$$,3.5,11,[],https://www.yelp.com/biz/iron-ridge-inn-restaurant-iron-ridge?adjust_creative=GVWAITeAe13hPk5JlriDSg&utm_campaign=yelp_api_v3&utm_medium=api_v3_business_search&utm_source=GVWAITeAe13hPk5JlriDSg
pribnows-maple-inn-ixonia,"[{'alias': 'venues', 'title': 'Venues & Event Spaces'}, {'alias': 'steak', 'title': 'Steakhouses'}]","{'latitude': 43.2240477204323, 'longitude': -88.5198457539082}",(920) 474-7527,14865.362479814195,k6isglc5C5_khJJ7-mKcjg,https://s3-media1.fl.yelpcdn.com/bphoto/KT3Dp9lXVAVxQtjKuZEGYg/o.jpg,False,"{'address1': 'N887 State Road 67', 'address2': '', 'address3': '', 'city': 'Ixonia', 'zip_code': '53036', 'country': 'US', 'state': 'WI', 'display_address': ['N887 State Road 67', 'Ixonia, WI 53036']}",Pribnow's Maple Inn,+19204747527,$$,4.5,8,[],https://www.yelp.com/biz/pribnows-maple-inn-ixonia?adjust_creative=GVWAITeAe13hPk5JlriDSg&utm_campaign=yelp_api_v3&utm_medium=api_v3_business_search&utm_source=GVWAITeAe13hPk5JlriDSg
amados-restaurant-watertown,"[{'alias': 'mexican', 'title': 'Mexican'}]","{'latitude': 43.19372, 'longitude': -88.72101}",(920) 262-9560,18730.84493473244,mTRWeLvrFHpbe_P4YAOtkw,https://s3-media1.fl.yelpcdn.com/bphoto/cxIGKQxrrN5rxPnh6bfU3Q/o.jpg,False,"{'address1': '403 E Main St', 'address2': '', 'address3': '', 'city': 'Watertown', 'zip_code': '53094', 'country': 'US', 'state': 'WI', 'display_address': ['403 E Main St', 'Watertown, WI 53094']}",Amado's Restaurant,+19202629560,$$,4.0,12,[],https://www.yelp.com/biz/amados-restaurant-watertown?adjust_creative=GVWAITeAe13hPk5JlriDSg&utm_campaign=yelp_api_v3&utm_medium=api_v3_business_search&utm_source=GVWAITeAe13hPk5JlriDSg
bismarcks-main-street-bar-and-grill-watertown,"[{'alias': 'bars', 'title': 'Bars'}, {'alias': 'newamerican', 'title': 'American (New)'}]","{'latitude': 43.1942060633435, 'longitude': -88.7239169022384}",(920) 261-9391,18805.207814411926,TB6SKWVyWjSKc8GTEXHD3Q,https://s3-media2.fl.yelpcdn.com/bphoto/1VXS-BDjX9vJ7Veiywd_kw/o.jpg,False,"{'address1': '105 E Main St', 'address2': '', 'address3': '', 'city': 'Watertown', 'zip_code': '53094', 'country': 'US', 'state': 'WI', 'display_address': ['105 E Main St', 'Watertown, WI 53094']}",Bismarck's Main Street Bar & Grill,+19202619391,$,3.5,24,[],https://www.yelp.com/biz/bismarcks-main-street-bar-and-grill-watertown?adjust_creative=GVWAITeAe13hPk5JlriDSg&utm_campaign=yelp_api_v3&utm_medium=api_v3_business_search&utm_source=GVWAITeAe13hPk5JlriDSg
latte-donatte-watertown,"[{'alias': 'coffee', 'title': 'Coffee & Tea'}, {'alias': 'breakfast_brunch', 'title': 'Breakfast & Brunch'}, {'alias': 'sandwiches', 'title': 'Sandwiches'}]","{'latitude': 43.19358, 'longitude': -88.71999}",(920) 206-7080,18717.0168371208,neCHiCvUhehcQNLOoH1P6Q,https://s3-media2.fl.yelpcdn.com/bphoto/EVOo-vbOYywv2B6byYslxg/o.jpg,False,"{'address1': '501 E Main St', 'address2': '', 'address3': '', 'city': 'Watertown', 'zip_code': '53094', 'country': 'US', 'state': 'WI', 'display_address': ['501 E Main St', 'Watertown, WI 53094']}",Latte Donatte,+19202067080,$,4.0,12,[],https://www.yelp.com/biz/latte-donatte-watertown?adjust_creative=GVWAITeAe13hPk5JlriDSg&utm_campaign=yelp_api_v3&utm_medium=api_v3_business_search&utm_source=GVWAITeAe13hPk5JlriDSg
noras-restaurant-horicon,"[{'alias': 'diners', 'title': 'Diners'}]","{'latitude': 43.4513397216797, 'longitude': -88.6301879882812}",(920) 485-4493,12382.744404951109,O2nz0OvPKrIRrEgjRsQbOg,https://s3-media4.fl.yelpcdn.com/bphoto/h-aKnBkWWizTQScLo6To7A/o.jpg,False,"{'address1': '417 East Lake St', 'address2': '', 'address3': None, 'city': 'Horicon', 'zip_code': '53032', 'country': 'US', 'state': 'WI', 'display_address': ['417 East Lake St', 'Horicon, WI 53032']}",Nora's Restaurant,+19204854493,$$,4.0,9,[],https://www.yelp.com/biz/noras-restaurant-horicon?adjust_creative=GVWAITeAe13hPk5JlriDSg&utm_campaign=yelp_api_v3&utm_medium=api_v3_business_search&utm_source=GVWAITeAe13hPk5JlriDSg
sweet-talkin-treats-watertown-2,"[{'alias': 'bakeries', 'title': 'Bakeries'}]","{'latitude': 43.19368, 'longitude': -88.7224899}",(920) 342-3969,18797.278198795844,nXRz_r_UiY5hztaULCreNw,https://s3-media1.fl.yelpcdn.com/bphoto/TA6WxRxWOVGYWcfmJ6szyw/o.jpg,False,"{'address1': '108 S 3rd St', 'address2': None, 'address3': '', 'city': 'Watertown', 'zip_code': '53094', 'country': 'US', 'state': 'WI', 'display_address': ['108 S 3rd St', 'Watertown, WI 53094']}",Sweet Talkin Treats,+19203423969,$$,5.0,6,[],https://www.yelp.com/biz/sweet-talkin-treats-watertown-2?adjust_creative=GVWAITeAe13hPk5JlriDSg&utm_campaign=yelp_api_v3&utm_medium=api_v3_business_search&utm_source=GVWAITeAe13hPk5JlriDSg
gingers-hideaway-horicon,"[{'alias': 'tradamerican', 'title': 'American (Traditional)'}]","{'latitude': 43.4517784, 'longitude': -88.6322327}",(920) 485-4856,12448.901139623822,PLeljVpCrmhr6MPpOTxqKA,https://s3-media1.fl.yelpcdn.com/bphoto/U9x05ClaaaIiVui1LWVL4A/o.jpg,False,"{'address1': '302 E Lake St', 'address2': '', 'address3': '', 'city': 'Horicon', 'zip_code': '53032', 'country': 'US', 'state': 'WI', 'display_address': ['302 E Lake St', 'Horicon, WI 53032']}",Ginger's Hideaway,+19204854856,$$,3.5,12,[],https://www.yelp.com/biz/gingers-hideaway-horicon?adjust_creative=GVWAITeAe13hPk5JlriDSg&utm_campaign=yelp_api_v3&utm_medium=api_v3_business_search&utm_source=GVWAITeAe13hPk5JlriDSg
main-street-cafe-watertown,"[{'alias': 'tradamerican', 'title': 'American (Traditional)'}]","{'latitude': 43.19445, 'longitude': -88.723236}",(920) 261-8760,18755.32858901846,Jdc1DyhaBt2TY3J3g5lHRw,https://s3-media2.fl.yelpcdn.com/bphoto/ZG5vcHQoPtneym5LattUYA/o.jpg,False,"{'address1': '116 E Main St', 'address2': '', 'address3': '', 'city': 'Watertown', 'zip_code': '53094', 'country': 'US', 'state': 'WI', 'display_address': ['116 E Main St', 'Watertown, WI 53094']}",Main Street Cafe,+19202618760,$,4.5,9,[],https://www.yelp.com/biz/main-street-cafe-watertown?adjust_creative=GVWAITeAe13hPk5JlriDSg&utm_campaign=yelp_api_v3&utm_medium=api_v3_business_search&utm_source=GVWAITeAe13hPk5JlriDSg
harvest-market-watertown,"[{'alias': 'cafes', 'title': 'Cafes'}]","{'latitude': 43.2013664245605, 'longitude': -88.6977615356445}",(920) 262-4260,17209.209964864418,M24PHcVS5VzuKEvdWqzUzg,https://s3-media2.fl.yelpcdn.com/bphoto/SFd-SdEtzzy_Qr50UJ_K6g/o.jpg,False,"{'address1': '125 Hospital Dr', 'address2': '', 'address3': '', 'city': 'Watertown', 'zip_code': '53098', 'country': 'US', 'state': 'WI', 'display_address': ['125 Hospital Dr', 'Watertown, WI 53098']}",Harvest Market,+19202624260,$,5.0,5,[],https://www.yelp.com/biz/harvest-market-watertown?adjust_creative=GVWAITeAe13hPk5JlriDSg&utm_campaign=yelp_api_v3&utm_medium=api_v3_business_search&utm_source=GVWAITeAe13hPk5JlriDSg
higher-grounds-coffee-shop-beaver-dam,"[{'alias': 'coffee', 'title': 'Coffee & Tea'}, {'alias': 'bakeries', 'title': 'Bakeries'}]","{'latitude': 43.453597, 'longitude': -88.807729}",(920) 885-4990,20362.110864730425,C53YcfDykJEHrXGmv1kUXw,https://s3-media2.fl.yelpcdn.com/bphoto/nSJy8_sAdFcSYIlioETvkQ/o.jpg,False,"{'address1': 'N7156 E Plaza Dr', 'address2': 'Ste 102', 'address3': '', 'city': 'Beaver Dam', 'zip_code': '53916', 'country': 'US', 'state': 'WI', 'display_address': ['N7156 E Plaza Dr', 'Ste 102', 'Beaver Dam, WI 53916']}",Higher Grounds Coffee Shop,+19208854990,$$$,4.5,6,[],https://www.yelp.com/biz/higher-grounds-coffee-shop-beaver-dam?adjust_creative=GVWAITeAe13hPk5JlriDSg&utm_campaign=yelp_api_v3&utm_medium=api_v3_business_search&utm_source=GVWAITeAe13hPk5JlriDSg
lyons-irish-pub-watertown,"[{'alias': 'irish_pubs', 'title': 'Irish Pub'}]","{'latitude': 43.19402, 'longitude': -88.72299}",(920) 262-6336,18797.97947221719,ecSsRxFsobTbVPDom6kMVw,https://s3-media2.fl.yelpcdn.com/bphoto/5kfCnQlNqIbYwwU9BFpf0w/o.jpg,False,"{'address1': '201 E Main St', 'address2': '', 'address3': '', 'city': 'Watertown', 'zip_code': '53094', 'country': 'US', 'state': 'WI', 'display_address': ['201 E Main St', 'Watertown, WI 53094']}",Lyon's Irish Pub,+19202626336,$,3.5,14,[],https://www.yelp.com/biz/lyons-irish-pub-watertown?adjust_creative=GVWAITeAe13hPk5JlriDSg&utm_campaign=yelp_api_v3&utm_medium=api_v3_business_search&utm_source=GVWAITeAe13hPk5JlriDSg
the-barrel-house-saloon-and-eatery-juneau,"[{'alias': 'bars', 'title': 'Bars'}, {'alias': 'steak', 'title': 'Steakhouses'}, {'alias': 'burgers', 'title': 'Burgers'}]","{'latitude': 43.406599, 'longitude': -88.703555}",(920) 386-2599,10564.454210839629,Tzi3sZ0uhe1-A0JsjtFwqg,https://s3-media3.fl.yelpcdn.com/bphoto/02L-dfOjDLQf0C0aOUlfKw/o.jpg,False,"{'address1': '124 E Oak St', 'address2': '', 'address3': '', 'city': 'Juneau', 'zip_code': '53039', 'country': 'US', 'state': 'WI', 'display_address': ['124 E Oak St', 'Juneau, WI 53039']}",The Barrel House Saloon & Eatery,+19203862599,,3.5,7,[],https://www.yelp.com/biz/the-barrel-house-saloon-and-eatery-juneau?adjust_creative=GVWAITeAe13hPk5JlriDSg&utm_campaign=yelp_api_v3&utm_medium=api_v3_business_search&utm_source=GVWAITeAe13hPk5JlriDSg
crystal-creek-dairy-house-beaver-dam,"[{'alias': 'cheese', 'title': 'Cheese Shops'}, {'alias': 'icecream', 'title': 'Ice Cream & Frozen Yogurt'}]","{'latitude': 43.4486416974514, 'longitude': -88.7891873852501}",(920) 887-2806,18848.23217028552,HgfMjqzPGmNhtfHyYoH8og,https://s3-media3.fl.yelpcdn.com/bphoto/KvFJRKkQC8LoLeHx6hngXA/o.jpg,False,"{'address1': 'W7790 State Road 33', 'address2': '', 'address3': '', 'city': 'Beaver Dam', 'zip_code': '53916', 'country': 'US', 'state': 'WI', 'display_address': ['W7790 State Road 33', 'Beaver Dam, WI 53916']}",Crystal Creek Dairy House,+19208872806,$,3.5,14,[],https://www.yelp.com/biz/crystal-creek-dairy-house-beaver-dam?adjust_creative=GVWAITeAe13hPk5JlriDSg&utm_campaign=yelp_api_v3&utm_medium=api_v3_business_search&utm_source=GVWAITeAe13hPk5JlriDSg
village-garden-restaurant-juneau,"[{'alias': 'tradamerican', 'title': 'American (Traditional)'}]","{'latitude': 43.405489102006, 'longitude': -88.7078297138214}",(920) 386-5691,10769.272484144301,oBdWnLOxLiMTU1R2ouQ1GA,https://s3-media2.fl.yelpcdn.com/bphoto/5HgK4a7jGblX0fuP6E-QzA/o.jpg,False,"{'address1': '225 W Oak Grove St', 'address2': '', 'address3': '', 'city': 'Juneau', 'zip_code': '53039', 'country': 'US', 'state': 'WI', 'display_address': ['225 W Oak Grove St', 'Juneau, WI 53039']}",Village Garden Restaurant,+19203865691,$$,4.0,5,[],https://www.yelp.com/biz/village-garden-restaurant-juneau?adjust_creative=GVWAITeAe13hPk5JlriDSg&utm_campaign=yelp_api_v3&utm_medium=api_v3_business_search&utm_source=GVWAITeAe13hPk5JlriDSg
pjs-pizza-watertown-2,"[{'alias': 'pizza', 'title': 'Pizza'}, {'alias': 'salad', 'title': 'Salad'}, {'alias': 'tacos', 'title': 'Tacos'}]","{'latitude': 43.1956977844238, 'longitude': -88.7286987304688}",(920) 261-5299,18856.46829360242,gPoZ2cDU8uvWImParWXvzg,https://s3-media4.fl.yelpcdn.com/bphoto/yHnETrs80tcItYyYnbtcDA/o.jpg,False,"{'address1': '118 N Church St', 'address2': '', 'address3': '', 'city': 'Watertown', 'zip_code': '53094', 'country': 'US', 'state': 'WI', 'display_address': ['118 N Church St', 'Watertown, WI 53094']}",PJ's Pizza,+19202615299,$,4.0,9,['delivery'],https://www.yelp.com/biz/pjs-pizza-watertown-2?adjust_creative=GVWAITeAe13hPk5JlriDSg&utm_campaign=yelp_api_v3&utm_medium=api_v3_business_search&utm_source=GVWAITeAe13hPk5JlriDSg
glenns-market-and-catering-watertown,"[{'alias': 'bakeries', 'title': 'Bakeries'}, {'alias': 'meats', 'title': 'Meat Shops'}, {'alias': 'catering', 'title': 'Caterers'}]","{'latitude': 43.1957702636719, 'longitude': -88.733642578125}",(920) 261-2226,19052.764490677495,DqdFdcdK1kbxiO1z3D_oUw,https://s3-media3.fl.yelpcdn.com/bphoto/ecNNcQYf_Su6n3p4AtOibQ/o.jpg,False,"{'address1': '722 W Main St', 'address2': '', 'address3': '', 'city': 'Watertown', 'zip_code': '53094', 'country': 'US', 'state': 'WI', 'display_address': ['722 W Main St', 'Watertown, WI 53094']}",Glenn's Market & Catering,+19202612226,$,4.5,8,[],https://www.yelp.com/biz/glenns-market-and-catering-watertown?adjust_creative=GVWAITeAe13hPk5JlriDSg&utm_campaign=yelp_api_v3&utm_medium=api_v3_business_search&utm_source=GVWAITeAe13hPk5JlriDSg
ice-cream-station-horicon,"[{'alias': 'icecream', 'title': 'Ice Cream & Frozen Yogurt'}]","{'latitude': 43.45174, 'longitude': -88.62886}",(920) 485-2311,12400.162007449333,y--takD25kIAwzscl_2pdw,https://s3-media1.fl.yelpcdn.com/bphoto/c2JdyFKfJkkibvpFagIsRw/o.jpg,False,"{'address1': '518 E Lake St', 'address2': '', 'address3': '', 'city': 'Horicon', 'zip_code': '53032', 'country': 'US', 'state': 'WI', 'display_address': ['518 E Lake St', 'Horicon, WI 53032']}",Ice Cream Station,+19204852311,$,4.0,6,[],https://www.yelp.com/biz/ice-cream-station-horicon?adjust_creative=GVWAITeAe13hPk5JlriDSg&utm_campaign=yelp_api_v3&utm_medium=api_v3_business_search&utm_source=GVWAITeAe13hPk5JlriDSg
bamboo-kitchen-watertown,"[{'alias': 'thai', 'title': 'Thai'}, {'alias': 'chinese', 'title': 'Chinese'}]","{'latitude': 43.1946691880747, 'longitude': -88.7273541145654}",(920) 261-1992,18900.217626191825,B9y49jeDaHvVny-Ac4ljcA,https://s3-media4.fl.yelpcdn.com/bphoto/FXAEtbnlp1VtmPpsvQ4ppA/o.jpg,False,"{'address1': '310 W Main St', 'address2': '', 'address3': '', 'city': 'Watertown', 'zip_code': '53094', 'country': 'US', 'state': 'WI', 'display_address': ['310 W Main St', 'Watertown, WI 53094']}",Bamboo Kitchen,+19202611992,$,3.5,17,[],https://www.yelp.com/biz/bamboo-kitchen-watertown?adjust_creative=GVWAITeAe13hPk5JlriDSg&utm_campaign=yelp_api_v3&utm_medium=api_v3_business_search&utm_source=GVWAITeAe13hPk5JlriDSg
snapper-vicks-woodland,"[{'alias': 'mexican', 'title': 'Mexican'}]","{'latitude': 43.374248, 'longitude': -88.52037}",(920) 625-3441,8046.697382797906,7T-Fz1n-0K6rvDCPG5gmhA,,False,"{'address1': 'N5007 County Road Ws', 'address2': '', 'address3': '', 'city': 'Woodland', 'zip_code': '53099', 'country': 'US', 'state': 'WI', 'display_address': ['N5007 County Road Ws', 'Woodland, WI 53099']}",Snapper Vick's,+19206253441,$$,2.5,8,[],https://www.yelp.com/biz/snapper-vicks-woodland?adjust_creative=GVWAITeAe13hPk5JlriDSg&utm_campaign=yelp_api_v3&utm_medium=api_v3_business_search&utm_source=GVWAITeAe13hPk5JlriDSg
jamaican-oasis-horicon,"[{'alias': 'restaurants', 'title': 'Restaurants'}]","{'latitude': 43.44363, 'longitude': -88.596365}",(920) 382-7635,11443.85932366282,_MrBwK4iK1CCFejNn7CO2g,,False,"{'address1': 'W3997 State Rd 33', 'address2': '', 'address3': '', 'city': 'Horicon', 'zip_code': '53032', 'country': 'US', 'state': 'WI', 'display_address': ['W3997 State Rd 33', 'Horicon, WI 53032']}",Jamaican Oasis,+19203827635,,4.5,3,[],https://www.yelp.com/biz/jamaican-oasis-horicon?adjust_creative=GVWAITeAe13hPk5JlriDSg&utm_campaign=yelp_api_v3&utm_medium=api_v3_business_search&utm_source=GVWAITeAe13hPk5JlriDSg
honey-acres-ashippun,"[{'alias': 'museums', 'title': 'Museums'}, {'alias': 'honey', 'title': 'Honey'}]","{'latitude': 43.2605224, 'longitude': -88.5177926}",(920) 474-4411,11602.180397370716,DGf34_Xc_guxIgkyIpn95Q,https://s3-media2.fl.yelpcdn.com/bphoto/V6Y2z7GgfXu_DAfqXV3tDg/o.jpg,False,"{'address1': 'N1557 State Rd 67', 'address2': '', 'address3': '', 'city': 'Ashippun', 'zip_code': '53003', 'country': 'US', 'state': 'WI', 'display_address': ['N1557 State Rd 67', 'Ashippun, WI 53003']}",Honey Acres,+19204744411,,4.0,3,[],https://www.yelp.com/biz/honey-acres-ashippun?adjust_creative=GVWAITeAe13hPk5JlriDSg&utm_campaign=yelp_api_v3&utm_medium=api_v3_business_search&utm_source=GVWAITeAe13hPk5JlriDSg
china-town-watertown,"[{'alias': 'chinese', 'title': 'Chinese'}]","{'latitude': 43.2010145, 'longitude': -88.701271}",(920) 206-8688,17284.779162740124,yUUQfPm5DcmA_0SoEap6Ng,https://s3-media4.fl.yelpcdn.com/bphoto/2YvRBF_o8ZtEsVgc32lCQQ/o.jpg,False,"{'address1': '1309 Memorial Dr', 'address2': None, 'address3': None, 'city': 'Watertown', 'zip_code': '53098', 'country': 'US', 'state': 'WI', 'display_address': ['1309 Memorial Dr', 'Watertown, WI 53098']}",China Town,+19202068688,$,4.0,7,[],https://www.yelp.com/biz/china-town-watertown?adjust_creative=GVWAITeAe13hPk5JlriDSg&utm_campaign=yelp_api_v3&utm_medium=api_v3_business_search&utm_source=GVWAITeAe13hPk5JlriDSg
moon-rabbit-watertown,"[{'alias': 'cajun', 'title': 'Cajun/Creole'}, {'alias': 'popuprestaurants', 'title': 'Pop-Up Restaurants'}]","{'latitude': 43.19407, 'longitude': -88.71961}",(920) 245-1603,18666.56194583382,FGqnfUVPyorhwOkRk2tgXg,https://s3-media2.fl.yelpcdn.com/bphoto/sJwdSC0OXk0Qm4gpARp_NA/o.jpg,False,"{'address1': '510 E Main St', 'address2': None, 'address3': '', 'city': 'Watertown', 'zip_code': '53094', 'country': 'US', 'state': 'WI', 'display_address': ['510 E Main St', 'Watertown, WI 53094']}",Moon Rabbit,+19202451603,$,4.5,4,[],https://www.yelp.com/biz/moon-rabbit-watertown?adjust_creative=GVWAITeAe13hPk5JlriDSg&utm_campaign=yelp_api_v3&utm_medium=api_v3_business_search&utm_source=GVWAITeAe13hPk5JlriDSg
mercer-ts-bar-and-grill-clyman,"[{'alias': 'restaurants', 'title': 'Restaurants'}]","{'latitude': 43.3102112, 'longitude': -88.7206802}",(920) 696-3400,9664.121491338923,HPop0PE90vZ8Ow07gcGXRA,https://s3-media4.fl.yelpcdn.com/bphoto/xiRd6E6wepz0yNBgejLcyQ/o.jpg,False,"{'address1': '962 Main', 'address2': '', 'address3': '', 'city': 'Clyman', 'zip_code': '53016', 'country': 'US', 'state': 'WI', 'display_address': ['962 Main', 'Clyman, WI 53016']}",Mercer T's Bar & Grill,+19206963400,,4.5,2,[],https://www.yelp.com/biz/mercer-ts-bar-and-grill-clyman?adjust_creative=GVWAITeAe13hPk5JlriDSg&utm_campaign=yelp_api_v3&utm_medium=api_v3_business_search&utm_source=GVWAITeAe13hPk5JlriDSg
chalet-restaurant-watertown-4,"[{'alias': 'tradamerican', 'title': 'American (Traditional)'}, {'alias': 'salad', 'title': 'Salad'}, {'alias': 'breakfast_brunch', 'title': 'Breakfast & Brunch'}]","{'latitude': 43.19414, 'longitude': -88.72539}",(920) 261-9966,18859.16013118506,ro2JBSz7x1Il79EekH47wA,https://s3-media1.fl.yelpcdn.com/bphoto/Yb4MPtbiqwMEI7qgh0uLQA/o.jpg,False,"{'address1': '107 W Main St', 'address2': '', 'address3': '', 'city': 'Watertown', 'zip_code': '53094', 'country': 'US', 'state': 'WI', 'display_address': ['107 W Main St', 'Watertown, WI 53094']}",Chalet Restaurant,+19202619966,$,4.5,5,[],https://www.yelp.com/biz/chalet-restaurant-watertown-4?adjust_creative=GVWAITeAe13hPk5JlriDSg&utm_campaign=yelp_api_v3&utm_medium=api_v3_business_search&utm_source=GVWAITeAe13hPk5JlriDSg
subway-horicon,"[{'alias': 'sandwiches', 'title': 'Sandwiches'}, {'alias': 'hotdogs', 'title': 'Fast Food'}]","{'latitude': 43.4477767944336, 'longitude': -88.6361999511719}",(920) 485-6767,12054.780644801054,yPTFAYsq5YpL0RpzX7roIg,https://s3-media3.fl.yelpcdn.com/bphoto/x34crS3FxnLLDRlvXgq0Ng/o.jpg,False,"{'address1': '309 Barstow St', 'address2': '', 'address3': '', 'city': 'Horicon', 'zip_code': '53032', 'country': 'US', 'state': 'WI', 'display_address': ['309 Barstow St', 'Horicon, WI 53032']}",Subway,+19204856767,$$,4.0,5,[],https://www.yelp.com/biz/subway-horicon?adjust_creative=GVWAITeAe13hPk5JlriDSg&utm_campaign=yelp_api_v3&utm_medium=api_v3_business_search&utm_source=GVWAITeAe13hPk5JlriDSg
dodge-county-state-of-wisconsin-ixonia,"[{'alias': 'parks', 'title': 'Parks'}]","{'latitude': 43.399422, 'longitude': -88.710897}",(920) 474-7178,10491.282050107104,ojYaOAv1E3tL1IbN7nqnJg,https://s3-media4.fl.yelpcdn.com/bphoto/DRfozTe7-X25GcjXhX5-jw/o.jpg,False,"{'address1': 'W3048 Crawfish Rd', 'address2': None, 'address3': None, 'city': 'Ixonia', 'zip_code': '53036', 'country': 'US', 'state': 'WI', 'display_address': ['W3048 Crawfish Rd', 'Ixonia, WI 53036']}",Dodge County State of Wisconsin,+19204747178,,5.0,1,[],https://www.yelp.com/biz/dodge-county-state-of-wisconsin-ixonia?adjust_creative=GVWAITeAe13hPk5JlriDSg&utm_campaign=yelp_api_v3&utm_medium=api_v3_business_search&utm_source=GVWAITeAe13hPk5JlriDSg
cherry-bomb-beer-and-burgers-watertown,"[{'alias': 'bars', 'title': 'Bars'}, {'alias': 'burgers', 'title': 'Burgers'}]","{'latitude': 43.1952536, 'longitude': -88.7338578}",(920) 390-4959,19103.725768858872,1KmxMW_Z_lGNe_bG_44uUw,https://s3-media1.fl.yelpcdn.com/bphoto/ksqxqJFLqppN6AJnbUp3Xw/o.jpg,False,"{'address1': '715 W Main St', 'address2': '', 'address3': None, 'city': 'Watertown', 'zip_code': '53094', 'country': 'US', 'state': 'WI', 'display_address': ['715 W Main St', 'Watertown, WI 53094']}",Cherry Bomb Beer And Burgers,+19203904959,,4.5,3,[],https://www.yelp.com/biz/cherry-bomb-beer-and-burgers-watertown?adjust_creative=GVWAITeAe13hPk5JlriDSg&utm_campaign=yelp_api_v3&utm_medium=api_v3_business_search&utm_source=GVWAITeAe13hPk5JlriDSg
la-finca-de-adobe-restaurant-watertown,"[{'alias': 'mexican', 'title': 'Mexican'}, {'alias': 'newamerican', 'title': 'American (New)'}]","{'latitude': 43.19421, 'longitude': -88.72187}",(920) 262-6360,18723.94438962835,rOY3hOpoAlQvvlm6Xn0zKQ,https://s3-media4.fl.yelpcdn.com/bphoto/L50C1p8Rlv9-ToFae1qxzw/o.jpg,False,"{'address1': '302 E Main St', 'address2': None, 'address3': None, 'city': 'Watertown', 'zip_code': '53094', 'country': 'US', 'state': 'WI', 'display_address': ['302 E Main St', 'Watertown, WI 53094']}",La Finca De Adobe Restaurant,+19202626360,$$,3.0,8,[],https://www.yelp.com/biz/la-finca-de-adobe-restaurant-watertown?adjust_creative=GVWAITeAe13hPk5JlriDSg&utm_campaign=yelp_api_v3&utm_medium=api_v3_business_search&utm_source=GVWAITeAe13hPk5JlriDSg
marcos-pizza-watertown,"[{'alias': 'pizza', 'title': 'Pizza'}]","{'latitude': 43.19297, 'longitude': -88.71644}",(920) 206-2666,18635.5321843484,R0dNQiCtfiXVkL62QSPHyw,https://s3-media3.fl.yelpcdn.com/bphoto/VAjY218sB0UWEiQR-xX6ZA/o.jpg,False,"{'address1': '813 E Main St', 'address2': '', 'address3': '', 'city': 'Watertown', 'zip_code': '53094', 'country': 'US', 'state': 'WI', 'display_address': ['813 E Main St', 'Watertown, WI 53094']}",Marco's Pizza,+19202062666,,4.0,5,[],https://www.yelp.com/biz/marcos-pizza-watertown?adjust_creative=GVWAITeAe13hPk5JlriDSg&utm_campaign=yelp_api_v3&utm_medium=api_v3_business_search&utm_source=GVWAITeAe13hPk5JlriDSg
hausers-hideaway-rubicon,"[{'alias': 'divebars', 'title': 'Dive Bars'}, {'alias': 'tradamerican', 'title': 'American (Traditional)'}]","{'latitude': 43.339897, 'longitude': -88.458465}",(262) 670-9311,12164.38488800281,0TpwR2611MneSypsFidvkw,https://s3-media2.fl.yelpcdn.com/bphoto/WvrNhDa1fKyaHqs-VK-tAA/o.jpg,False,"{'address1': 'N4095 County Road P', 'address2': None, 'address3': None, 'city': 'Rubicon', 'zip_code': '53078', 'country': 'US', 'state': 'WI', 'display_address': ['N4095 County Road P', 'Rubicon, WI 53078']}",Hauser's Hideaway,+12626709311,,5.0,1,[],https://www.yelp.com/biz/hausers-hideaway-rubicon?adjust_creative=GVWAITeAe13hPk5JlriDSg&utm_campaign=yelp_api_v3&utm_medium=api_v3_business_search&utm_source=GVWAITeAe13hPk5JlriDSg
deegs-grill-and-bar-watertown,"[{'alias': 'burgers', 'title': 'Burgers'}, {'alias': 'breakfast_brunch', 'title': 'Breakfast & Brunch'}, {'alias': 'mexican', 'title': 'Mexican'}]","{'latitude': 43.1979713439941, 'longitude': -88.7466812133789}",(920) 261-8977,19436.20447999436,NVX_y7k2HeIPkkafQiT38A,https://s3-media3.fl.yelpcdn.com/bphoto/9cDGWZcYIF2o0Hk1iLIBwA/o.jpg,False,"{'address1': '1002 W Main St', 'address2': '', 'address3': '', 'city': 'Watertown', 'zip_code': '53098', 'country': 'US', 'state': 'WI', 'display_address': ['1002 W Main St', 'Watertown, WI 53098']}",Deeg's Grill & Bar,+19202618977,$,3.0,10,[],https://www.yelp.com/biz/deegs-grill-and-bar-watertown?adjust_creative=GVWAITeAe13hPk5JlriDSg&utm_campaign=yelp_api_v3&utm_medium=api_v3_business_search&utm_source=GVWAITeAe13hPk5JlriDSg
chang-jiang-buffet-beaver-dam,"[{'alias': 'chinese', 'title': 'Chinese'}, {'alias': 'buffets', 'title': 'Buffets'}]","{'latitude': 43.48705, 'longitude': -88.81187}",(920) 887-8889,23108.603777100223,OBkXDji8PNPBT3MMoya36w,https://s3-media3.fl.yelpcdn.com/bphoto/qd1tF0iBuoNk0Tf-0ykTAQ/o.jpg,False,"{'address1': '106 Frances Ln', 'address2': None, 'address3': None, 'city': 'Beaver Dam', 'zip_code': '53916', 'country': 'US', 'state': 'WI', 'display_address': ['106 Frances Ln', 'Beaver Dam, WI 53916']}",Chang Jiang Buffet,+19208878889,$,3.5,8,[],https://www.yelp.com/biz/chang-jiang-buffet-beaver-dam?adjust_creative=GVWAITeAe13hPk5JlriDSg&utm_campaign=yelp_api_v3&utm_medium=api_v3_business_search&utm_source=GVWAITeAe13hPk5JlriDSg
horicon-ledge-park-horicon,"[{'alias': 'parks', 'title': 'Parks'}]","{'latitude': 43.466281, 'longitude': -88.584442}",(920) 387-5450,14056.952999913121,_cK4HbiDBZ7emfGwCt8Flw,https://s3-media4.fl.yelpcdn.com/bphoto/IwdtW2znbprp74udjyvMTQ/o.jpg,False,"{'address1': 'N7403 Park Rd', 'address2': '', 'address3': '', 'city': 'Horicon', 'zip_code': '53032', 'country': 'US', 'state': 'WI', 'display_address': ['N7403 Park Rd', 'Horicon, WI 53032']}",Horicon Ledge Park,+19203875450,,5.0,1,[],https://www.yelp.com/biz/horicon-ledge-park-horicon?adjust_creative=GVWAITeAe13hPk5JlriDSg&utm_campaign=yelp_api_v3&utm_medium=api_v3_business_search&utm_source=GVWAITeAe13hPk5JlriDSg
riverview-water-trap-watertown,"[{'alias': 'bars', 'title': 'Bars'}]","{'latitude': 43.2017631530762, 'longitude': -88.7159118652344}",(920) 262-0543,17756.85650249121,HtrezvOzTtGTsplW-xXBBw,,False,"{'address1': '1022 N 4th St', 'address2': '', 'address3': '', 'city': 'Watertown', 'zip_code': '53098', 'country': 'US', 'state': 'WI', 'display_address': ['1022 N 4th St', 'Watertown, WI 53098']}",Riverview Water Trap,+19202620543,,5.0,2,[],https://www.yelp.com/biz/riverview-water-trap-watertown?adjust_creative=GVWAITeAe13hPk5JlriDSg&utm_campaign=yelp_api_v3&utm_medium=api_v3_business_search&utm_source=GVWAITeAe13hPk5JlriDSg
windwood-of-watertown-watertown,"[{'alias': 'sports_clubs', 'title': 'Sports Clubs'}, {'alias': 'golf', 'title': 'Golf'}]","{'latitude': 43.20078, 'longitude': -88.67662}",(920) 262-0702,16687.323100569218,j-VdPRExmW1sG6yNUIH_7A,https://s3-media4.fl.yelpcdn.com/bphoto/DrKodfbPbtG8-oJPKrCEzQ/o.jpg,False,"{'address1': 'W5710 County Rd Cw', 'address2': '', 'address3': '', 'city': 'Watertown', 'zip_code': '53098', 'country': 'US', 'state': 'WI', 'display_address': ['W5710 County Rd Cw', 'Watertown, WI 53098']}",Windwood of Watertown,+19202620702,,5.0,1,[],https://www.yelp.com/biz/windwood-of-watertown-watertown?adjust_creative=GVWAITeAe13hPk5JlriDSg&utm_campaign=yelp_api_v3&utm_medium=api_v3_business_search&utm_source=GVWAITeAe13hPk5JlriDSg
two-sisters-cafe-watertown,"[{'alias': 'tradamerican', 'title': 'American (Traditional)'}]","{'latitude': 43.1944990224633, 'longitude': -88.7312889824808}",(920) 261-0001,19080.096398400878,PER62UAZlyKx0oJR1cPg1Q,https://s3-media2.fl.yelpcdn.com/bphoto/wspE6ETenCu4X7xt2V-FIw/o.jpg,False,"{'address1': '1300 Memorial Dr', 'address2': '', 'address3': '', 'city': 'Watertown', 'zip_code': '53098', 'country': 'US', 'state': 'WI', 'display_address': ['1300 Memorial Dr', 'Watertown, WI 53098']}",Two Sisters Cafe,+19202610001,$$,3.5,8,[],https://www.yelp.com/biz/two-sisters-cafe-watertown?adjust_creative=GVWAITeAe13hPk5JlriDSg&utm_campaign=yelp_api_v3&utm_medium=api_v3_business_search&utm_source=GVWAITeAe13hPk5JlriDSg
jbs-on-3rd-watertown-2,"[{'alias': 'burgers', 'title': 'Burgers'}]","{'latitude': 43.1938293, 'longitude': -88.7220282}",(920) 253-1490,18766.483147368606,hoqLn_2Uzazjma_Tam67rQ,https://s3-media4.fl.yelpcdn.com/bphoto/-1QtA4cLIMmdLDHRvkjIZw/o.jpg,False,"{'address1': '301 East Main St', 'address2': None, 'address3': None, 'city': 'Watertown', 'zip_code': '53094', 'country': 'US', 'state': 'WI', 'display_address': ['301 East Main St', 'Watertown, WI 53094']}",JB's on 3rd,+19202531490,,3.5,8,[],https://www.yelp.com/biz/jbs-on-3rd-watertown-2?adjust_creative=GVWAITeAe13hPk5JlriDSg&utm_campaign=yelp_api_v3&utm_medium=api_v3_business_search&utm_source=GVWAITeAe13hPk5JlriDSg
rock-river-tap-horicon,"[{'alias': 'tradamerican', 'title': 'American (Traditional)'}]","{'latitude': 43.45174, 'longitude': -88.63554}",(920) 485-4241,12480.59165985987,jO-Smqu0eRMLk8r64ccM8g,https://s3-media2.fl.yelpcdn.com/bphoto/K6-1DmWtw1kLMoxqe6cMKA/o.jpg,False,"{'address1': '110 W Lake St', 'address2': '', 'address3': '', 'city': 'Horicon', 'zip_code': '53032', 'country': 'US', 'state': 'WI', 'display_address': ['110 W Lake St', 'Horicon, WI 53032']}",Rock River Tap,+19204854241,$$,3.0,5,[],https://www.yelp.com/biz/rock-river-tap-horicon?adjust_creative=GVWAITeAe13hPk5JlriDSg&utm_campaign=yelp_api_v3&utm_medium=api_v3_business_search&utm_source=GVWAITeAe13hPk5JlriDSg
old-hickory-golf-club-beaver-dam-2,"[{'alias': 'golf', 'title': 'Golf'}, {'alias': 'venues', 'title': 'Venues & Event Spaces'}, {'alias': 'golflessons', 'title': 'Golf Lessons'}]","{'latitude': 43.4481447140773, 'longitude': -88.7788456164246}",(920) 887-7179,18173.806994778075,3_UbIb4eovUxZufbpY4mTg,https://s3-media1.fl.yelpcdn.com/bphoto/uFByz0KqKHZKfRQFTSgrPA/o.jpg,False,"{'address1': 'W7596 State Rd 33', 'address2': '', 'address3': '', 'city': 'Beaver Dam', 'zip_code': '53916', 'country': 'US', 'state': 'WI', 'display_address': ['W7596 State Rd 33', 'Beaver Dam, WI 53916']}",Old Hickory Golf Club,+19208877179,,3.5,5,[],https://www.yelp.com/biz/old-hickory-golf-club-beaver-dam-2?adjust_creative=GVWAITeAe13hPk5JlriDSg&utm_campaign=yelp_api_v3&utm_medium=api_v3_business_search&utm_source=GVWAITeAe13hPk5JlriDSg
phils-pizza-palace-watertown,"[{'alias': 'pizza', 'title': 'Pizza'}]","{'latitude': 43.1936950683594, 'longitude': -88.7235260009766}",(920) 261-0102,18839.238615765087,tT4s82641Q2sLsizpM8o0A,https://s3-media3.fl.yelpcdn.com/bphoto/DCCM1TcqfTALm6b1lZiDdQ/o.jpg,False,"{'address1': '112 S 2nd St', 'address2': '', 'address3': '', 'city': 'Watertown', 'zip_code': '53094', 'country': 'US', 'state': 'WI', 'display_address': ['112 S 2nd St', 'Watertown, WI 53094']}",Phil's Pizza Palace,+19202610102,$,4.0,4,[],https://www.yelp.com/biz/phils-pizza-palace-watertown?adjust_creative=GVWAITeAe13hPk5JlriDSg&utm_campaign=yelp_api_v3&utm_medium=api_v3_business_search&utm_source=GVWAITeAe13hPk5JlriDSg
heines-famous-pizza-horicon,"[{'alias': 'pizza', 'title': 'Pizza'}]","{'latitude': 43.4527283, 'longitude': -88.6962738}",(920) 386-2181,14293.850767762564,3GPjJstti9-aYCn_OU3aPA,https://s3-media1.fl.yelpcdn.com/bphoto/j0k2nqDzkehuIL1l9PGbaw/o.jpg,False,"{'address1': 'N7115 Center St', 'address2': '', 'address3': '', 'city': 'Horicon', 'zip_code': '53032', 'country': 'US', 'state': 'WI', 'display_address': ['N7115 Center St', 'Horicon, WI 53032']}",Heine's Famous Pizza,+19203862181,$,3.0,5,[],https://www.yelp.com/biz/heines-famous-pizza-horicon?adjust_creative=GVWAITeAe13hPk5JlriDSg&utm_campaign=yelp_api_v3&utm_medium=api_v3_business_search&utm_source=GVWAITeAe13hPk5JlriDSg
rock-river-pizza-watertown-5,"[{'alias': 'pizza', 'title': 'Pizza'}, {'alias': 'italian', 'title': 'Italian'}, {'alias': 'bars', 'title': 'Bars'}]","{'latitude': 43.19526, 'longitude': -88.72364}",(920) 262-9992,18699.29153278586,OtQcgIukwEJ4aFz9tdG9fg,https://s3-media1.fl.yelpcdn.com/bphoto/bxZJemf2tfRLBfHd2lAHGA/o.jpg,False,"{'address1': '100 E Madison St', 'address2': None, 'address3': None, 'city': 'Watertown', 'zip_code': '53094', 'country': 'US', 'state': 'WI', 'display_address': ['100 E Madison St', 'Watertown, WI 53094']}",Rock River Pizza,+19202629992,$$,2.5,14,[],https://www.yelp.com/biz/rock-river-pizza-watertown-5?adjust_creative=GVWAITeAe13hPk5JlriDSg&utm_campaign=yelp_api_v3&utm_medium=api_v3_business_search&utm_source=GVWAITeAe13hPk5JlriDSg
nunatak-coffee-beaver-dam,"[{'alias': 'coffee', 'title': 'Coffee & Tea'}]","{'latitude': 43.4846709, 'longitude': -88.8096782}",(920) 356-5080,22758.259686692832,D9tvwEiA8Jntkw36DCxR3g,https://s3-media1.fl.yelpcdn.com/bphoto/2siSUfAlElGDEqghkNjQxg/o.jpg,False,"{'address1': '201 Gateway Dr', 'address2': 'Ste 100', 'address3': None, 'city': 'Beaver Dam', 'zip_code': '53916', 'country': 'US', 'state': 'WI', 'display_address': ['201 Gateway Dr', 'Ste 100', 'Beaver Dam, WI 53916']}",Nunatak Coffee,+19203565080,,5.0,2,[],https://www.yelp.com/biz/nunatak-coffee-beaver-dam?adjust_creative=GVWAITeAe13hPk5JlriDSg&utm_campaign=yelp_api_v3&utm_medium=api_v3_business_search&utm_source=GVWAITeAe13hPk5JlriDSg
the-coffee-cup-iron-ridge,"[{'alias': 'coffee', 'title': 'Coffee & Tea'}]","{'latitude': 43.441757, 'longitude': -88.542648}",,12404.016864516307,dTcMbjtkJZiMqsSa-YV45g,https://s3-media2.fl.yelpcdn.com/bphoto/hO4He-JKLSwJze_CzhuuZQ/o.jpg,False,"{'address1': 'N6869 State Rd 67', 'address2': '', 'address3': '', 'city': 'Iron Ridge', 'zip_code': '53035', 'country': 'US', 'state': 'WI', 'display_address': ['N6869 State Rd 67', 'Iron Ridge, WI 53035']}",The Coffee Cup,,$,4.0,1,[],https://www.yelp.com/biz/the-coffee-cup-iron-ridge?adjust_creative=GVWAITeAe13hPk5JlriDSg&utm_campaign=yelp_api_v3&utm_medium=api_v3_business_search&utm_source=GVWAITeAe13hPk5JlriDSg
kathys-buffalo-bar-watertown,"[{'alias': 'bars', 'title': 'Bars'}]","{'latitude': 43.20808, 'longitude': -88.73568}",(920) 261-0186,18061.760461682337,-OqS2JmFp5yKKhkPtSk5ZQ,https://s3-media3.fl.yelpcdn.com/bphoto/2oB2piwELtg-vOaLmHo5jw/o.jpg,False,"{'address1': '814 N Church St', 'address2': '', 'address3': None, 'city': 'Watertown', 'zip_code': '53098', 'country': 'US', 'state': 'WI', 'display_address': ['814 N Church St', 'Watertown, WI 53098']}",Kathy's Buffalo Bar,+19202610186,,5.0,1,[],https://www.yelp.com/biz/kathys-buffalo-bar-watertown?adjust_creative=GVWAITeAe13hPk5JlriDSg&utm_campaign=yelp_api_v3&utm_medium=api_v3_business_search&utm_source=GVWAITeAe13hPk5JlriDSg
lyle-mormon-lake-trail-1919-washington,"[{'alias': 'hiking', 'title': 'Hiking'}]","{'latitude': 38.887455, 'longitude': -77.0321274}",(800) 832-1355,15545.923603406254,sccyA9x2AtOhi8ZfGRttPQ,,False,"{'address1': '1400 Independence Ave SW', 'address2': '', 'address3': '', 'city': 'Washington', 'zip_code': '20250', 'country': 'US', 'state': 'CO', 'display_address': ['1400 Independence Ave SW', 'Washington, CO 20250']}",Lyle/Mormon Lake Trail #1919,+18008321355,,4.0,1,[],https://www.yelp.com/biz/lyle-mormon-lake-trail-1919-washington?adjust_creative=GVWAITeAe13hPk5JlriDSg&utm_campaign=yelp_api_v3&utm_medium=api_v3_business_search&utm_source=GVWAITeAe13hPk5JlriDSg
watertown-bowl-watertown,"[{'alias': 'amateursportsteams', 'title': 'Amateur Sports Teams'}, {'alias': 'bowling', 'title': 'Bowling'}, {'alias': 'bars', 'title': 'Bars'}]","{'latitude': 43.1970215, 'longitude': -88.7250366}",(920) 261-1796,18567.046958059367,y95yyu2amQNmV0-jYxOPaQ,https://s3-media1.fl.yelpcdn.com/bphoto/BTcupdrfXe_dXLRuqDlhqg/o.jpg,False,"{'address1': '102 W Cady St', 'address2': '', 'address3': '', 'city': 'Watertown', 'zip_code': '53094', 'country': 'US', 'state': 'WI', 'display_address': ['102 W Cady St', 'Watertown, WI 53094']}",Watertown Bowl,+19202611796,,4.0,2,[],https://www.yelp.com/biz/watertown-bowl-watertown?adjust_creative=GVWAITeAe13hPk5JlriDSg&utm_campaign=yelp_api_v3&utm_medium=api_v3_business_search&utm_source=GVWAITeAe13hPk5JlriDSg
horicon-hills-golf-club-horicon,"[{'alias': 'golf', 'title': 'Golf'}]","{'latitude': 43.424453, 'longitude': -88.639751}",(920) 643-2000,9597.373357965398,mR0Umex6JvrfoMEf3w4icw,https://s3-media3.fl.yelpcdn.com/bphoto/Ax4k7-jVLO3jP1qU6LY3ww/o.jpg,False,"{'address1': '3000 Main St', 'address2': '', 'address3': '', 'city': 'Horicon', 'zip_code': '53032', 'country': 'US', 'state': 'WI', 'display_address': ['3000 Main St', 'Horicon, WI 53032']}",Horicon  Hills Golf Club,+19206432000,,2.0,2,[],https://www.yelp.com/biz/horicon-hills-golf-club-horicon?adjust_creative=GVWAITeAe13hPk5JlriDSg&utm_campaign=yelp_api_v3&utm_medium=api_v3_business_search&utm_source=GVWAITeAe13hPk5JlriDSg
firecracker-pub-watertown,"[{'alias': 'pubs', 'title': 'Pubs'}, {'alias': 'sportsbars', 'title': 'Sports Bars'}]","{'latitude': 43.194, 'longitude': -88.71946}",(920) 261-2707,18646.52997419946,i516BnXEbu8UvoQLwYvTTw,https://s3-media3.fl.yelpcdn.com/bphoto/YxOfX5fQtgbhzYTDpgBs4g/o.jpg,False,"{'address1': '516 E Main St', 'address2': None, 'address3': None, 'city': 'Watertown', 'zip_code': '53094', 'country': 'US', 'state': 'WI', 'display_address': ['516 E Main St', 'Watertown, WI 53094']}",Firecracker Pub,+19202612707,,5.0,1,[],https://www.yelp.com/biz/firecracker-pub-watertown?adjust_creative=GVWAITeAe13hPk5JlriDSg&utm_campaign=yelp_api_v3&utm_medium=api_v3_business_search&utm_source=GVWAITeAe13hPk5JlriDSg
dominos-pizza-horicon,"[{'alias': 'pizza', 'title': 'Pizza'}, {'alias': 'chicken_wings', 'title': 'Chicken Wings'}, {'alias': 'sandwiches', 'title': 'Sandwiches'}]","{'latitude': 43.4444274902344, 'longitude': -88.6467742919922}",(920) 485-4555,11898.444983337471,SYiuLJ1SWwDebOye9RGo9Q,,False,"{'address1': '602 Washington St', 'address2': '', 'address3': '', 'city': 'Horicon', 'zip_code': '53032', 'country': 'US', 'state': 'WI', 'display_address': ['602 Washington St', 'Horicon, WI 53032']}",Domino's Pizza,+19204854555,,2.0,3,[],https://www.yelp.com/biz/dominos-pizza-horicon?adjust_creative=GVWAITeAe13hPk5JlriDSg&utm_campaign=yelp_api_v3&utm_medium=api_v3_business_search&utm_source=GVWAITeAe13hPk5JlriDSg
old-hickory-dining-beaver-dam-2,"[{'alias': 'tradamerican', 'title': 'American (Traditional)'}, {'alias': 'seafood', 'title': 'Seafood'}]","{'latitude': 43.451381, 'longitude': -88.775863}",(920) 887-7179,19986.74275831114,KTUuMs-5WhiNU0eDba6u9A,https://s3-media1.fl.yelpcdn.com/bphoto/rLqNgtK7aEURqJsFHnJixw/o.jpg,False,"{'address1': 'W7596 State Rd 33', 'address2': '', 'address3': '', 'city': 'Beaver Dam', 'zip_code': '53916', 'country': 'US', 'state': 'WI', 'display_address': ['W7596 State Rd 33', 'Beaver Dam, WI 53916']}",Old Hickory Dining,+19208877179,$$,5.0,1,[],https://www.yelp.com/biz/old-hickory-dining-beaver-dam-2?adjust_creative=GVWAITeAe13hPk5JlriDSg&utm_campaign=yelp_api_v3&utm_medium=api_v3_business_search&utm_source=GVWAITeAe13hPk5JlriDSg
neosho-co-operative-neosho-2,"[{'alias': 'coffee', 'title': 'Coffee & Tea'}, {'alias': 'vintage', 'title': 'Used, Vintage & Consignment'}]","{'latitude': 43.3095, 'longitude': -88.51877}",(920) 625-2255,8100.5690995003815,L2_CyctaTMGv37qtrSuRfw,https://s3-media3.fl.yelpcdn.com/bphoto/Pr_Pl0-tMIvSfah7Se5PsA/o.jpg,False,"{'address1': '238 S Schuyler St', 'address2': None, 'address3': '', 'city': 'Neosho', 'zip_code': '53059', 'country': 'US', 'state': 'WI', 'display_address': ['238 S Schuyler St', 'Neosho, WI 53059']}",Neosho Co-Operative,+19206252255,,5.0,1,[],https://www.yelp.com/biz/neosho-co-operative-neosho-2?adjust_creative=GVWAITeAe13hPk5JlriDSg&utm_campaign=yelp_api_v3&utm_medium=api_v3_business_search&utm_source=GVWAITeAe13hPk5JlriDSg
papa-murphys-beaver-dam,"[{'alias': 'pizza', 'title': 'Pizza'}]","{'latitude': 43.48705, 'longitude': -88.81187}",(920) 887-7700,23108.603777100223,T7oOsM_MK7GQKgxK8uUYMw,,False,"{'address1': '106 Frances Lane', 'address2': None, 'address3': None, 'city': 'Beaver Dam', 'zip_code': '53916', 'country': 'US', 'state': 'WI', 'display_address': ['106 Frances Lane', 'Beaver Dam, WI 53916']}",Papa Murphy's,+19208877700,$,3.0,6,[],https://www.yelp.com/biz/papa-murphys-beaver-dam?adjust_creative=GVWAITeAe13hPk5JlriDSg&utm_campaign=yelp_api_v3&utm_medium=api_v3_business_search&utm_source=GVWAITeAe13hPk5JlriDSg
steves-bar-watertown,"[{'alias': 'tradamerican', 'title': 'American (Traditional)'}, {'alias': 'bars', 'title': 'Bars'}]","{'latitude': 43.201162, 'longitude': -88.716126}",(920) 261-1510,17821.3431800409,XRdKXzNS_45JdUT0G1Wl8A,,False,"{'address1': 'N1016 County Rd L', 'address2': '', 'address3': '', 'city': 'Watertown', 'zip_code': '53098', 'country': 'US', 'state': 'WI', 'display_address': ['N1016 County Rd L', 'Watertown, WI 53098']}",Steve's Bar,+19202611510,$$,3.0,3,[],https://www.yelp.com/biz/steves-bar-watertown?adjust_creative=GVWAITeAe13hPk5JlriDSg&utm_campaign=yelp_api_v3&utm_medium=api_v3_business_search&utm_source=GVWAITeAe13hPk5JlriDSg
on-the-rocks-bar-and-grill-neosho-3,"[{'alias': 'tradamerican', 'title': 'American (Traditional)'}, {'alias': 'bars', 'title': 'Bars'}, {'alias': 'pizza', 'title': 'Pizza'}]","{'latitude': 43.31348, 'longitude': -88.518}",(920) 625-2474,7958.369014347843,Nl9PLKnEHEEYx3TipfZg3w,https://s3-media2.fl.yelpcdn.com/bphoto/ftponVMK0wubL7kqEFH8zQ/o.jpg,False,"{'address1': '211 N Schuyler St', 'address2': None, 'address3': None, 'city': 'Neosho', 'zip_code': '53059', 'country': 'US', 'state': 'WI', 'display_address': ['211 N Schuyler St', 'Neosho, WI 53059']}",On the Rocks Bar and Grill,+19206252474,,4.0,1,[],https://www.yelp.com/biz/on-the-rocks-bar-and-grill-neosho-3?adjust_creative=GVWAITeAe13hPk5JlriDSg&utm_campaign=yelp_api_v3&utm_medium=api_v3_business_search&utm_source=GVWAITeAe13hPk5JlriDSg
ziehmes-bar-pumpkin-center-juneau,"[{'alias': 'bars', 'title': 'Bars'}]","{'latitude': 43.370182, 'longitude': -88.796737}",(920) 927-5491,15530.429469779667,QETRF1rcQ9aafCxWlpICQw,,False,"{'address1': 'N4851 County Rd I', 'address2': '', 'address3': '', 'city': 'Juneau', 'zip_code': '53039', 'country': 'US', 'state': 'WI', 'display_address': ['N4851 County Rd I', 'Juneau, WI 53039']}",Ziehme's Bar Pumpkin Center,+19209275491,,3.0,1,[],https://www.yelp.com/biz/ziehmes-bar-pumpkin-center-juneau?adjust_creative=GVWAITeAe13hPk5JlriDSg&utm_campaign=yelp_api_v3&utm_medium=api_v3_business_search&utm_source=GVWAITeAe13hPk5JlriDSg
jimmy-johns-watertown-3,"[{'alias': 'delis', 'title': 'Delis'}, {'alias': 'sandwiches', 'title': 'Sandwiches'}, {'alias': 'hotdogs', 'title': 'Fast Food'}]","{'latitude': 43.1951637268066, 'longitude': -88.7281875610352}",(920) 262-8380,18892.92579099507,JMQTxGAs90XxvCuhhuPmOQ,https://s3-media3.fl.yelpcdn.com/bphoto/xxx-xISECruZKOd7WKAUbQ/o.jpg,False,"{'address1': '103 N Church St', 'address2': None, 'address3': None, 'city': 'Watertown', 'zip_code': '53094', 'country': 'US', 'state': 'WI', 'display_address': ['103 N Church St', 'Watertown, WI 53094']}",Jimmy John's,+19202628380,$$,2.5,3,[],https://www.yelp.com/biz/jimmy-johns-watertown-3?adjust_creative=GVWAITeAe13hPk5JlriDSg&utm_campaign=yelp_api_v3&utm_medium=api_v3_business_search&utm_source=GVWAITeAe13hPk5JlriDSg
brandt-quirk-park-watertown,"[{'alias': 'parks', 'title': 'Parks'}]","{'latitude': 43.2094612, 'longitude': -88.7470093}",,18726.735729286705,DDuZR4G1tBEj9FwvVZwlww,https://s3-media2.fl.yelpcdn.com/bphoto/UOYKn27DgLIe7xhXkUKt0A/o.jpg,False,"{'address1': '800 Carriage Hill Dr', 'address2': '', 'address3': '', 'city': 'Watertown', 'zip_code': '53098', 'country': 'US', 'state': 'WI', 'display_address': ['800 Carriage Hill Dr', 'Watertown, WI 53098']}",Brandt-Quirk Park,,,4.0,1,[],https://www.yelp.com/biz/brandt-quirk-park-watertown?adjust_creative=GVWAITeAe13hPk5JlriDSg&utm_campaign=yelp_api_v3&utm_medium=api_v3_business_search&utm_source=GVWAITeAe13hPk5JlriDSg
thirsty-rhino-watertown,"[{'alias': 'bars', 'title': 'Bars'}]","{'latitude': 43.1949196, 'longitude': -88.7270813}",(920) 206-1240,18869.029870288712,dcsituH5LXPWyldR0osbtg,https://s3-media1.fl.yelpcdn.com/bphoto/2ww-fd9NlXalBLz9w7nyYA/o.jpg,False,"{'address1': '222 W Main St', 'address2': '', 'address3': '', 'city': 'Watertown', 'zip_code': '53094', 'country': 'US', 'state': 'WI', 'display_address': ['222 W Main St', 'Watertown, WI 53094']}",Thirsty Rhino,+19202061240,,4.0,1,[],https://www.yelp.com/biz/thirsty-rhino-watertown?adjust_creative=GVWAITeAe13hPk5JlriDSg&utm_campaign=yelp_api_v3&utm_medium=api_v3_business_search&utm_source=GVWAITeAe13hPk5JlriDSg
crossroads-inn-rubicon,"[{'alias': 'newamerican', 'title': 'American (New)'}]","{'latitude': 43.32607, 'longitude': -88.458368}",(262) 457-2076,12285.871132031221,HCAB_eV0WM4uVs9MaFHzpA,,False,"{'address1': 'N3706 Cty Tk P', 'address2': None, 'address3': None, 'city': 'Rubicon', 'zip_code': '53078', 'country': 'US', 'state': 'WI', 'display_address': ['N3706 Cty Tk P', 'Rubicon, WI 53078']}",Crossroads Inn,+12624572076,,5.0,1,[],https://www.yelp.com/biz/crossroads-inn-rubicon?adjust_creative=GVWAITeAe13hPk5JlriDSg&utm_campaign=yelp_api_v3&utm_medium=api_v3_business_search&utm_source=GVWAITeAe13hPk5JlriDSg
pjs-family-restaurant-juneau,"[{'alias': 'newamerican', 'title': 'American (New)'}]","{'latitude': 43.4057273864746, 'longitude': -88.7092895507812}",(920) 386-5691,10838.25075858233,XLUsInvThQK6ASVNUNv3_Q,,False,"{'address1': '255 W Oak Grove St', 'address2': '', 'address3': '', 'city': 'Juneau', 'zip_code': '53039', 'country': 'US', 'state': 'WI', 'display_address': ['255 W Oak Grove St', 'Juneau, WI 53039']}",Pj's Family Restaurant,+19203865691,$$,1.0,1,[],https://www.yelp.com/biz/pjs-family-restaurant-juneau?adjust_creative=GVWAITeAe13hPk5JlriDSg&utm_campaign=yelp_api_v3&utm_medium=api_v3_business_search&utm_source=GVWAITeAe13hPk5JlriDSg
trackside-ashippun,"[{'alias': 'bars', 'title': 'Bars'}, {'alias': 'tradamerican', 'title': 'American (Traditional)'}]","{'latitude': 43.21178, 'longitude': -88.51698}",(920) 474-7377,16203.7620434871,seiF2D3lSPH5aqwlwtbSVQ,https://s3-media1.fl.yelpcdn.com/bphoto/81yE7vEW-jF1_tl_4S8hTg/o.jpg,False,"{'address1': 'W2453 Oak St', 'address2': '', 'address3': '', 'city': 'Ashippun', 'zip_code': '53003', 'country': 'US', 'state': 'WI', 'display_address': ['W2453 Oak St', 'Ashippun, WI 53003']}",Trackside,+19204747377,,5.0,1,[],https://www.yelp.com/biz/trackside-ashippun?adjust_creative=GVWAITeAe13hPk5JlriDSg&utm_campaign=yelp_api_v3&utm_medium=api_v3_business_search&utm_source=GVWAITeAe13hPk5JlriDSg
c-d-becks-cafe-watertown,"[{'alias': 'restaurants', 'title': 'Restaurants'}]","{'latitude': 43.194450378418, 'longitude': -88.7232360839844}",(920) 261-8760,18754.49675981923,7hwV6f56HAraiqVJSBiWUA,,False,"{'address1': '116 E Main St', 'address2': '', 'address3': '', 'city': 'Watertown', 'zip_code': '53094', 'country': 'US', 'state': 'WI', 'display_address': ['116 E Main St', 'Watertown, WI 53094']}",C D Beck's Cafe,+19202618760,$,3.0,1,[],https://www.yelp.com/biz/c-d-becks-cafe-watertown?adjust_creative=GVWAITeAe13hPk5JlriDSg&utm_campaign=yelp_api_v3&utm_medium=api_v3_business_search&utm_source=GVWAITeAe13hPk5JlriDSg
liskos-tavern-rubicon,"[{'alias': 'bars', 'title': 'Bars'}]","{'latitude': 43.38441, 'longitude': -88.46097}",(262) 673-4535,12890.030558072936,FUMN6Ki0QTyy_irj33NUlA,,False,"{'address1': 'N5281 County Rd P', 'address2': '', 'address3': '', 'city': 'Rubicon', 'zip_code': '53078', 'country': 'US', 'state': 'WI', 'display_address': ['N5281 County Rd P', 'Rubicon, WI 53078']}",Lisko's Tavern,+12626734535,,4.0,1,[],https://www.yelp.com/biz/liskos-tavern-rubicon?adjust_creative=GVWAITeAe13hPk5JlriDSg&utm_campaign=yelp_api_v3&utm_medium=api_v3_business_search&utm_source=GVWAITeAe13hPk5JlriDSg
hardees-watertown,"[{'alias': 'hotdogs', 'title': 'Fast Food'}]","{'latitude': 43.1931801, 'longitude': -88.717392}",(920) 262-9640,18663.98595573771,SWn24CWaATXgYAJW_CkPEA,https://s3-media2.fl.yelpcdn.com/bphoto/38qvHJ1Kw4PkemakjGcXMg/o.jpg,False,"{'address1': '715 E Main St', 'address2': '', 'address3': '', 'city': 'Watertown', 'zip_code': '53094', 'country': 'US', 'state': 'WI', 'display_address': ['715 E Main St', 'Watertown, WI 53094']}",Hardee's,+19202629640,,2.5,3,[],https://www.yelp.com/biz/hardees-watertown?adjust_creative=GVWAITeAe13hPk5JlriDSg&utm_campaign=yelp_api_v3&utm_medium=api_v3_business_search&utm_source=GVWAITeAe13hPk5JlriDSg
cindi-and-mikes-trackside-bar-and-grill-ashippun,"[{'alias': 'breakfast_brunch', 'title': 'Breakfast & Brunch'}, {'alias': 'burgers', 'title': 'Burgers'}, {'alias': 'pizza', 'title': 'Pizza'}]","{'latitude': 43.2118988037109, 'longitude': -88.5160980224609}",(920) 474-7377,16203.7620434871,3tAELmZc9H8gaPmLFdDxqw,https://s3-media4.fl.yelpcdn.com/bphoto/uJGuLxkNk0Yo7Q9xpHfWcQ/o.jpg,False,"{'address1': 'W 2453 Oak St', 'address2': None, 'address3': None, 'city': 'Ashippun', 'zip_code': '53003', 'country': 'US', 'state': 'WI', 'display_address': ['W 2453 Oak St', 'Ashippun, WI 53003']}",Cindi & Mike's Trackside Bar & Grill,+19204747377,,4.0,1,[],https://www.yelp.com/biz/cindi-and-mikes-trackside-bar-and-grill-ashippun?adjust_creative=GVWAITeAe13hPk5JlriDSg&utm_campaign=yelp_api_v3&utm_medium=api_v3_business_search&utm_source=GVWAITeAe13hPk5JlriDSg
old-world-wisconsin-eagle,"[{'alias': 'museums', 'title': 'Museums'}, {'alias': 'tours', 'title': 'Tours'}, {'alias': 'daycamps', 'title': 'Day Camps'}]","{'latitude': 42.89478, 'longitude': -88.47405}",(262) 594-6301,53009.17344796149,GjgU5DFC76tA9yZ7sCsHJw,https://s3-media1.fl.yelpcdn.com/bphoto/6ep8f-2aqr-sqQOleFzylQ/o.jpg,False,"{'address1': 'W372 S9727 Hwy 67', 'address2': '', 'address3': '', 'city': 'Eagle', 'zip_code': '53119', 'country': 'US', 'state': 'WI', 'display_address': ['W372 S9727 Hwy 67', 'Eagle, WI 53119']}",Old World Wisconsin,+12625946301,,4.5,24,[],https://www.yelp.com/biz/old-world-wisconsin-eagle?adjust_creative=GVWAITeAe13hPk5JlriDSg&utm_campaign=yelp_api_v3&utm_medium=api_v3_business_search&utm_source=GVWAITeAe13hPk5JlriDSg
danny-boys-irish-pub-horicon,"[{'alias': 'burgers', 'title': 'Burgers'}, {'alias': 'pubs', 'title': 'Pubs'}]","{'latitude': 43.451343536377, 'longitude': -88.631706237793}",(920) 485-0823,12400.814343037524,qEGtlKChU_yIUTHrK2AyRg,https://s3-media3.fl.yelpcdn.com/bphoto/GGVIv6RQ-1sCh1-Xag_-dQ/o.jpg,False,"{'address1': '315 E Lake St', 'address2': None, 'address3': None, 'city': 'Horicon', 'zip_code': '53032', 'country': 'US', 'state': 'WI', 'display_address': ['315 E Lake St', 'Horicon, WI 53032']}",Danny Boys Irish Pub,+19204850823,$$,3.0,1,[],https://www.yelp.com/biz/danny-boys-irish-pub-horicon?adjust_creative=GVWAITeAe13hPk5JlriDSg&utm_campaign=yelp_api_v3&utm_medium=api_v3_business_search&utm_source=GVWAITeAe13hPk5JlriDSg
arbys-beaver-dam-3,"[{'alias': 'hotdogs', 'title': 'Fast Food'}, {'alias': 'sandwiches', 'title': 'Sandwiches'}]","{'latitude': 43.4883499, 'longitude': -88.80707}",(920) 356-0855,22907.976509747015,VSRh3mO3Q8yG3SIv6ChxDg,,False,"{'address1': '121 Frances Ln', 'address2': None, 'address3': None, 'city': 'Beaver Dam', 'zip_code': '53916', 'country': 'US', 'state': 'WI', 'display_address': ['121 Frances Ln', 'Beaver Dam, WI 53916']}",Arby's,+19203560855,,3.0,1,[],https://www.yelp.com/biz/arbys-beaver-dam-3?adjust_creative=GVWAITeAe13hPk5JlriDSg&utm_campaign=yelp_api_v3&utm_medium=api_v3_business_search&utm_source=GVWAITeAe13hPk5JlriDSg
wendys-beaver-dam-2,"[{'alias': 'hotdogs', 'title': 'Fast Food'}, {'alias': 'burgers', 'title': 'Burgers'}]","{'latitude': 43.48725, 'longitude': -88.80999}",(920) 885-5237,22985.955492144458,xKirpbXxqRwrNosHoKRk5Q,https://s3-media2.fl.yelpcdn.com/bphoto/p1TLFPsQUR_DjjJLj2Kzpw/o.jpg,False,"{'address1': '102 Frances Ln', 'address2': None, 'address3': None, 'city': 'Beaver Dam', 'zip_code': '53916', 'country': 'US', 'state': 'WI', 'display_address': ['102 Frances Ln', 'Beaver Dam, WI 53916']}",Wendy's,+19208855237,,3.0,1,[],https://www.yelp.com/biz/wendys-beaver-dam-2?adjust_creative=GVWAITeAe13hPk5JlriDSg&utm_campaign=yelp_api_v3&utm_medium=api_v3_business_search&utm_source=GVWAITeAe13hPk5JlriDSg
yangers-watertown,"[{'alias': 'bars', 'title': 'Bars'}]","{'latitude': 43.1956596, 'longitude': -88.7211075}",(920) 261-1939,18552.244650618246,7iQVy4MvJZiNUEivdTqm7w,,False,"{'address1': '300 N 4th St', 'address2': '', 'address3': '', 'city': 'Watertown', 'zip_code': '53094', 'country': 'US', 'state': 'WI', 'display_address': ['300 N 4th St', 'Watertown, WI 53094']}",Yangers,+19202611939,,5.0,1,[],https://www.yelp.com/biz/yangers-watertown?adjust_creative=GVWAITeAe13hPk5JlriDSg&utm_campaign=yelp_api_v3&utm_medium=api_v3_business_search&utm_source=GVWAITeAe13hPk5JlriDSg
dominos-pizza-watertown-3,"[{'alias': 'pizza', 'title': 'Pizza'}, {'alias': 'chicken_wings', 'title': 'Chicken Wings'}, {'alias': 'sandwiches', 'title': 'Sandwiches'}]","{'latitude': 43.1923141479492, 'longitude': -88.7144088745117}",(920) 262-3030,18621.75708088349,hqGHDBk2m8H48XxsysTQGQ,https://s3-media2.fl.yelpcdn.com/bphoto/XhnAPd4VXvAFJs2To-sXaw/o.jpg,False,"{'address1': '1009 E Main St', 'address2': None, 'address3': None, 'city': 'Watertown', 'zip_code': '53094', 'country': 'US', 'state': 'WI', 'display_address': ['1009 E Main St', 'Watertown, WI 53094']}",Domino's Pizza,+19202623030,,1.0,1,[],https://www.yelp.com/biz/dominos-pizza-watertown-3?adjust_creative=GVWAITeAe13hPk5JlriDSg&utm_campaign=yelp_api_v3&utm_medium=api_v3_business_search&utm_source=GVWAITeAe13hPk5JlriDSg
beaver-dam-country-club-beaver-dam,"[{'alias': 'golf', 'title': 'Golf'}]","{'latitude': 43.5166775, 'longitude': -88.8659297}",(920) 885-4106,19986.74275831114,7bk1mi36D2nSRILxE9iNwQ,,False,"{'address1': 'N8884 State Rd 33', 'address2': '', 'address3': '', 'city': 'Beaver Dam', 'zip_code': '53916', 'country': 'US', 'state': 'WI', 'display_address': ['N8884 State Rd 33', 'Beaver Dam, WI 53916']}",Beaver Dam Country Club,+19208854106,,4.0,1,[],https://www.yelp.com/biz/beaver-dam-country-club-beaver-dam?adjust_creative=GVWAITeAe13hPk5JlriDSg&utm_campaign=yelp_api_v3&utm_medium=api_v3_business_search&utm_source=GVWAITeAe13hPk5JlriDSg
little-caesars-pizza-watertown,"[{'alias': 'pizza', 'title': 'Pizza'}]","{'latitude': 43.1949019009048, 'longitude': -88.7275482579307}",(920) 261-0600,18885.912386331154,AmZce92-kapukel2IjyDGA,https://s3-media2.fl.yelpcdn.com/bphoto/MSEQKTl1ZvraT6AKRR7kew/o.jpg,False,"{'address1': '306 W Main St', 'address2': '', 'address3': '', 'city': 'Watertown', 'zip_code': '53094', 'country': 'US', 'state': 'WI', 'display_address': ['306 W Main St', 'Watertown, WI 53094']}",Little Caesars Pizza,+19202610600,,2.5,2,[],https://www.yelp.com/biz/little-caesars-pizza-watertown?adjust_creative=GVWAITeAe13hPk5JlriDSg&utm_campaign=yelp_api_v3&utm_medium=api_v3_business_search&utm_source=GVWAITeAe13hPk5JlriDSg
burger-king-beaver-dam-2,"[{'alias': 'burgers', 'title': 'Burgers'}, {'alias': 'hotdogs', 'title': 'Fast Food'}]","{'latitude': 43.48835, 'longitude': -88.80707}",(866) 394-2493,22907.976509747015,MeyDITN0n-bPMp6SJ6ohRg,,False,"{'address1': '121 Frances Ln', 'address2': '', 'address3': None, 'city': 'Beaver Dam', 'zip_code': '53916', 'country': 'US', 'state': 'WI', 'display_address': ['121 Frances Ln', 'Beaver Dam, WI 53916']}",Burger King,+18663942493,,1.0,2,[],https://www.yelp.com/biz/burger-king-beaver-dam-2?adjust_creative=GVWAITeAe13hPk5JlriDSg&utm_campaign=yelp_api_v3&utm_medium=api_v3_business_search&utm_source=GVWAITeAe13hPk5JlriDSg
subway-watertown-24,"[{'alias': 'hotdogs', 'title': 'Fast Food'}, {'alias': 'sandwiches', 'title': 'Sandwiches'}]","{'latitude': 43.2009663, 'longitude': -88.7013978}",(920) 206-8760,17295.710140826493,5YhZ0HCsb84JowKEvvxdgA,,False,"{'address1': '1303 Memorial Dr', 'address2': None, 'address3': None, 'city': 'Watertown', 'zip_code': '53098', 'country': 'US', 'state': 'WI', 'display_address': ['1303 Memorial Dr', 'Watertown, WI 53098']}",Subway,+19202068760,,1.0,1,[],https://www.yelp.com/biz/subway-watertown-24?adjust_creative=GVWAITeAe13hPk5JlriDSg&utm_campaign=yelp_api_v3&utm_medium=api_v3_business_search&utm_source=GVWAITeAe13hPk5JlriDSg
golden-dragon-restaurant-and-lounge-watertown,"[{'alias': 'restaurants', 'title': 'Restaurants'}]","{'latitude': 43.1940040588379, 'longitude': -88.7194595336914}",(920) 261-0510,18646.52997419946,FdsYo_gJX3H1uIGFAij2mA,https://s3-media2.fl.yelpcdn.com/bphoto/jYnZ7TOEIyorEJxJYLzqCA/o.jpg,False,"{'address1': '516 E Main St', 'address2': '', 'address3': '', 'city': 'Watertown', 'zip_code': '53094', 'country': 'US', 'state': 'WI', 'display_address': ['516 E Main St', 'Watertown, WI 53094']}",Golden Dragon Restaurant & Lounge,+19202610510,$$,1.0,1,[],https://www.yelp.com/biz/golden-dragon-restaurant-and-lounge-watertown?adjust_creative=GVWAITeAe13hPk5JlriDSg&utm_campaign=yelp_api_v3&utm_medium=api_v3_business_search&utm_source=GVWAITeAe13hPk5JlriDSg
o-tees-pub-and-grill-oconomowoc,"[{'alias': 'pubs', 'title': 'Pubs'}]","{'latitude': 43.2166939257082, 'longitude': -88.4504077629601}",(920) 474-4400,18866.1062145531,i2RI3Pvyo6h2zQr04NSgBQ,https://s3-media3.fl.yelpcdn.com/bphoto/IaRAtn7YeGFgKSVhdjRbRQ/o.jpg,False,"{'address1': 'W1071 County Rd O', 'address2': '', 'address3': '', 'city': 'Oconomowoc', 'zip_code': '53066', 'country': 'US', 'state': 'WI', 'display_address': ['W1071 County Rd O', 'Oconomowoc, WI 53066']}",O' Tees Pub & Grill,+19204744400,,1.0,1,[],https://www.yelp.com/biz/o-tees-pub-and-grill-oconomowoc?adjust_creative=GVWAITeAe13hPk5JlriDSg&utm_campaign=yelp_api_v3&utm_medium=api_v3_business_search&utm_source=GVWAITeAe13hPk5JlriDSg
