alias,categories,coordinates,display_phone,distance,id,image_url,is_closed,location,name,phone,price,rating,review_count,transactions,url
sake-house-beaver-dam,"[{'alias': 'sushi', 'title': 'Sushi Bars'}, {'alias': 'japanese', 'title': 'Japanese'}, {'alias': 'steak', 'title': 'Steakhouses'}]","{'latitude': 43.4583223195248, 'longitude': -88.8173725494865}",(920) 219-9995,3741.9683364065154,Kv129K-YU2qV0_sLXs8cmg,https://s3-media3.fl.yelpcdn.com/bphoto/KtOd8W5i_jPqPgx5dpmmNg/o.jpg,False,"{'address1': '820 Park Ave', 'address2': 'Ste H', 'address3': '', 'city': 'Beaver Dam', 'zip_code': '53916', 'country': 'US', 'state': 'WI', 'display_address': ['820 Park Ave', 'Ste H', 'Beaver Dam, WI 53916']}",Sake House,+19202199995,$$,4.5,60,[],https://www.yelp.com/biz/sake-house-beaver-dam?adjust_creative=GVWAITeAe13hPk5JlriDSg&utm_campaign=yelp_api_v3&utm_medium=api_v3_business_search&utm_source=GVWAITeAe13hPk5JlriDSg
palenque-mexican-bar-and-grill-beaver-dam,"[{'alias': 'mexican', 'title': 'Mexican'}, {'alias': 'bars', 'title': 'Bars'}]","{'latitude': 43.4546341054133, 'longitude': -88.8371395729061}",(920) 356-9661,2249.670517834065,jXftETTbTce-ErQYVIdpQg,https://s3-media3.fl.yelpcdn.com/bphoto/Jz5rFYhKS9nPeHIGZe-1yw/o.jpg,False,"{'address1': '210 S Spring St', 'address2': '', 'address3': '', 'city': 'Beaver Dam', 'zip_code': '53916', 'country': 'US', 'state': 'WI', 'display_address': ['210 S Spring St', 'Beaver Dam, WI 53916']}",Palenque Mexican Bar & Grill,+19203569661,$$,4.5,41,[],https://www.yelp.com/biz/palenque-mexican-bar-and-grill-beaver-dam?adjust_creative=GVWAITeAe13hPk5JlriDSg&utm_campaign=yelp_api_v3&utm_medium=api_v3_business_search&utm_source=GVWAITeAe13hPk5JlriDSg
char-house-pub-and-grill-beaver-dam,"[{'alias': 'pubs', 'title': 'Pubs'}, {'alias': 'tradamerican', 'title': 'American (Traditional)'}]","{'latitude': 43.452880859375, 'longitude': -88.8396377563477}",(920) 885-3520,1976.555535378728,KD9kLMomWnf8M8wnaRT80A,https://s3-media2.fl.yelpcdn.com/bphoto/teBdujqp420yw9gIaYdtDw/o.jpg,False,"{'address1': '400 S Center St', 'address2': None, 'address3': None, 'city': 'Beaver Dam', 'zip_code': '53916', 'country': 'US', 'state': 'WI', 'display_address': ['400 S Center St', 'Beaver Dam, WI 53916']}",Char House Pub & Grill,+19208853520,$$,4.0,52,[],https://www.yelp.com/biz/char-house-pub-and-grill-beaver-dam?adjust_creative=GVWAITeAe13hPk5JlriDSg&utm_campaign=yelp_api_v3&utm_medium=api_v3_business_search&utm_source=GVWAITeAe13hPk5JlriDSg
chili-johns-cafe-beaver-dam,"[{'alias': 'cafes', 'title': 'Cafes'}]","{'latitude': 43.4560204, 'longitude': -88.8404388}",(920) 885-4414,2203.958462078528,F7t776QAeo4tjQOIld91Jw,https://s3-media2.fl.yelpcdn.com/bphoto/ROgr-qL_kUU4JmSPSXXEog/o.jpg,False,"{'address1': '223 Front St', 'address2': '', 'address3': '', 'city': 'Beaver Dam', 'zip_code': '53916', 'country': 'US', 'state': 'WI', 'display_address': ['223 Front St', 'Beaver Dam, WI 53916']}",Chili John's Cafe,+19208854414,$,4.5,25,[],https://www.yelp.com/biz/chili-johns-cafe-beaver-dam?adjust_creative=GVWAITeAe13hPk5JlriDSg&utm_campaign=yelp_api_v3&utm_medium=api_v3_business_search&utm_source=GVWAITeAe13hPk5JlriDSg
walkers-restaurant-beaver-dam,"[{'alias': 'bakeries', 'title': 'Bakeries'}]","{'latitude': 43.4559288, 'longitude': -88.8181763}",(920) 885-9041,3538.980438953079,mCp6LW19Z2-fZ8MJo6G0Pw,https://s3-media1.fl.yelpcdn.com/bphoto/M12uN-IEPzeG-GrOMxf5-A/o.jpg,False,"{'address1': '813 Park Ave', 'address2': '', 'address3': '', 'city': 'Beaver Dam', 'zip_code': '53916', 'country': 'US', 'state': 'WI', 'display_address': ['813 Park Ave', 'Beaver Dam, WI 53916']}",Walker's Restaurant,+19208859041,$,3.5,52,[],https://www.yelp.com/biz/walkers-restaurant-beaver-dam?adjust_creative=GVWAITeAe13hPk5JlriDSg&utm_campaign=yelp_api_v3&utm_medium=api_v3_business_search&utm_source=GVWAITeAe13hPk5JlriDSg
park-plaza-pizza-beaver-dam,"[{'alias': 'pizza', 'title': 'Pizza'}, {'alias': 'italian', 'title': 'Italian'}]","{'latitude': 43.455978, 'longitude': -88.8409086}",(920) 887-8411,2177.3506904888063,CmC1o8hsN0537u9xnQAfQw,https://s3-media2.fl.yelpcdn.com/bphoto/gRO6-cnaJMzFvR-3_VDH6w/o.jpg,False,"{'address1': '233 Front St', 'address2': '', 'address3': '', 'city': 'Beaver Dam', 'zip_code': '53916', 'country': 'US', 'state': 'WI', 'display_address': ['233 Front St', 'Beaver Dam, WI 53916']}",Park Plaza Pizza,+19208878411,$,4.0,24,[],https://www.yelp.com/biz/park-plaza-pizza-beaver-dam?adjust_creative=GVWAITeAe13hPk5JlriDSg&utm_campaign=yelp_api_v3&utm_medium=api_v3_business_search&utm_source=GVWAITeAe13hPk5JlriDSg
la-tapatia-beaver-dam,"[{'alias': 'mexican', 'title': 'Mexican'}]","{'latitude': 43.4664, 'longitude': -88.83057}",(920) 885-2600,3594.736152873984,z-Ydfda8JQ-703cyqNFmjA,https://s3-media3.fl.yelpcdn.com/bphoto/BAZojVsex_nwJd_exmpCRA/o.jpg,False,"{'address1': '1105 N Spring St', 'address2': '', 'address3': '', 'city': 'Beaver Dam', 'zip_code': '53916', 'country': 'US', 'state': 'WI', 'display_address': ['1105 N Spring St', 'Beaver Dam, WI 53916']}",La Tapatia,+19208852600,$$,4.0,38,[],https://www.yelp.com/biz/la-tapatia-beaver-dam?adjust_creative=GVWAITeAe13hPk5JlriDSg&utm_campaign=yelp_api_v3&utm_medium=api_v3_business_search&utm_source=GVWAITeAe13hPk5JlriDSg
black-waters-coffee-beaver-dam-2,"[{'alias': 'coffee', 'title': 'Coffee & Tea'}]","{'latitude': 43.4532928466797, 'longitude': -88.8396453857422}",(920) 887-8100,2002.3407678367207,DHci4H_syHBhqlXC9OnPEA,https://s3-media1.fl.yelpcdn.com/bphoto/eHN0dazwgzanZHt16XCWEg/o.jpg,False,"{'address1': '308 S Center St', 'address2': None, 'address3': None, 'city': 'Beaver Dam', 'zip_code': '53916', 'country': 'US', 'state': 'WI', 'display_address': ['308 S Center St', 'Beaver Dam, WI 53916']}",Black Waters Coffee,+19208878100,$$,4.5,17,[],https://www.yelp.com/biz/black-waters-coffee-beaver-dam-2?adjust_creative=GVWAITeAe13hPk5JlriDSg&utm_campaign=yelp_api_v3&utm_medium=api_v3_business_search&utm_source=GVWAITeAe13hPk5JlriDSg
benvenutos-italian-grill-beaver-dam,"[{'alias': 'italian', 'title': 'Italian'}]","{'latitude': 43.455072, 'longitude': -88.8169829}",(920) 887-7994,3583.2860916311147,8-rUkQHwkV7-WbZ7I_frfg,https://s3-media3.fl.yelpcdn.com/bphoto/1wI-UfU0sO1tS9t8shq34Q/o.jpg,False,"{'address1': '831 Park Ave', 'address2': '', 'address3': '', 'city': 'Beaver Dam', 'zip_code': '53916', 'country': 'US', 'state': 'WI', 'display_address': ['831 Park Ave', 'Beaver Dam, WI 53916']}",Benvenuto's Italian Grill,+19208877994,$$,3.5,51,[],https://www.yelp.com/biz/benvenutos-italian-grill-beaver-dam?adjust_creative=GVWAITeAe13hPk5JlriDSg&utm_campaign=yelp_api_v3&utm_medium=api_v3_business_search&utm_source=GVWAITeAe13hPk5JlriDSg
statz-ale-house-and-grill-beaver-dam-2,"[{'alias': 'sportsbars', 'title': 'Sports Bars'}, {'alias': 'tradamerican', 'title': 'American (Traditional)'}]","{'latitude': 43.447555, 'longitude': -88.848981}",(920) 219-9840,1036.5450724930242,4Z-0BSZN-8TCBsDOcNhKdw,https://s3-media3.fl.yelpcdn.com/bphoto/QRsd2xPmq77dUoQOja-pmg/o.jpg,False,"{'address1': '825 Madison St', 'address2': '', 'address3': '', 'city': 'Beaver Dam', 'zip_code': '53916', 'country': 'US', 'state': 'WI', 'display_address': ['825 Madison St', 'Beaver Dam, WI 53916']}",Statz Ale House & Grill,+19202199840,$,4.5,11,[],https://www.yelp.com/biz/statz-ale-house-and-grill-beaver-dam-2?adjust_creative=GVWAITeAe13hPk5JlriDSg&utm_campaign=yelp_api_v3&utm_medium=api_v3_business_search&utm_source=GVWAITeAe13hPk5JlriDSg
thirsty-beaver-bar-beaver-dam,"[{'alias': 'bars', 'title': 'Bars'}]","{'latitude': 43.451442, 'longitude': -88.846076}",(920) 219-9283,1527.1778494377907,odydNoY5VdCRP0fnkrPvtA,https://s3-media4.fl.yelpcdn.com/bphoto/tskKvxE1n_KSqu9PU7LuMg/o.jpg,False,"{'address1': '500 Madison St', 'address2': '', 'address3': '', 'city': 'Beaver Dam', 'zip_code': '53916', 'country': 'US', 'state': 'WI', 'display_address': ['500 Madison St', 'Beaver Dam, WI 53916']}",Thirsty Beaver Bar,+19202199283,$,4.5,7,[],https://www.yelp.com/biz/thirsty-beaver-bar-beaver-dam?adjust_creative=GVWAITeAe13hPk5JlriDSg&utm_campaign=yelp_api_v3&utm_medium=api_v3_business_search&utm_source=GVWAITeAe13hPk5JlriDSg
sunview-restaurant-beaver-dam,"[{'alias': 'newamerican', 'title': 'American (New)'}]","{'latitude': 43.4554901, 'longitude': -88.8170395}",(920) 885-9850,3601.7782465621917,7uh1Ji6Z0RRxkee5-HrROQ,https://s3-media2.fl.yelpcdn.com/bphoto/3cWCpq8nGmFkUvkywwUf5g/o.jpg,False,"{'address1': '827 Park Ave', 'address2': '', 'address3': '', 'city': 'Beaver Dam', 'zip_code': '53916', 'country': 'US', 'state': 'WI', 'display_address': ['827 Park Ave', 'Beaver Dam, WI 53916']}",Sunview Restaurant,+19208859850,$,3.5,26,[],https://www.yelp.com/biz/sunview-restaurant-beaver-dam?adjust_creative=GVWAITeAe13hPk5JlriDSg&utm_campaign=yelp_api_v3&utm_medium=api_v3_business_search&utm_source=GVWAITeAe13hPk5JlriDSg
culvers-beaver-dam-beaver-dam,"[{'alias': 'icecream', 'title': 'Ice Cream & Frozen Yogurt'}, {'alias': 'hotdogs', 'title': 'Fast Food'}, {'alias': 'burgers', 'title': 'Burgers'}]","{'latitude': 43.47273, 'longitude': -88.82541}",(920) 887-3007,4419.331932604344,NCjjtmmUN8OanOsD_qoh6w,https://s3-media2.fl.yelpcdn.com/bphoto/FiGTsfkDEfnJJkncWxXVhw/o.jpg,False,"{'address1': '1601 N Spring St', 'address2': '', 'address3': '', 'city': 'Beaver Dam', 'zip_code': '53916', 'country': 'US', 'state': 'WI', 'display_address': ['1601 N Spring St', 'Beaver Dam, WI 53916']}",Culver's - Beaver Dam,+19208873007,$$,4.5,9,[],https://www.yelp.com/biz/culvers-beaver-dam-beaver-dam?adjust_creative=GVWAITeAe13hPk5JlriDSg&utm_campaign=yelp_api_v3&utm_medium=api_v3_business_search&utm_source=GVWAITeAe13hPk5JlriDSg
higher-grounds-coffee-shop-beaver-dam,"[{'alias': 'coffee', 'title': 'Coffee & Tea'}, {'alias': 'bakeries', 'title': 'Bakeries'}]","{'latitude': 43.453597, 'longitude': -88.807729}",(920) 885-4990,4192.754164830918,C53YcfDykJEHrXGmv1kUXw,https://s3-media2.fl.yelpcdn.com/bphoto/nSJy8_sAdFcSYIlioETvkQ/o.jpg,False,"{'address1': 'N7156 E Plaza Dr', 'address2': 'Ste 102', 'address3': '', 'city': 'Beaver Dam', 'zip_code': '53916', 'country': 'US', 'state': 'WI', 'display_address': ['N7156 E Plaza Dr', 'Ste 102', 'Beaver Dam, WI 53916']}",Higher Grounds Coffee Shop,+19208854990,$$$,4.5,6,[],https://www.yelp.com/biz/higher-grounds-coffee-shop-beaver-dam?adjust_creative=GVWAITeAe13hPk5JlriDSg&utm_campaign=yelp_api_v3&utm_medium=api_v3_business_search&utm_source=GVWAITeAe13hPk5JlriDSg
annabelles-ice-cream-parlor-beaver-dam-2,"[{'alias': 'hotdog', 'title': 'Hot Dogs'}, {'alias': 'greek', 'title': 'Greek'}, {'alias': 'icecream', 'title': 'Ice Cream & Frozen Yogurt'}]","{'latitude': 43.4560279846191, 'longitude': -88.8416748046875}",,2147.447980836494,MrudNodys_V-3P6esmnSvg,https://s3-media4.fl.yelpcdn.com/bphoto/DOqSljjgPvt6HbLq663AHA/o.jpg,False,"{'address1': '301 Front St', 'address2': '', 'address3': None, 'city': 'Beaver Dam', 'zip_code': '53916', 'country': 'US', 'state': 'WI', 'display_address': ['301 Front St', 'Beaver Dam, WI 53916']}",Annabelle's Ice Cream Parlor,,$,5.0,5,[],https://www.yelp.com/biz/annabelles-ice-cream-parlor-beaver-dam-2?adjust_creative=GVWAITeAe13hPk5JlriDSg&utm_campaign=yelp_api_v3&utm_medium=api_v3_business_search&utm_source=GVWAITeAe13hPk5JlriDSg
park-avenue-sports-cafe-beaver-dam-2,"[{'alias': 'sportsbars', 'title': 'Sports Bars'}, {'alias': 'cafes', 'title': 'Cafes'}]","{'latitude': 43.45592, 'longitude': -88.82061}",(920) 885-4510,3379.2568872039137,xT2n3YAjV6AbScLzUjWf3Q,https://s3-media4.fl.yelpcdn.com/bphoto/EsACdLWE6TfKPchxmGNm4g/o.jpg,False,"{'address1': '709 Park Ave', 'address2': '', 'address3': '', 'city': 'Beaver Dam', 'zip_code': '53916', 'country': 'US', 'state': 'WI', 'display_address': ['709 Park Ave', 'Beaver Dam, WI 53916']}",Park Avenue Sports Cafe,+19208854510,$$,3.0,38,[],https://www.yelp.com/biz/park-avenue-sports-cafe-beaver-dam-2?adjust_creative=GVWAITeAe13hPk5JlriDSg&utm_campaign=yelp_api_v3&utm_medium=api_v3_business_search&utm_source=GVWAITeAe13hPk5JlriDSg
lupitas-market-beaver-dam,"[{'alias': 'grocery', 'title': 'Grocery'}, {'alias': 'restaurants', 'title': 'Restaurants'}]","{'latitude': 43.4717484, 'longitude': -88.8394928}",(920) 885-0370,3862.44164334301,SbonfRSInSjWiiPLog233A,https://s3-media3.fl.yelpcdn.com/bphoto/2JW1xTm1BHrhtAo0Rd9M6A/o.jpg,False,"{'address1': '1307 N Center St', 'address2': '', 'address3': '', 'city': 'Beaver Dam', 'zip_code': '53916', 'country': 'US', 'state': 'WI', 'display_address': ['1307 N Center St', 'Beaver Dam, WI 53916']}",Lupita's Market,+19208850370,$,4.0,8,[],https://www.yelp.com/biz/lupitas-market-beaver-dam?adjust_creative=GVWAITeAe13hPk5JlriDSg&utm_campaign=yelp_api_v3&utm_medium=api_v3_business_search&utm_source=GVWAITeAe13hPk5JlriDSg
crystal-creek-dairy-house-beaver-dam,"[{'alias': 'cheese', 'title': 'Cheese Shops'}, {'alias': 'icecream', 'title': 'Ice Cream & Frozen Yogurt'}]","{'latitude': 43.4486416974514, 'longitude': -88.7891873852501}",(920) 887-2806,5487.212637744389,HgfMjqzPGmNhtfHyYoH8og,https://s3-media3.fl.yelpcdn.com/bphoto/KvFJRKkQC8LoLeHx6hngXA/o.jpg,False,"{'address1': 'W7790 State Road 33', 'address2': '', 'address3': '', 'city': 'Beaver Dam', 'zip_code': '53916', 'country': 'US', 'state': 'WI', 'display_address': ['W7790 State Road 33', 'Beaver Dam, WI 53916']}",Crystal Creek Dairy House,+19208872806,$,3.5,14,[],https://www.yelp.com/biz/crystal-creek-dairy-house-beaver-dam?adjust_creative=GVWAITeAe13hPk5JlriDSg&utm_campaign=yelp_api_v3&utm_medium=api_v3_business_search&utm_source=GVWAITeAe13hPk5JlriDSg
johns-beaver-dam,"[{'alias': 'restaurants', 'title': 'Restaurants'}]","{'latitude': 43.44081, 'longitude': -88.85657}",(920) 885-2121,119.77537902480069,YJezj93l6SJXqqSkNV__dA,,False,"{'address1': '1201 Madison St', 'address2': None, 'address3': None, 'city': 'Beaver Dam', 'zip_code': '53916', 'country': 'US', 'state': 'WI', 'display_address': ['1201 Madison St', 'Beaver Dam, WI 53916']}",John's,+19208852121,$$,4.5,4,[],https://www.yelp.com/biz/johns-beaver-dam?adjust_creative=GVWAITeAe13hPk5JlriDSg&utm_campaign=yelp_api_v3&utm_medium=api_v3_business_search&utm_source=GVWAITeAe13hPk5JlriDSg
mings-garden-chinese-restaurant-beaver-dam,"[{'alias': 'chinese', 'title': 'Chinese'}]","{'latitude': 43.45637, 'longitude': -88.83815}",(920) 887-3838,2312.91074411804,4ZRT7vFbE38NMU6xcStHMQ,https://s3-media4.fl.yelpcdn.com/bphoto/WNM_UVQcjsMaXuWtS1-0fA/o.jpg,False,"{'address1': '150 Front St', 'address2': '', 'address3': '', 'city': 'Beaver Dam', 'zip_code': '53916', 'country': 'US', 'state': 'WI', 'display_address': ['150 Front St', 'Beaver Dam, WI 53916']}",Ming's Garden Chinese Restaurant,+19208873838,$$,3.0,22,[],https://www.yelp.com/biz/mings-garden-chinese-restaurant-beaver-dam?adjust_creative=GVWAITeAe13hPk5JlriDSg&utm_campaign=yelp_api_v3&utm_medium=api_v3_business_search&utm_source=GVWAITeAe13hPk5JlriDSg
voelkers-steak-house-beaver-dam,"[{'alias': 'steak', 'title': 'Steakhouses'}]","{'latitude': 43.4509239196777, 'longitude': -88.8290023803711}",(920) 885-9924,2514.708279001499,e2opejOMmsZ2vjB9pd2Bcg,https://s3-media3.fl.yelpcdn.com/bphoto/MIApnuV6OUfi6xG6CAPx7Q/o.jpg,False,"{'address1': '415 E South St', 'address2': '', 'address3': '', 'city': 'Beaver Dam', 'zip_code': '53916', 'country': 'US', 'state': 'WI', 'display_address': ['415 E South St', 'Beaver Dam, WI 53916']}",Voelker's Steak House,+19208859924,$$,3.0,11,[],https://www.yelp.com/biz/voelkers-steak-house-beaver-dam?adjust_creative=GVWAITeAe13hPk5JlriDSg&utm_campaign=yelp_api_v3&utm_medium=api_v3_business_search&utm_source=GVWAITeAe13hPk5JlriDSg
jimmy-johns-beaver-dam,"[{'alias': 'delis', 'title': 'Delis'}, {'alias': 'sandwiches', 'title': 'Sandwiches'}, {'alias': 'hotdogs', 'title': 'Fast Food'}]","{'latitude': 43.4560203552246, 'longitude': -88.8194122314453}",(920) 887-7822,3475.3835105437206,U6SXUzfB6I1VV1Kc5vdaBw,https://s3-media2.fl.yelpcdn.com/bphoto/tL05cVubcXO7WrdNmOutwA/o.jpg,False,"{'address1': '803 Park Ave', 'address2': '', 'address3': '', 'city': 'Beaver Dam', 'zip_code': '53916', 'country': 'US', 'state': 'WI', 'display_address': ['803 Park Ave', 'Beaver Dam, WI 53916']}",Jimmy John's,+19208877822,$,4.0,5,[],https://www.yelp.com/biz/jimmy-johns-beaver-dam?adjust_creative=GVWAITeAe13hPk5JlriDSg&utm_campaign=yelp_api_v3&utm_medium=api_v3_business_search&utm_source=GVWAITeAe13hPk5JlriDSg
bell-beaver-dam,"[{'alias': 'restaurants', 'title': 'Restaurants'}]","{'latitude': 43.440662, 'longitude': -88.886528}",(920) 885-6792,2464.479006916344,1GDuT-1KStzdMsVkXHmWLw,,False,"{'address1': 'W9735 County Road D', 'address2': '', 'address3': '', 'city': 'Beaver Dam', 'zip_code': '53916', 'country': 'US', 'state': 'WI', 'display_address': ['W9735 County Road D', 'Beaver Dam, WI 53916']}",Bell,+19208856792,$$,4.0,4,[],https://www.yelp.com/biz/bell-beaver-dam?adjust_creative=GVWAITeAe13hPk5JlriDSg&utm_campaign=yelp_api_v3&utm_medium=api_v3_business_search&utm_source=GVWAITeAe13hPk5JlriDSg
el-guacamole-beaver-dam,"[{'alias': 'mexican', 'title': 'Mexican'}]","{'latitude': 43.4775832556213, 'longitude': -88.8202047527913}",(920) 631-7022,5103.565643641611,AhXVHtQktCIQxoro-EM2ow,https://s3-media3.fl.yelpcdn.com/bphoto/YkKLHT07Kr4OVwSn5VbZKA/o.jpg,False,"{'address1': '114 E Industrial Dr', 'address2': '', 'address3': None, 'city': 'Beaver Dam', 'zip_code': '53916', 'country': 'US', 'state': 'WI', 'display_address': ['114 E Industrial Dr', 'Beaver Dam, WI 53916']}",El Guacamole,+19206317022,$,4.0,4,[],https://www.yelp.com/biz/el-guacamole-beaver-dam?adjust_creative=GVWAITeAe13hPk5JlriDSg&utm_campaign=yelp_api_v3&utm_medium=api_v3_business_search&utm_source=GVWAITeAe13hPk5JlriDSg
chang-jiang-buffet-beaver-dam,"[{'alias': 'chinese', 'title': 'Chinese'}, {'alias': 'buffets', 'title': 'Buffets'}]","{'latitude': 43.48705, 'longitude': -88.81187}",(920) 887-8889,6335.981591035722,OBkXDji8PNPBT3MMoya36w,https://s3-media3.fl.yelpcdn.com/bphoto/qd1tF0iBuoNk0Tf-0ykTAQ/o.jpg,False,"{'address1': '106 Frances Ln', 'address2': None, 'address3': None, 'city': 'Beaver Dam', 'zip_code': '53916', 'country': 'US', 'state': 'WI', 'display_address': ['106 Frances Ln', 'Beaver Dam, WI 53916']}",Chang Jiang Buffet,+19208878889,$,3.5,8,[],https://www.yelp.com/biz/chang-jiang-buffet-beaver-dam?adjust_creative=GVWAITeAe13hPk5JlriDSg&utm_campaign=yelp_api_v3&utm_medium=api_v3_business_search&utm_source=GVWAITeAe13hPk5JlriDSg
piggly-wiggly-beaver-dam-beaver-dam,"[{'alias': 'grocery', 'title': 'Grocery'}, {'alias': 'beer_and_wine', 'title': 'Beer, Wine & Spirits'}, {'alias': 'delis', 'title': 'Delis'}]","{'latitude': 43.45709, 'longitude': -88.81855}",(920) 885-5843,3577.834184294104,DodLCH9j7jLW4wdZodParw,https://s3-media4.fl.yelpcdn.com/bphoto/47SM0kBQhnbKIj8XZSWcjQ/o.jpg,False,"{'address1': '810 Park Ave', 'address2': '', 'address3': '', 'city': 'Beaver Dam', 'zip_code': '53916', 'country': 'US', 'state': 'WI', 'display_address': ['810 Park Ave', 'Beaver Dam, WI 53916']}",Piggly Wiggly-Beaver Dam,+19208855843,$$,3.0,5,[],https://www.yelp.com/biz/piggly-wiggly-beaver-dam-beaver-dam?adjust_creative=GVWAITeAe13hPk5JlriDSg&utm_campaign=yelp_api_v3&utm_medium=api_v3_business_search&utm_source=GVWAITeAe13hPk5JlriDSg
bayside-supper-club-beaver-dam,"[{'alias': 'supperclubs', 'title': 'Supper Clubs'}]","{'latitude': 43.44333, 'longitude': -88.86073}",(920) 887-0505,547.9231312310725,mfCEJevsAO7vGDMD5wIefQ,https://s3-media2.fl.yelpcdn.com/bphoto/iTeqd-wJnYSwk0Ddib15gA/o.jpg,False,"{'address1': 'W9231 County Rd G', 'address2': '', 'address3': '', 'city': 'Beaver Dam', 'zip_code': '53916', 'country': 'US', 'state': 'WI', 'display_address': ['W9231 County Rd G', 'Beaver Dam, WI 53916']}",Bayside Supper Club,+19208870505,$$,3.0,4,[],https://www.yelp.com/biz/bayside-supper-club-beaver-dam?adjust_creative=GVWAITeAe13hPk5JlriDSg&utm_campaign=yelp_api_v3&utm_medium=api_v3_business_search&utm_source=GVWAITeAe13hPk5JlriDSg
ediths-cakes-and-catering-beaver-dam-2,"[{'alias': 'cupcakes', 'title': 'Cupcakes'}, {'alias': 'cafes', 'title': 'Cafes'}]","{'latitude': 43.4560165405273, 'longitude': -88.8371124267578}",(920) 887-8861,2373.1661074944896,sDYSNdYuiCSfzXWywTxf9g,https://s3-media4.fl.yelpcdn.com/bphoto/uLzncXJH0vtedHpEhg01YQ/o.jpg,False,"{'address1': '103 Front St', 'address2': '', 'address3': '', 'city': 'Beaver Dam', 'zip_code': '53916', 'country': 'US', 'state': 'WI', 'display_address': ['103 Front St', 'Beaver Dam, WI 53916']}",Edith's Cakes & Catering,+19208878861,,2.5,7,[],https://www.yelp.com/biz/ediths-cakes-and-catering-beaver-dam-2?adjust_creative=GVWAITeAe13hPk5JlriDSg&utm_campaign=yelp_api_v3&utm_medium=api_v3_business_search&utm_source=GVWAITeAe13hPk5JlriDSg
applebees-grill-bar-beaver-dam,"[{'alias': 'tradamerican', 'title': 'American (Traditional)'}, {'alias': 'sportsbars', 'title': 'Sports Bars'}, {'alias': 'burgers', 'title': 'Burgers'}]","{'latitude': 43.47684, 'longitude': -88.81997}",(920) 356-9175,5040.509222165084,YJ56nK5npTaCqSKlOYXv3A,https://s3-media1.fl.yelpcdn.com/bphoto/B9D5G7NGhfHdBo-FaLqfgA/o.jpg,False,"{'address1': '115 E Industrial Dr', 'address2': None, 'address3': None, 'city': 'Beaver Dam', 'zip_code': '53916', 'country': 'US', 'state': 'WI', 'display_address': ['115 E Industrial Dr', 'Beaver Dam, WI 53916']}",Applebee's Grill + Bar,+19203569175,$$,2.0,24,[],https://www.yelp.com/biz/applebees-grill-bar-beaver-dam?adjust_creative=GVWAITeAe13hPk5JlriDSg&utm_campaign=yelp_api_v3&utm_medium=api_v3_business_search&utm_source=GVWAITeAe13hPk5JlriDSg
boy-blue-dairy-treat-store-beaver-dam,"[{'alias': 'icecream', 'title': 'Ice Cream & Frozen Yogurt'}]","{'latitude': 43.4586334228516, 'longitude': -88.8366165161133}",(920) 885-6934,2621.9839793845586,xnVVxGuhxSmhTdd6aBB4OA,https://s3-media1.fl.yelpcdn.com/bphoto/3PIJMENcJFgtLJIJGPX-vg/o.jpg,False,"{'address1': '301 N Spring St', 'address2': '', 'address3': '', 'city': 'Beaver Dam', 'zip_code': '53916', 'country': 'US', 'state': 'WI', 'display_address': ['301 N Spring St', 'Beaver Dam, WI 53916']}",Boy Blue Dairy Treat Store,+19208856934,$,5.0,1,[],https://www.yelp.com/biz/boy-blue-dairy-treat-store-beaver-dam?adjust_creative=GVWAITeAe13hPk5JlriDSg&utm_campaign=yelp_api_v3&utm_medium=api_v3_business_search&utm_source=GVWAITeAe13hPk5JlriDSg
taco-bell-beaver-dam-2,"[{'alias': 'mexican', 'title': 'Mexican'}, {'alias': 'tex-mex', 'title': 'Tex-Mex'}, {'alias': 'hotdogs', 'title': 'Fast Food'}]","{'latitude': 43.48319, 'longitude': -88.818937}",(920) 887-1739,5681.468709142379,ssslLZ_LeWmKrS82c2mLeA,https://s3-media3.fl.yelpcdn.com/bphoto/mNY6LxPiYxccnJcfonLjgg/o.jpg,False,"{'address1': '1739 North Spring Street', 'address2': '', 'address3': '', 'city': 'Beaver Dam', 'zip_code': '53916', 'country': 'US', 'state': 'WI', 'display_address': ['1739 North Spring Street', 'Beaver Dam, WI 53916']}",Taco Bell,+19208871739,$,4.5,3,[],https://www.yelp.com/biz/taco-bell-beaver-dam-2?adjust_creative=GVWAITeAe13hPk5JlriDSg&utm_campaign=yelp_api_v3&utm_medium=api_v3_business_search&utm_source=GVWAITeAe13hPk5JlriDSg
cantafios-buckhorn-steakhouse-beaver-dam-2,"[{'alias': 'steak', 'title': 'Steakhouses'}, {'alias': 'desserts', 'title': 'Desserts'}, {'alias': 'seafood', 'title': 'Seafood'}]","{'latitude': 43.513713, 'longitude': -88.810127}",(920) 885-9984,9048.220231267067,u5YVexQogL_XX7Q4wrDPQw,https://s3-media2.fl.yelpcdn.com/bphoto/F98jnF73n7QhVkm53nxB9w/o.jpg,False,"{'address1': 'N8802 County Rd A', 'address2': '', 'address3': '', 'city': 'Beaver Dam', 'zip_code': '53916', 'country': 'US', 'state': 'WI', 'display_address': ['N8802 County Rd A', 'Beaver Dam, WI 53916']}",Cantafio's Buckhorn Steakhouse,+19208859984,$$,3.0,13,[],https://www.yelp.com/biz/cantafios-buckhorn-steakhouse-beaver-dam-2?adjust_creative=GVWAITeAe13hPk5JlriDSg&utm_campaign=yelp_api_v3&utm_medium=api_v3_business_search&utm_source=GVWAITeAe13hPk5JlriDSg
ponderosa-steak-house-beaver-dam,"[{'alias': 'steak', 'title': 'Steakhouses'}]","{'latitude': 43.4723701, 'longitude': -88.8270111}",(920) 885-2755,4339.545646036409,IuNaYB7emS96pwOmsoil3Q,https://s3-media4.fl.yelpcdn.com/bphoto/P_jXCOIWe3-_NiY-6iJ63g/o.jpg,False,"{'address1': '1520 N Spring St', 'address2': '', 'address3': '', 'city': 'Beaver Dam', 'zip_code': '53916', 'country': 'US', 'state': 'WI', 'display_address': ['1520 N Spring St', 'Beaver Dam, WI 53916']}",Ponderosa Steak House,+19208852755,$,2.0,12,[],https://www.yelp.com/biz/ponderosa-steak-house-beaver-dam?adjust_creative=GVWAITeAe13hPk5JlriDSg&utm_campaign=yelp_api_v3&utm_medium=api_v3_business_search&utm_source=GVWAITeAe13hPk5JlriDSg
nunatak-coffee-beaver-dam,"[{'alias': 'coffee', 'title': 'Coffee & Tea'}]","{'latitude': 43.4846709, 'longitude': -88.8096782}",(920) 356-5080,6239.452688920484,D9tvwEiA8Jntkw36DCxR3g,https://s3-media1.fl.yelpcdn.com/bphoto/2siSUfAlElGDEqghkNjQxg/o.jpg,False,"{'address1': '201 Gateway Dr', 'address2': 'Ste 100', 'address3': None, 'city': 'Beaver Dam', 'zip_code': '53916', 'country': 'US', 'state': 'WI', 'display_address': ['201 Gateway Dr', 'Ste 100', 'Beaver Dam, WI 53916']}",Nunatak Coffee,+19203565080,,5.0,2,[],https://www.yelp.com/biz/nunatak-coffee-beaver-dam?adjust_creative=GVWAITeAe13hPk5JlriDSg&utm_campaign=yelp_api_v3&utm_medium=api_v3_business_search&utm_source=GVWAITeAe13hPk5JlriDSg
old-hickory-golf-club-beaver-dam-2,"[{'alias': 'golf', 'title': 'Golf'}, {'alias': 'venues', 'title': 'Venues & Event Spaces'}, {'alias': 'golflessons', 'title': 'Golf Lessons'}]","{'latitude': 43.4481447140773, 'longitude': -88.7788456164246}",(920) 887-7179,6301.942185383649,3_UbIb4eovUxZufbpY4mTg,https://s3-media1.fl.yelpcdn.com/bphoto/uFByz0KqKHZKfRQFTSgrPA/o.jpg,False,"{'address1': 'W7596 State Rd 33', 'address2': '', 'address3': '', 'city': 'Beaver Dam', 'zip_code': '53916', 'country': 'US', 'state': 'WI', 'display_address': ['W7596 State Rd 33', 'Beaver Dam, WI 53916']}",Old Hickory Golf Club,+19208877179,,3.5,5,[],https://www.yelp.com/biz/old-hickory-golf-club-beaver-dam-2?adjust_creative=GVWAITeAe13hPk5JlriDSg&utm_campaign=yelp_api_v3&utm_medium=api_v3_business_search&utm_source=GVWAITeAe13hPk5JlriDSg
old-hickory-dining-beaver-dam-2,"[{'alias': 'tradamerican', 'title': 'American (Traditional)'}, {'alias': 'seafood', 'title': 'Seafood'}]","{'latitude': 43.451381, 'longitude': -88.775863}",(920) 887-7179,4539.186395824205,KTUuMs-5WhiNU0eDba6u9A,https://s3-media1.fl.yelpcdn.com/bphoto/rLqNgtK7aEURqJsFHnJixw/o.jpg,False,"{'address1': 'W7596 State Rd 33', 'address2': '', 'address3': '', 'city': 'Beaver Dam', 'zip_code': '53916', 'country': 'US', 'state': 'WI', 'display_address': ['W7596 State Rd 33', 'Beaver Dam, WI 53916']}",Old Hickory Dining,+19208877179,$$,5.0,1,[],https://www.yelp.com/biz/old-hickory-dining-beaver-dam-2?adjust_creative=GVWAITeAe13hPk5JlriDSg&utm_campaign=yelp_api_v3&utm_medium=api_v3_business_search&utm_source=GVWAITeAe13hPk5JlriDSg
papa-murphys-beaver-dam,"[{'alias': 'pizza', 'title': 'Pizza'}]","{'latitude': 43.48705, 'longitude': -88.81187}",(920) 887-7700,6335.981591035722,T7oOsM_MK7GQKgxK8uUYMw,,False,"{'address1': '106 Frances Lane', 'address2': None, 'address3': None, 'city': 'Beaver Dam', 'zip_code': '53916', 'country': 'US', 'state': 'WI', 'display_address': ['106 Frances Lane', 'Beaver Dam, WI 53916']}",Papa Murphy's,+19208877700,$,3.0,6,[],https://www.yelp.com/biz/papa-murphys-beaver-dam?adjust_creative=GVWAITeAe13hPk5JlriDSg&utm_campaign=yelp_api_v3&utm_medium=api_v3_business_search&utm_source=GVWAITeAe13hPk5JlriDSg
charlie-browns-beaver-dam,"[{'alias': 'divebars', 'title': 'Dive Bars'}, {'alias': 'sportsbars', 'title': 'Sports Bars'}]","{'latitude': 43.4660263061523, 'longitude': -88.8309478759766}",(920) 885-4000,3553.3422589981456,JOXPLQmtgXAkJQdX1W_-uQ,https://s3-media2.fl.yelpcdn.com/bphoto/bTgYckjcxtNnfnvK-FEbrg/o.jpg,False,"{'address1': '1019 N Spring St', 'address2': '', 'address3': '', 'city': 'Beaver Dam', 'zip_code': '53916', 'country': 'US', 'state': 'WI', 'display_address': ['1019 N Spring St', 'Beaver Dam, WI 53916']}",Charlie Brown's,+19208854000,,3.0,2,[],https://www.yelp.com/biz/charlie-browns-beaver-dam?adjust_creative=GVWAITeAe13hPk5JlriDSg&utm_campaign=yelp_api_v3&utm_medium=api_v3_business_search&utm_source=GVWAITeAe13hPk5JlriDSg
cousins-subs-beaver-dam,"[{'alias': 'sandwiches', 'title': 'Sandwiches'}, {'alias': 'delis', 'title': 'Delis'}]","{'latitude': 43.45778391933, 'longitude': -88.8185616005591}",(920) 885-3333,3628.8928260745265,xjpeduIN7jq9hu07tAf5mg,https://s3-media2.fl.yelpcdn.com/bphoto/KTl7-nqwP66zFVQ8RRdWiQ/o.jpg,False,"{'address1': '820 A Park Ave', 'address2': '', 'address3': '', 'city': 'Beaver Dam', 'zip_code': '53916', 'country': 'US', 'state': 'WI', 'display_address': ['820 A Park Ave', 'Beaver Dam, WI 53916']}",Cousins Subs,+19208853333,$,2.5,5,[],https://www.yelp.com/biz/cousins-subs-beaver-dam?adjust_creative=GVWAITeAe13hPk5JlriDSg&utm_campaign=yelp_api_v3&utm_medium=api_v3_business_search&utm_source=GVWAITeAe13hPk5JlriDSg
cherry-berry-beaver-dam,"[{'alias': 'icecream', 'title': 'Ice Cream & Frozen Yogurt'}]","{'latitude': 43.4579900459627, 'longitude': -88.8185153997075}",(920) 219-4477,3644.688164197424,FQf8pZr3DncBujMsGixOAA,https://s3-media3.fl.yelpcdn.com/bphoto/IKrDKrNuWMU2jrOkd3Yn1w/o.jpg,False,"{'address1': '820 Park Ave', 'address2': '', 'address3': '', 'city': 'Beaver Dam', 'zip_code': '53916', 'country': 'US', 'state': 'WI', 'display_address': ['820 Park Ave', 'Beaver Dam, WI 53916']}",Cherry Berry,+19202194477,$$,4.0,1,[],https://www.yelp.com/biz/cherry-berry-beaver-dam?adjust_creative=GVWAITeAe13hPk5JlriDSg&utm_campaign=yelp_api_v3&utm_medium=api_v3_business_search&utm_source=GVWAITeAe13hPk5JlriDSg
dominos-pizza-beaver-dam,"[{'alias': 'pizza', 'title': 'Pizza'}, {'alias': 'chicken_wings', 'title': 'Chicken Wings'}, {'alias': 'sandwiches', 'title': 'Sandwiches'}]","{'latitude': 43.4619598, 'longitude': -88.8335495}",(920) 356-0551,3055.0733732386475,3O7ElcEtIf0QkQS7V7bBuw,,False,"{'address1': '711 N Spring St', 'address2': '', 'address3': '', 'city': 'Beaver Dam', 'zip_code': '53916', 'country': 'US', 'state': 'WI', 'display_address': ['711 N Spring St', 'Beaver Dam, WI 53916']}",Domino's Pizza,+19203560551,,2.5,2,[],https://www.yelp.com/biz/dominos-pizza-beaver-dam?adjust_creative=GVWAITeAe13hPk5JlriDSg&utm_campaign=yelp_api_v3&utm_medium=api_v3_business_search&utm_source=GVWAITeAe13hPk5JlriDSg
mcdonalds-beaver-dam,"[{'alias': 'hotdogs', 'title': 'Fast Food'}, {'alias': 'burgers', 'title': 'Burgers'}, {'alias': 'coffee', 'title': 'Coffee & Tea'}]","{'latitude': 43.4568176269531, 'longitude': -88.8168029785156}",(920) 885-9744,3701.227350374755,yI5g0YFBrjyeZzLkYMJsuA,https://s3-media3.fl.yelpcdn.com/bphoto/Q3xy0c-1VlpnrK2cdvD3kQ/o.jpg,False,"{'address1': '840 Park Ave', 'address2': None, 'address3': None, 'city': 'Beaver Dam', 'zip_code': '53916', 'country': 'US', 'state': 'WI', 'display_address': ['840 Park Ave', 'Beaver Dam, WI 53916']}",McDonald's,+19208859744,$,2.0,3,[],https://www.yelp.com/biz/mcdonalds-beaver-dam?adjust_creative=GVWAITeAe13hPk5JlriDSg&utm_campaign=yelp_api_v3&utm_medium=api_v3_business_search&utm_source=GVWAITeAe13hPk5JlriDSg
pizza-hut-beaver-dam,"[{'alias': 'pizza', 'title': 'Pizza'}, {'alias': 'italian', 'title': 'Italian'}, {'alias': 'chicken_wings', 'title': 'Chicken Wings'}]","{'latitude': 43.4802132, 'longitude': -88.8209839}",(920) 887-3176,5263.697964311168,0esWOFoDXPl-vrJ0GegoGQ,https://s3-media4.fl.yelpcdn.com/bphoto/PgmRHLQ0dSPeV2ceHYfUxg/o.jpg,False,"{'address1': '1742 N Spring St', 'address2': '', 'address3': '', 'city': 'Beaver Dam', 'zip_code': '53916', 'country': 'US', 'state': 'WI', 'display_address': ['1742 N Spring St', 'Beaver Dam, WI 53916']}",Pizza Hut,+19208873176,$$,2.0,5,[],https://www.yelp.com/biz/pizza-hut-beaver-dam?adjust_creative=GVWAITeAe13hPk5JlriDSg&utm_campaign=yelp_api_v3&utm_medium=api_v3_business_search&utm_source=GVWAITeAe13hPk5JlriDSg
kfc-beaver-dam-2,"[{'alias': 'hotdogs', 'title': 'Fast Food'}, {'alias': 'chicken_wings', 'title': 'Chicken Wings'}, {'alias': 'chickenshop', 'title': 'Chicken Shop'}]","{'latitude': 43.477, 'longitude': -88.8186}",(920) 887-2090,5125.578235310411,f_acg25jxSLyatjySGoTPg,https://s3-media1.fl.yelpcdn.com/bphoto/DE_CO8w-Mf8OigeazhKKCw/o.jpg,False,"{'address1': '203 Industrial Dr E', 'address2': '', 'address3': '', 'city': 'Beaver Dam', 'zip_code': '53916', 'country': 'US', 'state': 'WI', 'display_address': ['203 Industrial Dr E', 'Beaver Dam, WI 53916']}",KFC,+19208872090,,1.5,5,[],https://www.yelp.com/biz/kfc-beaver-dam-2?adjust_creative=GVWAITeAe13hPk5JlriDSg&utm_campaign=yelp_api_v3&utm_medium=api_v3_business_search&utm_source=GVWAITeAe13hPk5JlriDSg
cocktails-bar-and-grill-beaver-dam,"[{'alias': 'restaurants', 'title': 'Restaurants'}]","{'latitude': 43.4717369, 'longitude': -88.8394928}",(920) 887-3550,3786.93818040559,OicyhPfAwgPKWEseT_izCg,,False,"{'address1': '1305 N Center St', 'address2': '', 'address3': '', 'city': 'Beaver Dam', 'zip_code': '53916', 'country': 'US', 'state': 'WI', 'display_address': ['1305 N Center St', 'Beaver Dam, WI 53916']}",Cocktails Bar and Grill,+19208873550,$,4.5,3,[],https://www.yelp.com/biz/cocktails-bar-and-grill-beaver-dam?adjust_creative=GVWAITeAe13hPk5JlriDSg&utm_campaign=yelp_api_v3&utm_medium=api_v3_business_search&utm_source=GVWAITeAe13hPk5JlriDSg
mcdonalds-beaver-dam-3,"[{'alias': 'hotdogs', 'title': 'Fast Food'}, {'alias': 'burgers', 'title': 'Burgers'}, {'alias': 'coffee', 'title': 'Coffee & Tea'}]","{'latitude': 43.4756842064425, 'longitude': -88.823411981582}",(920) 885-3104,4783.801469409971,ngIezZKlzhGrgZ5eWWE50w,https://s3-media4.fl.yelpcdn.com/bphoto/Sf1h6FreKOQVQV1gwJywgw/o.jpg,False,"{'address1': '1639 N Spring St', 'address2': '', 'address3': '', 'city': 'Beaver Dam', 'zip_code': '53916', 'country': 'US', 'state': 'WI', 'display_address': ['1639 N Spring St', 'Beaver Dam, WI 53916']}",McDonald's,+19208853104,$,1.5,5,[],https://www.yelp.com/biz/mcdonalds-beaver-dam-3?adjust_creative=GVWAITeAe13hPk5JlriDSg&utm_campaign=yelp_api_v3&utm_medium=api_v3_business_search&utm_source=GVWAITeAe13hPk5JlriDSg
wendys-beaver-dam-2,"[{'alias': 'hotdogs', 'title': 'Fast Food'}, {'alias': 'burgers', 'title': 'Burgers'}]","{'latitude': 43.48725, 'longitude': -88.80999}",(920) 885-5237,6458.848276963054,xKirpbXxqRwrNosHoKRk5Q,https://s3-media2.fl.yelpcdn.com/bphoto/p1TLFPsQUR_DjjJLj2Kzpw/o.jpg,False,"{'address1': '102 Frances Ln', 'address2': None, 'address3': None, 'city': 'Beaver Dam', 'zip_code': '53916', 'country': 'US', 'state': 'WI', 'display_address': ['102 Frances Ln', 'Beaver Dam, WI 53916']}",Wendy's,+19208855237,,3.0,1,[],https://www.yelp.com/biz/wendys-beaver-dam-2?adjust_creative=GVWAITeAe13hPk5JlriDSg&utm_campaign=yelp_api_v3&utm_medium=api_v3_business_search&utm_source=GVWAITeAe13hPk5JlriDSg
kellys-bar-randolph,"[{'alias': 'restaurants', 'title': 'Restaurants'}, {'alias': 'beer_and_wine', 'title': 'Beer, Wine & Spirits'}]","{'latitude': 43.459686, 'longitude': -88.989921}",(920) 326-3580,11031.294902897758,2vPo1CbviOJUqD3Z91GrWA,,False,"{'address1': 'W11794 Concord Rd', 'address2': '', 'address3': '', 'city': 'Randolph', 'zip_code': '53956', 'country': 'US', 'state': 'WI', 'display_address': ['W11794 Concord Rd', 'Randolph, WI 53956']}",Kelly's Bar,+19203263580,,3.5,2,[],https://www.yelp.com/biz/kellys-bar-randolph?adjust_creative=GVWAITeAe13hPk5JlriDSg&utm_campaign=yelp_api_v3&utm_medium=api_v3_business_search&utm_source=GVWAITeAe13hPk5JlriDSg
arbys-beaver-dam-3,"[{'alias': 'hotdogs', 'title': 'Fast Food'}, {'alias': 'sandwiches', 'title': 'Sandwiches'}]","{'latitude': 43.4883499, 'longitude': -88.80707}",(920) 356-0855,6735.005001388241,VSRh3mO3Q8yG3SIv6ChxDg,,False,"{'address1': '121 Frances Ln', 'address2': None, 'address3': None, 'city': 'Beaver Dam', 'zip_code': '53916', 'country': 'US', 'state': 'WI', 'display_address': ['121 Frances Ln', 'Beaver Dam, WI 53916']}",Arby's,+19203560855,,3.0,1,[],https://www.yelp.com/biz/arbys-beaver-dam-3?adjust_creative=GVWAITeAe13hPk5JlriDSg&utm_campaign=yelp_api_v3&utm_medium=api_v3_business_search&utm_source=GVWAITeAe13hPk5JlriDSg
morrys-bar-beaver-dam,"[{'alias': 'bars', 'title': 'Bars'}]","{'latitude': 43.451931, 'longitude': -88.8454208}",(920) 885-9750,1607.0303757143542,yWm3jAmjGR6ehVr8ILFyUA,https://s3-media3.fl.yelpcdn.com/bphoto/V_n_h963QM381WHowHxp-Q/o.jpg,False,"{'address1': '430 Madison St', 'address2': '', 'address3': '', 'city': 'Beaver Dam', 'zip_code': '53916', 'country': 'US', 'state': 'WI', 'display_address': ['430 Madison St', 'Beaver Dam, WI 53916']}",Morry's Bar,+19208859750,,2.5,2,[],https://www.yelp.com/biz/morrys-bar-beaver-dam?adjust_creative=GVWAITeAe13hPk5JlriDSg&utm_campaign=yelp_api_v3&utm_medium=api_v3_business_search&utm_source=GVWAITeAe13hPk5JlriDSg
marcos-pizza-beaver-dam,"[{'alias': 'pizza', 'title': 'Pizza'}]","{'latitude': 43.4578285217285, 'longitude': -88.8378753662109}",(920) 319-8101,2498.852786354795,gMmo3LdWJ-rceOT5fJbwXA,,False,"{'address1': '112 W Maple Ave', 'address2': None, 'address3': '', 'city': 'Beaver Dam', 'zip_code': '53916', 'country': 'US', 'state': 'WI', 'display_address': ['112 W Maple Ave', 'Beaver Dam, WI 53916']}",Marco's Pizza,+19203198101,,3.0,2,[],https://www.yelp.com/biz/marcos-pizza-beaver-dam?adjust_creative=GVWAITeAe13hPk5JlriDSg&utm_campaign=yelp_api_v3&utm_medium=api_v3_business_search&utm_source=GVWAITeAe13hPk5JlriDSg
ziehmes-bar-pumpkin-center-juneau,"[{'alias': 'bars', 'title': 'Bars'}]","{'latitude': 43.370182, 'longitude': -88.796737}",(920) 927-5491,9101.561108790524,QETRF1rcQ9aafCxWlpICQw,,False,"{'address1': 'N4851 County Rd I', 'address2': '', 'address3': '', 'city': 'Juneau', 'zip_code': '53039', 'country': 'US', 'state': 'WI', 'display_address': ['N4851 County Rd I', 'Juneau, WI 53039']}",Ziehme's Bar Pumpkin Center,+19209275491,,3.0,1,[],https://www.yelp.com/biz/ziehmes-bar-pumpkin-center-juneau?adjust_creative=GVWAITeAe13hPk5JlriDSg&utm_campaign=yelp_api_v3&utm_medium=api_v3_business_search&utm_source=GVWAITeAe13hPk5JlriDSg
beaver-dam-country-club-beaver-dam,"[{'alias': 'golf', 'title': 'Golf'}]","{'latitude': 43.5166775, 'longitude': -88.8659297}",(920) 885-4106,4539.186395824205,7bk1mi36D2nSRILxE9iNwQ,,False,"{'address1': 'N8884 State Rd 33', 'address2': '', 'address3': '', 'city': 'Beaver Dam', 'zip_code': '53916', 'country': 'US', 'state': 'WI', 'display_address': ['N8884 State Rd 33', 'Beaver Dam, WI 53916']}",Beaver Dam Country Club,+19208854106,,4.0,1,[],https://www.yelp.com/biz/beaver-dam-country-club-beaver-dam?adjust_creative=GVWAITeAe13hPk5JlriDSg&utm_campaign=yelp_api_v3&utm_medium=api_v3_business_search&utm_source=GVWAITeAe13hPk5JlriDSg
subway-beaver-dam-2,"[{'alias': 'sandwiches', 'title': 'Sandwiches'}, {'alias': 'hotdogs', 'title': 'Fast Food'}]","{'latitude': 43.4708786, 'longitude': -88.8268738}",(920) 885-2424,4183.943543949466,Q2cLWXbRQ3BbA5_winMxrA,,False,"{'address1': '1511 N Spring St', 'address2': '', 'address3': '', 'city': 'Beaver Dam', 'zip_code': '53916', 'country': 'US', 'state': 'WI', 'display_address': ['1511 N Spring St', 'Beaver Dam, WI 53916']}",Subway,+19208852424,,2.5,2,[],https://www.yelp.com/biz/subway-beaver-dam-2?adjust_creative=GVWAITeAe13hPk5JlriDSg&utm_campaign=yelp_api_v3&utm_medium=api_v3_business_search&utm_source=GVWAITeAe13hPk5JlriDSg
burger-king-beaver-dam-2,"[{'alias': 'burgers', 'title': 'Burgers'}, {'alias': 'hotdogs', 'title': 'Fast Food'}]","{'latitude': 43.48835, 'longitude': -88.80707}",(866) 394-2493,6735.005001388241,MeyDITN0n-bPMp6SJ6ohRg,,False,"{'address1': '121 Frances Ln', 'address2': '', 'address3': None, 'city': 'Beaver Dam', 'zip_code': '53916', 'country': 'US', 'state': 'WI', 'display_address': ['121 Frances Ln', 'Beaver Dam, WI 53916']}",Burger King,+18663942493,,1.0,2,[],https://www.yelp.com/biz/burger-king-beaver-dam-2?adjust_creative=GVWAITeAe13hPk5JlriDSg&utm_campaign=yelp_api_v3&utm_medium=api_v3_business_search&utm_source=GVWAITeAe13hPk5JlriDSg
dockside-pub-and-grille-beaver-dam,"[{'alias': 'pubs', 'title': 'Pubs'}]","{'latitude': 43.5123, 'longitude': -88.957263}",(920) 326-5121,11477.73559883331,Sxw4dtGSX62pAeNB2eYlug,,False,"{'address1': 'W11146 Highway G', 'address2': '', 'address3': '', 'city': 'Beaver Dam', 'zip_code': '53916', 'country': 'US', 'state': 'WI', 'display_address': ['W11146 Highway G', 'Beaver Dam, WI 53916']}",Dockside Pub & Grille,+19203265121,,4.0,1,[],https://www.yelp.com/biz/dockside-pub-and-grille-beaver-dam?adjust_creative=GVWAITeAe13hPk5JlriDSg&utm_campaign=yelp_api_v3&utm_medium=api_v3_business_search&utm_source=GVWAITeAe13hPk5JlriDSg
