zipcode,n_business,n_d1,n_d2,n_d3,n_d4,n_review,n_s1,n_s1plus,n_s2,n_s2plus,n_s3,n_s3plus,n_s4,n_s4plus,n_s5,n_d1_bagels,n_d2_bagels,n_d3_bagels,n_d4_bagels,n_d1_gourmet,n_d2_gourmet,n_d3_gourmet,n_d4_gourmet,n_d1_french,n_d2_french,n_d3_french,n_d4_french,n_d1_breweries,n_d2_breweries,n_d3_breweries,n_d4_breweries,n_d1_steak,n_d2_steak,n_d3_steak,n_d4_steak,n_d1_grocery,n_d2_grocery,n_d3_grocery,n_d4_grocery,n_d1_wine_bars,n_d2_wine_bars,n_d3_wine_bars,n_d4_wine_bars,n_d1_burgers,n_d2_burgers,n_d3_burgers,n_d4_burgers,n_d1_sushi,n_d2_sushi,n_d3_sushi,n_d4_sushi,n_d1_coffee,n_d2_coffee,n_d3_coffee,n_d4_coffee,n_s1_bagels,n_s1plus_bagels,n_s2_bagels,n_s2plus_bagels,n_s3_bagels,n_s3plus_bagels,n_s4_bagels,n_s4plus_bagels,n_s5_bagels,n_s1_gourmet,n_s1plus_gourmet,n_s2_gourmet,n_s2plus_gourmet,n_s3_gourmet,n_s3plus_gourmet,n_s4_gourmet,n_s4plus_gourmet,n_s5_gourmet,n_s1_french,n_s1plus_french,n_s2_french,n_s2plus_french,n_s3_french,n_s3plus_french,n_s4_french,n_s4plus_french,n_s5_french,n_s1_breweries,n_s1plus_breweries,n_s2_breweries,n_s2plus_breweries,n_s3_breweries,n_s3plus_breweries,n_s4_breweries,n_s4plus_breweries,n_s5_breweries,n_s1_steak,n_s1plus_steak,n_s2_steak,n_s2plus_steak,n_s3_steak,n_s3plus_steak,n_s4_steak,n_s4plus_steak,n_s5_steak,n_s1_grocery,n_s1plus_grocery,n_s2_grocery,n_s2plus_grocery,n_s3_grocery,n_s3plus_grocery,n_s4_grocery,n_s4plus_grocery,n_s5_grocery,n_s1_wine_bars,n_s1plus_wine_bars,n_s2_wine_bars,n_s2plus_wine_bars,n_s3_wine_bars,n_s3plus_wine_bars,n_s4_wine_bars,n_s4plus_wine_bars,n_s5_wine_bars,n_s1_burgers,n_s1plus_burgers,n_s2_burgers,n_s2plus_burgers,n_s3_burgers,n_s3plus_burgers,n_s4_burgers,n_s4plus_burgers,n_s5_burgers,n_s1_sushi,n_s1plus_sushi,n_s2_sushi,n_s2plus_sushi,n_s3_sushi,n_s3plus_sushi,n_s4_sushi,n_s4plus_sushi,n_s5_sushi,n_s1_coffee,n_s1plus_coffee,n_s2_coffee,n_s2plus_coffee,n_s3_coffee,n_s3plus_coffee,n_s4_coffee,n_s4plus_coffee,n_s5_coffee,average_agi,p_ge_d2,p_ge_d3,score_d,score_avg_d,p_ge_s2,p_ge_s2plus,p_ge_s3,p_ge_s3plus,p_ge_s4,p_ge_s4plus,score_s,score_avg_s,score_d_categories,n_breweries,p_breweries,p_ge_d2_breweries,p_ge_d3_breweries,score_d_breweries,n_burgers,p_burgers,p_ge_d2_burgers,p_ge_d3_burgers,score_d_burgers,n_grocery,p_grocery,p_ge_d2_grocery,p_ge_d3_grocery,score_d_grocery,n_sushi,p_sushi,p_ge_d2_sushi,p_ge_d3_sushi,score_d_sushi,n_coffee,p_coffee,p_ge_d2_coffee,p_ge_d3_coffee,score_d_coffee,n_bagels,p_bagels,p_ge_d2_bagels,p_ge_d3_bagels,score_d_bagels,n_wine_bars,p_wine_bars,p_ge_d2_wine_bars,p_ge_d3_wine_bars,score_d_wine_bars,n_steak,p_steak,p_ge_d2_steak,p_ge_d3_steak,score_d_steak,n_french,p_french,p_ge_d2_french,p_ge_d3_french,score_d_french,n_gourmet,p_gourmet,p_ge_d2_gourmet,p_ge_d3_gourmet,score_d_gourmet,score_s_categories,n_s_breweries,p_s_breweries,p_ge_s2_breweries,p_ge_s2plus_breweries,p_ge_s3_breweries,p_ge_s3plus_breweries,p_ge_s4_breweries,p_ge_s4plus_breweries,p_ge_s5_breweries,score_s_breweries,n_s_burgers,p_s_burgers,p_ge_s2_burgers,p_ge_s2plus_burgers,p_ge_s3_burgers,p_ge_s3plus_burgers,p_ge_s4_burgers,p_ge_s4plus_burgers,p_ge_s5_burgers,score_s_burgers,n_s_grocery,p_s_grocery,p_ge_s2_grocery,p_ge_s2plus_grocery,p_ge_s3_grocery,p_ge_s3plus_grocery,p_ge_s4_grocery,p_ge_s4plus_grocery,p_ge_s5_grocery,score_s_grocery,n_s_sushi,p_s_sushi,p_ge_s2_sushi,p_ge_s2plus_sushi,p_ge_s3_sushi,p_ge_s3plus_sushi,p_ge_s4_sushi,p_ge_s4plus_sushi,p_ge_s5_sushi,score_s_sushi,n_s_coffee,p_s_coffee,p_ge_s2_coffee,p_ge_s2plus_coffee,p_ge_s3_coffee,p_ge_s3plus_coffee,p_ge_s4_coffee,p_ge_s4plus_coffee,p_ge_s5_coffee,score_s_coffee,n_s_bagels,p_s_bagels,p_ge_s2_bagels,p_ge_s2plus_bagels,p_ge_s3_bagels,p_ge_s3plus_bagels,p_ge_s4_bagels,p_ge_s4plus_bagels,p_ge_s5_bagels,score_s_bagels,n_s_wine_bars,p_s_wine_bars,p_ge_s2_wine_bars,p_ge_s2plus_wine_bars,p_ge_s3_wine_bars,p_ge_s3plus_wine_bars,p_ge_s4_wine_bars,p_ge_s4plus_wine_bars,p_ge_s5_wine_bars,score_s_wine_bars,n_s_steak,p_s_steak,p_ge_s2_steak,p_ge_s2plus_steak,p_ge_s3_steak,p_ge_s3plus_steak,p_ge_s4_steak,p_ge_s4plus_steak,p_ge_s5_steak,score_s_steak,n_s_french,p_s_french,p_ge_s2_french,p_ge_s2plus_french,p_ge_s3_french,p_ge_s3plus_french,p_ge_s4_french,p_ge_s4plus_french,p_ge_s5_french,score_s_french,n_s_gourmet,p_s_gourmet,p_ge_s2_gourmet,p_ge_s2plus_gourmet,p_ge_s3_gourmet,p_ge_s3plus_gourmet,p_ge_s4_gourmet,p_ge_s4plus_gourmet,p_ge_s5_gourmet,score_s_gourmet
53004,64,26,37,0,1,1395,3,11,18,88,228,325,262,423,37,0,0,0,0,0,0,0,0,0,0,0,0,0,0,0,0,0,2,0,0,0,0,0,0,0,1,0,0,6,2,0,0,0,0,0,0,4,1,0,0,0,0,0,0,0,0,0,0,0,0,0,0,0,0,0,0,0,0,0,0,0,0,0,0,0,0,0,0,0,0,0,0,0,0,0,0,0,0,0,0,0,0,1,0,1,0,0,0,0,0,0,0,0,0,0,0,0,0,0,0,1,0,0,0,1,1,0,2,1,2,1,0,0,0,0,0,0,0,0,0,0,0,1,1,0,1,1,1,0,0,67920,0.59,0.02,104,1.62,0.99,0.98,0.91,0.75,0.52,0.33,5233.5,3.75,22,0,0.0,0.0,0.0,0,8,0.12,0.25,0.0,10,0,0.0,0.0,0.0,0,0,0.0,0.0,0.0,0,5,0.08,0.2,0.0,6,0,0.0,0.0,0.0,0,1,0.02,1.0,0.0,2,2,0.03,1.0,0.0,4,0,0.0,0.0,0.0,0,0,0.0,0.0,0.0,0,52.5,0,0.0,0.0,0.0,0.0,0.0,0.0,0.0,0,0.0,8,0.01,0.88,0.75,0.75,0.5,0.38,0.12,0,25.5,0,0.0,0.0,0.0,0.0,0.0,0.0,0.0,0,0.0,0,0.0,0.0,0.0,0.0,0.0,0.0,0.0,0,0.0,5,0.0,0.8,0.6,0.6,0.4,0.2,0.0,0,14.0,0,0.0,0.0,0.0,0.0,0.0,0.0,0.0,0,0.0,1,0.0,1.0,1.0,1.0,1.0,1.0,0.0,0,4.0,2,0.0,1.0,1.0,1.0,1.0,1.0,0.5,0,9.0,0,0.0,0.0,0.0,0.0,0.0,0.0,0.0,0,0.0,0,0.0,0.0,0.0,0.0,0.0,0.0,0.0,0,0.0
53006,8,5,3,0,0,123,0,8,0,0,49,0,34,24,8,0,0,0,0,0,0,0,0,0,0,0,0,0,0,0,0,0,0,0,0,0,0,0,0,0,0,0,0,3,1,0,0,0,0,0,0,1,0,0,0,0,0,0,0,0,0,0,0,0,0,0,0,0,0,0,0,0,0,0,0,0,0,0,0,0,0,0,0,0,0,0,0,0,0,0,0,0,0,0,0,0,0,0,0,0,0,0,0,0,0,0,0,0,0,0,0,0,0,0,0,0,0,0,0,1,0,0,0,0,2,1,0,0,0,0,0,0,0,0,0,0,0,1,0,0,0,0,0,0,0,60714,0.38,0.0,11,1.38,0.93,0.93,0.93,0.54,0.54,0.26,443.0,3.6,6,0,0.0,0.0,0.0,0,4,0.5,0.25,0.0,5,0,0.0,0.0,0.0,0,0,0.0,0.0,0.0,0,1,0.12,0.0,0.0,1,0,0.0,0.0,0.0,0,0,0.0,0.0,0.0,0,0,0.0,0.0,0.0,0,0,0.0,0.0,0.0,0,0,0.0,0.0,0.0,0,15.5,0,0.0,0.0,0.0,0.0,0.0,0.0,0.0,0,0.0,4,0.03,0.75,0.75,0.75,0.75,0.75,0.25,0,14.0,0,0.0,0.0,0.0,0.0,0.0,0.0,0.0,0,0.0,0,0.0,0.0,0.0,0.0,0.0,0.0,0.0,0,0.0,1,0.01,0.0,0.0,0.0,0.0,0.0,0.0,0,1.5,0,0.0,0.0,0.0,0.0,0.0,0.0,0.0,0,0.0,0,0.0,0.0,0.0,0.0,0.0,0.0,0.0,0,0.0,0,0.0,0.0,0.0,0.0,0.0,0.0,0.0,0,0.0,0,0.0,0.0,0.0,0.0,0.0,0.0,0.0,0,0.0,0,0.0,0.0,0.0,0.0,0.0,0.0,0.0,0,0.0
53018,363,177,173,13,0,10591,30,156,243,389,1750,3121,3112,1552,238,1,0,0,0,0,0,1,0,0,0,0,0,0,4,0,0,1,3,3,0,0,3,1,0,0,8,1,0,22,14,0,0,0,6,0,0,33,10,0,0,0,0,0,0,1,0,0,0,0,0,0,0,1,0,0,0,0,0,0,0,0,0,0,0,0,0,0,0,0,0,0,1,2,0,1,0,0,0,0,0,2,3,2,0,0,0,0,0,1,0,0,1,2,0,0,0,0,0,0,2,5,2,0,2,5,3,2,5,9,5,5,0,0,0,0,0,3,1,2,0,0,2,4,5,3,4,3,7,13,2,121996,0.51,0.04,562,1.55,0.98,0.96,0.92,0.76,0.46,0.17,38518.0,3.64,171,4,0.01,1.0,0.0,8,36,0.1,0.39,0.0,50,4,0.01,1.0,0.25,9,6,0.02,1.0,0.0,12,43,0.12,0.23,0.0,53,1,0.0,0.0,0.0,1,9,0.02,1.0,0.11,19,7,0.02,0.86,0.43,16,0,0.0,0.0,0.0,0,1,0.0,1.0,1.0,3,370.5,4,0.0,1.0,1.0,1.0,0.75,0.25,0.25,0,14.5,36,0.0,0.81,0.72,0.67,0.53,0.28,0.14,0,109.5,4,0.0,1.0,1.0,0.75,0.75,0.75,0.5,0,15.5,6,0.0,1.0,1.0,1.0,0.5,0.33,0.0,0,20.5,43,0.0,0.86,0.74,0.67,0.58,0.51,0.35,0,144.5,1,0.0,1.0,1.0,1.0,0.0,0.0,0.0,0,3.0,9,0.0,1.0,1.0,1.0,1.0,0.78,0.22,0,36.0,7,0.0,1.0,1.0,1.0,0.71,0.29,0.0,0,24.5,0,0.0,0.0,0.0,0.0,0.0,0.0,0.0,0,0.0,1,0.0,1.0,1.0,0.0,0.0,0.0,0.0,0,2.5
53022,112,46,63,3,0,3469,0,40,291,331,617,1147,822,192,29,0,0,0,0,0,0,1,0,0,0,0,0,0,0,0,0,0,1,1,0,0,0,1,0,0,0,0,0,8,7,0,0,0,2,0,0,6,4,1,0,0,0,0,0,0,0,0,0,0,0,0,0,0,0,1,0,0,0,0,0,0,0,0,0,0,0,0,0,0,0,0,0,0,0,0,0,0,0,0,0,2,0,0,0,0,0,0,0,0,0,1,0,0,0,0,0,0,0,0,0,0,0,0,0,2,5,1,0,5,2,0,0,0,0,0,0,0,0,2,0,0,0,1,3,2,0,2,1,1,1,77378,0.59,0.03,181,1.62,0.99,0.9,0.81,0.63,0.3,0.06,11632.0,3.35,54,0,0.0,0.0,0.0,0,15,0.13,0.47,0.0,22,1,0.01,1.0,1.0,3,2,0.02,1.0,0.0,4,11,0.1,0.45,0.09,17,0,0.0,0.0,0.0,0,0,0.0,0.0,0.0,0,2,0.02,1.0,0.5,5,0,0.0,0.0,0.0,0,1,0.01,1.0,1.0,3,95.0,0,0.0,0.0,0.0,0.0,0.0,0.0,0.0,0,0.0,15,0.0,0.87,0.53,0.47,0.47,0.13,0.0,0,41.0,1,0.0,1.0,1.0,1.0,1.0,0.0,0.0,0,3.5,2,0.0,1.0,1.0,1.0,1.0,1.0,0.0,0,8.0,11,0.0,0.91,0.64,0.45,0.45,0.27,0.18,0,33.0,0,0.0,0.0,0.0,0.0,0.0,0.0,0.0,0,0.0,0,0.0,0.0,0.0,0.0,0.0,0.0,0.0,0,0.0,2,0.0,1.0,1.0,1.0,0.0,0.0,0.0,0,6.0,0,0.0,0.0,0.0,0.0,0.0,0.0,0.0,0,0.0,1,0.0,1.0,1.0,1.0,1.0,0.0,0.0,0,3.5
53024,228,94,127,6,1,7464,3,148,327,361,1204,2526,1855,985,55,1,1,0,0,0,1,2,0,0,0,0,0,1,0,0,0,0,2,0,0,0,1,2,0,0,6,0,0,14,11,0,0,0,1,0,0,11,9,1,0,0,0,0,0,1,0,1,0,0,0,0,0,0,0,3,0,0,0,0,0,0,0,0,0,0,0,0,0,0,0,0,0,0,0,1,0,0,0,0,0,0,0,1,1,0,0,0,0,0,0,3,0,0,0,0,0,0,0,1,0,2,3,0,0,5,3,3,6,4,3,1,0,0,0,0,0,1,0,0,0,0,0,4,2,1,2,4,4,3,1,81371,0.59,0.03,370,1.62,0.98,0.94,0.89,0.73,0.39,0.14,26362.0,3.53,106,1,0.0,0.0,0.0,1,25,0.11,0.44,0.0,36,3,0.01,1.0,0.67,8,1,0.0,1.0,0.0,2,21,0.09,0.48,0.05,32,2,0.01,0.5,0.0,3,6,0.03,1.0,0.0,12,2,0.01,1.0,0.0,4,0,0.0,0.0,0.0,0,3,0.01,1.0,0.67,8,205.0,1,0.0,1.0,1.0,1.0,1.0,1.0,1.0,0,4.5,25,0.0,0.8,0.68,0.56,0.32,0.16,0.04,0,69.5,3,0.0,1.0,1.0,1.0,1.0,0.0,0.0,0,10.5,1,0.0,1.0,1.0,1.0,0.0,0.0,0.0,0,3.0,21,0.0,0.81,0.71,0.67,0.57,0.38,0.19,0,67.0,2,0.0,1.0,1.0,1.0,0.5,0.5,0.0,0,7.0,6,0.0,1.0,1.0,1.0,0.83,0.83,0.5,0,24.5,2,0.0,1.0,1.0,1.0,1.0,1.0,0.5,0,8.5,0,0.0,0.0,0.0,0.0,0.0,0.0,0.0,0,0.0,3,0.0,1.0,1.0,1.0,1.0,0.0,0.0,0,10.5
53027,51,28,23,0,0,1211,0,11,3,6,218,364,489,80,40,0,0,0,0,0,0,0,0,0,0,0,0,0,0,0,0,0,2,0,0,0,0,0,0,0,0,0,0,4,3,0,0,0,1,0,0,1,1,0,0,0,0,0,0,0,0,0,0,0,0,0,0,0,0,0,0,0,0,0,0,0,0,0,0,0,0,0,0,0,0,0,0,0,0,0,0,0,0,0,0,1,1,0,0,0,0,0,0,0,0,0,0,0,0,0,0,0,0,0,0,0,0,0,0,0,0,1,1,2,2,0,1,0,0,0,0,0,0,1,0,0,0,0,0,0,1,0,1,0,0,67674,0.45,0.0,74,1.45,0.99,0.99,0.98,0.8,0.5,0.1,4481.5,3.7,19,0,0.0,0.0,0.0,0,7,0.14,0.43,0.0,10,0,0.0,0.0,0.0,0,1,0.02,1.0,0.0,2,2,0.04,0.5,0.0,3,0,0.0,0.0,0.0,0,0,0.0,0.0,0.0,0,2,0.04,1.0,0.0,4,0,0.0,0.0,0.0,0,0,0.0,0.0,0.0,0,43.0,0,0.0,0.0,0.0,0.0,0.0,0.0,0.0,0,0.0,7,0.01,1.0,1.0,0.86,0.71,0.43,0.14,0,25.5,0,0.0,0.0,0.0,0.0,0.0,0.0,0.0,0,0.0,1,0.0,1.0,1.0,1.0,1.0,1.0,0.0,0,4.0,2,0.0,1.0,1.0,1.0,0.5,0.5,0.0,0,7.0,0,0.0,0.0,0.0,0.0,0.0,0.0,0.0,0,0.0,0,0.0,0.0,0.0,0.0,0.0,0.0,0.0,0,0.0,2,0.0,1.0,1.0,1.0,0.5,0.0,0.0,0,6.5,0,0.0,0.0,0.0,0.0,0.0,0.0,0.0,0,0.0,0,0.0,0.0,0.0,0.0,0.0,0.0,0.0,0,0.0
53034,51,26,24,1,0,537,2,0,0,25,53,108,136,198,15,0,0,0,0,0,0,0,0,0,0,0,0,0,0,0,0,0,2,0,0,0,0,0,0,0,0,0,0,1,1,0,0,0,0,0,0,2,2,1,0,0,0,0,0,0,0,0,0,0,0,0,0,0,0,0,0,0,0,0,0,0,0,0,0,0,0,0,0,0,0,0,0,0,0,0,0,0,0,0,0,0,1,0,1,0,0,0,0,0,0,0,0,0,0,0,0,0,0,0,0,0,0,0,0,0,0,0,2,0,0,0,0,0,0,0,0,0,0,0,0,0,0,0,0,0,0,0,2,3,0,51823,0.49,0.02,77,1.51,1.0,1.0,0.95,0.85,0.65,0.4,2111.5,3.93,16,0,0.0,0.0,0.0,0,2,0.04,0.5,0.0,3,0,0.0,0.0,0.0,0,0,0.0,0.0,0.0,0,5,0.1,0.6,0.2,9,0,0.0,0.0,0.0,0,0,0.0,0.0,0.0,0,2,0.04,1.0,0.0,4,0,0.0,0.0,0.0,0,0,0.0,0.0,0.0,0,35.5,0,0.0,0.0,0.0,0.0,0.0,0.0,0.0,0,0.0,2,0.0,1.0,1.0,1.0,0.0,0.0,0.0,0,6.0,0,0.0,0.0,0.0,0.0,0.0,0.0,0.0,0,0.0,0,0.0,0.0,0.0,0.0,0.0,0.0,0.0,0,0.0,5,0.01,1.0,1.0,1.0,1.0,1.0,0.6,0,21.5,0,0.0,0.0,0.0,0.0,0.0,0.0,0.0,0,0.0,0,0.0,0.0,0.0,0.0,0.0,0.0,0.0,0,0.0,2,0.0,1.0,1.0,1.0,1.0,0.5,0.5,0,8.0,0,0.0,0.0,0.0,0.0,0.0,0.0,0.0,0,0.0,0,0.0,0.0,0.0,0.0,0.0,0.0,0.0,0,0.0
53038,104,54,50,0,0,1837,12,45,37,256,104,351,549,454,29,0,0,0,0,0,0,0,0,0,0,0,0,0,1,0,0,0,1,0,0,0,0,0,0,0,0,0,0,8,5,0,0,0,1,0,0,6,4,0,0,0,0,0,0,0,0,0,0,0,0,0,0,0,0,0,0,0,0,0,0,0,0,0,0,0,0,0,0,0,0,0,0,0,1,0,0,0,0,0,1,0,0,0,0,0,0,0,0,0,0,0,0,0,0,0,0,0,0,0,0,0,0,0,0,2,0,0,3,2,5,1,0,0,0,0,0,0,0,0,1,0,0,2,0,1,1,0,2,4,0,64793,0.48,0.0,154,1.48,0.97,0.95,0.81,0.75,0.56,0.26,6718.0,3.66,38,1,0.01,1.0,0.0,2,13,0.12,0.38,0.0,18,0,0.0,0.0,0.0,0,1,0.01,1.0,0.0,2,10,0.1,0.4,0.0,14,0,0.0,0.0,0.0,0,0,0.0,0.0,0.0,0,1,0.01,1.0,0.0,2,0,0.0,0.0,0.0,0,0,0.0,0.0,0.0,0,89.0,1,0.0,1.0,1.0,1.0,1.0,1.0,0.0,0,4.0,13,0.01,0.85,0.85,0.85,0.62,0.46,0.08,0,43.5,0,0.0,0.0,0.0,0.0,0.0,0.0,0.0,0,0.0,1,0.0,1.0,1.0,1.0,1.0,1.0,1.0,0,4.5,10,0.01,0.8,0.8,0.7,0.6,0.6,0.4,0,34.5,0,0.0,0.0,0.0,0.0,0.0,0.0,0.0,0,0.0,0,0.0,0.0,0.0,0.0,0.0,0.0,0.0,0,0.0,1,0.0,1.0,1.0,0.0,0.0,0.0,0.0,0,2.5,0,0.0,0.0,0.0,0.0,0.0,0.0,0.0,0,0.0,0,0.0,0.0,0.0,0.0,0.0,0.0,0.0,0,0.0
53057,63,32,29,2,0,1085,2,10,0,3,73,144,358,445,50,1,0,0,0,0,1,0,0,0,0,0,0,0,0,0,0,1,4,1,0,0,0,0,0,1,0,1,0,8,4,0,0,0,0,0,0,2,2,0,0,0,0,0,0,0,0,0,1,0,0,0,0,0,0,0,0,1,0,0,0,0,0,0,0,0,0,0,0,0,0,0,0,0,0,0,0,0,0,0,0,0,0,4,1,1,0,0,0,0,0,0,0,0,0,0,0,0,0,0,0,1,0,1,0,0,0,1,1,1,5,4,0,0,0,0,0,0,0,0,0,0,0,0,0,1,0,0,0,1,2,63380,0.49,0.03,96,1.52,0.99,0.99,0.99,0.92,0.79,0.46,4432.0,4.08,41,0,0.0,0.0,0.0,0,12,0.19,0.33,0.0,16,0,0.0,0.0,0.0,0,0,0.0,0.0,0.0,0,4,0.06,0.5,0.0,6,1,0.02,0.0,0.0,1,2,0.03,0.5,0.5,4,6,0.1,0.83,0.17,12,0,0.0,0.0,0.0,0,1,0.02,1.0,0.0,2,107.5,0,0.0,0.0,0.0,0.0,0.0,0.0,0.0,0,0.0,12,0.01,1.0,1.0,0.92,0.83,0.75,0.33,0,47.0,0,0.0,0.0,0.0,0.0,0.0,0.0,0.0,0,0.0,0,0.0,0.0,0.0,0.0,0.0,0.0,0.0,0,0.0,4,0.0,1.0,1.0,0.75,0.75,0.75,0.75,0,17.0,1,0.0,1.0,1.0,1.0,1.0,1.0,1.0,0,4.5,2,0.0,1.0,1.0,1.0,1.0,1.0,0.5,0,9.0,6,0.01,1.0,1.0,1.0,1.0,1.0,0.33,0,25.5,0,0.0,0.0,0.0,0.0,0.0,0.0,0.0,0,0.0,1,0.0,1.0,1.0,1.0,1.0,1.0,1.0,0,4.5
53065,100,53,45,2,0,1675,9,10,18,78,229,372,522,388,49,1,0,0,0,0,0,0,0,0,0,0,0,0,0,0,0,0,3,1,0,0,0,0,0,1,0,2,0,17,7,0,0,0,0,0,0,6,5,0,0,0,0,0,0,0,0,0,1,0,0,0,0,0,0,0,0,0,0,0,0,0,0,0,0,0,0,0,0,0,0,0,0,0,0,0,0,0,0,0,0,0,1,3,0,0,0,0,0,0,0,0,0,0,0,0,0,0,0,1,0,1,0,1,1,1,1,2,2,5,8,4,0,0,0,0,0,0,0,0,0,0,1,1,1,1,1,1,2,1,2,59220,0.47,0.02,149,1.49,0.99,0.98,0.93,0.79,0.57,0.26,6323.0,3.77,64,0,0.0,0.0,0.0,0,24,0.24,0.29,0.0,31,0,0.0,0.0,0.0,0,0,0.0,0.0,0.0,0,11,0.11,0.45,0.0,16,1,0.01,0.0,0.0,1,3,0.03,0.67,0.67,7,4,0.04,1.0,0.25,9,0,0.0,0.0,0.0,0,0,0.0,0.0,0.0,0,151.0,0,0.0,0.0,0.0,0.0,0.0,0.0,0.0,0,0.0,24,0.01,0.92,0.88,0.79,0.71,0.5,0.17,0,83.0,0,0.0,0.0,0.0,0.0,0.0,0.0,0.0,0,0.0,0,0.0,0.0,0.0,0.0,0.0,0.0,0.0,0,0.0,11,0.01,0.82,0.73,0.64,0.55,0.45,0.27,0,36.0,1,0.0,1.0,1.0,1.0,1.0,1.0,1.0,0,4.5,3,0.0,1.0,1.0,1.0,0.67,0.67,0.33,0,12.0,4,0.0,1.0,1.0,1.0,1.0,0.75,0.0,0,15.5,0,0.0,0.0,0.0,0.0,0.0,0.0,0.0,0,0.0,0,0.0,0.0,0.0,0.0,0.0,0.0,0.0,0,0.0
53076,248,116,127,5,0,6234,0,106,333,493,1145,1856,1807,391,103,0,0,0,0,0,0,1,0,0,0,0,0,0,0,0,0,1,6,1,0,0,1,1,0,0,0,0,0,22,11,0,0,0,7,0,0,13,9,1,0,0,0,0,0,0,0,0,0,0,0,0,0,0,0,1,0,0,0,0,0,0,0,0,0,0,0,0,0,0,0,0,0,0,0,0,0,0,0,0,0,4,2,2,0,0,0,0,0,0,0,1,1,0,0,0,0,0,0,0,0,0,0,0,0,6,6,3,2,8,6,1,1,0,0,0,0,2,1,4,0,0,0,5,4,3,3,2,3,1,2,101115,0.53,0.02,385,1.55,0.98,0.93,0.85,0.67,0.37,0.08,21491.0,3.45,116,0,0.0,0.0,0.0,0,33,0.13,0.33,0.0,44,2,0.01,1.0,0.5,5,7,0.03,1.0,0.0,14,23,0.09,0.43,0.04,34,0,0.0,0.0,0.0,0,0,0.0,0.0,0.0,0,8,0.03,0.88,0.12,16,0,0.0,0.0,0.0,0,1,0.0,1.0,1.0,3,225.0,0,0.0,0.0,0.0,0.0,0.0,0.0,0.0,0,0.0,33,0.01,0.82,0.64,0.55,0.48,0.24,0.06,0,96.0,2,0.0,1.0,1.0,1.0,1.0,0.5,0.0,0,7.5,7,0.0,1.0,1.0,1.0,0.71,0.57,0.0,0,25.5,23,0.0,0.78,0.61,0.48,0.35,0.26,0.13,0,65.5,0,0.0,0.0,0.0,0.0,0.0,0.0,0.0,0,0.0,0,0.0,0.0,0.0,0.0,0.0,0.0,0.0,0,0.0,8,0.0,1.0,1.0,1.0,0.5,0.25,0.0,0,27.0,0,0.0,0.0,0.0,0.0,0.0,0.0,0.0,0,0.0,1,0.0,1.0,1.0,1.0,1.0,0.0,0.0,0,3.5
53080,171,74,89,6,2,4541,3,32,33,204,561,1247,1498,885,78,1,0,0,0,0,0,1,0,0,0,0,0,1,1,0,0,0,3,2,0,0,0,1,0,0,5,0,0,12,4,0,0,0,1,0,0,9,7,0,0,0,0,0,0,0,0,1,0,0,0,0,0,0,0,1,0,0,0,0,0,0,0,0,0,0,0,0,0,0,0,0,0,0,1,1,0,0,0,0,0,0,0,1,3,1,0,0,0,0,0,1,0,0,0,0,0,0,0,1,0,2,2,0,0,2,2,2,3,1,4,2,0,0,0,0,0,0,1,0,0,0,0,2,2,1,3,1,4,2,1,59028,0.57,0.05,278,1.63,0.99,0.99,0.94,0.82,0.54,0.21,17039.0,3.75,77,2,0.01,0.5,0.0,3,16,0.09,0.25,0.0,20,1,0.01,1.0,1.0,3,1,0.01,1.0,0.0,2,16,0.09,0.44,0.0,23,1,0.01,0.0,0.0,1,5,0.03,1.0,0.0,10,5,0.03,1.0,0.4,12,0,0.0,0.0,0.0,0,1,0.01,1.0,1.0,3,167.0,2,0.0,1.0,1.0,1.0,1.0,1.0,0.5,0,8.5,16,0.0,0.88,0.75,0.62,0.44,0.38,0.12,0,49.5,1,0.0,1.0,1.0,1.0,1.0,0.0,0.0,0,3.5,1,0.0,1.0,1.0,1.0,1.0,0.0,0.0,0,3.5,16,0.0,0.88,0.75,0.69,0.5,0.44,0.19,0,52.0,1,0.0,1.0,1.0,1.0,1.0,1.0,0.0,0,4.0,5,0.0,1.0,1.0,1.0,0.8,0.8,0.4,0,20.0,5,0.0,1.0,1.0,1.0,1.0,1.0,0.8,0,22.5,0,0.0,0.0,0.0,0.0,0.0,0.0,0.0,0,0.0,1,0.0,1.0,1.0,1.0,1.0,0.0,0.0,0,3.5
53086,203,89,107,7,0,5253,0,79,291,169,986,1418,1689,523,98,0,0,0,0,0,1,1,0,0,0,0,0,0,1,0,0,0,5,3,0,1,1,1,0,0,0,0,0,18,14,0,0,0,4,0,0,7,10,1,0,0,0,0,0,0,0,0,0,0,0,0,0,0,0,2,0,0,0,0,0,0,0,0,0,0,0,0,0,0,0,0,0,0,1,0,0,0,0,0,0,4,1,1,2,0,0,0,0,0,0,2,0,0,1,0,0,0,0,0,0,0,0,0,0,4,6,3,4,7,5,2,1,0,0,0,0,1,1,2,0,0,0,2,3,2,2,2,3,2,2,76554,0.56,0.03,324,1.6,0.98,0.93,0.9,0.71,0.44,0.12,18643.5,3.55,116,1,0.0,1.0,0.0,2,32,0.16,0.44,0.0,46,3,0.01,0.67,0.33,6,4,0.02,1.0,0.0,8,18,0.09,0.61,0.06,30,0,0.0,0.0,0.0,0,0,0.0,0.0,0.0,0,8,0.04,1.0,0.38,19,0,0.0,0.0,0.0,0,2,0.01,1.0,0.5,5,220.0,1,0.0,1.0,1.0,1.0,1.0,1.0,0.0,0,4.0,32,0.01,0.88,0.69,0.59,0.47,0.25,0.09,0,96.0,3,0.0,1.0,1.0,1.0,1.0,0.33,0.33,0,12.0,4,0.0,1.0,1.0,1.0,0.75,0.5,0.0,0,14.5,18,0.0,0.89,0.72,0.61,0.5,0.39,0.22,0,58.0,0,0.0,0.0,0.0,0.0,0.0,0.0,0.0,0,0.0,0,0.0,0.0,0.0,0.0,0.0,0.0,0.0,0,0.0,8,0.0,1.0,1.0,1.0,0.5,0.38,0.25,0,28.5,0,0.0,0.0,0.0,0.0,0.0,0.0,0.0,0,0.0,2,0.0,1.0,1.0,1.0,1.0,0.0,0.0,0,7.0
53091,35,14,21,0,0,525,0,15,0,8,57,69,256,108,12,0,0,0,0,0,0,0,0,0,0,0,0,0,0,0,0,0,1,0,0,0,0,0,0,0,0,0,0,3,2,0,0,0,0,0,0,4,1,0,0,0,0,0,0,0,0,0,0,0,0,0,0,0,0,0,0,0,0,0,0,0,0,0,0,0,0,0,0,0,0,0,0,0,0,0,0,0,0,0,0,0,1,0,0,0,0,0,0,0,0,0,0,0,0,0,0,0,0,0,0,0,0,0,0,1,0,0,1,0,2,1,0,0,0,0,0,0,0,0,0,0,0,1,0,0,0,0,2,1,1,52923,0.6,0.0,56,1.6,0.97,0.97,0.96,0.85,0.72,0.23,2025.0,3.86,15,0,0.0,0.0,0.0,0,5,0.14,0.4,0.0,7,0,0.0,0.0,0.0,0,0,0.0,0.0,0.0,0,5,0.14,0.2,0.0,6,0,0.0,0.0,0.0,0,0,0.0,0.0,0.0,0,1,0.03,1.0,0.0,2,0,0.0,0.0,0.0,0,0,0.0,0.0,0.0,0,39.5,0,0.0,0.0,0.0,0.0,0.0,0.0,0.0,0,0.0,5,0.01,0.8,0.8,0.8,0.6,0.6,0.2,0,17.0,0,0.0,0.0,0.0,0.0,0.0,0.0,0.0,0,0.0,0,0.0,0.0,0.0,0.0,0.0,0.0,0.0,0,0.0,5,0.01,0.8,0.8,0.8,0.8,0.8,0.4,0,19.0,0,0.0,0.0,0.0,0.0,0.0,0.0,0.0,0,0.0,0,0.0,0.0,0.0,0.0,0.0,0.0,0.0,0,0.0,1,0.0,1.0,1.0,1.0,1.0,0.0,0.0,0,3.5,0,0.0,0.0,0.0,0.0,0.0,0.0,0.0,0,0.0,0,0.0,0.0,0.0,0.0,0.0,0.0,0.0,0,0.0
53092,538,241,284,12,1,19716,48,556,768,1090,2892,6088,5739,2452,83,3,1,0,0,0,2,3,0,0,1,1,0,1,1,0,0,2,6,1,0,2,5,3,0,0,7,1,0,41,22,0,0,0,8,0,0,33,21,2,0,0,0,0,0,2,1,1,0,0,0,0,0,0,1,3,1,0,0,0,0,0,0,0,1,1,0,0,0,0,0,0,0,1,0,1,0,0,0,0,2,2,3,1,1,0,0,0,0,1,1,3,4,1,0,0,0,0,0,1,2,2,3,0,3,15,8,7,7,11,8,4,0,0,0,0,0,2,2,4,0,0,3,9,4,7,5,9,10,6,3,180693,0.55,0.02,849,1.58,0.97,0.93,0.88,0.73,0.42,0.13,69532.0,3.53,263,2,0.0,0.5,0.0,3,63,0.12,0.35,0.0,85,10,0.02,0.8,0.3,21,8,0.01,1.0,0.0,16,56,0.1,0.41,0.04,81,4,0.01,0.25,0.0,5,8,0.01,1.0,0.12,17,9,0.02,0.78,0.11,17,2,0.0,1.0,0.5,5,5,0.01,1.0,0.6,13,512.5,2,0.0,1.0,1.0,1.0,1.0,0.5,0.5,0,8.0,63,0.0,0.71,0.59,0.48,0.37,0.19,0.06,0,168.5,10,0.0,1.0,1.0,0.9,0.8,0.5,0.1,0,36.5,8,0.0,1.0,1.0,1.0,0.75,0.5,0.0,0,29.0,56,0.0,0.79,0.71,0.59,0.5,0.34,0.16,0,170.5,4,0.0,1.0,1.0,1.0,0.5,0.25,0.0,0,13.5,8,0.0,1.0,1.0,1.0,0.88,0.62,0.38,0,31.5,9,0.0,1.0,1.0,0.78,0.56,0.22,0.11,0,30.0,2,0.0,1.0,1.0,1.0,1.0,0.5,0.0,0,7.5,5,0.0,1.0,1.0,1.0,0.8,0.2,0.0,0,17.5
53098,46,26,20,0,0,601,9,18,22,23,69,65,115,267,13,0,0,0,0,0,0,0,0,0,0,0,0,0,0,0,0,0,0,0,0,0,0,0,0,0,0,0,0,2,1,0,0,0,1,0,0,2,2,0,0,0,0,0,0,0,0,0,0,0,0,0,0,0,0,0,0,0,0,0,0,0,0,0,0,0,0,0,0,0,0,0,0,0,0,0,0,0,0,0,0,0,0,0,0,0,0,0,0,0,0,0,0,0,0,0,0,0,0,0,0,0,0,0,0,1,0,0,1,0,1,0,0,0,0,0,0,0,0,0,1,0,0,1,0,0,0,0,1,2,0,54113,0.43,0.0,66,1.43,0.96,0.92,0.88,0.77,0.66,0.47,2298.5,3.82,12,0,0.0,0.0,0.0,0,3,0.07,0.33,0.0,4,0,0.0,0.0,0.0,0,1,0.02,1.0,0.0,2,4,0.09,0.5,0.0,6,0,0.0,0.0,0.0,0,0,0.0,0.0,0.0,0,0,0.0,0.0,0.0,0,0,0.0,0.0,0.0,0,0,0.0,0.0,0.0,0,27.5,0,0.0,0.0,0.0,0.0,0.0,0.0,0.0,0,0.0,3,0.0,0.67,0.67,0.67,0.33,0.33,0.0,0,8.5,0,0.0,0.0,0.0,0.0,0.0,0.0,0.0,0,0.0,1,0.0,1.0,1.0,1.0,1.0,1.0,1.0,0,4.5,4,0.01,0.75,0.75,0.75,0.75,0.75,0.5,0,14.5,0,0.0,0.0,0.0,0.0,0.0,0.0,0.0,0,0.0,0,0.0,0.0,0.0,0.0,0.0,0.0,0.0,0,0.0,0,0.0,0.0,0.0,0.0,0.0,0.0,0.0,0,0.0,0,0.0,0.0,0.0,0.0,0.0,0.0,0.0,0,0.0,0,0.0,0.0,0.0,0.0,0.0,0.0,0.0,0,0.0
53105,61,25,32,2,2,1730,1,0,20,179,104,578,433,385,30,0,0,0,0,0,1,0,0,0,0,0,0,0,0,0,0,0,2,0,0,0,0,0,0,0,1,2,0,1,4,0,1,0,0,0,0,2,1,0,1,0,0,0,0,0,0,0,0,0,0,0,0,0,0,0,0,1,0,0,0,0,0,0,0,0,0,0,0,0,0,0,0,0,0,0,0,0,0,0,0,1,1,0,0,0,0,0,0,0,0,0,0,0,0,0,0,0,0,0,2,0,0,1,0,0,2,0,1,0,2,1,0,0,0,0,0,0,0,0,0,0,0,0,1,2,0,0,1,0,0,66776,0.59,0.07,103,1.69,1.0,0.99,0.88,0.82,0.49,0.24,6438.0,3.72,35,0,0.0,0.0,0.0,0,6,0.1,0.83,0.17,13,0,0.0,0.0,0.0,0,0,0.0,0.0,0.0,0,4,0.07,0.5,0.25,8,0,0.0,0.0,0.0,0,3,0.05,1.0,0.67,8,2,0.03,1.0,0.0,4,0,0.0,0.0,0.0,0,1,0.02,1.0,0.0,2,53.5,0,0.0,0.0,0.0,0.0,0.0,0.0,0.0,0,0.0,6,0.0,1.0,0.67,0.67,0.5,0.5,0.17,0,19.5,0,0.0,0.0,0.0,0.0,0.0,0.0,0.0,0,0.0,0,0.0,0.0,0.0,0.0,0.0,0.0,0.0,0,0.0,4,0.0,1.0,0.75,0.25,0.25,0.25,0.0,0,11.0,0,0.0,0.0,0.0,0.0,0.0,0.0,0.0,0,0.0,3,0.0,1.0,1.0,1.0,1.0,0.33,0.33,0,12.0,2,0.0,1.0,1.0,1.0,0.5,0.0,0.0,0,6.5,0,0.0,0.0,0.0,0.0,0.0,0.0,0.0,0,0.0,1,0.0,1.0,1.0,1.0,1.0,1.0,1.0,0,4.5
53119,77,38,37,1,1,1854,0,12,5,102,97,230,694,650,64,0,0,0,0,0,0,0,0,0,0,0,0,0,0,0,0,0,0,0,0,0,0,0,0,0,1,0,1,6,2,0,0,0,0,0,0,7,1,0,0,0,0,0,0,0,0,0,0,0,0,0,0,0,0,0,0,0,0,0,0,0,0,0,0,0,0,0,0,0,0,0,0,0,0,0,0,0,0,0,0,0,0,0,0,0,0,0,0,0,0,0,0,0,0,0,0,0,0,0,1,1,0,0,0,1,0,1,1,1,2,2,0,0,0,0,0,0,0,0,0,0,0,1,0,1,0,1,2,2,1,77840,0.51,0.03,119,1.55,0.99,0.99,0.94,0.88,0.76,0.39,7400.0,3.99,25,0,0.0,0.0,0.0,0,8,0.1,0.25,0.0,10,0,0.0,0.0,0.0,0,0,0.0,0.0,0.0,0,8,0.1,0.12,0.0,9,0,0.0,0.0,0.0,0,2,0.03,1.0,0.5,6,0,0.0,0.0,0.0,0,0,0.0,0.0,0.0,0,0,0.0,0.0,0.0,0,64.5,0,0.0,0.0,0.0,0.0,0.0,0.0,0.0,0,0.0,8,0.0,0.88,0.88,0.75,0.62,0.5,0.25,0,27.5,0,0.0,0.0,0.0,0.0,0.0,0.0,0.0,0,0.0,0,0.0,0.0,0.0,0.0,0.0,0.0,0.0,0,0.0,8,0.0,0.88,0.88,0.75,0.75,0.62,0.38,0,29.5,0,0.0,0.0,0.0,0.0,0.0,0.0,0.0,0,0.0,2,0.0,1.0,1.0,1.0,1.0,0.5,0.0,0,7.5,0,0.0,0.0,0.0,0.0,0.0,0.0,0.0,0,0.0,0,0.0,0.0,0.0,0.0,0.0,0.0,0.0,0,0.0,0,0.0,0.0,0.0,0.0,0.0,0.0,0.0,0,0.0
53128,240,105,121,12,2,12673,17,203,39,734,2348,3310,3503,2344,175,0,0,0,0,0,1,0,0,0,0,0,0,0,0,0,0,0,8,4,0,1,1,0,0,2,4,4,0,9,10,0,1,0,0,0,0,12,1,0,1,0,0,0,0,0,0,0,0,0,0,0,0,0,0,0,0,1,0,0,0,0,0,0,0,0,0,0,0,0,0,0,0,0,0,0,0,0,0,0,1,2,7,2,0,0,0,0,0,0,0,1,0,1,0,0,0,0,0,1,4,2,2,1,1,2,2,2,2,2,6,2,1,0,0,0,0,0,0,0,0,0,0,1,2,2,0,2,1,5,1,52843,0.56,0.06,391,1.63,0.98,0.98,0.92,0.74,0.48,0.2,46298.5,3.65,106,0,0.0,0.0,0.0,0,20,0.08,0.55,0.05,33,2,0.01,0.5,0.0,3,0,0.0,0.0,0.0,0,14,0.06,0.14,0.07,18,0,0.0,0.0,0.0,0,10,0.04,0.8,0.4,22,12,0.05,1.0,0.33,28,0,0.0,0.0,0.0,0,1,0.0,1.0,0.0,2,205.5,0,0.0,0.0,0.0,0.0,0.0,0.0,0.0,0,0.0,20,0.0,0.85,0.75,0.65,0.55,0.45,0.15,0,64.0,2,0.0,1.0,1.0,1.0,1.0,0.5,0.5,0,8.0,0,0.0,0.0,0.0,0.0,0.0,0.0,0.0,0,0.0,14,0.0,0.93,0.79,0.64,0.64,0.5,0.43,0,49.0,0,0.0,0.0,0.0,0.0,0.0,0.0,0.0,0,0.0,10,0.0,1.0,1.0,1.0,0.9,0.5,0.3,0,39.0,12,0.0,1.0,1.0,0.92,0.75,0.17,0.0,0,41.0,0,0.0,0.0,0.0,0.0,0.0,0.0,0.0,0,0.0,1,0.0,1.0,1.0,1.0,1.0,1.0,1.0,0,4.5
53129,175,83,88,4,0,6474,6,75,143,206,1429,1824,1992,751,48,1,0,0,0,0,2,1,0,0,0,0,0,0,0,0,0,0,2,2,0,1,2,1,0,0,3,0,0,15,9,0,0,0,5,0,0,9,6,1,0,0,0,0,0,0,0,1,0,0,0,0,0,0,0,1,1,1,0,0,0,0,0,0,0,0,0,0,0,0,0,0,0,0,0,0,0,0,0,0,0,2,2,0,0,0,0,0,0,0,0,1,2,1,0,0,0,0,0,0,1,0,1,1,1,2,4,1,7,5,3,1,0,0,0,0,0,0,2,3,0,0,0,2,2,0,3,4,4,1,0,71875,0.53,0.02,271,1.55,0.99,0.97,0.93,0.71,0.43,0.12,23178.0,3.58,99,0,0.0,0.0,0.0,0,24,0.14,0.38,0.0,33,4,0.02,0.75,0.25,8,5,0.03,1.0,0.0,10,16,0.09,0.44,0.06,24,1,0.01,0.0,0.0,1,3,0.02,1.0,0.0,6,4,0.02,1.0,0.5,10,0,0.0,0.0,0.0,0,3,0.02,1.0,0.33,7,197.0,0,0.0,0.0,0.0,0.0,0.0,0.0,0.0,0,0.0,24,0.0,0.88,0.71,0.67,0.38,0.17,0.04,0,69.5,4,0.0,1.0,1.0,1.0,1.0,0.75,0.25,0,16.0,5,0.0,1.0,1.0,1.0,1.0,0.6,0.0,0,19.0,16,0.0,0.88,0.75,0.75,0.56,0.31,0.06,0,50.5,1,0.0,1.0,1.0,1.0,1.0,1.0,0.0,0,4.0,3,0.0,1.0,1.0,1.0,1.0,0.67,0.67,0,13.0,4,0.0,1.0,1.0,1.0,0.5,0.0,0.0,0,13.0,0,0.0,0.0,0.0,0.0,0.0,0.0,0.0,0,0.0,3,0.0,1.0,1.0,1.0,1.0,0.67,0.33,0,12.0
53130,43,17,26,0,0,1582,0,29,21,23,262,427,700,115,5,1,0,0,0,0,1,0,0,0,0,0,0,0,0,0,0,0,0,0,0,0,1,0,0,0,1,0,0,4,1,0,0,0,2,0,0,4,1,0,0,0,0,0,0,0,0,1,0,0,0,0,0,0,0,0,0,1,0,0,0,0,0,0,0,0,0,0,0,0,0,0,0,0,0,0,0,0,0,0,0,0,0,0,0,0,0,0,0,0,0,0,0,1,0,0,0,0,0,0,0,0,0,1,0,1,0,0,2,1,1,0,0,0,0,0,0,0,1,1,0,0,0,2,0,0,1,2,0,0,0,66907,0.6,0.0,69,1.6,0.98,0.97,0.95,0.79,0.52,0.08,5766.0,3.64,23,0,0.0,0.0,0.0,0,5,0.12,0.2,0.0,6,1,0.02,1.0,0.0,2,2,0.05,1.0,0.0,4,5,0.12,0.2,0.0,6,1,0.02,0.0,0.0,1,1,0.02,1.0,0.0,2,0,0.0,0.0,0.0,0,0,0.0,0.0,0.0,0,1,0.02,1.0,0.0,2,53.5,0,0.0,0.0,0.0,0.0,0.0,0.0,0.0,0,0.0,5,0.0,0.8,0.8,0.8,0.4,0.2,0.0,0,15.0,1,0.0,1.0,1.0,1.0,1.0,1.0,1.0,0,4.5,2,0.0,1.0,1.0,1.0,1.0,0.5,0.0,0,7.5,5,0.0,0.6,0.6,0.6,0.4,0.0,0.0,0,13.0,1,0.0,1.0,1.0,1.0,1.0,1.0,0.0,0,4.0,1,0.0,1.0,1.0,1.0,1.0,1.0,1.0,0,5.0,0,0.0,0.0,0.0,0.0,0.0,0.0,0.0,0,0.0,0,0.0,0.0,0.0,0.0,0.0,0.0,0.0,0,0.0,1,0.0,1.0,1.0,1.0,1.0,1.0,1.0,0,4.5
53139,147,69,76,0,2,5542,0,33,65,276,922,2417,1141,655,33,0,0,0,0,0,1,0,0,0,0,0,0,0,0,0,0,0,3,0,0,0,0,0,0,0,1,0,0,14,8,0,0,0,0,0,0,8,3,0,0,0,0,0,0,0,0,0,0,0,0,0,0,0,0,0,0,1,0,0,0,0,0,0,0,0,0,0,0,0,0,0,0,0,0,0,0,0,0,0,0,1,1,1,0,0,0,0,0,0,0,0,0,0,0,0,0,0,0,0,0,0,0,1,0,2,4,3,2,7,4,0,0,0,0,0,0,0,0,0,0,0,0,1,2,4,1,1,1,1,0,65989,0.53,0.01,229,1.56,0.99,0.98,0.93,0.77,0.33,0.12,19771.5,3.57,54,0,0.0,0.0,0.0,0,22,0.15,0.36,0.0,30,0,0.0,0.0,0.0,0,0,0.0,0.0,0.0,0,11,0.07,0.27,0.0,14,0,0.0,0.0,0.0,0,1,0.01,1.0,0.0,2,3,0.02,1.0,0.0,6,0,0.0,0.0,0.0,0,1,0.01,1.0,0.0,2,115.5,0,0.0,0.0,0.0,0.0,0.0,0.0,0.0,0,0.0,22,0.0,0.91,0.73,0.59,0.5,0.18,0.0,0,65.0,0,0.0,0.0,0.0,0.0,0.0,0.0,0.0,0,0.0,0,0.0,0.0,0.0,0.0,0.0,0.0,0.0,0,0.0,11,0.0,0.91,0.73,0.36,0.27,0.18,0.09,0,30.5,0,0.0,0.0,0.0,0.0,0.0,0.0,0.0,0,0.0,1,0.0,1.0,1.0,1.0,1.0,1.0,1.0,0,5.0,3,0.0,1.0,1.0,1.0,0.67,0.33,0.0,0,10.5,0,0.0,0.0,0.0,0.0,0.0,0.0,0.0,0,0.0,1,0.0,1.0,1.0,1.0,1.0,1.0,1.0,0,4.5
53143,197,111,85,1,0,7897,8,134,123,577,972,2164,2652,1233,34,0,0,0,0,1,0,0,0,0,0,0,0,0,1,0,0,0,3,0,0,1,1,0,0,0,2,0,0,14,12,0,0,0,3,0,0,9,3,0,0,0,0,0,0,0,0,0,0,0,0,0,0,0,0,1,0,0,0,0,0,0,0,0,0,0,0,0,0,0,0,0,0,0,1,0,0,0,0,1,0,0,2,0,0,0,0,0,0,0,0,0,0,2,0,0,0,0,0,0,0,1,1,0,1,4,3,3,3,3,6,3,0,0,0,0,0,0,2,1,0,0,1,1,1,3,0,1,2,2,1,44790,0.44,0.01,284,1.44,0.98,0.97,0.89,0.77,0.5,0.16,28714.0,3.64,75,1,0.01,1.0,0.0,2,26,0.13,0.46,0.0,38,2,0.01,0.5,0.0,3,3,0.02,1.0,0.0,6,12,0.06,0.25,0.0,15,0,0.0,0.0,0.0,0,2,0.01,1.0,0.0,4,3,0.02,1.0,0.0,6,0,0.0,0.0,0.0,0,1,0.01,0.0,0.0,1,160.0,1,0.0,1.0,1.0,1.0,1.0,1.0,0.0,0,4.0,26,0.0,0.81,0.69,0.58,0.46,0.35,0.12,0,77.5,2,0.0,1.0,1.0,1.0,1.0,1.0,1.0,0,9.0,3,0.0,1.0,1.0,1.0,1.0,0.33,0.0,0,11.0,12,0.0,0.83,0.75,0.5,0.5,0.42,0.25,0,37.5,0,0.0,0.0,0.0,0.0,0.0,0.0,0.0,0,0.0,2,0.0,1.0,1.0,1.0,1.0,1.0,0.5,0,8.5,3,0.0,1.0,0.67,0.67,0.67,0.0,0.0,0,9.0,0,0.0,0.0,0.0,0.0,0.0,0.0,0.0,0,0.0,1,0.0,1.0,1.0,1.0,1.0,0.0,0.0,0,3.5
53168,41,22,17,2,0,1179,0,0,14,9,57,424,321,315,39,0,0,0,0,0,1,0,0,0,0,0,0,0,0,0,0,0,1,2,0,0,0,0,0,0,0,0,0,2,2,0,0,0,0,0,0,1,0,0,0,0,0,0,0,0,0,0,0,0,0,0,0,0,0,0,0,1,0,0,0,0,0,0,0,0,0,0,0,0,0,0,0,0,0,0,0,0,0,0,0,0,2,1,0,0,0,0,0,0,0,0,0,0,0,0,0,0,0,0,0,0,0,0,0,0,1,0,0,2,1,0,0,0,0,0,0,0,0,0,0,0,0,0,1,0,0,0,0,0,0,65440,0.46,0.05,62,1.51,1.0,0.99,0.98,0.93,0.57,0.3,4602.0,3.9,17,0,0.0,0.0,0.0,0,4,0.1,0.5,0.0,6,0,0.0,0.0,0.0,0,0,0.0,0.0,0.0,0,1,0.02,0.0,0.0,1,0,0.0,0.0,0.0,0,0,0.0,0.0,0.0,0,3,0.07,1.0,0.67,8,0,0.0,0.0,0.0,0,1,0.02,1.0,0.0,2,30.5,0,0.0,0.0,0.0,0.0,0.0,0.0,0.0,0,0.0,4,0.0,1.0,0.75,0.75,0.75,0.25,0.0,0,13.0,0,0.0,0.0,0.0,0.0,0.0,0.0,0.0,0,0.0,0,0.0,0.0,0.0,0.0,0.0,0.0,0.0,0,0.0,1,0.0,1.0,0.0,0.0,0.0,0.0,0.0,0,2.0,0,0.0,0.0,0.0,0.0,0.0,0.0,0.0,0,0.0,0,0.0,0.0,0.0,0.0,0.0,0.0,0.0,0,0.0,3,0.0,1.0,1.0,1.0,1.0,0.33,0.0,0,11.0,0,0.0,0.0,0.0,0.0,0.0,0.0,0.0,0,0.0,1,0.0,1.0,1.0,1.0,1.0,1.0,1.0,0,4.5
53179,398,185,208,2,3,17817,39,160,574,1966,3377,5422,4165,1916,198,1,0,0,0,0,1,0,0,0,0,0,0,0,0,0,0,0,10,2,0,0,2,0,0,2,3,0,0,29,18,0,0,0,3,0,0,25,9,0,0,0,0,0,0,0,1,0,0,0,0,0,0,0,0,0,0,1,0,0,0,0,0,0,0,0,0,0,0,0,0,0,0,0,0,0,0,0,0,0,1,3,4,4,0,0,0,0,0,1,0,1,0,0,0,0,0,0,0,1,1,2,1,0,1,6,7,6,8,11,6,1,1,0,0,0,1,0,2,0,0,0,1,7,3,6,3,5,4,4,1,65626,0.54,0.01,619,1.56,0.99,0.96,0.85,0.66,0.35,0.12,61722.0,3.46,155,0,0.0,0.0,0.0,0,47,0.12,0.38,0.0,65,2,0.01,1.0,0.0,4,3,0.01,1.0,0.0,6,34,0.09,0.26,0.0,43,1,0.0,0.0,0.0,1,5,0.01,0.6,0.0,8,12,0.03,1.0,0.17,26,0,0.0,0.0,0.0,0,1,0.0,1.0,0.0,2,317.0,0,0.0,0.0,0.0,0.0,0.0,0.0,0.0,0,0.0,47,0.0,0.85,0.7,0.57,0.4,0.17,0.04,0,135.0,2,0.0,1.0,1.0,0.5,0.5,0.0,0.0,0,6.0,3,0.0,1.0,1.0,0.67,0.67,0.0,0.0,0,9.5,34,0.0,0.76,0.68,0.5,0.41,0.26,0.15,0,98.0,1,0.0,1.0,1.0,1.0,1.0,0.0,0.0,0,3.5,5,0.0,1.0,1.0,1.0,0.8,0.6,0.2,0,19.0,12,0.0,1.0,1.0,0.92,0.67,0.33,0.0,0,41.5,0,0.0,0.0,0.0,0.0,0.0,0.0,0.0,0,0.0,1,0.0,1.0,1.0,1.0,1.0,1.0,1.0,0,4.5
53183,75,35,35,5,0,2439,0,19,31,71,293,936,648,366,75,0,0,0,0,0,0,0,0,0,0,0,0,0,2,0,0,0,0,2,0,0,0,0,0,0,2,0,0,5,1,0,0,0,1,0,0,7,4,0,0,0,0,0,0,0,0,0,0,0,0,0,0,0,0,0,0,0,0,0,0,0,0,0,0,0,0,0,0,0,0,0,1,1,0,0,0,0,0,0,0,0,2,0,0,0,0,0,0,0,0,0,0,0,0,0,0,0,0,0,1,1,0,0,0,0,2,0,1,0,1,2,0,0,0,0,0,0,1,0,0,0,0,0,2,1,1,1,2,3,1,106728,0.53,0.07,120,1.6,0.99,0.98,0.95,0.83,0.45,0.18,9037.0,3.71,38,2,0.03,1.0,0.0,4,6,0.08,0.17,0.0,7,0,0.0,0.0,0.0,0,1,0.01,1.0,0.0,2,11,0.15,0.36,0.0,15,0,0.0,0.0,0.0,0,2,0.03,1.0,0.0,4,2,0.03,1.0,1.0,6,0,0.0,0.0,0.0,0,0,0.0,0.0,0.0,0,84.0,2,0.0,1.0,1.0,1.0,0.5,0.0,0.0,0,6.5,6,0.0,1.0,0.67,0.67,0.5,0.5,0.33,0,20.0,0,0.0,0.0,0.0,0.0,0.0,0.0,0.0,0,0.0,1,0.0,1.0,1.0,1.0,1.0,0.0,0.0,0,3.5,11,0.0,1.0,0.82,0.73,0.64,0.55,0.36,0,39.5,0,0.0,0.0,0.0,0.0,0.0,0.0,0.0,0,0.0,2,0.0,1.0,1.0,1.0,1.0,0.5,0.0,0,7.5,2,0.0,1.0,1.0,1.0,1.0,0.0,0.0,0,7.0,0,0.0,0.0,0.0,0.0,0.0,0.0,0.0,0,0.0,0,0.0,0.0,0.0,0.0,0.0,0.0,0.0,0,0.0
53185,185,76,106,1,2,4351,23,31,33,261,400,954,1630,987,32,0,0,0,0,0,0,0,0,0,0,0,0,0,0,0,0,0,2,0,0,0,0,0,0,0,2,0,1,15,8,0,0,0,1,0,0,10,6,0,0,0,0,0,0,0,0,0,0,0,0,0,0,0,0,0,0,0,0,0,0,0,0,0,0,0,0,0,0,0,0,0,0,0,0,0,0,0,0,0,0,1,1,0,0,0,0,0,0,0,0,0,0,0,0,0,0,0,0,0,1,0,0,2,1,2,2,5,3,5,3,2,0,0,0,0,0,0,1,0,0,0,1,2,1,4,1,2,4,1,0,74358,0.59,0.02,299,1.62,0.99,0.98,0.92,0.83,0.61,0.23,16448.5,3.78,67,0,0.0,0.0,0.0,0,23,0.12,0.35,0.0,31,0,0.0,0.0,0.0,0,1,0.01,1.0,0.0,2,16,0.09,0.38,0.0,22,0,0.0,0.0,0.0,0,3,0.02,1.0,0.33,8,2,0.01,1.0,0.0,4,0,0.0,0.0,0.0,0,0,0.0,0.0,0.0,0,138.0,0,0.0,0.0,0.0,0.0,0.0,0.0,0.0,0,0.0,23,0.01,0.87,0.78,0.57,0.43,0.22,0.09,0,68.0,0,0.0,0.0,0.0,0.0,0.0,0.0,0.0,0,0.0,1,0.0,1.0,1.0,1.0,1.0,0.0,0.0,0,3.5,16,0.0,0.81,0.75,0.5,0.44,0.31,0.06,0,46.5,0,0.0,0.0,0.0,0.0,0.0,0.0,0.0,0,0.0,3,0.0,1.0,1.0,1.0,1.0,0.67,0.67,0,13.5,2,0.0,1.0,1.0,1.0,0.5,0.0,0.0,0,6.5,0,0.0,0.0,0.0,0.0,0.0,0.0,0.0,0,0.0,0,0.0,0.0,0.0,0.0,0.0,0.0,0.0,0,0.0
53188,577,271,284,22,0,19860,39,279,361,1333,3324,5878,6829,1592,225,3,0,0,0,0,1,1,0,0,0,0,0,0,3,0,0,1,7,6,0,0,4,1,0,0,8,2,0,41,20,0,0,0,12,0,0,42,21,1,0,0,0,0,1,1,0,0,0,1,0,0,0,1,0,1,0,0,0,0,0,0,0,0,0,0,0,0,0,0,0,0,1,2,0,0,0,0,0,0,1,3,7,3,0,0,0,0,0,1,0,1,2,1,0,0,0,0,0,0,3,6,1,0,2,10,7,5,9,15,7,6,0,0,0,0,0,3,2,7,0,0,2,10,8,6,7,4,12,11,4,68670,0.53,0.04,905,1.57,0.98,0.97,0.9,0.73,0.44,0.09,70662.0,3.56,272,3,0.01,1.0,0.0,6,61,0.11,0.33,0.0,81,5,0.01,1.0,0.2,11,12,0.02,1.0,0.0,24,64,0.11,0.34,0.02,87,3,0.01,0.0,0.0,3,10,0.02,1.0,0.2,22,14,0.02,0.93,0.43,33,0,0.0,0.0,0.0,0,2,0.0,1.0,0.5,5,554.5,3,0.0,1.0,1.0,1.0,0.67,0.0,0.0,0,10.0,61,0.0,0.8,0.69,0.61,0.46,0.21,0.1,0,178.0,5,0.0,1.0,1.0,0.8,0.8,0.6,0.2,0,18.5,12,0.0,1.0,1.0,1.0,0.75,0.58,0.0,0,44.0,64,0.0,0.81,0.69,0.59,0.48,0.42,0.23,0,200.5,3,0.0,1.0,1.0,0.67,0.33,0.33,0.33,0,10.5,10,0.0,1.0,1.0,1.0,1.0,0.7,0.1,0,39.0,14,0.0,1.0,1.0,0.93,0.71,0.21,0.0,0,48.0,0,0.0,0.0,0.0,0.0,0.0,0.0,0.0,0,0.0,2,0.0,1.0,1.0,0.5,0.5,0.0,0.0,0,6.0
53189,219,110,101,7,1,6554,16,88,118,232,1174,1779,1915,1087,145,0,0,0,0,0,0,0,0,0,0,0,0,0,1,0,0,0,3,0,0,0,1,0,0,0,5,0,1,15,7,0,0,0,4,0,0,16,6,0,0,0,0,0,0,0,0,0,0,0,0,0,0,0,0,0,0,0,0,0,0,0,0,0,0,0,0,0,0,0,0,0,0,1,0,0,0,0,0,0,0,2,1,0,0,0,0,0,0,0,0,0,1,0,0,0,0,0,0,0,2,3,1,0,1,3,2,1,2,4,4,5,0,0,0,0,0,2,1,1,0,0,1,2,2,2,2,1,4,6,2,83413,0.5,0.04,337,1.54,0.98,0.97,0.93,0.75,0.48,0.19,23989.0,3.66,89,1,0.0,1.0,0.0,2,22,0.1,0.32,0.0,29,1,0.0,1.0,0.0,2,4,0.02,1.0,0.0,8,22,0.1,0.27,0.0,28,0,0.0,0.0,0.0,0,6,0.03,1.0,0.17,14,3,0.01,1.0,0.0,6,0,0.0,0.0,0.0,0,0,0.0,0.0,0.0,0,200.0,1,0.0,1.0,1.0,1.0,1.0,0.0,0.0,0,3.5,22,0.0,0.82,0.73,0.68,0.59,0.41,0.23,0,70.5,1,0.0,1.0,1.0,1.0,1.0,1.0,0.0,0,4.0,4,0.0,1.0,1.0,1.0,0.5,0.25,0.0,0,13.5,22,0.0,0.86,0.77,0.68,0.59,0.55,0.36,0,75.5,0,0.0,0.0,0.0,0.0,0.0,0.0,0.0,0,0.0,6,0.0,1.0,1.0,1.0,1.0,0.67,0.17,0,23.5,3,0.0,1.0,1.0,1.0,0.33,0.0,0.0,0,9.5,0,0.0,0.0,0.0,0.0,0.0,0.0,0.0,0,0.0,0,0.0,0.0,0.0,0.0,0.0,0.0,0.0,0,0.0
53202,612,267,311,28,6,57016,15,63,372,1108,4126,15449,22587,12954,342,1,0,0,0,0,1,0,0,1,0,1,1,0,4,0,0,0,1,10,3,6,5,0,0,1,13,4,1,16,18,0,0,0,12,0,0,37,15,0,0,0,0,0,1,0,0,0,0,0,0,0,0,0,0,0,1,0,0,0,0,0,0,0,1,1,1,0,0,0,0,0,0,2,2,0,0,0,0,0,0,0,3,8,3,0,0,0,0,0,0,2,4,5,0,0,0,0,0,0,6,9,4,0,1,2,2,3,4,12,8,2,0,0,0,0,1,0,7,1,3,0,0,2,2,5,3,6,17,13,4,99630,0.56,0.06,997,1.63,1.0,0.99,0.97,0.9,0.63,0.23,220424.0,3.87,265,4,0.01,1.0,0.0,8,34,0.06,0.53,0.0,52,11,0.02,0.45,0.0,16,12,0.02,1.0,0.0,24,52,0.08,0.29,0.0,67,1,0.0,0.0,0.0,1,19,0.03,0.95,0.26,43,14,0.02,1.0,0.93,44,3,0.0,0.67,0.67,8,1,0.0,1.0,0.0,2,561.0,4,0.0,1.0,1.0,1.0,1.0,0.5,0.0,0,15.0,34,0.0,0.91,0.85,0.76,0.65,0.29,0.06,0,110.5,11,0.0,1.0,1.0,1.0,1.0,0.82,0.45,0,45.5,12,0.0,1.0,1.0,0.92,0.92,0.33,0.25,0,44.5,52,0.0,0.96,0.92,0.83,0.77,0.65,0.33,0,196.0,1,0.0,1.0,1.0,0.0,0.0,0.0,0.0,0,2.5,19,0.0,1.0,1.0,1.0,1.0,0.68,0.21,0,75.0,14,0.0,1.0,1.0,1.0,1.0,0.79,0.21,0,56.0,3,0.0,1.0,1.0,1.0,1.0,0.67,0.33,0,12.0,1,0.0,1.0,1.0,1.0,1.0,1.0,0.0,0,4.0
53203,685,315,334,29,7,60957,17,145,370,1182,4277,16303,24123,14124,416,1,0,0,0,0,1,0,0,1,0,1,1,0,4,0,0,0,1,11,3,6,5,0,0,1,14,4,1,20,19,0,0,0,12,0,0,40,17,0,0,0,0,0,1,0,0,0,0,0,0,0,0,0,0,0,1,0,0,0,0,0,0,0,1,1,1,0,0,0,0,0,0,2,2,0,0,0,0,0,0,0,3,8,4,0,0,0,0,0,0,2,4,5,0,0,0,0,0,1,5,10,4,0,1,4,2,3,5,12,10,2,0,0,0,0,1,0,8,0,3,0,0,3,2,6,3,6,18,14,5,96844,0.54,0.05,1098,1.6,1.0,0.99,0.97,0.9,0.63,0.24,235951.0,3.87,283,4,0.01,1.0,0.0,8,39,0.06,0.49,0.0,58,11,0.02,0.45,0.0,16,12,0.02,1.0,0.0,24,57,0.08,0.3,0.0,74,1,0.0,0.0,0.0,1,20,0.03,0.95,0.25,45,15,0.02,1.0,0.93,47,3,0.0,0.67,0.67,8,1,0.0,1.0,0.0,2,600.0,4,0.0,1.0,1.0,1.0,1.0,0.5,0.0,0,15.0,39,0.0,0.87,0.82,0.74,0.62,0.31,0.05,0,124.5,11,0.0,1.0,1.0,1.0,1.0,0.82,0.45,0,45.5,12,0.0,1.0,1.0,0.92,0.92,0.25,0.25,0,44.0,57,0.0,0.95,0.91,0.81,0.75,0.65,0.33,0,213.5,1,0.0,1.0,1.0,0.0,0.0,0.0,0.0,0,2.5,20,0.0,1.0,1.0,1.0,0.95,0.7,0.2,0,78.5,15,0.0,1.0,1.0,1.0,1.0,0.8,0.27,0,60.5,3,0.0,1.0,1.0,1.0,1.0,0.67,0.33,0,12.0,1,0.0,1.0,1.0,1.0,1.0,1.0,0.0,0,4.0
53206,471,216,234,16,5,36383,20,129,311,1082,3220,10178,14108,7058,277,2,0,0,0,0,0,0,0,1,0,0,1,0,3,0,0,0,1,7,2,3,2,0,0,0,7,3,1,21,13,0,0,0,9,0,0,26,11,0,0,0,0,0,1,0,1,0,0,0,0,0,0,0,0,0,0,0,0,0,0,0,0,0,1,1,0,0,0,0,0,0,0,1,1,0,1,0,0,0,1,0,2,5,2,0,0,0,0,0,0,2,1,2,0,0,0,0,0,0,3,6,2,0,2,6,1,5,4,5,9,2,0,0,0,0,1,0,5,0,3,0,1,3,1,3,2,6,11,6,4,22101,0.54,0.04,752,1.6,1.0,0.99,0.96,0.87,0.59,0.2,138401.5,3.8,191,3,0.01,1.0,0.0,6,34,0.07,0.38,0.0,47,5,0.01,0.4,0.0,7,9,0.02,1.0,0.0,18,37,0.08,0.3,0.0,48,2,0.0,0.0,0.0,2,11,0.02,1.0,0.36,27,10,0.02,1.0,0.9,31,2,0.0,0.5,0.5,5,0,0.0,0.0,0.0,0,394.5,3,0.0,1.0,1.0,1.0,1.0,0.67,0.33,0,12.5,34,0.0,0.76,0.74,0.59,0.47,0.32,0.06,0,100.0,5,0.0,1.0,1.0,1.0,1.0,0.6,0.4,0,20.0,9,0.0,1.0,1.0,0.89,0.89,0.33,0.33,0,33.5,37,0.0,0.89,0.86,0.78,0.73,0.57,0.27,0,133.0,2,0.0,1.0,1.0,0.5,0.5,0.0,0.0,0,6.0,11,0.0,1.0,1.0,1.0,1.0,0.73,0.18,0,43.5,10,0.0,1.0,1.0,0.9,0.9,0.7,0.2,0,38.5,2,0.0,1.0,1.0,1.0,1.0,0.5,0.0,0,7.5,0,0.0,0.0,0.0,0.0,0.0,0.0,0.0,0,0.0
53208,361,199,151,10,1,22280,11,219,248,646,1781,4405,7256,7497,217,1,0,0,0,1,0,0,0,0,1,0,0,0,2,0,0,0,2,5,1,3,2,0,0,0,4,1,0,20,13,0,0,1,2,0,0,19,9,0,0,0,0,0,1,0,0,0,0,0,0,0,0,0,0,0,0,1,0,0,0,0,0,0,0,0,1,0,0,0,0,0,0,0,1,0,1,0,0,0,0,1,2,4,1,0,0,0,0,0,0,1,2,2,0,0,0,0,0,0,0,4,1,0,0,7,3,4,5,7,5,2,0,0,0,0,0,0,2,0,1,0,0,5,1,4,3,2,3,8,2,37201,0.45,0.03,535,1.48,0.99,0.98,0.95,0.87,0.67,0.35,87056.5,3.91,137,2,0.01,1.0,0.0,4,33,0.09,0.39,0.0,46,5,0.01,0.4,0.0,7,3,0.01,0.67,0.0,5,28,0.08,0.32,0.0,37,1,0.0,0.0,0.0,1,5,0.01,1.0,0.2,11,8,0.02,1.0,0.75,23,1,0.0,1.0,0.0,2,1,0.0,0.0,0.0,1,292.0,2,0.0,1.0,1.0,1.0,1.0,1.0,0.5,0,9.0,33,0.0,0.79,0.7,0.58,0.42,0.21,0.06,0,95.0,5,0.0,1.0,1.0,1.0,1.0,0.8,0.4,0,20.5,3,0.0,1.0,1.0,1.0,1.0,0.33,0.33,0,11.5,28,0.0,0.82,0.79,0.64,0.54,0.46,0.36,0,93.5,1,0.0,1.0,1.0,0.0,0.0,0.0,0.0,0,2.5,5,0.0,1.0,1.0,1.0,1.0,1.0,0.2,0,20.5,8,0.0,1.0,1.0,1.0,0.88,0.62,0.12,0,30.5,1,0.0,1.0,1.0,1.0,1.0,1.0,1.0,0,4.5,1,0.0,1.0,1.0,1.0,1.0,1.0,1.0,0,4.5
53213,871,369,461,35,6,73653,0,246,526,1806,6533,19070,26054,18951,467,2,0,0,0,1,2,1,0,0,2,0,1,0,6,0,0,0,6,14,3,3,7,1,0,3,14,6,1,28,26,0,0,2,14,0,0,40,22,0,0,0,0,0,2,0,0,0,0,0,0,0,0,0,1,1,1,1,0,0,0,0,0,0,1,1,1,0,0,0,0,0,0,3,2,0,1,0,0,0,0,1,6,11,5,0,0,0,0,0,1,2,4,4,0,0,0,0,0,0,6,11,6,1,0,3,2,3,9,19,12,6,0,0,0,0,1,1,9,3,2,0,0,1,1,3,5,13,17,17,5,86340,0.58,0.05,1420,1.63,1.0,0.99,0.96,0.88,0.62,0.26,284110.5,3.86,363,6,0.01,1.0,0.0,12,54,0.06,0.48,0.0,80,11,0.01,0.73,0.09,20,16,0.02,0.88,0.0,30,62,0.07,0.35,0.0,84,2,0.0,0.0,0.0,2,24,0.03,0.88,0.29,53,23,0.03,1.0,0.74,66,3,0.0,1.0,0.33,8,4,0.0,0.75,0.25,8,770.5,6,0.0,1.0,1.0,1.0,1.0,0.5,0.17,0,23.5,54,0.0,0.94,0.91,0.85,0.69,0.33,0.11,0,184.5,11,0.0,1.0,1.0,1.0,0.91,0.73,0.36,0,44.0,16,0.0,1.0,1.0,0.94,0.88,0.31,0.12,0,58.0,62,0.0,0.98,0.97,0.92,0.84,0.63,0.35,0,241.0,2,0.0,1.0,1.0,0.0,0.0,0.0,0.0,0,5.0,24,0.0,1.0,1.0,1.0,1.0,0.75,0.29,0,97.0,23,0.0,1.0,1.0,1.0,0.96,0.7,0.22,0,90.5,3,0.0,1.0,1.0,1.0,1.0,0.67,0.33,0,12.0,4,0.0,1.0,1.0,1.0,0.75,0.5,0.25,0,15.0
53216,869,352,478,33,6,80015,0,121,499,1976,7217,21458,28880,19302,562,4,0,0,0,1,3,1,0,1,2,0,1,0,6,0,0,0,7,13,3,5,7,1,0,2,18,5,1,26,32,0,0,1,19,0,0,45,24,0,0,0,0,0,2,1,1,0,0,0,0,0,0,0,1,1,2,1,0,0,0,0,0,0,1,2,1,0,0,0,0,0,0,3,2,0,1,0,0,0,1,1,6,11,4,0,0,0,0,0,1,2,6,4,0,0,0,0,0,0,6,14,5,1,0,2,2,3,8,21,14,8,0,0,0,0,1,1,12,2,4,0,0,0,0,3,6,13,23,19,5,32918,0.59,0.04,1431,1.65,1.0,0.99,0.97,0.88,0.61,0.25,308062.5,3.85,401,6,0.01,1.0,0.0,12,58,0.07,0.55,0.0,90,13,0.01,0.62,0.08,22,20,0.02,0.95,0.0,39,69,0.08,0.35,0.0,93,4,0.0,0.0,0.0,4,26,0.03,0.92,0.23,57,23,0.03,1.0,0.7,65,4,0.0,0.75,0.25,9,5,0.01,0.8,0.2,10,866.0,6,0.0,1.0,1.0,1.0,1.0,0.5,0.17,0,23.5,58,0.0,0.97,0.93,0.88,0.74,0.38,0.14,0,204.0,13,0.0,1.0,1.0,1.0,0.92,0.77,0.31,0,52.0,20,0.0,1.0,1.0,0.95,0.9,0.3,0.2,0,73.5,69,0.0,1.0,1.0,0.96,0.87,0.68,0.35,0,273.5,4,0.0,1.0,1.0,0.5,0.25,0.0,0.0,0,11.5,26,0.0,1.0,1.0,1.0,1.0,0.77,0.23,0,104.5,23,0.0,1.0,1.0,0.96,0.91,0.65,0.17,0,88.5,4,0.0,1.0,1.0,1.0,1.0,0.75,0.25,0,16.0,5,0.0,1.0,1.0,1.0,0.8,0.6,0.2,0,19.0
53223,284,139,140,5,0,9311,48,377,404,553,1548,2713,2462,1188,18,1,1,0,0,0,2,1,0,0,0,1,0,0,1,0,0,2,3,0,0,2,2,1,0,0,2,1,0,25,13,0,0,0,6,0,0,18,7,0,0,0,0,0,0,2,0,0,0,0,0,0,0,0,1,1,1,0,0,0,0,0,0,0,1,0,0,0,0,0,0,0,0,1,0,0,0,0,0,0,2,1,1,1,0,0,0,0,0,0,1,1,2,1,0,0,0,0,0,0,2,0,1,0,3,11,2,5,4,6,4,3,0,0,0,0,0,2,1,3,0,0,3,5,0,2,3,6,3,2,1,44916,0.51,0.02,434,1.53,0.95,0.91,0.85,0.69,0.39,0.13,32227.5,3.46,134,1,0.0,1.0,0.0,2,38,0.13,0.34,0.0,51,5,0.02,0.6,0.2,9,6,0.02,1.0,0.0,12,25,0.09,0.28,0.0,32,2,0.01,0.5,0.0,3,3,0.01,1.0,0.33,7,5,0.02,0.6,0.0,8,1,0.0,1.0,1.0,3,3,0.01,1.0,0.33,7,261.0,1,0.0,1.0,1.0,1.0,1.0,0.0,0.0,0,3.5,38,0.0,0.63,0.58,0.45,0.34,0.18,0.08,0,98.5,5,0.0,1.0,1.0,1.0,0.8,0.6,0.2,0,19.0,6,0.0,1.0,1.0,1.0,0.67,0.5,0.0,0,21.5,25,0.0,0.68,0.68,0.6,0.48,0.24,0.12,0,71.5,2,0.0,1.0,1.0,1.0,0.0,0.0,0.0,0,6.0,3,0.0,1.0,1.0,1.0,1.0,0.33,0.33,0,11.5,5,0.0,1.0,1.0,0.6,0.4,0.2,0.0,0,15.5,1,0.0,1.0,1.0,1.0,1.0,0.0,0.0,0,3.5,3,0.0,1.0,1.0,1.0,0.67,0.33,0.0,0,10.5
53225,92,48,44,0,0,2822,30,136,98,384,569,830,512,172,91,0,0,0,0,0,0,0,0,0,1,0,0,0,0,0,0,0,2,0,0,1,2,0,0,0,0,0,0,11,4,0,0,0,0,0,0,4,2,0,0,0,0,0,0,0,0,0,0,0,0,0,0,0,0,0,0,0,0,0,0,0,0,0,0,1,0,0,0,0,0,0,0,0,0,0,0,0,0,0,0,1,1,0,0,0,0,0,0,1,0,0,2,0,0,0,0,0,0,0,0,0,0,0,1,3,2,2,3,1,2,1,0,0,0,0,0,0,0,0,0,0,1,2,1,0,1,1,0,0,0,37615,0.48,0.0,136,1.48,0.94,0.91,0.77,0.57,0.27,0.09,9279.0,3.29,38,0,0.0,0.0,0.0,0,15,0.16,0.27,0.0,19,3,0.03,0.67,0.0,5,0,0.0,0.0,0.0,0,6,0.07,0.33,0.0,8,0,0.0,0.0,0.0,0,0,0.0,0.0,0.0,0,2,0.02,1.0,0.0,4,1,0.01,1.0,0.0,2,0,0.0,0.0,0.0,0,73.0,0,0.0,0.0,0.0,0.0,0.0,0.0,0.0,0,0.0,15,0.01,0.73,0.6,0.47,0.27,0.2,0.07,0,39.5,3,0.0,1.0,1.0,0.67,0.67,0.67,0.0,0,10.5,0,0.0,0.0,0.0,0.0,0.0,0.0,0.0,0,0.0,6,0.0,0.5,0.33,0.33,0.17,0.0,0.0,0,12.5,0,0.0,0.0,0.0,0.0,0.0,0.0,0.0,0,0.0,0,0.0,0.0,0.0,0.0,0.0,0.0,0.0,0,0.0,2,0.0,1.0,1.0,1.0,0.5,0.0,0.0,0,6.5,1,0.0,1.0,1.0,1.0,1.0,1.0,0.0,0,4.0,0,0.0,0.0,0.0,0.0,0.0,0.0,0.0,0,0.0
53228,650,329,308,13,0,27166,31,430,540,1734,3604,5970,8642,6055,160,5,0,0,0,1,4,1,0,0,0,0,0,0,1,0,0,0,7,5,0,1,4,1,0,0,5,2,0,54,21,0,0,1,10,0,0,32,24,1,0,0,0,0,3,0,0,1,0,1,0,0,0,0,0,3,1,2,0,0,0,0,0,0,0,0,0,0,0,0,0,0,0,0,1,0,0,0,0,0,1,3,6,1,1,0,0,0,0,0,0,3,2,1,0,0,0,0,0,0,2,1,3,1,2,11,10,7,18,15,7,5,0,0,0,0,0,1,3,6,1,0,0,10,6,7,7,9,10,7,1,61140,0.49,0.02,984,1.51,0.98,0.96,0.9,0.77,0.55,0.23,100413.5,3.7,276,1,0.0,1.0,0.0,2,75,0.12,0.28,0.0,96,6,0.01,0.83,0.17,12,11,0.02,0.91,0.0,21,57,0.09,0.44,0.02,83,5,0.01,0.0,0.0,5,7,0.01,1.0,0.29,16,12,0.02,1.0,0.42,29,0,0.0,0.0,0.0,0,6,0.01,0.83,0.17,12,566.0,1,0.0,1.0,1.0,1.0,1.0,1.0,0.0,0,4.0,75,0.0,0.83,0.69,0.6,0.36,0.16,0.07,0,213.0,6,0.0,1.0,1.0,1.0,1.0,0.5,0.17,0,23.0,11,0.0,1.0,1.0,1.0,0.91,0.64,0.09,0,42.0,57,0.0,0.82,0.72,0.6,0.47,0.32,0.14,0,173.5,5,0.0,1.0,1.0,0.4,0.4,0.4,0.2,0,16.5,7,0.0,1.0,1.0,1.0,1.0,0.71,0.57,0,29.5,12,0.0,1.0,1.0,0.92,0.67,0.17,0.08,0,41.0,0,0.0,0.0,0.0,0.0,0.0,0.0,0.0,0,0.0,6,0.0,1.0,1.0,1.0,1.0,0.5,0.33,0,23.5
53233,725,332,357,29,7,62599,17,228,425,1278,4644,15663,24605,15277,462,1,0,0,0,0,0,0,0,1,0,0,1,0,5,0,0,0,2,11,3,5,4,0,0,1,14,4,1,23,21,0,0,0,12,0,0,41,17,0,0,0,0,0,1,0,0,0,0,0,0,0,0,0,0,0,0,0,0,0,0,0,0,0,1,1,0,0,0,0,0,0,0,2,2,0,1,0,0,0,0,0,4,8,4,0,0,0,0,0,0,2,3,4,0,0,0,0,0,1,5,9,5,0,1,5,3,4,6,11,12,2,0,0,0,0,1,0,7,1,3,0,0,4,2,6,4,5,17,14,6,22458,0.54,0.05,1161,1.6,1.0,0.99,0.97,0.89,0.64,0.25,242633.0,3.88,287,5,0.01,1.0,0.0,10,44,0.06,0.48,0.0,65,9,0.01,0.44,0.0,13,12,0.02,1.0,0.0,24,58,0.08,0.29,0.0,75,1,0.0,0.0,0.0,1,20,0.03,0.95,0.25,45,16,0.02,1.0,0.88,49,2,0.0,0.5,0.5,5,0,0.0,0.0,0.0,0,608.0,5,0.0,1.0,1.0,1.0,1.0,0.6,0.2,0,20.0,44,0.0,0.86,0.8,0.7,0.57,0.32,0.05,0,138.0,9,0.0,1.0,1.0,1.0,1.0,0.78,0.44,0,37.0,12,0.0,1.0,1.0,0.92,0.92,0.33,0.25,0,44.5,58,0.0,0.93,0.9,0.79,0.72,0.64,0.34,0,215.5,1,0.0,1.0,1.0,0.0,0.0,0.0,0.0,0,2.5,20,0.0,1.0,1.0,1.0,0.95,0.7,0.25,0,79.0,16,0.0,1.0,1.0,1.0,1.0,0.75,0.25,0,64.0,2,0.0,1.0,1.0,1.0,1.0,0.5,0.0,0,7.5,0,0.0,0.0,0.0,0.0,0.0,0.0,0.0,0,0.0
53235,207,95,107,4,1,12696,23,59,339,306,964,3030,4766,3109,100,0,0,0,0,0,0,0,0,0,0,0,0,0,1,0,0,0,0,2,0,0,2,0,0,2,2,0,0,8,9,0,0,0,2,0,0,12,6,0,0,0,0,0,0,0,0,0,0,0,0,0,0,0,0,0,0,0,0,0,0,0,0,0,0,0,0,0,0,0,0,0,1,0,0,0,0,0,0,0,0,1,0,1,0,0,0,0,0,0,0,0,2,0,0,0,0,0,0,1,3,0,0,0,1,2,3,1,2,7,1,0,0,0,0,0,0,0,0,1,1,0,0,1,3,1,1,5,5,2,0,50371,0.54,0.02,325,1.57,0.99,0.97,0.94,0.87,0.63,0.25,48606.0,3.83,72,1,0.0,1.0,0.0,2,17,0.08,0.53,0.0,26,2,0.01,1.0,0.0,4,2,0.01,1.0,0.0,4,18,0.09,0.33,0.0,24,0,0.0,0.0,0.0,0,4,0.02,0.5,0.0,6,2,0.01,1.0,1.0,6,0,0.0,0.0,0.0,0,0,0.0,0.0,0.0,0,146.5,1,0.0,1.0,1.0,1.0,0.0,0.0,0.0,0,3.0,17,0.0,0.82,0.65,0.59,0.47,0.06,0.0,0,47.0,2,0.0,1.0,1.0,1.0,1.0,1.0,0.0,0,8.0,2,0.0,1.0,1.0,1.0,1.0,1.0,0.5,0,8.5,18,0.0,0.94,0.78,0.72,0.67,0.39,0.11,0,59.5,0,0.0,0.0,0.0,0.0,0.0,0.0,0.0,0,0.0,4,0.0,1.0,1.0,1.0,0.75,0.0,0.0,0,13.5,2,0.0,1.0,1.0,1.0,0.5,0.5,0.0,0,7.0,0,0.0,0.0,0.0,0.0,0.0,0.0,0.0,0,0.0,0,0.0,0.0,0.0,0.0,0.0,0.0,0.0,0,0.0
53403,107,63,42,1,1,2860,24,15,14,119,465,576,666,908,73,0,0,0,0,1,0,0,0,0,0,0,0,0,0,0,0,2,2,1,0,1,0,0,0,0,1,0,0,8,4,0,0,1,1,0,0,5,0,0,0,0,0,0,0,0,0,0,0,0,0,0,0,0,0,0,0,1,0,0,0,0,0,0,0,0,0,0,0,0,0,0,0,0,0,0,0,0,0,0,0,2,0,2,1,0,0,0,0,0,0,0,0,0,1,0,0,0,0,0,1,0,0,0,2,0,0,1,0,4,5,0,0,0,0,0,0,2,0,0,0,0,2,0,0,1,0,0,0,2,0,51516,0.41,0.02,154,1.44,0.99,0.98,0.94,0.78,0.58,0.34,10898.0,3.81,37,0,0.0,0.0,0.0,0,12,0.11,0.33,0.0,16,1,0.01,0.0,0.0,1,2,0.02,0.5,0.0,3,5,0.05,0.0,0.0,5,0,0.0,0.0,0.0,0,1,0.01,1.0,0.0,2,5,0.05,0.6,0.2,9,0,0.0,0.0,0.0,0,1,0.01,0.0,0.0,1,89.5,0,0.0,0.0,0.0,0.0,0.0,0.0,0.0,0,0.0,12,0.0,0.83,0.83,0.75,0.75,0.42,0.0,0,38.5,1,0.0,1.0,1.0,1.0,1.0,1.0,1.0,0,5.0,2,0.0,1.0,1.0,1.0,0.0,0.0,0.0,0,6.0,5,0.0,0.6,0.6,0.4,0.4,0.4,0.4,0,13.5,0,0.0,0.0,0.0,0.0,0.0,0.0,0.0,0,0.0,1,0.0,1.0,1.0,1.0,1.0,0.0,0.0,0,3.5,5,0.0,1.0,1.0,1.0,0.6,0.6,0.2,0,18.5,0,0.0,0.0,0.0,0.0,0.0,0.0,0.0,0,0.0,1,0.0,1.0,1.0,1.0,1.0,1.0,1.0,0,4.5
53405,142,81,57,3,1,3783,17,119,24,353,558,704,975,986,47,0,0,0,0,1,0,0,0,0,0,0,0,0,0,0,0,1,3,2,0,0,0,0,0,0,1,0,0,13,5,0,0,1,1,0,0,10,1,0,0,0,0,0,0,0,0,0,0,0,0,0,0,0,0,0,0,1,0,0,0,0,0,0,0,0,0,0,0,0,0,0,0,0,0,0,0,0,0,0,1,3,0,1,1,0,0,0,0,0,0,0,0,0,0,0,0,0,0,0,1,0,0,0,3,2,1,2,0,5,4,1,0,0,0,0,0,2,0,0,0,0,2,1,0,1,0,3,1,3,0,48558,0.43,0.03,208,1.46,0.96,0.96,0.86,0.72,0.53,0.27,13836.0,3.66,54,0,0.0,0.0,0.0,0,18,0.13,0.28,0.0,23,0,0.0,0.0,0.0,0,2,0.01,0.5,0.0,3,11,0.08,0.09,0.0,12,0,0.0,0.0,0.0,0,1,0.01,1.0,0.0,2,6,0.04,0.83,0.33,13,0,0.0,0.0,0.0,0,1,0.01,0.0,0.0,1,119.0,0,0.0,0.0,0.0,0.0,0.0,0.0,0.0,0,0.0,18,0.0,0.72,0.67,0.56,0.56,0.28,0.06,0,51.0,0,0.0,0.0,0.0,0.0,0.0,0.0,0.0,0,0.0,2,0.0,1.0,1.0,1.0,0.0,0.0,0.0,0,6.0,11,0.0,0.73,0.73,0.64,0.64,0.36,0.27,0,34.0,0,0.0,0.0,0.0,0.0,0.0,0.0,0.0,0,0.0,1,0.0,1.0,1.0,1.0,1.0,0.0,0.0,0,3.5,6,0.0,1.0,1.0,0.83,0.33,0.33,0.17,0,20.0,0,0.0,0.0,0.0,0.0,0.0,0.0,0.0,0,0.0,1,0.0,1.0,1.0,1.0,1.0,1.0,1.0,0,4.5
53406,369,221,139,6,3,12232,27,190,105,820,2097,2686,3667,2520,120,0,0,0,0,1,0,0,0,0,0,0,0,0,1,0,0,2,7,3,0,2,1,0,0,0,3,0,0,33,16,0,1,1,2,0,0,23,5,0,1,0,0,0,0,0,0,0,0,0,0,0,0,0,0,0,0,1,0,0,0,0,0,0,0,0,0,0,0,0,0,0,0,0,1,0,0,0,0,1,2,4,2,2,1,0,0,0,0,0,0,0,0,2,1,0,0,0,0,0,1,1,1,0,3,7,3,7,5,10,12,3,0,0,0,0,0,2,0,1,0,0,2,4,1,4,0,4,4,8,2,59060,0.4,0.02,529,1.43,0.98,0.97,0.91,0.74,0.52,0.22,44872.0,3.67,149,1,0.0,1.0,0.0,2,50,0.14,0.34,0.02,69,3,0.01,0.33,0.0,4,3,0.01,0.67,0.0,5,29,0.08,0.21,0.03,37,0,0.0,0.0,0.0,0,3,0.01,1.0,0.0,6,12,0.03,0.83,0.25,25,0,0.0,0.0,0.0,0,1,0.0,0.0,0.0,1,327.5,1,0.0,1.0,1.0,1.0,1.0,1.0,0.0,0,4.0,50,0.0,0.8,0.74,0.6,0.5,0.3,0.06,0,148.5,3,0.0,1.0,1.0,1.0,1.0,1.0,1.0,0,14.0,3,0.0,1.0,1.0,1.0,0.33,0.33,0.0,0,10.0,29,0.0,0.79,0.76,0.62,0.62,0.48,0.34,0,96.0,0,0.0,0.0,0.0,0.0,0.0,0.0,0.0,0,0.0,3,0.0,1.0,1.0,1.0,1.0,0.67,0.33,0,12.0,12,0.0,1.0,0.92,0.75,0.42,0.25,0.08,0,38.5,0,0.0,0.0,0.0,0.0,0.0,0.0,0.0,0,0.0,1,0.0,1.0,1.0,1.0,1.0,1.0,1.0,0,4.5
53505,184,111,71,1,1,3486,0,48,95,234,280,1017,1242,450,120,0,0,0,0,0,0,0,0,0,0,0,0,0,0,0,0,0,7,0,0,1,0,0,0,1,1,0,0,21,4,0,0,0,3,0,0,10,6,0,0,0,0,0,0,0,0,0,0,0,0,0,0,0,0,0,0,0,0,0,0,0,0,0,0,0,0,0,0,0,0,0,0,0,0,0,0,0,0,0,0,1,2,3,1,0,0,0,0,0,0,0,0,0,1,0,0,0,0,0,1,1,0,0,0,2,1,5,3,5,6,2,1,0,0,0,0,1,1,1,0,0,0,3,2,2,3,1,3,1,1,53157,0.4,0.01,260,1.41,0.99,0.96,0.89,0.81,0.52,0.16,12839.5,3.68,75,0,0.0,0.0,0.0,0,25,0.14,0.16,0.0,29,1,0.01,0.0,0.0,1,3,0.02,1.0,0.0,6,16,0.09,0.38,0.0,22,0,0.0,0.0,0.0,0,2,0.01,0.5,0.0,3,7,0.04,1.0,0.0,14,0,0.0,0.0,0.0,0,0,0.0,0.0,0.0,0,179.0,0,0.0,0.0,0.0,0.0,0.0,0.0,0.0,0,0.0,25,0.01,0.92,0.88,0.68,0.56,0.36,0.12,0,82.0,1,0.0,1.0,1.0,1.0,1.0,1.0,1.0,0,5.0,3,0.0,1.0,1.0,1.0,0.67,0.33,0.0,0,10.5,16,0.0,0.81,0.69,0.56,0.38,0.31,0.12,0,47.5,0,0.0,0.0,0.0,0.0,0.0,0.0,0.0,0,0.0,2,0.0,1.0,1.0,1.0,1.0,0.5,0.0,0,7.5,7,0.0,1.0,1.0,1.0,0.86,0.57,0.14,0,26.5,0,0.0,0.0,0.0,0.0,0.0,0.0,0.0,0,0.0,0,0.0,0.0,0.0,0.0,0.0,0.0,0.0,0,0.0
53522,36,20,16,0,0,531,0,0,0,33,54,41,174,215,14,0,0,0,0,0,0,0,0,0,0,0,0,0,0,0,0,0,0,0,0,0,0,0,0,0,0,0,0,4,1,0,0,0,0,0,0,3,1,0,0,0,0,0,0,0,0,0,0,0,0,0,0,0,0,0,0,0,0,0,0,0,0,0,0,0,0,0,0,0,0,0,0,0,0,0,0,0,0,0,0,0,0,0,0,0,0,0,0,0,0,0,0,0,0,0,0,0,0,0,0,0,0,0,0,0,0,0,1,0,1,1,2,0,0,0,0,0,0,0,0,0,0,0,0,0,2,0,1,1,0,49954,0.44,0.0,52,1.44,1.0,1.0,0.94,0.84,0.76,0.43,2121.5,4.0,11,0,0.0,0.0,0.0,0,5,0.14,0.2,0.0,6,0,0.0,0.0,0.0,0,0,0.0,0.0,0.0,0,4,0.11,0.25,0.0,5,0,0.0,0.0,0.0,0,0,0.0,0.0,0.0,0,0,0.0,0.0,0.0,0,0,0.0,0.0,0.0,0,0,0.0,0.0,0.0,0,36.0,0,0.0,0.0,0.0,0.0,0.0,0.0,0.0,0,0.0,5,0.01,1.0,1.0,1.0,0.8,0.8,0.6,0,21.5,0,0.0,0.0,0.0,0.0,0.0,0.0,0.0,0,0.0,0,0.0,0.0,0.0,0.0,0.0,0.0,0.0,0,0.0,4,0.01,1.0,1.0,1.0,0.5,0.5,0.25,0,14.5,0,0.0,0.0,0.0,0.0,0.0,0.0,0.0,0,0.0,0,0.0,0.0,0.0,0.0,0.0,0.0,0.0,0,0.0,0,0.0,0.0,0.0,0.0,0.0,0.0,0.0,0,0.0,0,0.0,0.0,0.0,0.0,0.0,0.0,0.0,0,0.0,0,0.0,0.0,0.0,0.0,0.0,0.0,0.0,0,0.0
53525,184,108,73,2,1,3558,0,53,66,228,410,829,1426,450,96,1,0,0,0,0,0,0,0,0,0,0,0,0,0,0,0,0,5,1,0,1,0,0,0,0,1,0,0,16,3,0,0,0,3,0,0,9,5,0,0,0,0,0,0,0,0,1,0,0,0,0,0,0,0,0,0,0,0,0,0,0,0,0,0,0,0,0,0,0,0,0,0,0,0,0,0,0,0,0,0,2,1,2,1,0,0,0,0,0,0,0,0,0,1,0,0,0,0,0,1,0,0,0,0,2,2,4,0,4,4,2,1,0,0,0,0,0,0,3,0,0,0,3,2,4,0,0,4,0,1,59958,0.41,0.02,264,1.43,0.99,0.97,0.9,0.79,0.55,0.15,13122.0,3.69,64,0,0.0,0.0,0.0,0,19,0.1,0.16,0.0,22,1,0.01,0.0,0.0,1,3,0.02,1.0,0.0,6,14,0.08,0.36,0.0,19,1,0.01,0.0,0.0,1,1,0.01,1.0,0.0,2,6,0.03,1.0,0.17,13,0,0.0,0.0,0.0,0,0,0.0,0.0,0.0,0,147.0,0,0.0,0.0,0.0,0.0,0.0,0.0,0.0,0,0.0,19,0.01,0.89,0.79,0.58,0.58,0.37,0.16,0,61.0,1,0.0,1.0,1.0,1.0,1.0,1.0,1.0,0,5.0,3,0.0,1.0,1.0,1.0,1.0,1.0,0.0,0,12.0,14,0.0,0.79,0.64,0.36,0.36,0.36,0.07,0,39.5,1,0.0,1.0,1.0,1.0,1.0,1.0,0.0,0,4.0,1,0.0,1.0,1.0,1.0,1.0,0.0,0.0,0,3.5,6,0.0,1.0,1.0,1.0,0.67,0.5,0.17,0,22.0,0,0.0,0.0,0.0,0.0,0.0,0.0,0.0,0,0.0,0,0.0,0.0,0.0,0.0,0.0,0.0,0.0,0,0.0
53528,159,84,68,7,0,8945,0,38,131,485,1099,2980,2969,1199,44,0,0,0,0,0,0,0,0,1,0,0,0,0,0,0,0,0,4,1,0,0,2,1,0,0,2,1,0,9,1,0,0,0,4,0,0,9,4,0,0,0,0,0,0,0,0,0,0,0,0,0,0,0,0,0,0,0,0,0,0,0,0,0,0,1,0,0,0,0,0,0,0,0,0,0,0,0,0,0,1,0,4,0,0,0,0,0,0,0,0,0,2,1,0,0,0,0,0,1,0,2,0,0,0,0,0,1,4,2,2,1,0,0,0,0,0,1,2,1,0,0,0,0,0,4,3,3,1,1,1,92442,0.47,0.04,241,1.52,1.0,0.98,0.93,0.8,0.47,0.14,32750.0,3.66,62,0,0.0,0.0,0.0,0,10,0.06,0.1,0.0,11,3,0.02,1.0,0.33,7,4,0.03,1.0,0.0,8,13,0.08,0.31,0.0,17,0,0.0,0.0,0.0,0,3,0.02,1.0,0.33,7,5,0.03,1.0,0.2,11,1,0.01,0.0,0.0,1,0,0.0,0.0,0.0,0,135.0,0,0.0,0.0,0.0,0.0,0.0,0.0,0.0,0,0.0,10,0.0,1.0,1.0,0.9,0.5,0.3,0.1,0,34.0,3,0.0,1.0,1.0,1.0,1.0,1.0,0.33,0,12.5,4,0.0,1.0,1.0,1.0,0.75,0.25,0.0,0,14.0,13,0.0,1.0,1.0,0.69,0.46,0.23,0.15,0,43.0,0,0.0,0.0,0.0,0.0,0.0,0.0,0.0,0,0.0,3,0.0,1.0,1.0,1.0,0.67,0.67,0.0,0,11.0,5,0.0,1.0,1.0,0.8,0.8,0.0,0.0,0,16.5,1,0.0,1.0,1.0,1.0,1.0,1.0,0.0,0,4.0,0,0.0,0.0,0.0,0.0,0.0,0.0,0.0,0,0.0
53532,139,82,54,3,0,4658,43,83,199,262,880,1371,838,924,58,1,0,0,0,0,0,0,0,0,0,0,0,0,1,0,0,0,2,1,0,2,1,0,0,0,1,1,0,10,6,0,0,0,0,0,0,10,4,0,0,0,0,0,0,1,0,0,0,0,0,0,0,0,0,0,0,0,0,0,0,0,0,0,0,0,0,0,0,0,0,0,0,1,0,0,0,0,0,0,0,2,1,0,0,0,0,1,0,0,0,0,1,0,1,0,0,0,0,0,1,0,1,0,1,4,1,1,3,3,2,1,0,0,0,0,0,0,0,0,0,0,0,3,1,0,4,1,3,1,1,72054,0.41,0.02,199,1.43,0.97,0.93,0.87,0.69,0.39,0.21,16459.0,3.53,59,1,0.01,1.0,0.0,2,16,0.12,0.38,0.0,22,3,0.02,0.33,0.0,4,0,0.0,0.0,0.0,0,14,0.1,0.29,0.0,18,1,0.01,0.0,0.0,1,2,0.01,1.0,0.5,5,3,0.02,1.0,0.33,7,0,0.0,0.0,0.0,0,0,0.0,0.0,0.0,0,121.5,1,0.0,1.0,1.0,1.0,1.0,0.0,0.0,0,3.5,16,0.0,0.69,0.62,0.56,0.38,0.19,0.06,0,43.5,3,0.0,0.67,0.67,0.67,0.67,0.67,0.33,0,10.5,0,0.0,0.0,0.0,0.0,0.0,0.0,0.0,0,0.0,14,0.0,0.79,0.71,0.71,0.43,0.36,0.14,0,43.5,1,0.0,1.0,1.0,1.0,0.0,0.0,0.0,0,3.0,2,0.0,1.0,1.0,1.0,1.0,0.5,0.5,0,8.0,3,0.0,1.0,1.0,1.0,0.33,0.0,0.0,0,9.5,0,0.0,0.0,0.0,0.0,0.0,0.0,0.0,0,0.0,0,0.0,0.0,0.0,0.0,0.0,0.0,0.0,0,0.0
53545,146,92,50,3,1,2695,5,7,96,203,356,585,963,398,82,0,0,0,0,0,0,0,0,0,0,0,0,0,0,0,0,0,5,0,0,0,0,0,0,0,0,1,0,16,3,0,0,0,2,0,0,10,4,0,0,0,0,0,0,0,0,0,0,0,0,0,0,0,0,0,0,0,0,0,0,0,0,0,0,0,0,0,0,0,0,0,0,0,0,0,0,0,0,0,0,1,1,3,0,0,0,0,0,0,0,0,0,0,0,0,0,0,0,0,0,0,1,0,1,1,1,3,3,3,4,3,0,0,0,0,0,1,1,0,0,0,1,1,3,2,2,1,2,1,1,61295,0.37,0.03,205,1.4,1.0,0.96,0.88,0.75,0.54,0.18,9883.5,3.67,57,0,0.0,0.0,0.0,0,19,0.13,0.16,0.0,22,0,0.0,0.0,0.0,0,2,0.01,1.0,0.0,4,14,0.1,0.29,0.0,18,0,0.0,0.0,0.0,0,1,0.01,1.0,1.0,3,5,0.03,1.0,0.0,10,0,0.0,0.0,0.0,0,0,0.0,0.0,0.0,0,131.0,0,0.0,0.0,0.0,0.0,0.0,0.0,0.0,0,0.0,19,0.01,0.89,0.84,0.68,0.53,0.37,0.16,0,61.0,0,0.0,0.0,0.0,0.0,0.0,0.0,0.0,0,0.0,2,0.0,1.0,1.0,1.0,0.5,0.0,0.0,0,6.5,14,0.01,0.86,0.64,0.5,0.36,0.29,0.14,0,40.5,0,0.0,0.0,0.0,0.0,0.0,0.0,0.0,0,0.0,1,0.0,1.0,1.0,1.0,1.0,1.0,1.0,0,4.5,5,0.0,1.0,1.0,1.0,0.8,0.6,0.0,0,18.5,0,0.0,0.0,0.0,0.0,0.0,0.0,0.0,0,0.0,0,0.0,0.0,0.0,0.0,0.0,0.0,0.0,0,0.0
53546,116,71,43,1,1,2206,0,7,74,181,238,571,781,275,79,0,0,0,0,0,0,0,0,0,0,0,0,0,0,0,0,0,3,0,0,0,0,0,0,0,0,0,0,13,3,0,0,0,2,0,0,8,4,0,0,0,0,0,0,0,0,0,0,0,0,0,0,0,0,0,0,0,0,0,0,0,0,0,0,0,0,0,0,0,0,0,0,0,0,0,0,0,0,0,0,0,1,2,0,0,0,0,0,0,0,0,0,0,0,0,0,0,0,0,0,0,0,0,0,1,1,3,3,3,3,2,0,0,0,0,0,1,1,0,0,0,0,1,2,2,2,1,2,1,1,54161,0.39,0.02,164,1.41,1.0,0.96,0.88,0.77,0.51,0.16,8080.0,3.66,45,0,0.0,0.0,0.0,0,16,0.14,0.19,0.0,19,0,0.0,0.0,0.0,0,2,0.02,1.0,0.0,4,12,0.1,0.33,0.0,16,0,0.0,0.0,0.0,0,0,0.0,0.0,0.0,0,3,0.03,1.0,0.0,6,0,0.0,0.0,0.0,0,0,0.0,0.0,0.0,0,107.0,0,0.0,0.0,0.0,0.0,0.0,0.0,0.0,0,0.0,16,0.01,0.94,0.88,0.69,0.5,0.31,0.12,0,51.5,0,0.0,0.0,0.0,0.0,0.0,0.0,0.0,0,0.0,2,0.0,1.0,1.0,1.0,0.5,0.0,0.0,0,6.5,12,0.01,0.92,0.75,0.58,0.42,0.33,0.17,0,37.5,0,0.0,0.0,0.0,0.0,0.0,0.0,0.0,0,0.0,0,0.0,0.0,0.0,0.0,0.0,0.0,0.0,0,0.0,3,0.0,1.0,1.0,1.0,1.0,0.67,0.0,0,11.5,0,0.0,0.0,0.0,0.0,0.0,0.0,0.0,0,0.0,0,0.0,0.0,0.0,0.0,0.0,0.0,0.0,0,0.0
53561,53,25,26,1,1,1788,0,3,5,44,87,199,586,833,31,0,0,0,0,0,0,0,0,0,0,0,0,0,0,0,0,0,0,0,0,0,0,0,0,0,1,0,0,1,2,0,0,0,0,0,0,1,1,0,0,0,0,0,0,0,0,0,0,0,0,0,0,0,0,0,0,0,0,0,0,0,0,0,0,0,0,0,0,0,0,0,0,0,0,0,0,0,0,0,0,0,0,0,0,0,0,0,0,0,0,0,0,0,0,0,0,0,0,0,0,0,0,1,0,0,0,0,0,0,1,2,0,0,0,0,0,0,0,0,0,0,0,0,0,0,0,1,0,1,0,83660,0.53,0.04,84,1.58,1.0,1.0,0.97,0.92,0.81,0.48,7329.5,4.1,10,0,0.0,0.0,0.0,0,3,0.06,0.67,0.0,5,0,0.0,0.0,0.0,0,0,0.0,0.0,0.0,0,2,0.04,0.5,0.0,3,0,0.0,0.0,0.0,0,1,0.02,1.0,0.0,2,0,0.0,0.0,0.0,0,0,0.0,0.0,0.0,0,0,0.0,0.0,0.0,0,26.0,0,0.0,0.0,0.0,0.0,0.0,0.0,0.0,0,0.0,3,0.0,1.0,1.0,1.0,1.0,1.0,0.67,0,13.0,0,0.0,0.0,0.0,0.0,0.0,0.0,0.0,0,0.0,0,0.0,0.0,0.0,0.0,0.0,0.0,0.0,0,0.0,2,0.0,1.0,1.0,1.0,1.0,0.5,0.5,0,8.0,0,0.0,0.0,0.0,0.0,0.0,0.0,0.0,0,0.0,1,0.0,1.0,1.0,1.0,1.0,1.0,1.0,0,5.0,0,0.0,0.0,0.0,0.0,0.0,0.0,0.0,0,0.0,0,0.0,0.0,0.0,0.0,0.0,0.0,0.0,0,0.0,0,0.0,0.0,0.0,0.0,0.0,0.0,0.0,0,0.0
53585,136,81,50,5,0,3725,14,26,25,202,551,1130,979,616,182,0,0,0,0,1,0,0,0,0,0,0,0,0,1,0,0,0,2,3,0,3,0,0,0,0,0,2,0,12,2,0,0,0,2,0,0,9,2,0,0,0,0,0,0,0,0,0,0,0,0,0,0,0,0,0,0,1,0,0,0,0,0,0,0,0,0,0,0,0,0,0,0,0,0,1,0,0,0,0,0,0,3,1,1,0,0,0,0,0,0,0,1,1,1,0,0,0,0,0,1,1,0,0,1,1,1,1,1,2,3,3,1,0,0,0,0,0,1,1,0,0,0,2,1,0,1,1,0,3,3,45426,0.4,0.04,196,1.44,0.99,0.98,0.93,0.78,0.48,0.21,13814.0,3.71,58,1,0.01,1.0,0.0,2,14,0.1,0.14,0.0,16,3,0.02,0.0,0.0,3,2,0.01,1.0,0.0,4,11,0.08,0.18,0.0,13,0,0.0,0.0,0.0,0,2,0.01,1.0,1.0,6,5,0.04,1.0,0.6,13,0,0.0,0.0,0.0,0,1,0.01,0.0,0.0,1,144.0,1,0.0,1.0,1.0,1.0,1.0,1.0,1.0,0,4.5,14,0.0,0.86,0.79,0.71,0.64,0.5,0.29,0,47.5,3,0.0,1.0,1.0,1.0,1.0,1.0,0.67,0,13.5,2,0.0,1.0,1.0,1.0,1.0,0.5,0.0,0,7.5,11,0.0,0.82,0.73,0.73,0.64,0.55,0.55,0,40.0,0,0.0,0.0,0.0,0.0,0.0,0.0,0.0,0,0.0,2,0.0,1.0,1.0,1.0,1.0,0.5,0.0,0,7.5,5,0.0,1.0,1.0,1.0,1.0,0.4,0.2,0,19.0,0,0.0,0.0,0.0,0.0,0.0,0.0,0.0,0,0.0,1,0.0,1.0,1.0,1.0,1.0,1.0,1.0,0,4.5
53703,483,238,219,21,5,44583,1,72,168,1309,3004,9015,23353,7399,262,2,0,0,0,1,0,0,0,0,2,0,0,0,2,0,0,1,3,5,1,4,2,0,0,1,4,2,0,13,12,0,0,0,7,1,0,43,11,0,0,0,0,0,0,0,2,0,0,0,0,0,0,0,0,0,0,1,0,0,0,0,0,0,0,1,1,0,0,0,0,0,0,2,0,0,0,0,0,0,0,1,4,5,0,0,0,0,0,0,1,0,3,2,0,0,0,0,1,1,0,3,2,0,0,1,2,1,2,6,12,1,0,0,0,0,0,3,2,2,1,0,0,1,2,3,4,11,23,9,1,60756,0.51,0.05,759,1.57,1.0,0.99,0.97,0.9,0.7,0.17,172299.5,3.86,179,2,0.0,1.0,0.0,4,25,0.05,0.48,0.0,37,6,0.01,0.33,0.0,8,8,0.02,1.0,0.12,17,54,0.11,0.2,0.0,65,2,0.0,0.0,0.0,2,7,0.01,0.86,0.29,15,10,0.02,0.9,0.6,26,2,0.0,1.0,0.0,4,1,0.0,0.0,0.0,1,431.5,2,0.0,1.0,1.0,1.0,1.0,0.0,0.0,0,7.0,25,0.0,0.96,0.88,0.84,0.76,0.52,0.04,0,87.5,6,0.0,1.0,1.0,1.0,0.83,0.83,0.33,0,24.0,8,0.0,1.0,1.0,1.0,0.62,0.38,0.12,0,28.5,54,0.0,0.98,0.94,0.89,0.81,0.61,0.19,0,201.0,2,0.0,1.0,1.0,1.0,1.0,0.0,0.0,0,7.0,7,0.0,1.0,1.0,0.86,0.71,0.71,0.29,0,26.5,10,0.0,1.0,1.0,1.0,0.9,0.5,0.0,0,37.0,2,0.0,1.0,1.0,1.0,1.0,1.0,0.5,0,8.5,1,0.0,1.0,1.0,1.0,1.0,1.0,1.0,0,4.5
53704,903,427,437,33,6,73648,15,23,446,2364,7580,19501,32640,10710,369,4,1,0,0,1,0,0,0,1,2,0,0,0,6,0,0,1,9,10,1,6,6,1,0,1,9,5,0,37,23,0,0,0,15,1,0,61,27,0,0,0,0,0,0,1,3,0,1,0,0,0,0,0,0,0,0,1,0,0,0,0,0,0,0,2,1,0,0,0,0,0,0,6,0,0,0,0,0,0,1,3,13,4,0,0,0,1,0,0,0,1,6,4,1,0,0,0,1,2,3,5,4,0,1,1,5,5,7,18,20,3,0,0,0,0,0,3,6,6,1,0,1,1,1,4,7,21,30,20,3,61645,0.53,0.04,1424,1.58,1.0,0.99,0.96,0.86,0.59,0.15,278445.0,3.78,363,6,0.01,1.0,0.0,12,60,0.07,0.38,0.0,83,13,0.01,0.54,0.08,21,16,0.02,1.0,0.06,33,88,0.1,0.31,0.0,115,5,0.01,0.2,0.0,6,15,0.02,0.93,0.33,34,21,0.02,0.95,0.52,53,3,0.0,0.67,0.0,5,1,0.0,0.0,0.0,1,833.0,6,0.0,1.0,1.0,1.0,1.0,0.0,0.0,0,21.0,60,0.0,0.97,0.88,0.8,0.68,0.38,0.05,0,202.5,13,0.0,0.92,0.92,0.92,0.92,0.85,0.38,0,52.0,16,0.0,1.0,1.0,1.0,0.81,0.44,0.06,0,58.5,88,0.0,0.98,0.97,0.92,0.84,0.6,0.26,0,334.0,5,0.0,1.0,1.0,1.0,0.8,0.2,0.2,0,18.0,15,0.0,1.0,1.0,0.93,0.8,0.6,0.27,0,57.0,21,0.0,1.0,1.0,0.95,0.81,0.19,0.0,0,73.0,3,0.0,1.0,1.0,1.0,1.0,1.0,0.33,0,12.5,1,0.0,1.0,1.0,1.0,1.0,1.0,1.0,0,4.5
53713,899,421,442,32,4,73626,10,64,325,2377,7460,19147,32946,10940,357,3,2,0,0,1,0,0,0,1,2,0,0,0,6,0,0,1,8,10,1,5,6,1,0,1,9,4,0,34,24,0,0,0,15,1,0,63,25,0,0,0,0,0,1,0,3,0,1,0,0,0,0,0,0,0,0,1,0,0,0,0,0,0,0,2,1,0,0,0,0,0,0,6,0,0,0,0,0,0,1,2,13,4,0,0,0,0,0,0,0,1,6,4,1,0,0,0,1,2,2,6,3,0,1,1,3,5,8,17,21,2,0,0,0,0,0,4,6,5,1,0,1,1,1,5,6,22,28,22,2,42336,0.53,0.04,1417,1.58,1.0,0.99,0.96,0.86,0.6,0.15,278892.0,3.79,355,6,0.01,1.0,0.0,12,58,0.06,0.41,0.0,82,12,0.01,0.58,0.08,20,16,0.02,1.0,0.06,33,88,0.1,0.28,0.0,113,5,0.01,0.4,0.0,7,14,0.02,0.93,0.29,31,20,0.02,0.95,0.55,51,3,0.0,0.67,0.0,5,1,0.0,0.0,0.0,1,817.0,6,0.0,1.0,1.0,1.0,1.0,0.0,0.0,0,21.0,58,0.0,0.97,0.91,0.83,0.69,0.4,0.03,0,197.5,12,0.0,1.0,1.0,1.0,1.0,0.92,0.42,0,50.5,16,0.0,1.0,1.0,1.0,0.75,0.38,0.06,0,57.5,88,0.0,0.98,0.97,0.91,0.84,0.59,0.27,0,333.0,5,0.0,1.0,1.0,0.8,0.8,0.2,0.2,0,17.5,14,0.0,1.0,1.0,0.93,0.79,0.64,0.21,0,53.0,20,0.0,1.0,1.0,0.95,0.85,0.2,0.0,0,70.0,3,0.0,1.0,1.0,1.0,1.0,1.0,0.33,0,12.5,1,0.0,1.0,1.0,1.0,1.0,1.0,1.0,0,4.5
53714,655,337,289,22,7,50318,57,149,534,1936,4508,10585,24806,7414,329,3,1,0,0,1,0,0,0,0,2,0,0,0,3,0,0,1,6,6,1,6,2,0,0,1,6,2,0,29,17,0,0,0,11,1,0,49,19,0,0,0,0,0,1,1,2,0,0,0,0,0,0,0,0,0,0,1,0,0,0,0,0,0,0,1,1,0,0,0,0,0,0,3,0,0,0,0,0,0,0,2,7,5,0,0,0,1,0,0,1,1,3,2,0,0,0,0,2,1,1,3,2,0,2,5,5,6,4,11,12,1,0,0,0,0,0,4,3,4,1,0,3,6,3,3,5,15,22,9,2,48806,0.49,0.04,1009,1.54,1.0,0.99,0.95,0.86,0.65,0.15,190992.0,3.8,255,3,0.0,1.0,0.0,6,46,0.07,0.37,0.0,63,8,0.01,0.25,0.0,10,12,0.02,1.0,0.08,25,68,0.1,0.28,0.0,87,4,0.01,0.25,0.0,5,9,0.01,0.89,0.22,19,14,0.02,0.93,0.5,35,2,0.0,1.0,0.0,4,1,0.0,0.0,0.0,1,560.0,3,0.0,1.0,1.0,1.0,1.0,0.0,0.0,0,10.5,46,0.0,0.85,0.74,0.61,0.52,0.28,0.02,0,137.5,8,0.0,0.88,0.88,0.88,0.75,0.62,0.25,0,29.0,12,0.0,1.0,1.0,1.0,0.67,0.42,0.08,0,43.0,68,0.0,0.87,0.82,0.78,0.71,0.49,0.16,0,231.5,4,0.0,1.0,1.0,0.75,0.5,0.0,0.0,0,12.5,9,0.0,1.0,1.0,0.78,0.67,0.56,0.22,0,32.5,14,0.0,1.0,1.0,1.0,0.86,0.36,0.0,0,50.5,2,0.0,1.0,1.0,1.0,1.0,1.0,0.5,0,8.5,1,0.0,1.0,1.0,1.0,1.0,1.0,1.0,0,4.5
53716,652,341,283,21,7,50242,57,124,524,1802,4283,10393,24813,7917,329,3,1,0,0,1,0,0,0,0,2,0,0,0,3,0,0,1,6,5,1,6,2,0,0,1,6,2,0,32,16,0,0,0,11,1,0,53,17,0,0,0,0,0,1,1,2,0,0,0,0,0,0,0,0,0,0,1,0,0,0,0,0,0,0,1,1,0,0,0,0,0,0,3,0,0,0,0,0,0,0,2,6,5,0,0,0,1,0,0,1,1,3,2,0,0,0,0,2,1,1,3,2,0,2,4,6,5,5,12,13,1,0,0,0,0,0,4,3,4,1,0,3,5,4,3,4,14,23,12,2,64637,0.48,0.04,998,1.53,1.0,0.99,0.95,0.86,0.66,0.16,191544.0,3.81,253,3,0.0,1.0,0.0,6,48,0.07,0.33,0.0,64,8,0.01,0.25,0.0,10,12,0.02,1.0,0.08,25,70,0.11,0.24,0.0,87,4,0.01,0.25,0.0,5,9,0.01,0.89,0.22,19,13,0.02,0.92,0.46,32,2,0.0,1.0,0.0,4,1,0.0,0.0,0.0,1,576.5,3,0.0,1.0,1.0,1.0,1.0,0.0,0.0,0,10.5,48,0.0,0.88,0.75,0.65,0.54,0.29,0.02,0,146.0,8,0.0,0.88,0.88,0.88,0.75,0.62,0.25,0,29.0,12,0.0,1.0,1.0,1.0,0.67,0.42,0.08,0,43.0,70,0.0,0.89,0.83,0.79,0.73,0.53,0.2,0,243.0,4,0.0,1.0,1.0,0.75,0.5,0.0,0.0,0,12.5,9,0.0,1.0,1.0,0.78,0.67,0.56,0.22,0,32.5,13,0.0,1.0,1.0,1.0,0.85,0.38,0.0,0,47.0,2,0.0,1.0,1.0,1.0,1.0,1.0,0.5,0,8.5,1,0.0,1.0,1.0,1.0,1.0,1.0,1.0,0,4.5
53719,515,264,231,16,1,30790,21,172,369,1146,4114,10220,10179,4446,123,2,2,0,0,0,0,0,0,1,0,0,0,0,3,0,0,0,3,4,0,1,6,1,0,1,4,2,0,23,9,0,0,0,8,0,0,37,23,2,0,0,0,0,1,0,2,0,1,0,0,0,0,0,0,0,0,0,0,0,0,0,0,0,0,1,0,0,0,0,0,0,0,3,0,0,0,0,0,0,1,0,6,0,0,0,0,0,0,0,1,0,5,2,0,0,0,0,1,1,1,3,1,0,1,1,4,4,5,6,9,2,0,0,0,0,0,2,4,2,0,0,2,1,3,7,9,15,15,8,2,68932,0.48,0.03,778,1.51,0.99,0.98,0.94,0.81,0.48,0.15,113332.0,3.68,208,3,0.01,1.0,0.0,6,32,0.06,0.28,0.0,41,8,0.02,0.88,0.12,16,8,0.02,1.0,0.0,16,62,0.12,0.4,0.03,89,4,0.01,0.5,0.0,6,7,0.01,0.86,0.29,15,7,0.01,1.0,0.57,18,1,0.0,0.0,0.0,1,0,0.0,0.0,0.0,0,451.5,3,0.0,1.0,1.0,1.0,1.0,0.0,0.0,0,10.5,32,0.0,0.94,0.81,0.69,0.53,0.34,0.06,0,101.5,8,0.0,1.0,1.0,1.0,0.88,0.88,0.25,0,32.0,8,0.0,1.0,1.0,1.0,0.75,0.25,0.0,0,28.0,62,0.0,0.95,0.9,0.79,0.65,0.4,0.16,0,212.5,4,0.0,1.0,1.0,0.75,0.75,0.25,0.25,0,14.0,7,0.0,1.0,1.0,0.86,0.71,0.57,0.14,0,25.5,7,0.0,1.0,1.0,0.86,0.86,0.0,0.0,0,23.5,1,0.0,1.0,1.0,1.0,1.0,1.0,0.0,0,4.0,0,0.0,0.0,0.0,0.0,0.0,0.0,0.0,0,0.0
53916,40,20,19,1,0,633,0,5,44,5,99,151,136,186,7,0,0,0,0,0,0,0,0,0,0,0,0,0,0,0,0,1,3,0,0,1,1,0,0,0,0,0,0,2,2,0,0,0,1,0,0,2,1,1,0,0,0,0,0,0,0,0,0,0,0,0,0,0,0,0,0,0,0,0,0,0,0,0,0,0,0,0,0,0,0,0,0,0,0,0,0,0,0,1,0,2,0,0,1,0,0,0,0,0,1,0,1,0,0,0,0,0,0,0,0,0,0,0,0,1,2,0,0,0,0,1,0,0,0,0,0,0,0,0,1,0,0,1,1,0,0,0,0,2,0,51432,0.5,0.02,61,1.52,0.99,0.92,0.91,0.76,0.52,0.3,2349.5,3.71,25,0,0.0,0.0,0.0,0,4,0.1,0.5,0.0,6,2,0.05,0.5,0.0,3,1,0.02,1.0,0.0,2,4,0.1,0.5,0.25,7,0,0.0,0.0,0.0,0,0,0.0,0.0,0.0,0,4,0.1,0.75,0.0,7,0,0.0,0.0,0.0,0,0,0.0,0.0,0.0,0,46.5,0,0.0,0.0,0.0,0.0,0.0,0.0,0.0,0,0.0,4,0.01,0.75,0.25,0.25,0.25,0.25,0.25,0,10.0,2,0.0,1.0,1.0,1.0,0.5,0.5,0.0,0,7.0,1,0.0,1.0,1.0,1.0,1.0,1.0,1.0,0,4.5,4,0.01,0.75,0.5,0.5,0.5,0.5,0.5,0,12.5,0,0.0,0.0,0.0,0.0,0.0,0.0,0.0,0,0.0,0,0.0,0.0,0.0,0.0,0.0,0.0,0.0,0,0.0,4,0.01,1.0,0.75,0.75,0.25,0.25,0.25,0,12.5,0,0.0,0.0,0.0,0.0,0.0,0.0,0.0,0,0.0,0,0.0,0.0,0.0,0.0,0.0,0.0,0.0,0,0.0
53922,73,38,34,1,0,919,1,5,61,5,125,211,236,268,7,0,0,0,0,0,0,0,0,0,0,0,0,0,0,0,0,1,4,0,0,1,1,0,0,0,0,0,0,7,3,0,0,0,1,0,0,4,3,1,0,0,0,0,0,0,0,0,0,0,0,0,0,0,0,0,0,0,0,0,0,0,0,0,0,0,0,0,0,0,0,0,0,0,0,0,0,0,0,1,0,2,1,0,1,0,0,0,0,0,1,0,1,0,0,0,0,0,0,0,0,0,0,0,0,1,3,0,1,1,2,2,0,0,0,0,0,0,0,0,1,0,0,1,2,0,0,0,2,3,0,55012,0.48,0.01,109,1.49,0.99,0.93,0.92,0.79,0.56,0.3,3441.5,3.74,40,0,0.0,0.0,0.0,0,10,0.14,0.3,0.0,13,2,0.03,0.5,0.0,3,1,0.01,1.0,0.0,2,8,0.11,0.5,0.12,13,0,0.0,0.0,0.0,0,0,0.0,0.0,0.0,0,5,0.07,0.8,0.0,9,0,0.0,0.0,0.0,0,0,0.0,0.0,0.0,0,85.5,0,0.0,0.0,0.0,0.0,0.0,0.0,0.0,0,0.0,10,0.01,0.9,0.6,0.6,0.5,0.4,0.2,0,31.0,2,0.0,1.0,1.0,1.0,0.5,0.5,0.0,0,7.0,1,0.0,1.0,1.0,1.0,1.0,1.0,1.0,0,4.5,8,0.01,0.88,0.62,0.62,0.62,0.62,0.38,0,27.0,0,0.0,0.0,0.0,0.0,0.0,0.0,0.0,0,0.0,0,0.0,0.0,0.0,0.0,0.0,0.0,0.0,0,0.0,5,0.01,1.0,0.8,0.8,0.4,0.2,0.2,0,16.0,0,0.0,0.0,0.0,0.0,0.0,0.0,0.0,0,0.0,0,0.0,0.0,0.0,0.0,0.0,0.0,0.0,0,0.0
53931,51,23,26,2,0,882,2,0,29,18,45,301,154,305,28,0,0,0,0,0,0,0,0,0,0,0,0,0,1,0,0,0,0,1,0,0,0,0,0,0,0,0,0,7,2,0,0,0,0,0,0,4,3,0,0,0,0,0,0,0,0,0,0,0,0,0,0,0,0,0,0,0,0,0,0,0,0,0,0,0,0,0,0,0,0,0,0,0,0,1,0,0,0,0,0,0,0,1,0,0,0,0,0,0,0,0,0,0,0,0,0,0,0,0,0,0,0,0,0,0,3,1,0,2,3,0,0,0,0,0,0,0,0,0,0,0,0,0,2,0,0,0,1,2,2,49470,0.55,0.04,81,1.59,1.0,0.96,0.94,0.89,0.55,0.38,3422.0,3.88,26,1,0.02,1.0,0.0,2,9,0.18,0.22,0.0,11,0,0.0,0.0,0.0,0,0,0.0,0.0,0.0,0,7,0.14,0.43,0.0,10,0,0.0,0.0,0.0,0,0,0.0,0.0,0.0,0,1,0.02,1.0,1.0,3,0,0.0,0.0,0.0,0,0,0.0,0.0,0.0,0,63.0,1,0.0,1.0,1.0,1.0,1.0,1.0,1.0,0,4.5,9,0.01,1.0,0.67,0.56,0.56,0.33,0.0,0,27.5,0,0.0,0.0,0.0,0.0,0.0,0.0,0.0,0,0.0,0,0.0,0.0,0.0,0.0,0.0,0.0,0.0,0,0.0,7,0.01,1.0,0.71,0.71,0.71,0.71,0.57,0,27.0,0,0.0,0.0,0.0,0.0,0.0,0.0,0.0,0,0.0,0,0.0,0.0,0.0,0.0,0.0,0.0,0.0,0,0.0,1,0.0,1.0,1.0,1.0,1.0,1.0,0.0,0,4.0,0,0.0,0.0,0.0,0.0,0.0,0.0,0.0,0,0.0,0,0.0,0.0,0.0,0.0,0.0,0.0,0.0,0,0.0
53944,103,44,55,4,0,7523,4,49,162,514,560,2624,2809,705,96,0,0,0,0,0,0,0,0,0,0,0,0,0,1,0,0,0,3,3,0,0,0,0,0,0,0,1,0,3,6,0,0,0,1,0,0,4,2,0,0,0,0,0,0,0,0,0,0,0,0,0,0,0,0,0,0,0,0,0,0,0,0,0,0,0,0,0,0,0,0,0,0,1,0,0,0,0,0,0,1,1,2,2,0,0,0,0,0,0,0,0,0,0,0,0,0,0,0,0,0,1,0,0,1,0,1,2,1,1,3,0,0,0,0,0,0,0,0,1,0,0,1,0,0,1,3,0,1,0,0,43282,0.57,0.04,166,1.61,0.99,0.97,0.9,0.83,0.48,0.11,27439.0,3.65,45,1,0.01,1.0,0.0,2,9,0.09,0.67,0.0,15,0,0.0,0.0,0.0,0,1,0.01,1.0,0.0,2,6,0.06,0.33,0.0,8,0,0.0,0.0,0.0,0,1,0.01,1.0,1.0,3,6,0.06,1.0,0.5,15,0,0.0,0.0,0.0,0,0,0.0,0.0,0.0,0,75.0,1,0.0,1.0,1.0,1.0,1.0,0.0,0.0,0,3.5,9,0.0,0.89,0.78,0.56,0.44,0.33,0.0,0,26.5,0,0.0,0.0,0.0,0.0,0.0,0.0,0.0,0,0.0,1,0.0,1.0,1.0,1.0,1.0,1.0,0.0,0,4.0,6,0.0,0.83,0.83,0.67,0.17,0.17,0.0,0,16.5,0,0.0,0.0,0.0,0.0,0.0,0.0,0.0,0,0.0,1,0.0,1.0,1.0,1.0,1.0,1.0,0.0,0,4.0,6,0.0,1.0,1.0,0.83,0.67,0.33,0.0,0,20.5,0,0.0,0.0,0.0,0.0,0.0,0.0,0.0,0,0.0,0,0.0,0.0,0.0,0.0,0.0,0.0,0.0,0,0.0
54003,9,4,5,0,0,144,0,0,0,0,4,47,28,64,1,0,0,0,0,0,0,0,0,0,0,0,0,0,1,0,0,0,1,0,0,0,0,0,0,0,0,0,0,0,0,0,0,0,0,0,0,0,0,0,0,0,0,0,0,0,0,0,0,0,0,0,0,0,0,0,0,0,0,0,0,0,0,0,0,0,0,0,0,0,0,0,0,0,0,1,0,0,0,0,0,0,0,1,0,0,0,0,0,0,0,0,0,0,0,0,0,0,0,0,0,0,0,0,0,0,0,0,0,0,0,0,0,0,0,0,0,0,0,0,0,0,0,0,0,0,0,0,0,0,0,62016,0.56,0.0,14,1.56,1.0,1.0,1.0,0.97,0.65,0.45,581.5,4.04,4,1,0.11,1.0,0.0,2,0,0.0,0.0,0.0,0,0,0.0,0.0,0.0,0,0,0.0,0.0,0.0,0,0,0.0,0.0,0.0,0,0,0.0,0.0,0.0,0,0,0.0,0.0,0.0,0,1,0.11,1.0,0.0,2,0,0.0,0.0,0.0,0,0,0.0,0.0,0.0,0,8.5,1,0.01,1.0,1.0,1.0,1.0,1.0,1.0,0,4.5,0,0.0,0.0,0.0,0.0,0.0,0.0,0.0,0,0.0,0,0.0,0.0,0.0,0.0,0.0,0.0,0.0,0,0.0,0,0.0,0.0,0.0,0.0,0.0,0.0,0.0,0,0.0,0,0.0,0.0,0.0,0.0,0.0,0.0,0.0,0,0.0,0,0.0,0.0,0.0,0.0,0.0,0.0,0.0,0,0.0,0,0.0,0.0,0.0,0.0,0.0,0.0,0.0,0,0.0,1,0.01,1.0,1.0,1.0,1.0,1.0,0.0,0,4.0,0,0.0,0.0,0.0,0.0,0.0,0.0,0.0,0,0.0,0,0.0,0.0,0.0,0.0,0.0,0.0,0.0,0,0.0
54025,74,24,45,5,0,2999,3,0,54,252,142,834,1013,700,1,0,0,0,0,0,0,0,0,0,0,0,0,0,0,0,0,0,0,0,0,0,0,0,0,0,2,2,0,3,3,0,0,0,1,0,0,4,3,1,0,0,0,0,0,0,0,0,0,0,0,0,0,0,0,0,0,0,0,0,0,0,0,0,0,0,0,0,0,0,0,0,0,0,0,0,0,0,0,0,0,0,0,0,0,0,0,0,0,0,0,0,0,0,0,0,0,0,0,1,0,1,2,0,0,0,0,0,0,3,2,1,0,0,0,0,0,0,0,1,0,0,0,0,0,1,0,2,2,3,0,66171,0.68,0.07,129,1.74,1.0,0.98,0.9,0.85,0.57,0.23,11293.0,3.77,34,0,0.0,0.0,0.0,0,6,0.08,0.5,0.0,9,0,0.0,0.0,0.0,0,1,0.01,1.0,0.0,2,8,0.11,0.5,0.12,13,0,0.0,0.0,0.0,0,4,0.05,1.0,0.5,10,0,0.0,0.0,0.0,0,0,0.0,0.0,0.0,0,0,0.0,0.0,0.0,0,74.0,0,0.0,0.0,0.0,0.0,0.0,0.0,0.0,0,0.0,6,0.0,1.0,1.0,1.0,1.0,0.5,0.17,0,23.0,0,0.0,0.0,0.0,0.0,0.0,0.0,0.0,0,0.0,1,0.0,1.0,1.0,1.0,1.0,1.0,0.0,0,4.0,8,0.0,1.0,1.0,0.88,0.88,0.62,0.38,0,31.0,0,0.0,0.0,0.0,0.0,0.0,0.0,0.0,0,0.0,4,0.0,1.0,1.0,1.0,0.75,0.75,0.5,0,16.0,0,0.0,0.0,0.0,0.0,0.0,0.0,0.0,0,0.0,0,0.0,0.0,0.0,0.0,0.0,0.0,0.0,0,0.0,0,0.0,0.0,0.0,0.0,0.0,0.0,0.0,0,0.0
54082,237,88,139,9,1,10161,10,35,187,644,1935,3090,2528,1682,50,1,2,0,0,0,0,0,0,0,0,0,0,1,0,0,0,0,1,0,0,1,3,0,0,0,5,2,0,12,10,0,0,0,7,0,0,9,16,1,1,0,0,1,0,0,2,0,0,0,0,0,0,0,0,0,0,0,0,0,0,0,0,0,0,0,0,0,0,0,0,0,0,1,0,0,0,0,0,0,0,1,0,0,0,0,0,0,0,1,0,1,1,1,0,0,0,0,0,1,1,2,3,0,0,1,0,6,5,7,3,0,0,0,0,0,0,4,0,2,1,0,0,1,0,1,4,5,9,5,2,95387,0.63,0.04,397,1.68,1.0,0.98,0.91,0.72,0.42,0.17,36597.5,3.6,125,1,0.0,0.0,0.0,1,22,0.09,0.45,0.0,32,4,0.02,0.75,0.0,7,7,0.03,1.0,0.0,14,27,0.11,0.67,0.07,48,3,0.01,0.67,0.0,5,7,0.03,1.0,0.29,16,1,0.0,1.0,0.0,2,0,0.0,0.0,0.0,0,0,0.0,0.0,0.0,0,252.5,1,0.0,1.0,1.0,1.0,1.0,0.0,0.0,0,3.5,22,0.0,0.95,0.95,0.68,0.45,0.14,0.0,0,68.0,4,0.0,1.0,1.0,0.75,0.75,0.5,0.25,0,14.5,7,0.0,1.0,1.0,1.0,0.43,0.43,0.14,0,24.5,27,0.0,0.96,0.96,0.93,0.78,0.59,0.26,0,102.0,3,0.0,1.0,0.67,0.67,0.67,0.0,0.0,0,9.0,7,0.0,1.0,1.0,1.0,0.86,0.71,0.43,0,28.0,1,0.0,1.0,1.0,1.0,0.0,0.0,0.0,0,3.0,0,0.0,0.0,0.0,0.0,0.0,0.0,0.0,0,0.0,0,0.0,0.0,0.0,0.0,0.0,0.0,0.0,0,0.0
54115,227,93,126,8,0,7138,18,46,31,256,1037,1982,2035,1623,110,3,0,0,0,0,0,0,0,0,0,0,0,0,0,0,0,0,7,0,0,0,0,0,0,1,4,0,0,10,9,0,0,0,3,2,0,12,8,0,0,0,0,0,0,0,0,1,2,0,0,0,0,0,0,0,0,0,0,0,0,0,0,0,0,0,0,0,0,0,0,0,0,0,0,0,0,0,0,0,0,0,5,1,1,0,0,0,0,0,0,0,0,0,0,0,0,0,0,0,1,2,1,1,1,3,0,1,4,4,5,1,0,0,0,0,1,0,3,0,1,0,1,2,0,1,1,2,5,7,1,82968,0.59,0.04,369,1.63,0.99,0.99,0.95,0.81,0.53,0.24,26830.5,3.76,94,0,0.0,0.0,0.0,0,19,0.08,0.47,0.0,28,0,0.0,0.0,0.0,0,5,0.02,1.0,0.4,12,20,0.09,0.4,0.0,28,3,0.01,0.0,0.0,3,5,0.02,0.8,0.0,9,7,0.03,1.0,0.0,14,0,0.0,0.0,0.0,0,0,0.0,0.0,0.0,0,209.0,0,0.0,0.0,0.0,0.0,0.0,0.0,0.0,0,0.0,19,0.0,0.79,0.79,0.74,0.53,0.32,0.05,0,58.5,0,0.0,0.0,0.0,0.0,0.0,0.0,0.0,0,0.0,5,0.0,1.0,1.0,0.8,0.8,0.2,0.2,0,17.5,20,0.0,0.85,0.85,0.8,0.75,0.65,0.4,0,73.0,3,0.0,1.0,1.0,1.0,1.0,1.0,0.67,0,13.0,5,0.0,1.0,1.0,1.0,1.0,0.8,0.4,0,21.0,7,0.0,1.0,1.0,1.0,1.0,0.29,0.14,0,26.0,0,0.0,0.0,0.0,0.0,0.0,0.0,0.0,0,0.0,0,0.0,0.0,0.0,0.0,0.0,0.0,0.0,0,0.0
54130,109,51,53,5,0,1736,33,2,27,179,332,222,635,285,21,1,0,0,0,0,0,0,0,0,0,0,0,0,0,0,0,0,4,1,0,0,0,0,0,0,0,0,0,7,4,0,0,0,3,0,0,8,2,0,0,0,0,1,0,0,0,0,0,0,0,0,0,0,0,0,0,0,0,0,0,0,0,0,0,0,0,0,0,0,0,0,0,0,0,0,0,0,0,0,0,0,4,0,1,0,0,0,0,0,0,0,0,0,0,0,0,0,0,0,0,0,0,0,1,0,1,3,2,0,3,1,0,0,0,0,0,0,0,3,0,0,0,0,1,4,0,0,3,2,0,66895,0.53,0.05,172,1.58,0.98,0.96,0.86,0.67,0.54,0.18,6238.0,3.59,45,0,0.0,0.0,0.0,0,11,0.1,0.36,0.0,15,0,0.0,0.0,0.0,0,3,0.03,1.0,0.0,6,10,0.09,0.2,0.0,12,1,0.01,0.0,0.0,1,0,0.0,0.0,0.0,0,5,0.05,1.0,0.2,11,0,0.0,0.0,0.0,0,0,0.0,0.0,0.0,0,98.5,0,0.0,0.0,0.0,0.0,0.0,0.0,0.0,0,0.0,11,0.01,0.91,0.82,0.55,0.36,0.36,0.09,0,33.0,0,0.0,0.0,0.0,0.0,0.0,0.0,0.0,0,0.0,3,0.0,1.0,1.0,1.0,1.0,1.0,0.0,0,12.0,10,0.01,1.0,0.9,0.5,0.5,0.5,0.2,0,33.0,1,0.0,1.0,0.0,0.0,0.0,0.0,0.0,0,2.0,0,0.0,0.0,0.0,0.0,0.0,0.0,0.0,0,0.0,5,0.0,1.0,1.0,1.0,1.0,0.2,0.2,0,18.5,0,0.0,0.0,0.0,0.0,0.0,0.0,0.0,0,0.0,0,0.0,0.0,0.0,0.0,0.0,0.0,0.0,0,0.0
54136,85,39,44,2,0,1686,32,2,27,174,249,300,528,364,10,1,0,0,0,0,0,0,0,0,0,0,0,0,0,0,0,0,2,1,0,0,0,0,0,0,0,0,0,6,3,0,0,0,3,0,0,7,1,0,0,0,0,1,0,0,0,0,0,0,0,0,0,0,0,0,0,0,0,0,0,0,0,0,0,0,0,0,0,0,0,0,0,0,0,0,0,0,0,0,0,0,2,0,1,0,0,0,0,0,0,0,0,0,0,0,0,0,0,0,0,0,0,0,1,0,1,3,1,0,2,1,0,0,0,0,0,0,1,2,0,0,0,0,1,4,0,0,1,2,0,50219,0.54,0.02,133,1.56,0.98,0.96,0.86,0.71,0.53,0.22,6121.0,3.63,35,0,0.0,0.0,0.0,0,9,0.11,0.33,0.0,12,0,0.0,0.0,0.0,0,3,0.04,1.0,0.0,6,8,0.09,0.12,0.0,9,1,0.01,0.0,0.0,1,0,0.0,0.0,0.0,0,3,0.04,1.0,0.33,7,0,0.0,0.0,0.0,0,0,0.0,0.0,0.0,0,76.0,0,0.0,0.0,0.0,0.0,0.0,0.0,0.0,0,0.0,9,0.01,0.89,0.78,0.44,0.33,0.33,0.11,0,26.0,0,0.0,0.0,0.0,0.0,0.0,0.0,0.0,0,0.0,3,0.0,1.0,1.0,1.0,1.0,0.67,0.0,0,11.5,8,0.0,1.0,0.88,0.38,0.38,0.38,0.25,0,25.0,1,0.0,1.0,0.0,0.0,0.0,0.0,0.0,0,2.0,0,0.0,0.0,0.0,0.0,0.0,0.0,0.0,0,0.0,3,0.0,1.0,1.0,1.0,1.0,0.33,0.33,0,11.5,0,0.0,0.0,0.0,0.0,0.0,0.0,0.0,0,0.0,0,0.0,0.0,0.0,0.0,0.0,0.0,0.0,0,0.0
54166,31,11,19,1,0,351,0,0,10,17,25,24,228,41,6,0,0,0,0,1,0,0,0,0,0,0,0,0,0,0,0,0,1,0,0,0,0,0,0,0,0,0,0,1,1,0,0,0,1,0,0,1,1,0,0,0,0,0,0,0,0,0,0,0,0,0,0,0,0,0,1,0,0,0,0,0,0,0,0,0,0,0,0,0,0,0,0,0,0,0,0,0,0,0,0,0,0,1,0,0,0,0,0,0,0,0,0,0,0,0,0,0,0,0,0,0,0,0,0,0,0,0,0,0,2,0,0,0,0,0,0,0,0,0,1,0,0,0,0,0,0,0,1,1,0,48525,0.65,0.03,52,1.68,1.0,0.97,0.92,0.85,0.78,0.13,1348.0,3.84,11,0,0.0,0.0,0.0,0,2,0.06,0.5,0.0,3,0,0.0,0.0,0.0,0,1,0.03,1.0,0.0,2,2,0.06,0.5,0.0,3,0,0.0,0.0,0.0,0,0,0.0,0.0,0.0,0,1,0.03,1.0,0.0,2,0,0.0,0.0,0.0,0,1,0.03,0.0,0.0,1,29.0,0,0.0,0.0,0.0,0.0,0.0,0.0,0.0,0,0.0,2,0.01,1.0,1.0,1.0,1.0,1.0,0.0,0,8.0,0,0.0,0.0,0.0,0.0,0.0,0.0,0.0,0,0.0,1,0.0,1.0,1.0,1.0,1.0,1.0,1.0,0,4.5,2,0.01,1.0,1.0,1.0,1.0,1.0,0.5,0,8.5,0,0.0,0.0,0.0,0.0,0.0,0.0,0.0,0,0.0,0,0.0,0.0,0.0,0.0,0.0,0.0,0.0,0,0.0,1,0.0,1.0,1.0,1.0,1.0,1.0,0.0,0,4.0,0,0.0,0.0,0.0,0.0,0.0,0.0,0.0,0,0.0,1,0.0,1.0,1.0,1.0,1.0,1.0,0.0,0,4.0
54212,85,21,55,9,0,6030,0,0,18,72,391,1385,2373,1559,232,0,0,0,0,0,1,0,0,0,0,0,0,0,0,0,0,0,0,4,0,0,3,0,0,0,5,0,0,1,3,0,0,0,0,0,0,8,4,0,0,0,0,0,0,0,0,0,0,0,0,0,0,0,0,0,0,1,0,0,0,0,0,0,0,0,0,0,0,0,0,0,0,0,0,0,0,0,0,0,0,0,0,4,0,0,0,0,0,0,0,1,0,2,0,0,0,0,0,0,1,3,1,0,0,0,0,0,1,1,2,0,0,0,0,0,0,0,0,0,0,0,0,0,1,0,0,0,2,3,6,73080,0.75,0.11,158,1.86,1.0,1.0,0.99,0.92,0.69,0.3,23904.0,3.96,53,0,0.0,0.0,0.0,0,4,0.05,0.75,0.0,7,3,0.04,1.0,0.0,6,0,0.0,0.0,0.0,0,12,0.14,0.33,0.0,16,0,0.0,0.0,0.0,0,5,0.06,1.0,0.0,10,4,0.05,1.0,1.0,12,0,0.0,0.0,0.0,0,1,0.01,1.0,0.0,2,121.0,0,0.0,0.0,0.0,0.0,0.0,0.0,0.0,0,0.0,4,0.0,1.0,1.0,1.0,0.75,0.5,0.0,0,14.5,3,0.0,1.0,1.0,1.0,1.0,0.67,0.67,0,12.5,0,0.0,0.0,0.0,0.0,0.0,0.0,0.0,0,0.0,12,0.0,1.0,0.92,0.92,0.92,0.92,0.75,0,53.5,0,0.0,0.0,0.0,0.0,0.0,0.0,0.0,0,0.0,5,0.0,1.0,1.0,1.0,1.0,0.8,0.2,0,20.0,4,0.0,1.0,1.0,1.0,1.0,1.0,0.0,0,16.0,0,0.0,0.0,0.0,0.0,0.0,0.0,0.0,0,0.0,1,0.0,1.0,1.0,1.0,1.0,1.0,1.0,0,4.5
54228,29,17,12,0,0,386,0,0,4,0,22,91,189,50,30,0,0,0,0,0,0,0,0,0,0,0,0,0,0,0,0,0,1,0,0,0,0,0,0,0,1,0,0,1,0,0,0,0,0,0,0,2,1,0,0,0,0,0,0,0,0,0,0,0,0,0,0,0,0,0,0,0,0,0,0,0,0,0,0,0,0,0,0,0,0,0,0,0,0,0,0,0,0,0,0,0,0,1,0,0,0,0,0,0,0,0,0,0,0,0,0,0,0,0,1,0,0,0,0,0,0,0,0,1,0,0,0,0,0,0,0,0,0,0,0,0,0,0,0,0,0,1,0,1,1,55608,0.41,0.0,41,1.41,1.0,0.99,0.99,0.93,0.7,0.21,1523.5,3.95,9,0,0.0,0.0,0.0,0,1,0.03,0.0,0.0,1,0,0.0,0.0,0.0,0,0,0.0,0.0,0.0,0,3,0.1,0.33,0.0,4,0,0.0,0.0,0.0,0,1,0.03,1.0,0.0,2,1,0.03,1.0,0.0,2,0,0.0,0.0,0.0,0,0,0.0,0.0,0.0,0,24.0,0,0.0,0.0,0.0,0.0,0.0,0.0,0.0,0,0.0,1,0.0,1.0,1.0,1.0,1.0,0.0,0.0,0,3.5,0,0.0,0.0,0.0,0.0,0.0,0.0,0.0,0,0.0,0,0.0,0.0,0.0,0.0,0.0,0.0,0.0,0,0.0,3,0.01,1.0,1.0,1.0,1.0,0.67,0.67,0,13.0,0,0.0,0.0,0.0,0.0,0.0,0.0,0.0,0,0.0,1,0.0,1.0,1.0,1.0,1.0,0.0,0.0,0,3.5,1,0.0,1.0,1.0,1.0,1.0,1.0,0.0,0,4.0,0,0.0,0.0,0.0,0.0,0.0,0.0,0.0,0,0.0,0,0.0,0.0,0.0,0.0,0.0,0.0,0.0,0,0.0
54235,50,24,26,0,0,1869,6,3,5,55,170,478,798,298,56,0,0,0,0,0,0,0,0,0,0,0,0,0,0,0,0,0,4,0,0,1,0,0,0,0,2,0,0,3,1,0,0,0,1,0,0,2,2,0,0,0,0,0,0,0,0,0,0,0,0,0,0,0,0,0,0,0,0,0,0,0,0,0,0,0,0,0,0,0,0,0,0,0,0,0,0,0,0,0,1,0,0,3,0,0,0,0,0,0,0,0,1,0,0,0,0,0,0,0,0,2,0,0,0,0,1,0,0,1,2,0,0,0,0,0,0,0,0,1,0,0,0,0,1,0,0,0,1,1,1,59348,0.52,0.0,76,1.52,1.0,0.99,0.96,0.87,0.62,0.19,7154.0,3.83,26,0,0.0,0.0,0.0,0,4,0.08,0.25,0.0,5,1,0.02,0.0,0.0,1,1,0.02,1.0,0.0,2,4,0.08,0.5,0.0,6,0,0.0,0.0,0.0,0,2,0.04,1.0,0.0,4,4,0.08,1.0,0.0,8,0,0.0,0.0,0.0,0,0,0.0,0.0,0.0,0,59.5,0,0.0,0.0,0.0,0.0,0.0,0.0,0.0,0,0.0,4,0.0,1.0,0.75,0.75,0.75,0.5,0.0,0,13.5,1,0.0,1.0,1.0,1.0,1.0,1.0,0.0,0,4.0,1,0.0,1.0,1.0,1.0,1.0,1.0,0.0,0,4.0,4,0.0,1.0,0.75,0.75,0.75,0.75,0.5,0,15.5,0,0.0,0.0,0.0,0.0,0.0,0.0,0.0,0,0.0,2,0.0,1.0,1.0,1.0,1.0,1.0,0.0,0,8.0,4,0.0,1.0,1.0,0.75,0.75,0.75,0.0,0,14.5,0,0.0,0.0,0.0,0.0,0.0,0.0,0.0,0,0.0,0,0.0,0.0,0.0,0.0,0.0,0.0,0.0,0,0.0
54301,397,166,216,15,0,12590,25,58,95,540,1652,3062,4783,2239,136,3,0,0,0,0,1,0,0,0,0,0,0,0,3,0,0,0,10,2,0,0,0,0,0,2,6,0,0,23,14,0,0,0,6,2,0,19,13,0,0,0,0,0,0,0,0,1,2,0,0,0,0,0,0,1,0,0,0,0,0,0,0,0,0,0,0,0,0,0,0,1,0,0,2,0,0,0,0,0,2,0,4,5,1,0,0,0,0,0,0,0,0,0,0,0,0,0,0,0,2,2,3,1,3,3,1,2,8,7,10,2,1,0,0,0,1,1,4,1,1,0,1,2,1,2,3,2,10,9,2,68137,0.58,0.04,643,1.62,0.99,0.99,0.94,0.81,0.57,0.19,47212.5,3.75,165,3,0.01,1.0,0.0,6,37,0.09,0.38,0.0,51,0,0.0,0.0,0.0,0,8,0.02,1.0,0.25,18,32,0.08,0.41,0.0,45,3,0.01,0.0,0.0,3,8,0.02,0.75,0.0,14,12,0.03,1.0,0.17,26,0,0.0,0.0,0.0,0,1,0.0,1.0,0.0,2,366.5,3,0.0,1.0,1.0,0.67,0.67,0.67,0.0,0,10.5,37,0.0,0.84,0.81,0.76,0.54,0.35,0.08,0,117.0,0,0.0,0.0,0.0,0.0,0.0,0.0,0.0,0,0.0,8,0.0,1.0,1.0,0.88,0.75,0.25,0.12,0,28.0,32,0.0,0.91,0.88,0.81,0.72,0.66,0.34,0,117.5,3,0.0,1.0,1.0,1.0,1.0,1.0,0.67,0,13.0,8,0.0,1.0,1.0,1.0,1.0,0.75,0.5,0,33.5,12,0.0,1.0,1.0,0.83,0.83,0.5,0.08,0,43.5,0,0.0,0.0,0.0,0.0,0.0,0.0,0.0,0,0.0,1,0.0,1.0,1.0,1.0,1.0,0.0,0.0,0,3.5
54304,339,147,179,13,0,11646,24,49,73,425,1609,2777,4489,2083,117,3,0,0,0,0,1,0,0,0,0,0,0,0,3,0,0,0,6,2,0,0,0,0,0,2,5,0,0,20,9,0,0,0,6,2,0,17,11,0,0,0,0,0,0,0,0,1,2,0,0,0,0,0,0,1,0,0,0,0,0,0,0,0,0,0,0,0,0,0,0,1,0,0,2,0,0,0,0,0,0,0,4,3,1,0,0,0,0,0,0,0,0,0,0,0,0,0,0,0,2,2,2,1,3,3,0,2,6,4,9,1,1,0,0,0,1,1,4,1,1,0,1,2,0,2,2,2,10,8,1,47060,0.57,0.04,544,1.6,0.99,0.99,0.95,0.81,0.57,0.19,43767.0,3.76,136,3,0.01,1.0,0.0,6,29,0.09,0.31,0.0,38,0,0.0,0.0,0.0,0,8,0.02,1.0,0.25,18,28,0.08,0.39,0.0,39,3,0.01,0.0,0.0,3,7,0.02,0.71,0.0,12,8,0.02,1.0,0.25,18,0,0.0,0.0,0.0,0,1,0.0,1.0,0.0,2,307.5,3,0.0,1.0,1.0,0.67,0.67,0.67,0.0,0,10.5,29,0.0,0.79,0.79,0.72,0.52,0.38,0.07,0,90.0,0,0.0,0.0,0.0,0.0,0.0,0.0,0.0,0,0.0,8,0.0,1.0,1.0,0.88,0.75,0.25,0.12,0,28.0,28,0.0,0.89,0.89,0.82,0.75,0.68,0.32,0,103.0,3,0.0,1.0,1.0,1.0,1.0,1.0,0.67,0,13.0,7,0.0,1.0,1.0,1.0,1.0,0.71,0.43,0,29.0,8,0.0,1.0,1.0,1.0,1.0,0.5,0.12,0,30.5,0,0.0,0.0,0.0,0.0,0.0,0.0,0.0,0,0.0,1,0.0,1.0,1.0,1.0,1.0,0.0,0.0,0,3.5
54311,187,77,102,8,0,6518,13,21,38,177,793,1190,2987,1249,50,1,0,0,0,0,1,0,0,0,0,0,0,0,2,0,0,0,4,1,0,0,0,0,0,1,4,0,0,9,7,0,0,0,3,2,0,9,3,0,0,0,0,0,0,0,0,0,1,0,0,0,0,0,0,1,0,0,0,0,0,0,0,0,0,0,0,0,0,0,0,0,0,0,2,0,0,0,0,0,1,0,1,3,0,0,0,0,0,0,0,0,0,0,0,0,0,0,0,0,1,1,2,1,2,0,0,0,5,3,4,2,0,0,0,0,1,1,1,1,1,0,1,0,0,0,2,0,6,2,1,70230,0.59,0.04,305,1.63,0.99,0.99,0.96,0.84,0.66,0.2,24925.5,3.82,77,2,0.01,1.0,0.0,4,16,0.09,0.44,0.0,23,0,0.0,0.0,0.0,0,5,0.03,1.0,0.4,12,12,0.06,0.25,0.0,15,1,0.01,0.0,0.0,1,5,0.03,0.8,0.0,9,5,0.03,1.0,0.2,11,0,0.0,0.0,0.0,0,1,0.01,1.0,0.0,2,170.5,2,0.0,1.0,1.0,1.0,1.0,1.0,0.0,0,8.0,16,0.0,0.88,0.88,0.88,0.56,0.38,0.12,0,52.5,0,0.0,0.0,0.0,0.0,0.0,0.0,0.0,0,0.0,5,0.0,1.0,1.0,0.8,0.6,0.4,0.2,0,17.5,12,0.0,0.92,0.92,0.92,0.75,0.75,0.25,0,45.0,1,0.0,1.0,1.0,1.0,1.0,1.0,1.0,0,4.5,5,0.0,1.0,1.0,1.0,1.0,0.8,0.6,0,21.5,5,0.0,1.0,1.0,0.8,0.8,0.6,0.0,0,18.0,0,0.0,0.0,0.0,0.0,0.0,0.0,0.0,0,0.0,1,0.0,1.0,1.0,1.0,1.0,0.0,0.0,0,3.5
54403,64,31,30,3,0,1581,3,6,7,14,126,255,673,481,16,0,0,0,0,0,0,0,0,0,0,0,0,0,1,0,0,0,0,0,0,0,0,0,0,0,1,1,0,4,0,0,0,0,1,0,0,3,2,0,0,0,0,0,0,0,0,0,0,0,0,0,0,0,0,0,0,0,0,0,0,0,0,0,0,0,0,0,0,0,0,0,0,0,0,1,0,0,0,0,0,0,0,0,0,0,0,0,0,0,0,0,0,0,0,0,0,0,0,0,0,1,1,0,1,1,0,0,1,1,0,0,0,0,0,0,0,1,0,0,0,0,1,0,0,0,0,1,1,2,0,63282,0.52,0.05,100,1.56,0.99,0.99,0.98,0.9,0.74,0.31,6268.0,3.96,20,1,0.02,1.0,0.0,2,4,0.06,0.0,0.0,4,0,0.0,0.0,0.0,0,1,0.02,1.0,0.0,2,5,0.08,0.4,0.0,7,0,0.0,0.0,0.0,0,2,0.03,1.0,0.5,5,0,0.0,0.0,0.0,0,0,0.0,0.0,0.0,0,0,0.0,0.0,0.0,0,42.5,1,0.0,1.0,1.0,1.0,1.0,1.0,1.0,0,4.5,4,0.0,0.5,0.5,0.5,0.25,0.0,0.0,0,9.0,0,0.0,0.0,0.0,0.0,0.0,0.0,0.0,0,0.0,1,0.0,1.0,1.0,1.0,0.0,0.0,0.0,0,3.0,5,0.0,0.8,0.8,0.8,0.8,0.6,0.4,0,17.5,0,0.0,0.0,0.0,0.0,0.0,0.0,0.0,0,0.0,2,0.0,1.0,1.0,1.0,1.0,1.0,0.5,0,8.5,0,0.0,0.0,0.0,0.0,0.0,0.0,0.0,0,0.0,0,0.0,0.0,0.0,0.0,0.0,0.0,0.0,0,0.0,0,0.0,0.0,0.0,0.0,0.0,0.0,0.0,0,0.0
54423,42,22,20,0,0,900,0,5,61,39,100,327,208,151,9,0,0,0,0,0,0,0,0,0,0,0,0,0,0,0,0,0,0,0,0,0,1,0,0,0,0,0,0,2,0,0,0,0,1,0,0,1,1,0,0,0,0,0,0,0,0,0,0,0,0,0,0,0,0,0,0,0,0,0,0,0,0,0,0,0,0,0,0,0,0,0,0,0,0,0,0,0,0,0,0,0,0,0,0,0,0,0,0,1,0,0,0,0,0,0,0,0,0,0,0,0,0,0,0,0,1,0,0,1,0,0,0,0,0,0,0,0,0,0,1,0,0,0,0,0,0,0,1,0,1,65681,0.48,0.0,62,1.48,0.99,0.93,0.88,0.77,0.41,0.18,3228.0,3.59,9,0,0.0,0.0,0.0,0,2,0.05,0.0,0.0,2,1,0.02,1.0,0.0,2,1,0.02,1.0,0.0,2,2,0.05,0.5,0.0,3,0,0.0,0.0,0.0,0,0,0.0,0.0,0.0,0,0,0.0,0.0,0.0,0,0,0.0,0.0,0.0,0,0,0.0,0.0,0.0,0,21.5,0,0.0,0.0,0.0,0.0,0.0,0.0,0.0,0,0.0,2,0.0,1.0,0.5,0.5,0.5,0.0,0.0,0,5.5,1,0.0,1.0,1.0,0.0,0.0,0.0,0.0,0,2.5,1,0.0,1.0,1.0,1.0,1.0,1.0,1.0,0,4.5,2,0.0,1.0,1.0,1.0,1.0,1.0,0.5,0,9.0,0,0.0,0.0,0.0,0.0,0.0,0.0,0.0,0,0.0,0,0.0,0.0,0.0,0.0,0.0,0.0,0.0,0,0.0,0,0.0,0.0,0.0,0.0,0.0,0.0,0.0,0,0.0,0,0.0,0.0,0.0,0.0,0.0,0.0,0.0,0,0.0,0,0.0,0.0,0.0,0.0,0.0,0.0,0.0,0,0.0
54449,40,14,24,2,0,589,0,9,4,35,38,90,287,107,19,0,0,0,0,0,0,0,0,0,0,0,0,0,0,0,0,0,1,0,0,0,0,0,0,0,0,0,0,0,3,0,0,0,1,0,0,1,3,1,0,0,0,0,0,0,0,0,0,0,0,0,0,0,0,0,0,0,0,0,0,0,0,0,0,0,0,0,0,0,0,0,0,0,0,0,0,0,0,0,0,1,0,0,0,0,0,0,0,0,0,0,0,0,0,0,0,0,0,0,0,0,0,0,0,0,0,1,0,0,1,1,0,0,0,0,0,0,0,0,1,0,0,1,0,0,0,1,2,1,0,63173,0.65,0.05,68,1.7,0.98,0.98,0.92,0.85,0.7,0.21,2262.5,3.84,20,0,0.0,0.0,0.0,0,3,0.08,1.0,0.0,6,0,0.0,0.0,0.0,0,1,0.02,1.0,0.0,2,5,0.12,0.8,0.2,10,0,0.0,0.0,0.0,0,0,0.0,0.0,0.0,0,1,0.02,1.0,0.0,2,0,0.0,0.0,0.0,0,0,0.0,0.0,0.0,0,36.0,0,0.0,0.0,0.0,0.0,0.0,0.0,0.0,0,0.0,3,0.01,1.0,1.0,0.67,0.67,0.67,0.33,0,11.0,0,0.0,0.0,0.0,0.0,0.0,0.0,0.0,0,0.0,1,0.0,1.0,1.0,1.0,1.0,1.0,1.0,0,4.5,5,0.01,0.8,0.8,0.8,0.8,0.6,0.2,0,17.5,0,0.0,0.0,0.0,0.0,0.0,0.0,0.0,0,0.0,0,0.0,0.0,0.0,0.0,0.0,0.0,0.0,0,0.0,1,0.0,1.0,1.0,1.0,0.0,0.0,0.0,0,3.0,0,0.0,0.0,0.0,0.0,0.0,0.0,0.0,0,0.0,0,0.0,0.0,0.0,0.0,0.0,0.0,0.0,0,0.0
54466,56,22,29,5,0,639,0,7,4,44,16,90,316,124,38,0,0,0,0,0,0,0,0,0,0,0,0,0,0,0,0,0,3,0,0,0,0,0,0,0,0,0,0,0,2,0,0,0,1,0,0,1,4,1,0,0,0,0,0,0,0,0,0,0,0,0,0,0,0,0,0,0,0,0,0,0,0,0,0,0,0,0,0,0,0,0,0,0,0,0,0,0,0,0,0,1,0,0,0,2,0,0,0,0,0,0,0,0,0,0,0,0,0,0,0,0,0,0,0,0,0,0,0,0,1,1,0,0,0,0,0,0,0,0,1,0,0,1,0,0,0,1,3,1,0,54328,0.61,0.09,95,1.7,0.99,0.98,0.91,0.89,0.75,0.25,2503.5,3.92,24,0,0.0,0.0,0.0,0,2,0.04,1.0,0.0,4,0,0.0,0.0,0.0,0,1,0.02,1.0,0.0,2,6,0.11,0.83,0.17,12,0,0.0,0.0,0.0,0,0,0.0,0.0,0.0,0,3,0.05,1.0,0.0,6,0,0.0,0.0,0.0,0,0,0.0,0.0,0.0,0,47.5,0,0.0,0.0,0.0,0.0,0.0,0.0,0.0,0,0.0,2,0.0,1.0,1.0,1.0,1.0,1.0,0.5,0,8.5,0,0.0,0.0,0.0,0.0,0.0,0.0,0.0,0,0.0,1,0.0,1.0,1.0,1.0,1.0,1.0,1.0,0,4.5,6,0.01,0.83,0.83,0.83,0.83,0.67,0.17,0,21.5,0,0.0,0.0,0.0,0.0,0.0,0.0,0.0,0,0.0,0,0.0,0.0,0.0,0.0,0.0,0.0,0.0,0,0.0,3,0.0,1.0,1.0,1.0,0.67,0.67,0.67,0,13.0,0,0.0,0.0,0.0,0.0,0.0,0.0,0.0,0,0.0,0,0.0,0.0,0.0,0.0,0.0,0.0,0.0,0,0.0
54467,84,46,38,0,0,1986,0,5,93,119,169,518,447,633,2,1,0,0,0,0,0,0,0,0,0,0,0,0,1,0,0,0,2,0,0,0,1,0,0,0,1,0,0,3,2,0,0,0,4,0,0,5,1,0,0,0,0,0,0,1,0,0,0,0,0,0,0,0,0,0,0,0,0,0,0,0,0,0,0,0,0,0,0,0,0,0,0,0,0,1,0,0,0,0,0,0,0,2,0,0,0,0,0,1,0,0,0,0,0,0,0,0,0,0,0,0,1,0,0,0,2,0,0,2,1,0,0,0,0,0,1,1,0,1,1,0,0,0,1,0,0,0,4,1,0,60669,0.45,0.0,122,1.45,1.0,0.95,0.89,0.81,0.54,0.32,7457.5,3.76,33,1,0.01,1.0,0.0,2,5,0.06,0.4,0.0,7,1,0.01,1.0,0.0,2,4,0.05,1.0,0.0,8,6,0.07,0.17,0.0,7,1,0.01,0.0,0.0,1,1,0.01,1.0,0.0,2,2,0.02,1.0,0.0,4,0,0.0,0.0,0.0,0,0,0.0,0.0,0.0,0,74.0,1,0.0,1.0,1.0,1.0,1.0,1.0,1.0,0,4.5,5,0.0,1.0,0.6,0.6,0.6,0.2,0.0,0,15.0,1,0.0,1.0,1.0,0.0,0.0,0.0,0.0,0,2.5,4,0.0,1.0,1.0,0.75,0.5,0.5,0.25,0,14.0,6,0.0,1.0,0.83,0.83,0.83,0.83,0.17,0,22.5,1,0.0,1.0,1.0,1.0,0.0,0.0,0.0,0,3.0,1,0.0,1.0,1.0,1.0,1.0,1.0,1.0,0,4.5,2,0.0,1.0,1.0,1.0,1.0,1.0,0.0,0,8.0,0,0.0,0.0,0.0,0.0,0.0,0.0,0.0,0,0.0,0,0.0,0.0,0.0,0.0,0.0,0.0,0.0,0,0.0
54476,136,67,62,7,0,3375,12,6,44,94,466,523,1510,701,19,0,0,0,0,0,0,0,0,0,0,0,0,0,2,0,0,0,3,2,0,0,0,0,0,1,1,1,0,9,6,0,0,0,3,0,0,7,5,0,0,0,0,0,0,0,0,0,0,0,0,0,0,0,0,0,0,0,0,0,0,0,0,0,0,0,0,0,0,0,0,0,0,0,1,1,0,0,0,0,1,1,2,1,0,0,0,0,0,0,0,0,0,0,0,0,0,0,0,0,0,1,2,0,1,1,3,2,3,3,2,0,0,0,0,0,0,1,0,1,1,0,1,0,2,0,1,4,1,3,0,59815,0.51,0.05,212,1.56,0.99,0.98,0.95,0.82,0.66,0.21,12862.0,3.81,66,2,0.01,1.0,0.0,4,15,0.11,0.4,0.0,21,0,0.0,0.0,0.0,0,3,0.02,1.0,0.0,6,12,0.09,0.42,0.0,17,0,0.0,0.0,0.0,0,3,0.02,0.67,0.33,6,5,0.04,1.0,0.4,12,0,0.0,0.0,0.0,0,0,0.0,0.0,0.0,0,130.0,2,0.0,1.0,1.0,1.0,1.0,1.0,0.5,0,8.5,15,0.0,0.87,0.67,0.53,0.33,0.13,0.0,0,41.0,0,0.0,0.0,0.0,0.0,0.0,0.0,0.0,0,0.0,3,0.0,1.0,1.0,1.0,0.67,0.67,0.33,0,11.5,12,0.0,0.92,0.75,0.75,0.67,0.33,0.25,0,39.5,0,0.0,0.0,0.0,0.0,0.0,0.0,0.0,0,0.0,3,0.0,1.0,1.0,1.0,1.0,1.0,0.67,0,13.0,5,0.0,1.0,1.0,0.8,0.6,0.2,0.0,0,16.5,0,0.0,0.0,0.0,0.0,0.0,0.0,0.0,0,0.0,0,0.0,0.0,0.0,0.0,0.0,0.0,0.0,0,0.0
54494,45,19,26,0,0,450,0,0,21,32,121,59,168,26,23,0,0,0,0,0,0,0,0,0,0,0,0,0,0,0,0,0,3,0,0,0,0,0,0,0,0,0,0,3,3,0,0,1,0,0,0,1,2,0,0,0,0,0,0,0,0,0,0,0,0,0,0,0,0,0,0,0,0,0,0,0,0,0,0,0,0,0,0,0,0,0,0,0,0,0,0,0,0,0,0,0,1,2,0,0,0,0,0,0,0,0,0,0,0,0,0,0,0,0,0,0,0,0,0,0,1,1,1,0,2,1,0,0,0,0,1,0,0,0,0,0,0,0,0,0,2,1,0,0,0,53110,0.58,0.0,71,1.58,1.0,0.95,0.88,0.61,0.48,0.11,1595.5,3.55,21,0,0.0,0.0,0.0,0,6,0.13,0.5,0.0,9,0,0.0,0.0,0.0,0,1,0.02,0.0,0.0,1,3,0.07,0.67,0.0,5,0,0.0,0.0,0.0,0,0,0.0,0.0,0.0,0,3,0.07,1.0,0.0,6,0,0.0,0.0,0.0,0,0,0.0,0.0,0.0,0,43.5,0,0.0,0.0,0.0,0.0,0.0,0.0,0.0,0,0.0,6,0.01,1.0,0.83,0.67,0.5,0.5,0.17,0,20.0,0,0.0,0.0,0.0,0.0,0.0,0.0,0.0,0,0.0,1,0.0,1.0,1.0,0.0,0.0,0.0,0.0,0,2.5,3,0.01,1.0,1.0,1.0,0.33,0.0,0.0,0,9.5,0,0.0,0.0,0.0,0.0,0.0,0.0,0.0,0,0.0,0,0.0,0.0,0.0,0.0,0.0,0.0,0.0,0,0.0,3,0.01,1.0,1.0,1.0,1.0,0.67,0.0,0,11.5,0,0.0,0.0,0.0,0.0,0.0,0.0,0.0,0,0.0,0,0.0,0.0,0.0,0.0,0.0,0.0,0.0,0,0.0
54501,43,20,22,1,0,661,1,0,9,3,40,61,327,176,44,0,0,0,0,0,0,0,0,0,0,0,0,0,0,0,0,0,1,0,0,0,1,1,0,0,0,0,0,6,1,0,0,0,0,0,0,3,2,0,0,0,0,0,0,0,0,0,0,0,0,0,0,0,0,0,0,0,0,0,0,0,0,0,0,0,0,0,0,0,0,0,0,0,0,0,0,0,0,0,0,0,0,1,0,0,0,0,0,0,0,1,0,0,1,0,0,0,0,0,0,0,0,0,0,0,0,1,0,2,2,1,1,0,0,0,0,0,0,0,0,0,0,0,1,0,0,2,0,1,1,51269,0.53,0.02,67,1.56,1.0,0.98,0.98,0.92,0.83,0.33,2680.0,4.05,22,0,0.0,0.0,0.0,0,7,0.16,0.14,0.0,8,2,0.05,1.0,0.5,5,0,0.0,0.0,0.0,0,5,0.12,0.4,0.0,7,0,0.0,0.0,0.0,0,0,0.0,0.0,0.0,0,1,0.02,1.0,0.0,2,0,0.0,0.0,0.0,0,0,0.0,0.0,0.0,0,58.0,0,0.0,0.0,0.0,0.0,0.0,0.0,0.0,0,0.0,7,0.01,1.0,1.0,0.86,0.86,0.57,0.29,0,27.0,2,0.0,1.0,1.0,1.0,1.0,0.5,0.5,0,8.5,0,0.0,0.0,0.0,0.0,0.0,0.0,0.0,0,0.0,5,0.01,1.0,0.8,0.8,0.8,0.4,0.4,0,18.5,0,0.0,0.0,0.0,0.0,0.0,0.0,0.0,0,0.0,0,0.0,0.0,0.0,0.0,0.0,0.0,0.0,0,0.0,1,0.0,1.0,1.0,1.0,1.0,1.0,0.0,0,4.0,0,0.0,0.0,0.0,0.0,0.0,0.0,0.0,0,0.0,0,0.0,0.0,0.0,0.0,0.0,0.0,0.0,0,0.0
54521,35,11,23,0,1,886,0,0,5,53,74,216,370,168,0,0,0,0,0,0,0,0,0,0,0,0,0,0,0,0,0,0,0,0,1,0,1,0,0,0,1,0,0,1,3,0,0,0,0,0,0,1,0,0,0,0,0,0,0,0,0,0,0,0,0,0,0,0,0,0,0,0,0,0,0,0,0,0,0,0,0,0,0,0,0,0,0,0,0,0,0,0,0,0,0,0,0,1,0,0,0,0,0,1,0,0,0,0,0,0,0,0,0,0,0,0,1,0,0,0,0,0,1,2,1,0,0,0,0,0,0,0,0,0,0,0,0,0,0,0,0,0,1,0,0,58433,0.69,0.03,61,1.74,1.0,0.99,0.93,0.85,0.61,0.19,3356.5,3.79,16,0,0.0,0.0,0.0,0,4,0.11,0.75,0.0,7,1,0.03,1.0,0.0,2,0,0.0,0.0,0.0,0,1,0.03,0.0,0.0,1,0,0.0,0.0,0.0,0,1,0.03,1.0,0.0,2,1,0.03,1.0,1.0,4,0,0.0,0.0,0.0,0,0,0.0,0.0,0.0,0,29.0,0,0.0,0.0,0.0,0.0,0.0,0.0,0.0,0,0.0,4,0.0,1.0,1.0,1.0,0.75,0.25,0.0,0,14.0,1,0.0,1.0,1.0,0.0,0.0,0.0,0.0,0,2.5,0,0.0,0.0,0.0,0.0,0.0,0.0,0.0,0,0.0,1,0.0,1.0,1.0,1.0,1.0,1.0,0.0,0,4.0,0,0.0,0.0,0.0,0.0,0.0,0.0,0.0,0,0.0,1,0.0,1.0,1.0,1.0,1.0,1.0,1.0,0,4.5,1,0.0,1.0,1.0,1.0,1.0,1.0,0.0,0,4.0,0,0.0,0.0,0.0,0.0,0.0,0.0,0.0,0,0.0,0,0.0,0.0,0.0,0.0,0.0,0.0,0.0,0,0.0
54564,99,34,58,5,2,2295,0,0,16,50,231,962,561,445,30,0,0,0,0,0,0,0,0,0,0,0,0,0,1,0,0,0,3,3,0,1,0,0,0,0,1,0,0,8,1,0,0,0,1,0,0,4,3,1,0,0,0,0,0,0,0,0,0,0,0,0,0,0,0,0,0,0,0,0,0,0,0,0,0,0,0,0,0,0,0,0,0,1,0,0,0,0,0,0,0,0,3,1,2,0,0,0,0,0,0,0,1,0,0,0,0,0,0,0,0,0,1,0,0,0,0,2,1,0,1,5,0,0,0,0,0,0,0,1,0,0,0,0,0,1,0,0,2,3,2,42308,0.66,0.07,173,1.75,1.0,0.99,0.97,0.87,0.45,0.21,8613.5,3.75,45,1,0.01,1.0,0.0,2,9,0.09,0.11,0.0,10,1,0.01,0.0,0.0,1,1,0.01,1.0,0.0,2,8,0.08,0.5,0.12,13,0,0.0,0.0,0.0,0,1,0.01,1.0,0.0,2,6,0.06,1.0,0.5,15,0,0.0,0.0,0.0,0,0,0.0,0.0,0.0,0,108.0,1,0.0,1.0,1.0,1.0,1.0,0.0,0.0,0,3.5,9,0.0,1.0,1.0,0.78,0.67,0.67,0.56,0,34.5,1,0.0,1.0,1.0,1.0,1.0,1.0,0.0,0,4.0,1,0.0,1.0,1.0,1.0,1.0,1.0,0.0,0,4.0,8,0.0,1.0,1.0,0.88,0.88,0.88,0.62,0,34.0,0,0.0,0.0,0.0,0.0,0.0,0.0,0.0,0,0.0,1,0.0,1.0,1.0,1.0,1.0,1.0,1.0,0,4.5,6,0.0,1.0,1.0,1.0,1.0,0.5,0.33,0,23.5,0,0.0,0.0,0.0,0.0,0.0,0.0,0.0,0,0.0,0,0.0,0.0,0.0,0.0,0.0,0.0,0.0,0,0.0
54621,63,36,25,2,0,879,11,0,0,105,35,120,278,295,35,0,0,0,0,0,0,0,0,0,0,1,0,0,0,0,0,1,1,0,0,0,0,0,0,1,1,1,0,4,1,0,0,0,0,0,0,4,2,0,0,0,0,0,0,0,0,0,0,0,0,0,0,0,0,0,0,0,0,0,0,0,0,0,0,0,1,0,0,0,0,0,0,0,0,0,0,0,0,0,0,0,1,1,0,0,0,0,0,0,0,0,0,0,0,0,0,0,0,1,0,1,1,0,0,0,0,3,0,1,1,0,0,0,0,0,0,0,0,0,0,0,0,0,0,1,0,1,1,1,2,56641,0.43,0.03,92,1.46,0.99,0.99,0.87,0.83,0.69,0.38,3413.0,3.88,26,0,0.0,0.0,0.0,0,5,0.08,0.2,0.0,6,0,0.0,0.0,0.0,0,0,0.0,0.0,0.0,0,6,0.1,0.33,0.0,8,0,0.0,0.0,0.0,0,3,0.05,0.67,0.33,6,2,0.03,0.5,0.0,3,1,0.02,1.0,1.0,3,0,0.0,0.0,0.0,0,63.0,0,0.0,0.0,0.0,0.0,0.0,0.0,0.0,0,0.0,5,0.01,1.0,1.0,0.4,0.4,0.2,0.0,0,15.0,0,0.0,0.0,0.0,0.0,0.0,0.0,0.0,0,0.0,0,0.0,0.0,0.0,0.0,0.0,0.0,0.0,0,0.0,6,0.01,1.0,1.0,0.83,0.83,0.67,0.5,0,24.5,0,0.0,0.0,0.0,0.0,0.0,0.0,0.0,0,0.0,3,0.0,1.0,1.0,1.0,0.67,0.67,0.33,0,11.5,2,0.0,1.0,1.0,1.0,1.0,0.5,0.0,0,7.5,1,0.0,1.0,1.0,1.0,1.0,1.0,1.0,0,4.5,0,0.0,0.0,0.0,0.0,0.0,0.0,0.0,0,0.0
54701,168,94,69,5,0,4145,5,49,75,180,619,656,1778,763,20,0,0,0,0,0,0,0,0,0,0,0,0,0,1,0,0,0,4,1,0,0,1,0,0,0,1,1,0,10,9,0,0,0,3,0,0,16,3,0,0,0,0,0,0,0,0,0,0,0,0,0,0,0,0,0,0,0,0,0,0,0,0,0,0,0,0,0,0,0,0,0,0,0,0,0,1,0,0,0,0,0,2,3,0,0,0,0,0,1,0,0,0,0,0,0,0,0,0,0,1,1,0,0,1,1,0,4,4,3,3,3,0,0,0,0,0,0,3,0,0,0,1,0,0,4,2,4,5,2,1,68185,0.44,0.03,247,1.47,0.99,0.97,0.93,0.78,0.62,0.19,15477.0,3.73,76,1,0.01,1.0,0.0,2,19,0.11,0.47,0.0,28,1,0.01,1.0,0.0,2,3,0.02,1.0,0.0,6,19,0.11,0.16,0.0,22,0,0.0,0.0,0.0,0,2,0.01,1.0,0.5,5,5,0.03,1.0,0.2,11,0,0.0,0.0,0.0,0,0,0.0,0.0,0.0,0,170.0,1,0.0,1.0,1.0,1.0,1.0,1.0,1.0,0,5.0,19,0.0,0.89,0.89,0.68,0.47,0.32,0.16,0,60.5,1,0.0,1.0,1.0,0.0,0.0,0.0,0.0,0,2.5,3,0.0,1.0,1.0,1.0,1.0,0.0,0.0,0,10.5,19,0.0,0.95,0.95,0.74,0.63,0.42,0.16,0,65.0,0,0.0,0.0,0.0,0.0,0.0,0.0,0.0,0,0.0,2,0.0,1.0,1.0,1.0,1.0,0.5,0.0,0,7.5,5,0.0,1.0,1.0,1.0,1.0,0.6,0.0,0,19.0,0,0.0,0.0,0.0,0.0,0.0,0.0,0.0,0,0.0,0,0.0,0.0,0.0,0.0,0.0,0.0,0.0,0,0.0
54720,155,88,63,4,0,4001,4,49,74,135,589,602,1769,759,20,0,0,0,0,0,0,0,0,0,0,0,0,0,1,0,0,0,4,1,0,0,1,0,0,0,1,1,0,9,8,0,0,0,3,0,0,14,2,0,0,0,0,0,0,0,0,0,0,0,0,0,0,0,0,0,0,0,0,0,0,0,0,0,0,0,0,0,0,0,0,0,0,0,0,0,1,0,0,0,0,0,2,3,0,0,0,0,0,1,0,0,0,0,0,0,0,0,0,0,1,1,0,0,1,1,0,3,4,2,3,3,0,0,0,0,0,0,3,0,0,0,1,0,0,2,2,3,5,2,1,60360,0.43,0.03,226,1.46,0.99,0.97,0.93,0.79,0.64,0.19,15028.5,3.76,69,1,0.01,1.0,0.0,2,17,0.11,0.47,0.0,25,1,0.01,1.0,0.0,2,3,0.02,1.0,0.0,6,16,0.1,0.12,0.0,18,0,0.0,0.0,0.0,0,2,0.01,1.0,0.5,5,5,0.03,1.0,0.2,11,0,0.0,0.0,0.0,0,0,0.0,0.0,0.0,0,155.5,1,0.0,1.0,1.0,1.0,1.0,1.0,1.0,0,5.0,17,0.0,0.88,0.88,0.71,0.47,0.35,0.18,0,54.5,1,0.0,1.0,1.0,0.0,0.0,0.0,0.0,0,2.5,3,0.0,1.0,1.0,1.0,1.0,0.0,0.0,0,10.5,16,0.0,0.94,0.94,0.81,0.69,0.5,0.19,0,56.5,0,0.0,0.0,0.0,0.0,0.0,0.0,0.0,0,0.0,2,0.0,1.0,1.0,1.0,1.0,0.5,0.0,0,7.5,5,0.0,1.0,1.0,1.0,1.0,0.6,0.0,0,19.0,0,0.0,0.0,0.0,0.0,0.0,0.0,0.0,0,0.0,0,0.0,0.0,0.0,0.0,0.0,0.0,0.0,0,0.0
54751,47,29,16,2,0,690,6,3,0,69,58,81,338,131,4,0,0,1,0,0,0,0,0,0,0,0,0,0,1,0,0,0,0,1,0,1,0,0,0,0,1,0,0,4,1,0,0,0,0,0,0,5,0,1,0,0,0,0,0,0,1,0,0,0,0,0,0,0,0,0,0,0,0,0,0,0,0,0,0,0,0,0,0,0,0,0,0,0,0,1,0,0,0,0,0,0,1,0,0,0,0,0,0,0,0,0,0,1,0,0,0,0,0,0,0,0,0,1,1,1,0,0,1,2,0,0,0,0,0,0,0,0,0,0,0,0,0,0,0,0,0,3,1,2,0,53781,0.38,0.04,67,1.43,0.99,0.99,0.89,0.8,0.69,0.2,2602.0,3.77,25,1,0.02,1.0,0.0,2,5,0.11,0.2,0.0,6,1,0.02,0.0,0.0,1,0,0.0,0.0,0.0,0,6,0.13,0.17,0.17,8,1,0.02,1.0,1.0,3,1,0.02,1.0,0.0,2,1,0.02,1.0,1.0,3,0,0.0,0.0,0.0,0,0,0.0,0.0,0.0,0,57.0,1,0.0,1.0,1.0,1.0,1.0,1.0,1.0,0,4.5,5,0.01,0.6,0.6,0.6,0.4,0.0,0.0,0,12.5,1,0.0,1.0,1.0,1.0,1.0,1.0,1.0,0,4.5,0,0.0,0.0,0.0,0.0,0.0,0.0,0.0,0,0.0,6,0.01,1.0,1.0,1.0,1.0,0.5,0.33,0,23.5,1,0.0,1.0,1.0,1.0,1.0,0.0,0.0,0,3.5,1,0.0,1.0,1.0,1.0,1.0,1.0,1.0,0,5.0,1,0.0,1.0,1.0,1.0,1.0,0.0,0.0,0,3.5,0,0.0,0.0,0.0,0.0,0.0,0.0,0.0,0,0.0,0,0.0,0.0,0.0,0.0,0.0,0.0,0.0,0,0.0
54822,29,13,16,0,0,390,0,2,16,27,11,113,158,43,20,0,0,0,0,0,0,0,0,0,0,0,0,0,0,0,0,0,1,0,0,0,0,0,0,0,0,0,0,2,4,0,0,0,0,0,0,2,1,0,0,0,0,0,0,0,0,0,0,0,0,0,0,0,0,0,0,0,0,0,0,0,0,0,0,0,0,0,0,0,0,0,0,0,0,0,0,0,0,0,0,0,0,1,0,0,0,0,0,0,0,0,0,0,0,0,0,0,0,0,0,0,0,0,0,0,1,1,1,1,0,2,0,0,0,0,0,0,0,0,0,0,0,0,0,1,0,0,0,1,1,54077,0.55,0.0,45,1.55,0.99,0.95,0.88,0.86,0.57,0.16,1456.5,3.73,16,0,0.0,0.0,0.0,0,6,0.21,0.67,0.0,10,0,0.0,0.0,0.0,0,0,0.0,0.0,0.0,0,3,0.1,0.33,0.0,4,0,0.0,0.0,0.0,0,0,0.0,0.0,0.0,0,1,0.03,1.0,0.0,2,0,0.0,0.0,0.0,0,0,0.0,0.0,0.0,0,36.0,0,0.0,0.0,0.0,0.0,0.0,0.0,0.0,0,0.0,6,0.02,1.0,0.83,0.67,0.5,0.33,0.33,0,20.0,0,0.0,0.0,0.0,0.0,0.0,0.0,0.0,0,0.0,0,0.0,0.0,0.0,0.0,0.0,0.0,0.0,0,0.0,3,0.01,1.0,1.0,0.67,0.67,0.67,0.67,0,12.0,0,0.0,0.0,0.0,0.0,0.0,0.0,0.0,0,0.0,0,0.0,0.0,0.0,0.0,0.0,0.0,0.0,0,0.0,1,0.0,1.0,1.0,1.0,1.0,1.0,0.0,0,4.0,0,0.0,0.0,0.0,0.0,0.0,0.0,0.0,0,0.0,0,0.0,0.0,0.0,0.0,0.0,0.0,0.0,0,0.0
54901,202,100,94,5,3,4332,16,26,139,195,439,1192,1413,869,43,1,0,0,0,0,0,0,0,0,0,0,0,1,0,0,0,1,4,1,0,0,0,0,0,0,3,0,0,14,10,0,0,0,2,0,0,10,2,0,0,1,0,0,0,0,0,0,0,0,0,0,0,0,0,0,0,0,0,0,0,0,0,0,0,0,0,0,0,0,0,0,1,0,0,0,0,0,0,0,0,1,2,3,0,0,0,0,0,0,0,0,0,0,0,0,0,0,0,0,1,1,1,0,0,1,6,2,2,5,4,4,0,0,0,0,0,0,1,1,0,0,0,0,0,1,1,2,2,5,1,45989,0.5,0.04,315,1.56,0.99,0.96,0.91,0.81,0.54,0.21,16087.0,3.71,72,1,0.0,0.0,0.0,1,24,0.12,0.42,0.0,34,0,0.0,0.0,0.0,0,2,0.01,1.0,0.0,4,12,0.06,0.17,0.0,14,1,0.0,0.0,0.0,1,3,0.01,1.0,0.0,6,6,0.03,0.83,0.17,12,0,0.0,0.0,0.0,0,0,0.0,0.0,0.0,0,169.5,1,0.0,1.0,1.0,1.0,0.0,0.0,0.0,0,3.0,24,0.01,0.96,0.71,0.62,0.54,0.33,0.17,0,76.0,0,0.0,0.0,0.0,0.0,0.0,0.0,0.0,0,0.0,2,0.0,1.0,1.0,1.0,1.0,0.5,0.0,0,7.5,12,0.0,1.0,1.0,0.92,0.83,0.67,0.5,0,48.0,1,0.0,0.0,0.0,0.0,0.0,0.0,0.0,0,1.0,3,0.0,1.0,1.0,1.0,1.0,0.67,0.33,0,12.0,6,0.0,1.0,1.0,1.0,0.83,0.5,0.0,0,22.0,0,0.0,0.0,0.0,0.0,0.0,0.0,0.0,0,0.0,0,0.0,0.0,0.0,0.0,0.0,0.0,0.0,0,0.0
54915,412,185,212,13,2,10728,54,86,103,669,1169,1912,3684,2945,106,4,0,0,0,0,0,0,0,0,0,0,0,0,1,0,0,0,10,3,0,0,1,0,0,0,3,0,0,24,13,0,0,0,8,0,0,25,9,1,0,1,0,1,0,0,0,1,1,0,0,0,0,0,0,0,0,0,0,0,0,0,0,0,0,0,0,0,0,0,0,0,0,0,1,0,0,0,0,0,3,0,7,1,2,0,0,0,0,0,0,0,0,1,0,0,0,0,0,0,1,1,1,0,3,3,3,4,7,4,10,3,0,0,0,0,1,1,1,5,0,0,1,1,1,5,3,3,6,13,2,63515,0.55,0.04,656,1.59,0.99,0.98,0.91,0.81,0.63,0.28,40779.0,3.8,155,1,0.0,1.0,0.0,2,37,0.09,0.35,0.0,50,1,0.0,1.0,0.0,2,8,0.02,1.0,0.0,16,35,0.08,0.29,0.03,46,4,0.01,0.0,0.0,4,3,0.01,1.0,0.0,6,13,0.03,1.0,0.23,29,0,0.0,0.0,0.0,0,0,0.0,0.0,0.0,0,347.0,1,0.0,1.0,1.0,1.0,1.0,1.0,0.0,0,4.0,37,0.0,0.84,0.76,0.65,0.46,0.35,0.08,0,112.0,1,0.0,1.0,1.0,1.0,1.0,1.0,1.0,0,4.5,8,0.0,1.0,1.0,0.88,0.75,0.62,0.0,0,29.0,35,0.0,0.94,0.91,0.77,0.69,0.6,0.43,0,129.0,4,0.0,0.75,0.5,0.5,0.5,0.5,0.25,0,11.5,3,0.0,1.0,1.0,1.0,1.0,0.67,0.33,0,12.0,13,0.0,1.0,1.0,0.77,0.77,0.23,0.15,0,45.0,0,0.0,0.0,0.0,0.0,0.0,0.0,0.0,0,0.0,0,0.0,0.0,0.0,0.0,0.0,0.0,0.0,0,0.0
54937,80,38,40,2,0,1472,9,2,1,95,168,321,500,333,43,1,0,0,0,0,0,0,0,0,0,0,0,0,0,0,0,0,4,1,0,0,0,0,0,1,0,2,0,11,6,0,0,0,0,0,0,4,4,0,0,0,0,0,0,0,0,0,1,0,0,0,0,0,0,0,0,0,0,0,0,0,0,0,0,0,0,0,0,0,0,0,0,0,0,0,0,0,0,0,1,0,1,3,0,0,0,0,0,0,0,0,0,0,0,0,0,0,0,1,0,1,0,1,1,0,0,2,2,4,5,3,0,0,0,0,0,0,0,0,0,0,1,0,0,1,1,1,1,1,2,71914,0.52,0.02,124,1.55,0.99,0.99,0.93,0.81,0.6,0.26,5592.5,3.8,54,0,0.0,0.0,0.0,0,17,0.21,0.35,0.0,23,0,0.0,0.0,0.0,0,0,0.0,0.0,0.0,0,8,0.1,0.5,0.0,12,1,0.01,0.0,0.0,1,3,0.04,0.67,0.67,7,5,0.06,1.0,0.2,11,0,0.0,0.0,0.0,0,0,0.0,0.0,0.0,0,122.5,0,0.0,0.0,0.0,0.0,0.0,0.0,0.0,0,0.0,17,0.01,0.94,0.94,0.82,0.71,0.47,0.18,0,59.5,0,0.0,0.0,0.0,0.0,0.0,0.0,0.0,0,0.0,0,0.0,0.0,0.0,0.0,0.0,0.0,0.0,0,0.0,8,0.01,0.88,0.88,0.75,0.62,0.5,0.38,0,28.5,1,0.0,1.0,1.0,1.0,1.0,1.0,1.0,0,4.5,3,0.0,1.0,1.0,1.0,0.67,0.67,0.33,0,12.0,5,0.0,1.0,1.0,0.8,0.8,0.6,0.0,0,18.0,0,0.0,0.0,0.0,0.0,0.0,0.0,0.0,0,0.0,0,0.0,0.0,0.0,0.0,0.0,0.0,0.0,0,0.0
54944,68,28,39,1,0,1855,7,11,13,173,166,268,336,871,10,0,0,0,0,0,0,0,0,0,0,0,0,0,0,0,0,0,1,0,0,0,0,0,0,0,0,0,0,4,3,0,0,0,1,0,0,1,4,1,0,0,0,0,0,0,0,0,0,0,0,0,0,0,0,0,0,0,0,0,0,0,0,0,0,0,0,0,0,0,0,0,0,0,0,0,0,0,0,0,1,0,0,0,0,0,0,0,0,0,0,0,0,0,0,0,0,0,0,0,0,0,0,0,1,0,0,0,2,2,2,0,0,0,0,0,1,0,0,0,0,0,0,0,0,0,3,1,0,1,1,77555,0.59,0.01,109,1.6,0.99,0.98,0.89,0.8,0.66,0.47,7231.5,3.9,26,0,0.0,0.0,0.0,0,7,0.1,0.43,0.0,10,0,0.0,0.0,0.0,0,1,0.01,1.0,0.0,2,6,0.09,0.83,0.17,12,0,0.0,0.0,0.0,0,0,0.0,0.0,0.0,0,1,0.01,1.0,0.0,2,0,0.0,0.0,0.0,0,0,0.0,0.0,0.0,0,49.0,0,0.0,0.0,0.0,0.0,0.0,0.0,0.0,0,0.0,7,0.0,0.86,0.86,0.86,0.57,0.29,0.0,0,22.0,0,0.0,0.0,0.0,0.0,0.0,0.0,0.0,0,0.0,1,0.0,1.0,1.0,0.0,0.0,0.0,0.0,0,2.5,6,0.0,1.0,1.0,1.0,0.5,0.33,0.33,0,22.0,0,0.0,0.0,0.0,0.0,0.0,0.0,0.0,0,0.0,0,0.0,0.0,0.0,0.0,0.0,0.0,0.0,0,0.0,1,0.0,1.0,1.0,0.0,0.0,0.0,0.0,0,2.5,0,0.0,0.0,0.0,0.0,0.0,0.0,0.0,0,0.0,0,0.0,0.0,0.0,0.0,0.0,0.0,0.0,0,0.0
54952,346,154,178,12,2,9924,43,65,93,602,975,1887,3345,2833,81,3,0,0,0,0,0,0,0,0,0,0,0,0,1,0,0,0,7,3,0,0,1,0,0,0,3,0,0,17,7,0,0,0,8,0,0,23,9,1,0,0,0,1,0,0,0,1,1,0,0,0,0,0,0,0,0,0,0,0,0,0,0,0,0,0,0,0,0,0,0,0,0,0,1,0,0,0,0,0,3,0,5,1,1,0,0,0,0,0,0,0,0,1,0,0,0,0,0,0,1,1,1,0,2,2,3,3,4,2,6,2,0,0,0,0,1,1,2,4,0,0,1,1,1,4,3,3,5,13,2,58782,0.55,0.04,554,1.6,0.99,0.98,0.92,0.82,0.63,0.29,37894.5,3.82,127,1,0.0,1.0,0.0,2,24,0.07,0.29,0.0,31,1,0.0,1.0,0.0,2,8,0.02,1.0,0.0,16,33,0.1,0.3,0.03,44,3,0.01,0.0,0.0,3,3,0.01,1.0,0.0,6,10,0.03,1.0,0.3,23,0,0.0,0.0,0.0,0,0,0.0,0.0,0.0,0,286.0,1,0.0,1.0,1.0,1.0,1.0,1.0,0.0,0,4.0,24,0.0,0.83,0.71,0.58,0.42,0.33,0.08,0,70.5,1,0.0,1.0,1.0,1.0,1.0,1.0,1.0,0,4.5,8,0.0,1.0,1.0,0.88,0.75,0.5,0.0,0,28.5,33,0.0,0.94,0.91,0.79,0.7,0.61,0.45,0,122.5,3,0.0,1.0,0.67,0.67,0.67,0.67,0.33,0,10.5,3,0.0,1.0,1.0,1.0,1.0,0.67,0.33,0,12.0,10,0.0,1.0,1.0,0.7,0.7,0.2,0.1,0,33.5,0,0.0,0.0,0.0,0.0,0.0,0.0,0.0,0,0.0,0,0.0,0.0,0.0,0.0,0.0,0.0,0.0,0,0.0
54964,157,81,71,3,2,3363,6,8,120,161,306,915,997,829,21,0,0,0,0,0,0,0,0,0,0,0,0,1,1,0,0,1,3,0,0,0,0,0,0,0,2,0,0,13,6,0,0,0,2,0,0,8,3,0,0,0,0,0,0,0,0,0,0,0,0,0,0,0,0,0,0,0,0,0,0,0,0,0,0,0,0,0,0,0,0,0,1,0,0,1,0,0,0,0,0,1,2,1,0,0,0,0,0,0,0,0,0,0,0,0,0,0,0,0,0,1,1,0,0,0,6,2,2,5,1,3,0,0,0,0,0,0,1,1,0,0,0,0,1,1,1,2,1,4,1,71049,0.48,0.03,240,1.53,1.0,0.96,0.91,0.82,0.55,0.25,12604.5,3.75,57,2,0.01,0.5,0.0,3,19,0.12,0.32,0.0,25,0,0.0,0.0,0.0,0,2,0.01,1.0,0.0,4,11,0.07,0.27,0.0,14,0,0.0,0.0,0.0,0,2,0.01,1.0,0.0,4,4,0.03,0.75,0.0,7,0,0.0,0.0,0.0,0,0,0.0,0.0,0.0,0,137.0,2,0.0,1.0,1.0,1.0,0.5,0.5,0.5,0,7.5,19,0.01,1.0,0.68,0.58,0.47,0.21,0.16,0,58.0,0,0.0,0.0,0.0,0.0,0.0,0.0,0.0,0,0.0,2,0.0,1.0,1.0,1.0,1.0,0.5,0.0,0,7.5,11,0.0,1.0,0.91,0.82,0.73,0.55,0.45,0,41.5,0,0.0,0.0,0.0,0.0,0.0,0.0,0.0,0,0.0,2,0.0,1.0,1.0,1.0,1.0,1.0,0.5,0,8.5,4,0.0,1.0,1.0,1.0,0.75,0.25,0.0,0,14.0,0,0.0,0.0,0.0,0.0,0.0,0.0,0.0,0,0.0,0,0.0,0.0,0.0,0.0,0.0,0.0,0.0,0,0.0
